错误	18:12:58.552452+0800	Runner	FlutterView implements focusItemsInRect: - caching for linear focus movement is limited as long as this view is on screen.
错误	18:12:58.552428+0800	Runner	FlutterView implements focusItemsInRect: - caching for linear focus movement is limited as long as this view is on screen.
默认	18:12:58.588582+0800	Runner	flutter: The Dart VM service is listening on http://127.0.0.1:49350/1o2E5nZ_nfg=/
默认	18:12:58.588560+0800	Runner	flutter: The Dart VM service is listening on http://127.0.0.1:49350/1o2E5nZ_nfg=/
默认	18:12:59.121228+0800	Runner	flutter: ┌───────────────────────────────────────────────────────────────────────────────────────────────────
默认	18:12:59.121404+0800	Runner	flutter: │ [Firebase] Firebase initialization skipped outside prod environment
默认	18:12:59.121609+0800	Runner	flutter: └───────────────────────────────────────────────────────────────────────────────────────────────────
默认	18:12:59.121259+0800	Runner	flutter: ┌───────────────────────────────────────────────────────────────────────────────────────────────────
默认	18:12:59.121427+0800	Runner	flutter: │ [Firebase] Firebase initialization skipped outside prod environment
默认	18:12:59.121632+0800	Runner	flutter: └───────────────────────────────────────────────────────────────────────────────────────────────────
默认	18:12:59.122349+0800	Runner	flutter: ┌───────────────────────────────────────────────────────────────────────────────────────────────────
默认	18:12:59.122457+0800	Runner	flutter: │ [AdjustAttribution] Adjust initializing: environment=sandbox
默认	18:12:59.122323+0800	Runner	flutter: ┌───────────────────────────────────────────────────────────────────────────────────────────────────
默认	18:12:59.122427+0800	Runner	flutter: │ [AdjustAttribution] Adjust initializing: environment=sandbox
默认	18:12:59.122759+0800	Runner	flutter: └───────────────────────────────────────────────────────────────────────────────────────────────────
默认	18:12:59.122781+0800	Runner	flutter: └───────────────────────────────────────────────────────────────────────────────────────────────────
默认	18:12:59.198925+0800	Runner		[Adjust]v: ClientSdk: flutter5.6.2@ios5.6.2
默认	18:12:59.198949+0800	Runner		[Adjust]v: ClientSdk: flutter5.6.2@ios5.6.2
默认	18:12:59.221277+0800	Runner	flutter: ┌───────────────────────────────────────────────────────────────────────────────────────────────────
默认	18:12:59.221324+0800	Runner	flutter: │ [HTTP] --> POST http://gateway.spark-jam.top/gateway/invoke service=tool.event_tracking.EventTrackingService method=TrackEvents
默认	18:12:59.221369+0800	Runner	flutter: └───────────────────────────────────────────────────────────────────────────────────────────────────
默认	18:12:59.221251+0800	Runner	flutter: ┌───────────────────────────────────────────────────────────────────────────────────────────────────
默认	18:12:59.221415+0800	Runner	flutter: ┌───────────────────────────────────────────────────────────────────────────────────────────────────
默认	18:12:59.221302+0800	Runner	flutter: │ [HTTP] --> POST http://gateway.spark-jam.top/gateway/invoke service=tool.event_tracking.EventTrackingService method=TrackEvents
默认	18:12:59.221460+0800	Runner	flutter: │ [HTTP] request:
默认	18:12:59.221349+0800	Runner	flutter: └───────────────────────────────────────────────────────────────────────────────────────────────────
默认	18:12:59.221512+0800	Runner	flutter: │ {
默认	18:12:59.221393+0800	Runner	flutter: ┌───────────────────────────────────────────────────────────────────────────────────────────────────
默认	18:12:59.221556+0800	Runner	flutter: │   "comm": {
默认	18:12:59.221601+0800	Runner	flutter: │     "auth_token": "anon.dXNlcl8yMWRkOWZhOGMyNGUxZThlNzhhMmMxMjg.e625804a41f4dacdef08ab134555ee7d",
默认	18:12:59.221437+0800	Runner	flutter: │ [HTTP] request:
默认	18:12:59.221646+0800	Runner	flutter: │     "user_id": "user_21dd9fa8c24e1e8e78a2c128",
默认	18:12:59.221484+0800	Runner	flutter: │ {
默认	18:12:59.221534+0800	Runner	flutter: │   "comm": {
默认	18:12:59.221689+0800	Runner	flutter: │     "device_id": "3685c5ab-6b76-48ed-9308-91b8f7143353",
默认	18:12:59.221735+0800	Runner	flutter: │     "client_request_id": "crid_1784023979026669",
默认	18:12:59.221580+0800	Runner	flutter: │     "auth_token": "anon.dXNlcl8yMWRkOWZhOGMyNGUxZThlNzhhMmMxMjg.e625804a41f4dacdef08ab134555ee7d",
默认	18:12:59.221781+0800	Runner	flutter: │     "platform": "ios",
默认	18:12:59.221623+0800	Runner	flutter: │     "user_id": "user_21dd9fa8c24e1e8e78a2c128",
默认	18:12:59.221668+0800	Runner	flutter: │     "device_id": "3685c5ab-6b76-48ed-9308-91b8f7143353",
默认	18:12:59.221879+0800	Runner	flutter: │     "app_version": "1.0.3",
默认	18:12:59.221713+0800	Runner	flutter: │     "client_request_id": "crid_1784023979026669",
默认	18:12:59.221996+0800	Runner	flutter: │     "locale": "zh-Hans-CN",
默认	18:12:59.221756+0800	Runner	flutter: │     "platform": "ios",
默认	18:12:59.221858+0800	Runner	flutter: │     "app_version": "1.0.3",
默认	18:12:59.221971+0800	Runner	flutter: │     "locale": "zh-Hans-CN",
默认	18:12:59.222069+0800	Runner	flutter: │     "country": "CN",
默认	18:12:59.222153+0800	Runner	flutter: │     "timezone": "UTC+08:00"
默认	18:12:59.222347+0800	Runner	flutter: │   },
默认	18:12:59.222392+0800	Runner	flutter: │   "requests": [
默认	18:12:59.222438+0800	Runner	flutter: │     {
默认	18:12:59.222486+0800	Runner	flutter: │       "id": "req_0",
默认	18:12:59.222722+0800	Runner	flutter: │       "service_name": "tool.event_tracking.EventTrackingService",
默认	18:12:59.222765+0800	Runner	flutter: │       "method_name": "TrackEvents",
默认	18:12:59.222810+0800	Runner	flutter: │       "params": {
默认	18:12:59.222904+0800	Runner	flutter: │         "events": [
默认	18:12:59.222949+0800	Runner	flutter: │           {
默认	18:12:59.222994+0800	Runner	flutter: │             "event_id": "94f65e82-e0b7-4d80-b726-d76827e01152",
默认	18:12:59.223037+0800	Runner	flutter: │             "event_name": "app_start",
默认	18:12:59.223176+0800	Runner	flutter: │             "event_time_ms": 1784023979001,
默认	18:12:59.222093+0800	Runner	flutter: │     "country": "CN",
默认	18:12:59.223227+0800	Runner	flutter: │             "properties": {
默认	18:12:59.222176+0800	Runner	flutter: │     "timezone": "UTC+08:00"
默认	18:12:59.223275+0800	Runner	flutter: │               "logtime": 1784023979001,
默认	18:12:59.223321+0800	Runner	flutter: │               "log_id": "94f65e82-e0b7-4d80-b726-d76827e01152",
默认	18:12:59.223367+0800	Runner	flutter: │               "net": "",
默认	18:12:59.222369+0800	Runner	flutter: │   },
默认	18:12:59.223423+0800	Runner	flutter: │               "pkg": "com.sparkjam.truthy.ios",
默认	18:12:59.222414+0800	Runner	flutter: │   "requests": [
默认	18:12:59.223470+0800	Runner	flutter: │               "bucket": 56,
默认	18:12:59.223515+0800	Runner	flutter: │               "abslot": 23,
默认	18:12:59.222462+0800	Runner	flutter: │     {
默认	18:12:59.222508+0800	Runner	flutter: │       "id": "req_0",
默认	18:12:59.223560+0800	Runner	flutter: │               "ram": "3665MB",
默认	18:12:59.223603+0800	Runner	flutter: │               "cpu": "arm64",
默认	18:12:59.223648+0800	Runner	flutter: │               "sh": 844,
默认	18:12:59.222743+0800	Runner	flutter: │       "service_name": "tool.event_tracking.EventTrackingService",
默认	18:12:59.222788+0800	Runner	flutter: │       "method_name": "TrackEvents",
默认	18:12:59.222832+0800	Runner	flutter: │       "params": {
默认	18:12:59.222927+0800	Runner	flutter: │         "events": [
默认	18:12:59.222970+0800	Runner	flutter: │           {
默认	18:12:59.223015+0800	Runner	flutter: │             "event_id": "94f65e82-e0b7-4d80-b726-d76827e01152",
默认	18:12:59.223059+0800	Runner	flutter: │             "event_name": "app_start",
默认	18:12:59.223202+0800	Runner	flutter: │             "event_time_ms": 1784023979001,
默认	18:12:59.223248+0800	Runner	flutter: │             "properties": {
默认	18:12:59.223299+0800	Runner	flutter: │               "logtime": 1784023979001,
默认	18:12:59.223345+0800	Runner	flutter: │               "log_id": "94f65e82-e0b7-4d80-b726-d76827e01152",
默认	18:12:59.223395+0800	Runner	flutter: │               "net": "",
默认	18:12:59.223444+0800	Runner	flutter: │               "pkg": "com.sparkjam.truthy.ios",
默认	18:12:59.223493+0800	Runner	flutter: │               "bucket": 56,
默认	18:12:59.223537+0800	Runner	flutter: │               "abslot": 23,
默认	18:12:59.223581+0800	Runner	flutter: │               "ram": "3665MB",
默认	18:12:59.223625+0800	Runner	flutter: │               "cpu": "arm64",
默认	18:12:59.223670+0800	Runner	flutter: │               "sh": 844,
默认	18:12:59.223862+0800	Runner	flutter: │               "sw": 390,
默认	18:12:59.223958+0800	Runner	flutter: │               "city": "",
默认	18:12:59.224004+0800	Runner	flutter: │               "ste": "",
默认	18:12:59.223841+0800	Runner	flutter: │               "sw": 390,
默认	18:12:59.223936+0800	Runner	flutter: │               "city": "",
默认	18:12:59.223980+0800	Runner	flutter: │               "ste": "",
默认	18:12:59.224045+0800	Runner	flutter: │               "lat": "",
默认	18:12:59.224091+0800	Runner	flutter: │               "lng": "",
默认	18:12:59.224134+0800	Runner	flutter: │               "sty": "desk",
默认	18:12:59.224179+0800	Runner	flutter: │               "isp": "",
默认	18:12:59.224222+0800	Runner	flutter: │               "mod": "iphone14,5",
默认	18:12:59.224318+0800	Runner	flutter: │               "brd": "apple",
默认	18:12:59.224375+0800	Runner	flutter: │               "os": "18.7.8",
默认	18:12:59.224423+0800	Runner	flutter: │               "pf": "ios",
默认	18:12:59.224472+0800	Runner	flutter: │               "slan": "zh",
默认	18:12:59.224522+0800	Runner	flutter: │               "reg": "CN",
默认	18:12:59.224567+0800	Runner	flutter: │               "cou": "CN",
默认	18:12:59.224615+0800	Runner	flutter: │               "sub": "",
默认	18:12:59.224067+0800	Runner	flutter: │               "lat": "",
默认	18:12:59.224112+0800	Runner	flutter: │               "lng": "",
默认	18:12:59.224715+0800	Runner	flutter: │               "cha": "",
默认	18:12:59.224157+0800	Runner	flutter: │               "sty": "desk",
默认	18:12:59.224762+0800	Runner	flutter: │               "verc": "1000305",
默认	18:12:59.224200+0800	Runner	flutter: │               "isp": "",
默认	18:12:59.224245+0800	Runner	flutter: │               "mod": "iphone14,5",
默认	18:12:59.224858+0800	Runner	flutter: │               "ver": "1.0.3",
默认	18:12:59.224349+0800	Runner	flutter: │               "brd": "apple",
默认	18:12:59.224397+0800	Runner	flutter: │               "os": "18.7.8",
默认	18:12:59.224963+0800	Runner	flutter: │               "sid": "38a1b02d-5722-4d3a-bb06-f9ae23e6c9bd",
默认	18:12:59.224446+0800	Runner	flutter: │               "pf": "ios",
默认	18:12:59.225059+0800	Runner	flutter: │               "uuid": "3685c5ab-6b76-48ed-9308-91b8f7143353",
默认	18:12:59.224493+0800	Runner	flutter: │               "slan": "zh",
默认	18:12:59.224544+0800	Runner	flutter: │               "reg": "CN",
默认	18:12:59.225161+0800	Runner	flutter: │               "idfa": "",
默认	18:12:59.224591+0800	Runner	flutter: │               "cou": "CN",
默认	18:12:59.224636+0800	Runner	flutter: │               "sub": "",
默认	18:12:59.225255+0800	Runner	flutter: │               "idfv": "32D846BD-AB3E-46E9-84BE-616820E2A87B",
默认	18:12:59.224737+0800	Runner	flutter: │               "cha": "",
默认	18:12:59.225346+0800	Runner	flutter: │               "aid": "",
默认	18:12:59.224785+0800	Runner	flutter: │               "verc": "1000305",
默认	18:12:59.225531+0800	Runner	flutter: │               "gaid": "",
默认	18:12:59.224879+0800	Runner	flutter: │               "ver": "1.0.3",
默认	18:12:59.225647+0800	Runner	flutter: │               "did": "32D846BD-AB3E-46E9-84BE-616820E2A87B",
默认	18:12:59.224984+0800	Runner	flutter: │               "sid": "38a1b02d-5722-4d3a-bb06-f9ae23e6c9bd",
默认	18:12:59.225080+0800	Runner	flutter: │               "uuid": "3685c5ab-6b76-48ed-9308-91b8f7143353",
默认	18:12:59.225745+0800	Runner	flutter: │               "uid": "user_21dd9fa8c24e1e8e78a2c128",
默认	18:12:59.225182+0800	Runner	flutter: │               "idfa": "",
默认	18:12:59.225843+0800	Runner	flutter: │               "anm": "Truthy",
默认	18:12:59.225888+0800	Runner	flutter: │               "push_id": "",
默认	18:12:59.225276+0800	Runner	flutter: │               "idfv": "32D846BD-AB3E-46E9-84BE-616820E2A87B",
默认	18:12:59.225955+0800	Runner	flutter: │               "push_type": "",
默认	18:12:59.225367+0800	Runner	flutter: │               "aid": "",
默认	18:12:59.225553+0800	Runner	flutter: │               "gaid": "",
默认	18:12:59.225670+0800	Runner	flutter: │               "did": "32D846BD-AB3E-46E9-84BE-616820E2A87B",
默认	18:12:59.225768+0800	Runner	flutter: │               "uid": "user_21dd9fa8c24e1e8e78a2c128",
默认	18:12:59.225864+0800	Runner	flutter: │               "anm": "Truthy",
默认	18:12:59.225908+0800	Runner	flutter: │               "push_id": "",
默认	18:12:59.226058+0800	Runner	flutter: │               "push_type": "",
默认	18:12:59.226109+0800	Runner	flutter: │               "is_pro": "0",
默认	18:12:59.226206+0800	Runner	flutter: │               "is_first": 1,
默认	18:12:59.226254+0800	Runner	flutter: │               "search_count": 0
默认	18:12:59.226300+0800	Runner	flutter: │             }
默认	18:12:59.226085+0800	Runner	flutter: │               "is_pro": "0",
默认	18:12:59.226177+0800	Runner	flutter: │               "is_first": 1,
默认	18:12:59.226232+0800	Runner	flutter: │               "search_count": 0
默认	18:12:59.226278+0800	Runner	flutter: │             }
默认	18:12:59.226347+0800	Runner	flutter: │           }
默认	18:12:59.226372+0800	Runner	flutter: │         ]
默认	18:12:59.226401+0800	Runner	flutter: │       }
默认	18:12:59.226423+0800	Runner	flutter: │     }
默认	18:12:59.226458+0800	Runner	flutter: │   ]
默认	18:12:59.226481+0800	Runner	flutter: │ }
默认	18:12:59.226510+0800	Runner	flutter: └───────────────────────────────────────────────────────────────────────────────────────────────────
默认	18:13:00.082473+0800	Runner	flutter: ┌───────────────────────────────────────────────────────────────────────────────────────────────────
默认	18:13:00.082577+0800	Runner	flutter: │ [HTTP] --> POST http://gateway.spark-jam.top/gateway/invoke service=tool.identity.IdentityService method=GetMe
默认	18:13:00.082726+0800	Runner	flutter: └───────────────────────────────────────────────────────────────────────────────────────────────────
默认	18:13:00.082858+0800	Runner	flutter: ┌───────────────────────────────────────────────────────────────────────────────────────────────────
默认	18:13:00.083003+0800	Runner	flutter: │ [HTTP] request:
默认	18:13:00.083092+0800	Runner	flutter: │ {
默认	18:13:00.082535+0800	Runner	flutter: ┌───────────────────────────────────────────────────────────────────────────────────────────────────
默认	18:13:00.082626+0800	Runner	flutter: │ [HTTP] --> POST http://gateway.spark-jam.top/gateway/invoke service=tool.identity.IdentityService method=GetMe
默认	18:13:00.082772+0800	Runner	flutter: └───────────────────────────────────────────────────────────────────────────────────────────────────
默认	18:13:00.082897+0800	Runner	flutter: ┌───────────────────────────────────────────────────────────────────────────────────────────────────
默认	18:13:00.083050+0800	Runner	flutter: │ [HTTP] request:
默认	18:13:00.083144+0800	Runner	flutter: │ {
默认	18:13:00.083326+0800	Runner	flutter: │   "comm": {
默认	18:13:00.083445+0800	Runner	flutter: │     "auth_token": "anon.dXNlcl8yMWRkOWZhOGMyNGUxZThlNzhhMmMxMjg.e625804a41f4dacdef08ab134555ee7d",
默认	18:13:00.083523+0800	Runner	flutter: │     "user_id": "user_21dd9fa8c24e1e8e78a2c128",
默认	18:13:00.083600+0800	Runner	flutter: │     "device_id": "3685c5ab-6b76-48ed-9308-91b8f7143353",
默认	18:13:00.083679+0800	Runner	flutter: │     "client_request_id": "crid_1784023980077964",
默认	18:13:00.083756+0800	Runner	flutter: │     "platform": "ios",
默认	18:13:00.083831+0800	Runner	flutter: │     "app_version": "1.0.3",
默认	18:13:00.083904+0800	Runner	flutter: │     "locale": "zh-Hans-CN",
默认	18:13:00.083976+0800	Runner	flutter: │     "country": "CN",
默认	18:13:00.083218+0800	Runner	flutter: │   "comm": {
默认	18:13:00.083395+0800	Runner	flutter: │     "auth_token": "anon.dXNlcl8yMWRkOWZhOGMyNGUxZThlNzhhMmMxMjg.e625804a41f4dacdef08ab134555ee7d",
默认	18:13:00.083483+0800	Runner	flutter: │     "user_id": "user_21dd9fa8c24e1e8e78a2c128",
默认	18:13:00.083563+0800	Runner	flutter: │     "device_id": "3685c5ab-6b76-48ed-9308-91b8f7143353",
默认	18:13:00.083642+0800	Runner	flutter: │     "client_request_id": "crid_1784023980077964",
默认	18:13:00.083719+0800	Runner	flutter: │     "platform": "ios",
默认	18:13:00.083795+0800	Runner	flutter: │     "app_version": "1.0.3",
默认	18:13:00.083867+0800	Runner	flutter: │     "locale": "zh-Hans-CN",
默认	18:13:00.083940+0800	Runner	flutter: │     "country": "CN",
默认	18:13:00.084016+0800	Runner	flutter: │     "timezone": "UTC+08:00"
默认	18:13:00.084207+0800	Runner	flutter: │   },
默认	18:13:00.084280+0800	Runner	flutter: │   "requests": [
默认	18:13:00.084352+0800	Runner	flutter: │     {
默认	18:13:00.084409+0800	Runner	flutter: │       "id": "req_0",
默认	18:13:00.084466+0800	Runner	flutter: │       "service_name": "tool.identity.IdentityService",
默认	18:13:00.084167+0800	Runner	flutter: │     "timezone": "UTC+08:00"
默认	18:13:00.084527+0800	Runner	flutter: │       "method_name": "GetMe",
默认	18:13:00.084247+0800	Runner	flutter: │   },
默认	18:13:00.084585+0800	Runner	flutter: │       "params": {}
默认	18:13:00.084321+0800	Runner	flutter: │   "requests": [
默认	18:13:00.084381+0800	Runner	flutter: │     {
默认	18:13:00.084641+0800	Runner	flutter: │     }
默认	18:13:00.084697+0800	Runner	flutter: │   ]
默认	18:13:00.084438+0800	Runner	flutter: │       "id": "req_0",
默认	18:13:00.084758+0800	Runner	flutter: │ }
默认	18:13:00.084495+0800	Runner	flutter: │       "service_name": "tool.identity.IdentityService",
默认	18:13:00.084558+0800	Runner	flutter: │       "method_name": "GetMe",
默认	18:13:00.084614+0800	Runner	flutter: │       "params": {}
默认	18:13:00.084826+0800	Runner	flutter: └───────────────────────────────────────────────────────────────────────────────────────────────────
默认	18:13:00.084670+0800	Runner	flutter: │     }
默认	18:13:00.084728+0800	Runner	flutter: │   ]
默认	18:13:00.084794+0800	Runner	flutter: │ }
默认	18:13:00.084858+0800	Runner	flutter: └───────────────────────────────────────────────────────────────────────────────────────────────────
默认	18:13:00.112781+0800	Runner	flutter: \^[[38;5;196m┌───────────────────────────────────────────────────────────────────────────────────────────────────\^[[0m
默认	18:13:00.112730+0800	Runner	flutter: \^[[38;5;196m┌───────────────────────────────────────────────────────────────────────────────────────────────────\^[[0m
默认	18:13:00.113738+0800	Runner	flutter: \^[[38;5;196m│ [HTTP] <-- ERROR - POST http://gateway.spark-jam.top/gateway/invoke service=tool.identity.IdentityService method=GetMe\^[[0m
默认	18:13:00.113827+0800	Runner	flutter: \^[[38;5;196m└───────────────────────────────────────────────────────────────────────────────────────────────────\^[[0m
默认	18:13:00.113908+0800	Runner	flutter: \^[[38;5;196m┌───────────────────────────────────────────────────────────────────────────────────────────────────\^[[0m
默认	18:13:00.113981+0800	Runner	flutter: \^[[38;5;196m│ [HTTP] error: The connection errored: Failed host lookup: 'gateway.spark-jam.top' This indicates an error which most likely cannot be solved by the library.\^[[0m
默认	18:13:00.113779+0800	Runner	flutter: \^[[38;5;196m│ [HTTP] <-- ERROR - POST http://gateway.spark-jam.top/gateway/invoke service=tool.identity.IdentityService method=GetMe\^[[0m
默认	18:13:00.113869+0800	Runner	flutter: \^[[38;5;196m└───────────────────────────────────────────────────────────────────────────────────────────────────\^[[0m
默认	18:13:00.113943+0800	Runner	flutter: \^[[38;5;196m┌───────────────────────────────────────────────────────────────────────────────────────────────────\^[[0m
默认	18:13:00.114026+0800	Runner	flutter: \^[[38;5;196m│ [HTTP] error: The connection errored: Failed host lookup: 'gateway.spark-jam.top' This indicates an error which most likely cannot be solved by the library.\^[[0m
默认	18:13:00.114473+0800	Runner	flutter: \^[[38;5;196m└───────────────────────────────────────────────────────────────────────────────────────────────────\^[[0m
默认	18:13:00.114435+0800	Runner	flutter: \^[[38;5;196m└───────────────────────────────────────────────────────────────────────────────────────────────────\^[[0m
默认	18:13:01.071247+0800	Runner	flutter: ┌───────────────────────────────────────────────────────────────────────────────────────────────────
默认	18:13:01.071332+0800	Runner	flutter: │ [HTTP] --> POST http://gateway.spark-jam.top/gateway/invoke service=tool.event_tracking.EventTrackingService method=TrackEvents
默认	18:13:01.071391+0800	Runner	flutter: └───────────────────────────────────────────────────────────────────────────────────────────────────
默认	18:13:01.071439+0800	Runner	flutter: ┌───────────────────────────────────────────────────────────────────────────────────────────────────
默认	18:13:01.074687+0800	Runner	flutter: │ [HTTP] request:
默认	18:13:01.075284+0800	Runner	flutter: │ {
默认	18:13:01.075493+0800	Runner	flutter: │   "comm": {
默认	18:13:01.075540+0800	Runner	flutter: │     "auth_token": "anon.dXNlcl8yMWRkOWZhOGMyNGUxZThlNzhhMmMxMjg.e625804a41f4dacdef08ab134555ee7d",
默认	18:13:01.075593+0800	Runner	flutter: │     "user_id": "user_21dd9fa8c24e1e8e78a2c128",
默认	18:13:01.075793+0800	Runner	flutter: │     "device_id": "3685c5ab-6b76-48ed-9308-91b8f7143353",
默认	18:13:01.075850+0800	Runner	flutter: │     "client_request_id": "crid_1784023981066369",
默认	18:13:01.071305+0800	Runner	flutter: ┌───────────────────────────────────────────────────────────────────────────────────────────────────
默认	18:13:01.071365+0800	Runner	flutter: │ [HTTP] --> POST http://gateway.spark-jam.top/gateway/invoke service=tool.event_tracking.EventTrackingService method=TrackEvents
默认	18:13:01.071413+0800	Runner	flutter: └───────────────────────────────────────────────────────────────────────────────────────────────────
默认	18:13:01.071463+0800	Runner	flutter: ┌───────────────────────────────────────────────────────────────────────────────────────────────────
默认	18:13:01.075181+0800	Runner	flutter: │ [HTTP] request:
默认	18:13:01.075460+0800	Runner	flutter: │ {
默认	18:13:01.075515+0800	Runner	flutter: │   "comm": {
默认	18:13:01.075567+0800	Runner	flutter: │     "auth_token": "anon.dXNlcl8yMWRkOWZhOGMyNGUxZThlNzhhMmMxMjg.e625804a41f4dacdef08ab134555ee7d",
默认	18:13:01.075617+0800	Runner	flutter: │     "user_id": "user_21dd9fa8c24e1e8e78a2c128",
默认	18:13:01.075824+0800	Runner	flutter: │     "device_id": "3685c5ab-6b76-48ed-9308-91b8f7143353",
默认	18:13:01.075875+0800	Runner	flutter: │     "client_request_id": "crid_1784023981066369",
默认	18:13:01.076802+0800	Runner	flutter: │     "platform": "ios",
默认	18:13:01.076951+0800	Runner	flutter: │     "app_version": "1.0.3",
默认	18:13:01.077073+0800	Runner	flutter: │     "locale": "zh-Hans-CN",
默认	18:13:01.077121+0800	Runner	flutter: │     "country": "CN",
默认	18:13:01.077171+0800	Runner	flutter: │     "timezone": "UTC+08:00"
默认	18:13:01.077990+0800	Runner	flutter: │   },
默认	18:13:01.078476+0800	Runner	flutter: │   "requests": [
默认	18:13:01.078531+0800	Runner	flutter: │     {
默认	18:13:01.078581+0800	Runner	flutter: │       "id": "req_0",
默认	18:13:01.078659+0800	Runner	flutter: │       "service_name": "tool.event_tracking.EventTrackingService",
默认	18:13:01.078706+0800	Runner	flutter: │       "method_name": "TrackEvents",
默认	18:13:01.076922+0800	Runner	flutter: │     "platform": "ios",
默认	18:13:01.078751+0800	Runner	flutter: │       "params": {
默认	18:13:01.076975+0800	Runner	flutter: │     "app_version": "1.0.3",
默认	18:13:01.078794+0800	Runner	flutter: │         "events": [
默认	18:13:01.077096+0800	Runner	flutter: │     "locale": "zh-Hans-CN",
默认	18:13:01.078840+0800	Runner	flutter: │           {
默认	18:13:01.078887+0800	Runner	flutter: │             "event_id": "94f65e82-e0b7-4d80-b726-d76827e01152",
默认	18:13:01.077147+0800	Runner	flutter: │     "country": "CN",
默认	18:13:01.077193+0800	Runner	flutter: │     "timezone": "UTC+08:00"
默认	18:13:01.078933+0800	Runner	flutter: │             "event_name": "app_start",
默认	18:13:01.079045+0800	Runner	flutter: │             "event_time_ms": 1784023979001,
默认	18:13:01.079102+0800	Runner	flutter: │             "properties": {
默认	18:13:01.079153+0800	Runner	flutter: │               "logtime": 1784023979001,
默认	18:13:01.079201+0800	Runner	flutter: │               "log_id": "94f65e82-e0b7-4d80-b726-d76827e01152",
默认	18:13:01.079258+0800	Runner	flutter: │               "net": "",
默认	18:13:01.079304+0800	Runner	flutter: │               "pkg": "com.sparkjam.truthy.ios",
默认	18:13:01.079349+0800	Runner	flutter: │               "bucket": 56,
默认	18:13:01.079396+0800	Runner	flutter: │               "abslot": 23,
默认	18:13:01.078013+0800	Runner	flutter: │   },
默认	18:13:01.078505+0800	Runner	flutter: │   "requests": [
默认	18:13:01.078553+0800	Runner	flutter: │     {
默认	18:13:01.078603+0800	Runner	flutter: │       "id": "req_0",
默认	18:13:01.078681+0800	Runner	flutter: │       "service_name": "tool.event_tracking.EventTrackingService",
默认	18:13:01.078727+0800	Runner	flutter: │       "method_name": "TrackEvents",
默认	18:13:01.078773+0800	Runner	flutter: │       "params": {
默认	18:13:01.078816+0800	Runner	flutter: │         "events": [
默认	18:13:01.078861+0800	Runner	flutter: │           {
默认	18:13:01.078910+0800	Runner	flutter: │             "event_id": "94f65e82-e0b7-4d80-b726-d76827e01152",
默认	18:13:01.078957+0800	Runner	flutter: │             "event_name": "app_start",
默认	18:13:01.079077+0800	Runner	flutter: │             "event_time_ms": 1784023979001,
默认	18:13:01.079125+0800	Runner	flutter: │             "properties": {
默认	18:13:01.079175+0800	Runner	flutter: │               "logtime": 1784023979001,
默认	18:13:01.079230+0800	Runner	flutter: │               "log_id": "94f65e82-e0b7-4d80-b726-d76827e01152",
默认	18:13:01.079281+0800	Runner	flutter: │               "net": "",
默认	18:13:01.079327+0800	Runner	flutter: │               "pkg": "com.sparkjam.truthy.ios",
默认	18:13:01.079372+0800	Runner	flutter: │               "bucket": 56,
默认	18:13:01.079983+0800	Runner	flutter: │               "abslot": 23,
默认	18:13:01.080044+0800	Runner	flutter: │               "ram": "3665MB",
默认	18:13:01.080092+0800	Runner	flutter: │               "cpu": "arm64",
默认	18:13:01.080398+0800	Runner	flutter: │               "sh": 844,
默认	18:13:01.080020+0800	Runner	flutter: │               "ram": "3665MB",
默认	18:13:01.080069+0800	Runner	flutter: │               "cpu": "arm64",
默认	18:13:01.080116+0800	Runner	flutter: │               "sh": 844,
默认	18:13:01.080594+0800	Runner	flutter: │               "sw": 390,
默认	18:13:01.080645+0800	Runner	flutter: │               "city": "",
默认	18:13:01.080699+0800	Runner	flutter: │               "ste": "",
默认	18:13:01.080745+0800	Runner	flutter: │               "lat": "",
默认	18:13:01.080621+0800	Runner	flutter: │               "sw": 390,
默认	18:13:01.080845+0800	Runner	flutter: │               "lng": "",
默认	18:13:01.080674+0800	Runner	flutter: │               "city": "",
默认	18:13:01.080894+0800	Runner	flutter: │               "sty": "desk",
默认	18:13:01.080722+0800	Runner	flutter: │               "ste": "",
默认	18:13:01.080943+0800	Runner	flutter: │               "isp": "",
默认	18:13:01.080796+0800	Runner	flutter: │               "lat": "",
默认	18:13:01.080987+0800	Runner	flutter: │               "mod": "iphone14,5",
默认	18:13:01.080871+0800	Runner	flutter: │               "lng": "",
默认	18:13:01.081044+0800	Runner	flutter: │               "brd": "apple",
默认	18:13:01.080920+0800	Runner	flutter: │               "sty": "desk",
默认	18:13:01.081089+0800	Runner	flutter: │               "os": "18.7.8",
默认	18:13:01.080965+0800	Runner	flutter: │               "isp": "",
默认	18:13:01.081134+0800	Runner	flutter: │               "pf": "ios",
默认	18:13:01.081020+0800	Runner	flutter: │               "mod": "iphone14,5",
默认	18:13:01.081177+0800	Runner	flutter: │               "slan": "zh",
默认	18:13:01.081067+0800	Runner	flutter: │               "brd": "apple",
默认	18:13:01.081259+0800	Runner	flutter: │               "reg": "CN",
默认	18:13:01.081110+0800	Runner	flutter: │               "os": "18.7.8",
默认	18:13:01.081304+0800	Runner	flutter: │               "cou": "CN",
默认	18:13:01.081155+0800	Runner	flutter: │               "pf": "ios",
默认	18:13:01.081348+0800	Runner	flutter: │               "sub": "",
默认	18:13:01.081233+0800	Runner	flutter: │               "slan": "zh",
默认	18:13:01.081394+0800	Runner	flutter: │               "cha": "",
默认	18:13:01.081280+0800	Runner	flutter: │               "reg": "CN",
默认	18:13:01.081475+0800	Runner	flutter: │               "verc": "1000305",
默认	18:13:01.081326+0800	Runner	flutter: │               "cou": "CN",
默认	18:13:01.081521+0800	Runner	flutter: │               "ver": "1.0.3",
默认	18:13:01.081372+0800	Runner	flutter: │               "sub": "",
默认	18:13:01.081567+0800	Runner	flutter: │               "sid": "38a1b02d-5722-4d3a-bb06-f9ae23e6c9bd",
默认	18:13:01.081446+0800	Runner	flutter: │               "cha": "",
默认	18:13:01.081613+0800	Runner	flutter: │               "uuid": "3685c5ab-6b76-48ed-9308-91b8f7143353",
默认	18:13:01.081497+0800	Runner	flutter: │               "verc": "1000305",
默认	18:13:01.082036+0800	Runner	flutter: │               "idfa": "",
默认	18:13:01.081542+0800	Runner	flutter: │               "ver": "1.0.3",
默认	18:13:01.082312+0800	Runner	flutter: │               "idfv": "32D846BD-AB3E-46E9-84BE-616820E2A87B",
默认	18:13:01.081588+0800	Runner	flutter: │               "sid": "38a1b02d-5722-4d3a-bb06-f9ae23e6c9bd",
默认	18:13:01.082365+0800	Runner	flutter: │               "aid": "",
默认	18:13:01.082000+0800	Runner	flutter: │               "uuid": "3685c5ab-6b76-48ed-9308-91b8f7143353",
默认	18:13:01.082060+0800	Runner	flutter: │               "idfa": "",
默认	18:13:01.082340+0800	Runner	flutter: │               "idfv": "32D846BD-AB3E-46E9-84BE-616820E2A87B",
默认	18:13:01.082391+0800	Runner	flutter: │               "aid": "",
默认	18:13:01.082894+0800	Runner	flutter: │               "gaid": "",
默认	18:13:01.082952+0800	Runner	flutter: │               "did": "32D846BD-AB3E-46E9-84BE-616820E2A87B",
默认	18:13:01.083000+0800	Runner	flutter: │               "uid": "user_21dd9fa8c24e1e8e78a2c128",
默认	18:13:01.083048+0800	Runner	flutter: │               "anm": "Truthy",
默认	18:13:01.082923+0800	Runner	flutter: │               "gaid": "",
默认	18:13:01.083098+0800	Runner	flutter: │               "push_id": "",
默认	18:13:01.082976+0800	Runner	flutter: │               "did": "32D846BD-AB3E-46E9-84BE-616820E2A87B",
默认	18:13:01.083024+0800	Runner	flutter: │               "uid": "user_21dd9fa8c24e1e8e78a2c128",
默认	18:13:01.083328+0800	Runner	flutter: │               "push_type": "",
默认	18:13:01.083075+0800	Runner	flutter: │               "anm": "Truthy",
默认	18:13:01.083374+0800	Runner	flutter: │               "is_pro": "0",
默认	18:13:01.083121+0800	Runner	flutter: │               "push_id": "",
默认	18:13:01.083468+0800	Runner	flutter: │               "is_first": 1,
默认	18:13:01.083350+0800	Runner	flutter: │               "push_type": "",
默认	18:13:01.083396+0800	Runner	flutter: │               "is_pro": "0",
默认	18:13:01.083544+0800	Runner	flutter: │               "is_first": 1,
默认	18:13:01.084440+0800	Runner	flutter: │               "search_count": 0
默认	18:13:01.084487+0800	Runner	flutter: │             }
默认	18:13:01.084536+0800	Runner	flutter: │           }
默认	18:13:01.084588+0800	Runner	flutter: │         ]
默认	18:13:01.084635+0800	Runner	flutter: │       }
默认	18:13:01.084901+0800	Runner	flutter: │     }
默认	18:13:01.084954+0800	Runner	flutter: │   ]
默认	18:13:01.084464+0800	Runner	flutter: │               "search_count": 0
默认	18:13:01.084511+0800	Runner	flutter: │             }
默认	18:13:01.084558+0800	Runner	flutter: │           }
默认	18:13:01.084611+0800	Runner	flutter: │         ]
默认	18:13:01.084656+0800	Runner	flutter: │       }
默认	18:13:01.084928+0800	Runner	flutter: │     }
默认	18:13:01.085012+0800	Runner	flutter: │   ]
默认	18:13:01.088269+0800	Runner	flutter: │ }
默认	18:13:01.088325+0800	Runner	flutter: └───────────────────────────────────────────────────────────────────────────────────────────────────
默认	18:13:01.088299+0800	Runner	flutter: │ }
默认	18:13:01.088352+0800	Runner	flutter: └───────────────────────────────────────────────────────────────────────────────────────────────────
默认	18:13:01.103383+0800	Runner	flutter: \^[[38;5;196m┌───────────────────────────────────────────────────────────────────────────────────────────────────\^[[0m
默认	18:13:01.103435+0800	Runner	flutter: \^[[38;5;196m│ [HTTP] <-- ERROR - POST http://gateway.spark-jam.top/gateway/invoke service=tool.event_tracking.EventTrackingService method=TrackEvents\^[[0m
默认	18:13:01.103411+0800	Runner	flutter: \^[[38;5;196m┌───────────────────────────────────────────────────────────────────────────────────────────────────\^[[0m
默认	18:13:01.103503+0800	Runner	flutter: \^[[38;5;196m│ [HTTP] <-- ERROR - POST http://gateway.spark-jam.top/gateway/invoke service=tool.event_tracking.EventTrackingService method=TrackEvents\^[[0m
默认	18:13:01.103554+0800	Runner	flutter: \^[[38;5;196m└───────────────────────────────────────────────────────────────────────────────────────────────────\^[[0m
默认	18:13:01.103601+0800	Runner	flutter: \^[[38;5;196m┌───────────────────────────────────────────────────────────────────────────────────────────────────\^[[0m
默认	18:13:01.103648+0800	Runner	flutter: \^[[38;5;196m│ [HTTP] error: The connection errored: Failed host lookup: 'gateway.spark-jam.top' This indicates an error which most likely cannot be solved by the library.\^[[0m
默认	18:13:01.103702+0800	Runner	flutter: \^[[38;5;196m└───────────────────────────────────────────────────────────────────────────────────────────────────\^[[0m
默认	18:13:01.103530+0800	Runner	flutter: \^[[38;5;196m└───────────────────────────────────────────────────────────────────────────────────────────────────\^[[0m
默认	18:13:01.103578+0800	Runner	flutter: \^[[38;5;196m┌───────────────────────────────────────────────────────────────────────────────────────────────────\^[[0m
默认	18:13:01.103626+0800	Runner	flutter: \^[[38;5;196m│ [HTTP] error: The connection errored: Failed host lookup: 'gateway.spark-jam.top' This indicates an error which most likely cannot be solved by the library.\^[[0m
默认	18:13:01.103674+0800	Runner	flutter: \^[[38;5;196m└───────────────────────────────────────────────────────────────────────────────────────────────────\^[[0m
默认	18:13:01.103838+0800	Runner	flutter: ┌───────────────────────────────────────────────────────────────────────────────────────────────────
默认	18:13:01.103892+0800	Runner	flutter: │ DioException [connection error]: The connection errored: Failed host lookup: 'gateway.spark-jam.top' This indicates an error which most likely cannot be solved by the library.
默认	18:13:01.103938+0800	Runner	flutter: │ Error: SocketException: Failed host lookup: 'gateway.spark-jam.top' (OS Error: nodename nor servname provided, or not known, errno = 8)
默认	18:13:01.103986+0800	Runner	flutter: ├┄┄┄┄┄┄┄┄┄┄┄┄┄┄┄┄┄┄┄┄┄┄┄┄┄┄┄┄┄┄┄┄┄┄┄┄┄┄┄┄┄┄┄┄┄┄┄┄┄┄┄┄┄┄┄┄┄┄┄┄┄┄┄┄┄┄┄┄┄┄┄┄┄┄┄┄┄┄┄┄┄┄┄┄┄┄┄┄┄┄┄┄┄┄┄┄┄┄┄
默认	18:13:01.104032+0800	Runner	flutter: │ #0   DioMixin.fetch (package:dio/src/dio_mixin.dart:523)
默认	18:13:01.104078+0800	Runner	flutter: │ #1   <asynchronous suspension>
默认	18:13:01.104124+0800	Runner	flutter: │ #2   DioClient._sendGatewayRequest (package:relationships/core/network/dio_client.dart:240)
默认	18:13:01.103867+0800	Runner	flutter: ┌───────────────────────────────────────────────────────────────────────────────────────────────────
默认	18:13:01.104168+0800	Runner	flutter: │ #3   <asynchronous suspension>
默认	18:13:01.103914+0800	Runner	flutter: │ DioException [connection error]: The connection errored: Failed host lookup: 'gateway.spark-jam.top' This indicates an error which most likely cannot be solved by the library.
默认	18:13:01.104214+0800	Runner	flutter: │ #4   DioClient.invokeGateway (package:relationships/core/network/dio_client.dart:140)
默认	18:13:01.103960+0800	Runner	flutter: │ Error: SocketException: Failed host lookup: 'gateway.spark-jam.top' (OS Error: nodename nor servname provided, or not known, errno = 8)
默认	18:13:01.104262+0800	Runner	flutter: │ #5   <asynchronous suspension>
默认	18:13:01.104008+0800	Runner	flutter: ├┄┄┄┄┄┄┄┄┄┄┄┄┄┄┄┄┄┄┄┄┄┄┄┄┄┄┄┄┄┄┄┄┄┄┄┄┄┄┄┄┄┄┄┄┄┄┄┄┄┄┄┄┄┄┄┄┄┄┄┄┄┄┄┄┄┄┄┄┄┄┄┄┄┄┄┄┄┄┄┄┄┄┄┄┄┄┄┄┄┄┄┄┄┄┄┄┄┄┄
默认	18:13:01.104053+0800	Runner	flutter: │ #0   DioMixin.fetch (package:dio/src/dio_mixin.dart:523)
默认	18:13:01.104311+0800	Runner	flutter: ├┄┄┄┄┄┄┄┄┄┄┄┄┄┄┄┄┄┄┄┄┄┄┄┄┄┄┄┄┄┄┄┄┄┄┄┄┄┄┄┄┄┄┄┄┄┄┄┄┄┄┄┄┄┄┄┄┄┄┄┄┄┄┄┄┄┄┄┄┄┄┄┄┄┄┄┄┄┄┄┄┄┄┄┄┄┄┄┄┄┄┄┄┄┄┄┄┄┄┄
默认	18:13:01.104358+0800	Runner	flutter: │ [EventTracking] Event tracking upload failed: DioException [connection error]: The connection errored: Failed host lookup: 'gateway.spark-jam.top' This indicates an error which most likely cannot be solved by the library.
默认	18:13:01.104100+0800	Runner	flutter: │ #1   <asynchronous suspension>
默认	18:13:01.104403+0800	Runner	flutter: │ Error: SocketException: Failed host lookup: 'gateway.spark-jam.top' (OS Error: nodename nor servname provided, or not known, errno = 8)
默认	18:13:01.104146+0800	Runner	flutter: │ #2   DioClient._sendGatewayRequest (package:relationships/core/network/dio_client.dart:240)
默认	18:13:01.104191+0800	Runner	flutter: │ #3   <asynchronous suspension>
默认	18:13:01.104238+0800	Runner	flutter: │ #4   DioClient.invokeGateway (package:relationships/core/network/dio_client.dart:140)
默认	18:13:01.104284+0800	Runner	flutter: │ #5   <asynchronous suspension>
默认	18:13:01.104335+0800	Runner	flutter: ├┄┄┄┄┄┄┄┄┄┄┄┄┄┄┄┄┄┄┄┄┄┄┄┄┄┄┄┄┄┄┄┄┄┄┄┄┄┄┄┄┄┄┄┄┄┄┄┄┄┄┄┄┄┄┄┄┄┄┄┄┄┄┄┄┄┄┄┄┄┄┄┄┄┄┄┄┄┄┄┄┄┄┄┄┄┄┄┄┄┄┄┄┄┄┄┄┄┄┄
默认	18:13:01.104381+0800	Runner	flutter: │ [EventTracking] Event tracking upload failed: DioException [connection error]: The connection errored: Failed host lookup: 'gateway.spark-jam.top' This indicates an error which most likely cannot be solved by the library.
默认	18:13:01.104427+0800	Runner	flutter: │ Error: SocketException: Failed host lookup: 'gateway.spark-jam.top' (OS Error: nodename nor servname provided, or not known, errno = 8)
默认	18:13:01.105031+0800	Runner	flutter: └───────────────────────────────────────────────────────────────────────────────────────────────────
默认	18:13:01.105053+0800	Runner	flutter: └───────────────────────────────────────────────────────────────────────────────────────────────────
默认	18:13:01.312431+0800	Runner	flutter: ┌───────────────────────────────────────────────────────────────────────────────────────────────────
默认	18:13:01.312783+0800	Runner	flutter: ┌───────────────────────────────────────────────────────────────────────────────────────────────────
默认	18:13:01.312855+0800	Runner	flutter: │ [EventTracking] name=home_pageview id=ae2fce01-3081-4650-8f4f-a33955ff70a9 time=1784023981226 props={}
默认	18:13:01.313015+0800	Runner	flutter: └───────────────────────────────────────────────────────────────────────────────────────────────────
默认	18:13:01.312947+0800	Runner	flutter: │ [EventTracking] name=home_pageview id=ae2fce01-3081-4650-8f4f-a33955ff70a9 time=1784023981226 props={}
默认	18:13:01.313081+0800	Runner	flutter: └───────────────────────────────────────────────────────────────────────────────────────────────────
默认	18:13:01.337052+0800	Runner	flutter: ┌───────────────────────────────────────────────────────────────────────────────────────────────────
默认	18:13:01.337105+0800	Runner	flutter: │ [HTTP] --> POST http://gateway.spark-jam.top/gateway/invoke service=tool.people_insight.HomeService method=GetHomeContent
默认	18:13:01.337153+0800	Runner	flutter: └───────────────────────────────────────────────────────────────────────────────────────────────────
默认	18:13:01.337198+0800	Runner	flutter: ┌───────────────────────────────────────────────────────────────────────────────────────────────────
默认	18:13:01.337245+0800	Runner	flutter: │ [HTTP] request:
默认	18:13:01.337292+0800	Runner	flutter: │ {
默认	18:13:01.337342+0800	Runner	flutter: │   "comm": {
默认	18:13:01.337392+0800	Runner	flutter: │     "auth_token": "anon.dXNlcl8yMWRkOWZhOGMyNGUxZThlNzhhMmMxMjg.e625804a41f4dacdef08ab134555ee7d",
默认	18:13:01.337436+0800	Runner	flutter: │     "user_id": "user_21dd9fa8c24e1e8e78a2c128",
默认	18:13:01.337481+0800	Runner	flutter: │     "device_id": "3685c5ab-6b76-48ed-9308-91b8f7143353",
默认	18:13:01.337527+0800	Runner	flutter: │     "client_request_id": "crid_1784023981230972",
默认	18:13:01.337603+0800	Runner	flutter: │     "platform": "ios",
默认	18:13:01.337080+0800	Runner	flutter: ┌───────────────────────────────────────────────────────────────────────────────────────────────────
默认	18:13:01.337131+0800	Runner	flutter: │ [HTTP] --> POST http://gateway.spark-jam.top/gateway/invoke service=tool.people_insight.HomeService method=GetHomeContent
默认	18:13:01.337176+0800	Runner	flutter: └───────────────────────────────────────────────────────────────────────────────────────────────────
默认	18:13:01.337220+0800	Runner	flutter: ┌───────────────────────────────────────────────────────────────────────────────────────────────────
默认	18:13:01.337269+0800	Runner	flutter: │ [HTTP] request:
默认	18:13:01.337320+0800	Runner	flutter: │ {
默认	18:13:01.337366+0800	Runner	flutter: │   "comm": {
默认	18:13:01.337414+0800	Runner	flutter: │     "auth_token": "anon.dXNlcl8yMWRkOWZhOGMyNGUxZThlNzhhMmMxMjg.e625804a41f4dacdef08ab134555ee7d",
默认	18:13:01.337459+0800	Runner	flutter: │     "user_id": "user_21dd9fa8c24e1e8e78a2c128",
默认	18:13:01.337503+0800	Runner	flutter: │     "device_id": "3685c5ab-6b76-48ed-9308-91b8f7143353",
默认	18:13:01.337578+0800	Runner	flutter: │     "client_request_id": "crid_1784023981230972",
默认	18:13:01.337625+0800	Runner	flutter: │     "platform": "ios",
默认	18:13:01.337752+0800	Runner	flutter: │     "app_version": "1.0.3",
默认	18:13:01.337995+0800	Runner	flutter: │     "locale": "zh-Hans-CN",
默认	18:13:01.338085+0800	Runner	flutter: │     "country": "CN",
默认	18:13:01.338181+0800	Runner	flutter: │     "timezone": "UTC+08:00"
默认	18:13:01.338237+0800	Runner	flutter: │   },
默认	18:13:01.338283+0800	Runner	flutter: │   "requests": [
默认	18:13:01.338329+0800	Runner	flutter: │     {
默认	18:13:01.338373+0800	Runner	flutter: │       "id": "req_0",
默认	18:13:01.338427+0800	Runner	flutter: │       "service_name": "tool.people_insight.HomeService",
默认	18:13:01.338474+0800	Runner	flutter: │       "method_name": "GetHomeContent",
默认	18:13:01.338519+0800	Runner	flutter: │       "params": {
默认	18:13:01.337723+0800	Runner	flutter: │     "app_version": "1.0.3",
默认	18:13:01.338565+0800	Runner	flutter: │         "locale": "zh-Hans-CN"
默认	18:13:01.337971+0800	Runner	flutter: │     "locale": "zh-Hans-CN",
默认	18:13:01.338063+0800	Runner	flutter: │     "country": "CN",
默认	18:13:01.338159+0800	Runner	flutter: │     "timezone": "UTC+08:00"
默认	18:13:01.338213+0800	Runner	flutter: │   },
默认	18:13:01.338260+0800	Runner	flutter: │   "requests": [
默认	18:13:01.338306+0800	Runner	flutter: │     {
默认	18:13:01.338351+0800	Runner	flutter: │       "id": "req_0",
默认	18:13:01.338397+0800	Runner	flutter: │       "service_name": "tool.people_insight.HomeService",
默认	18:13:01.338452+0800	Runner	flutter: │       "method_name": "GetHomeContent",
默认	18:13:01.338496+0800	Runner	flutter: │       "params": {
默认	18:13:01.338542+0800	Runner	flutter: │         "locale": "zh-Hans-CN"
默认	18:13:01.339760+0800	Runner	flutter: │       }
默认	18:13:01.339847+0800	Runner	flutter: │     }
默认	18:13:01.339979+0800	Runner	flutter: │   ]
默认	18:13:01.339785+0800	Runner	flutter: │       }
默认	18:13:01.339869+0800	Runner	flutter: │     }
默认	18:13:01.340003+0800	Runner	flutter: │   ]
默认	18:13:01.340178+0800	Runner	flutter: │ }
默认	18:13:01.340272+0800	Runner	flutter: └───────────────────────────────────────────────────────────────────────────────────────────────────
默认	18:13:01.340150+0800	Runner	flutter: │ }
默认	18:13:01.340245+0800	Runner	flutter: └───────────────────────────────────────────────────────────────────────────────────────────────────
默认	18:13:01.434740+0800	Runner	flutter: \^[[38;5;196m┌───────────────────────────────────────────────────────────────────────────────────────────────────\^[[0m
默认	18:13:01.434700+0800	Runner	flutter: \^[[38;5;196m┌───────────────────────────────────────────────────────────────────────────────────────────────────\^[[0m
默认	18:13:01.435046+0800	Runner	flutter: \^[[38;5;196m│ [HTTP] <-- ERROR - POST http://gateway.spark-jam.top/gateway/invoke service=tool.people_insight.HomeService method=GetHomeContent\^[[0m
默认	18:13:01.435281+0800	Runner	flutter: \^[[38;5;196m└───────────────────────────────────────────────────────────────────────────────────────────────────\^[[0m
默认	18:13:01.435075+0800	Runner	flutter: \^[[38;5;196m│ [HTTP] <-- ERROR - POST http://gateway.spark-jam.top/gateway/invoke service=tool.people_insight.HomeService method=GetHomeContent\^[[0m
默认	18:13:01.435336+0800	Runner	flutter: \^[[38;5;196m└───────────────────────────────────────────────────────────────────────────────────────────────────\^[[0m
默认	18:13:01.436585+0800	Runner	flutter: \^[[38;5;196m┌───────────────────────────────────────────────────────────────────────────────────────────────────\^[[0m
默认	18:13:01.436532+0800	Runner	flutter: \^[[38;5;196m┌───────────────────────────────────────────────────────────────────────────────────────────────────\^[[0m
默认	18:13:01.436676+0800	Runner	flutter: \^[[38;5;196m│ [HTTP] error: The connection errored: Failed host lookup: 'gateway.spark-jam.top' This indicates an error which most likely cannot be solved by the library.\^[[0m
默认	18:13:01.436779+0800	Runner	flutter: \^[[38;5;196m└───────────────────────────────────────────────────────────────────────────────────────────────────\^[[0m
默认	18:13:01.436748+0800	Runner	flutter: \^[[38;5;196m│ [HTTP] error: The connection errored: Failed host lookup: 'gateway.spark-jam.top' This indicates an error which most likely cannot be solved by the library.\^[[0m
默认	18:13:01.436801+0800	Runner	flutter: \^[[38;5;196m└───────────────────────────────────────────────────────────────────────────────────────────────────\^[[0m
默认	18:13:02.123642+0800	Runner	flutter: ┌───────────────────────────────────────────────────────────────────────────────────────────────────
默认	18:13:02.123691+0800	Runner	flutter: │ [HTTP] --> POST http://gateway.spark-jam.top/gateway/invoke service=tool.people_insight.HomeService method=GetHomeContent
默认	18:13:02.123620+0800	Runner	flutter: ┌───────────────────────────────────────────────────────────────────────────────────────────────────
默认	18:13:02.123667+0800	Runner	flutter: │ [HTTP] --> POST http://gateway.spark-jam.top/gateway/invoke service=tool.people_insight.HomeService method=GetHomeContent
默认	18:13:02.123830+0800	Runner	flutter: └───────────────────────────────────────────────────────────────────────────────────────────────────
默认	18:13:02.123878+0800	Runner	flutter: ┌───────────────────────────────────────────────────────────────────────────────────────────────────
默认	18:13:02.123924+0800	Runner	flutter: │ [HTTP] request:
默认	18:13:02.123970+0800	Runner	flutter: │ {
默认	18:13:02.124022+0800	Runner	flutter: │   "comm": {
默认	18:13:02.124068+0800	Runner	flutter: │     "auth_token": "anon.dXNlcl8yMWRkOWZhOGMyNGUxZThlNzhhMmMxMjg.e625804a41f4dacdef08ab134555ee7d",
默认	18:13:02.124114+0800	Runner	flutter: │     "user_id": "user_21dd9fa8c24e1e8e78a2c128",
默认	18:13:02.124160+0800	Runner	flutter: │     "device_id": "3685c5ab-6b76-48ed-9308-91b8f7143353",
默认	18:13:02.124205+0800	Runner	flutter: │     "client_request_id": "crid_1784023982065056",
默认	18:13:02.124250+0800	Runner	flutter: │     "platform": "ios",
默认	18:13:02.124295+0800	Runner	flutter: │     "app_version": "1.0.3",
默认	18:13:02.124341+0800	Runner	flutter: │     "locale": "zh-Hans-CN",
默认	18:13:02.123853+0800	Runner	flutter: └───────────────────────────────────────────────────────────────────────────────────────────────────
默认	18:13:02.124385+0800	Runner	flutter: │     "country": "CN",
默认	18:13:02.123899+0800	Runner	flutter: ┌───────────────────────────────────────────────────────────────────────────────────────────────────
默认	18:13:02.123945+0800	Runner	flutter: │ [HTTP] request:
默认	18:13:02.124478+0800	Runner	flutter: │     "timezone": "UTC+08:00"
默认	18:13:02.123999+0800	Runner	flutter: │ {
默认	18:13:02.124521+0800	Runner	flutter: │   },
默认	18:13:02.124044+0800	Runner	flutter: │   "comm": {
默认	18:13:02.124567+0800	Runner	flutter: │   "requests": [
默认	18:13:02.124090+0800	Runner	flutter: │     "auth_token": "anon.dXNlcl8yMWRkOWZhOGMyNGUxZThlNzhhMmMxMjg.e625804a41f4dacdef08ab134555ee7d",
默认	18:13:02.124136+0800	Runner	flutter: │     "user_id": "user_21dd9fa8c24e1e8e78a2c128",
默认	18:13:02.124661+0800	Runner	flutter: │     {
默认	18:13:02.124181+0800	Runner	flutter: │     "device_id": "3685c5ab-6b76-48ed-9308-91b8f7143353",
默认	18:13:02.124707+0800	Runner	flutter: │       "id": "req_0",
默认	18:13:02.124227+0800	Runner	flutter: │     "client_request_id": "crid_1784023982065056",
默认	18:13:02.124752+0800	Runner	flutter: │       "service_name": "tool.people_insight.HomeService",
默认	18:13:02.124273+0800	Runner	flutter: │     "platform": "ios",
默认	18:13:02.124798+0800	Runner	flutter: │       "method_name": "GetHomeContent",
默认	18:13:02.124317+0800	Runner	flutter: │     "app_version": "1.0.3",
默认	18:13:02.124844+0800	Runner	flutter: │       "params": {
默认	18:13:02.124361+0800	Runner	flutter: │     "locale": "zh-Hans-CN",
默认	18:13:02.124888+0800	Runner	flutter: │         "locale": "zh-Hans-CN"
默认	18:13:02.124408+0800	Runner	flutter: │     "country": "CN",
默认	18:13:02.124933+0800	Runner	flutter: │       }
默认	18:13:02.124983+0800	Runner	flutter: │     }
默认	18:13:02.124499+0800	Runner	flutter: │     "timezone": "UTC+08:00"
默认	18:13:02.125031+0800	Runner	flutter: │   ]
默认	18:13:02.124543+0800	Runner	flutter: │   },
默认	18:13:02.125077+0800	Runner	flutter: │ }
默认	18:13:02.124591+0800	Runner	flutter: │   "requests": [
默认	18:13:02.125128+0800	Runner	flutter: └───────────────────────────────────────────────────────────────────────────────────────────────────
默认	18:13:02.124684+0800	Runner	flutter: │     {
默认	18:13:02.124730+0800	Runner	flutter: │       "id": "req_0",
默认	18:13:02.124773+0800	Runner	flutter: │       "service_name": "tool.people_insight.HomeService",
默认	18:13:02.124819+0800	Runner	flutter: │       "method_name": "GetHomeContent",
默认	18:13:02.124866+0800	Runner	flutter: │       "params": {
默认	18:13:02.124911+0800	Runner	flutter: │         "locale": "zh-Hans-CN"
默认	18:13:02.124954+0800	Runner	flutter: │       }
默认	18:13:02.125008+0800	Runner	flutter: │     }
默认	18:13:02.125053+0800	Runner	flutter: │   ]
默认	18:13:02.125103+0800	Runner	flutter: │ }
默认	18:13:02.125154+0800	Runner	flutter: └───────────────────────────────────────────────────────────────────────────────────────────────────
默认	18:13:02.141805+0800	Runner	flutter: \^[[38;5;196m┌───────────────────────────────────────────────────────────────────────────────────────────────────\^[[0m
默认	18:13:02.141944+0800	Runner	flutter: \^[[38;5;196m│ [HTTP] <-- ERROR - POST http://gateway.spark-jam.top/gateway/invoke service=tool.people_insight.HomeService method=GetHomeContent\^[[0m
默认	18:13:02.142060+0800	Runner	flutter: \^[[38;5;196m└───────────────────────────────────────────────────────────────────────────────────────────────────\^[[0m
默认	18:13:02.142107+0800	Runner	flutter: \^[[38;5;196m┌───────────────────────────────────────────────────────────────────────────────────────────────────\^[[0m
默认	18:13:02.141868+0800	Runner	flutter: \^[[38;5;196m┌───────────────────────────────────────────────────────────────────────────────────────────────────\^[[0m
默认	18:13:02.142153+0800	Runner	flutter: \^[[38;5;196m│ [HTTP] error: The connection errored: Failed host lookup: 'gateway.spark-jam.top' This indicates an error which most likely cannot be solved by the library.\^[[0m
默认	18:13:02.142199+0800	Runner	flutter: \^[[38;5;196m└───────────────────────────────────────────────────────────────────────────────────────────────────\^[[0m
默认	18:13:02.142030+0800	Runner	flutter: \^[[38;5;196m│ [HTTP] <-- ERROR - POST http://gateway.spark-jam.top/gateway/invoke service=tool.people_insight.HomeService method=GetHomeContent\^[[0m
默认	18:13:02.142083+0800	Runner	flutter: \^[[38;5;196m└───────────────────────────────────────────────────────────────────────────────────────────────────\^[[0m
默认	18:13:02.142129+0800	Runner	flutter: \^[[38;5;196m┌───────────────────────────────────────────────────────────────────────────────────────────────────\^[[0m
默认	18:13:02.142177+0800	Runner	flutter: \^[[38;5;196m│ [HTTP] error: The connection errored: Failed host lookup: 'gateway.spark-jam.top' This indicates an error which most likely cannot be solved by the library.\^[[0m
默认	18:13:02.142221+0800	Runner	flutter: \^[[38;5;196m└───────────────────────────────────────────────────────────────────────────────────────────────────\^[[0m
默认	18:13:02.484422+0800	Runner	flutter: ┌───────────────────────────────────────────────────────────────────────────────────────────────────
默认	18:13:02.484474+0800	Runner	flutter: │ [HTTP] --> POST http://gateway.spark-jam.top/gateway/invoke service=tool.people_insight.HomeService method=GetHomeContent
默认	18:13:02.484525+0800	Runner	flutter: └───────────────────────────────────────────────────────────────────────────────────────────────────
默认	18:13:02.484451+0800	Runner	flutter: ┌───────────────────────────────────────────────────────────────────────────────────────────────────
默认	18:13:02.484499+0800	Runner	flutter: │ [HTTP] --> POST http://gateway.spark-jam.top/gateway/invoke service=tool.people_insight.HomeService method=GetHomeContent
默认	18:13:02.484570+0800	Runner	flutter: └───────────────────────────────────────────────────────────────────────────────────────────────────
默认	18:13:02.485450+0800	Runner	flutter: │       }
默认	18:13:02.485496+0800	Runner	flutter: │     }
默认	18:13:02.485543+0800	Runner	flutter: │   ]
默认	18:13:02.485586+0800	Runner	flutter: │ }
默认	18:13:02.485429+0800	Runner	flutter: │       }
默认	18:13:02.485641+0800	Runner	flutter: └───────────────────────────────────────────────────────────────────────────────────────────────────
默认	18:13:02.485475+0800	Runner	flutter: │     }
默认	18:13:02.485522+0800	Runner	flutter: │   ]
默认	18:13:02.485564+0800	Runner	flutter: │ }
默认	18:13:02.485610+0800	Runner	flutter: └───────────────────────────────────────────────────────────────────────────────────────────────────
默认	18:13:02.499841+0800	Runner	flutter: \^[[38;5;196m┌───────────────────────────────────────────────────────────────────────────────────────────────────\^[[0m
默认	18:13:02.500046+0800	Runner	flutter: \^[[38;5;196m│ [HTTP] <-- ERROR - POST http://gateway.spark-jam.top/gateway/invoke service=tool.people_insight.HomeService method=GetHomeContent\^[[0m
默认	18:13:02.500204+0800	Runner	flutter: \^[[38;5;196m└───────────────────────────────────────────────────────────────────────────────────────────────────\^[[0m
默认	18:13:02.500405+0800	Runner	flutter: \^[[38;5;196m┌───────────────────────────────────────────────────────────────────────────────────────────────────\^[[0m
默认	18:13:02.499865+0800	Runner	flutter: \^[[38;5;196m┌───────────────────────────────────────────────────────────────────────────────────────────────────\^[[0m
默认	18:13:02.500067+0800	Runner	flutter: \^[[38;5;196m│ [HTTP] <-- ERROR - POST http://gateway.spark-jam.top/gateway/invoke service=tool.people_insight.HomeService method=GetHomeContent\^[[0m
默认	18:13:02.500231+0800	Runner	flutter: \^[[38;5;196m└───────────────────────────────────────────────────────────────────────────────────────────────────\^[[0m
默认	18:13:02.500426+0800	Runner	flutter: \^[[38;5;196m┌───────────────────────────────────────────────────────────────────────────────────────────────────\^[[0m
默认	18:13:02.507898+0800	Runner	flutter: \^[[38;5;196m│ [HTTP] error: The connection errored: Failed host lookup: 'gateway.spark-jam.top' This indicates an error which most likely cannot be solved by the library.\^[[0m
默认	18:13:02.508008+0800	Runner	flutter: \^[[38;5;196m└───────────────────────────────────────────────────────────────────────────────────────────────────\^[[0m
默认	18:13:02.507925+0800	Runner	flutter: \^[[38;5;196m│ [HTTP] error: The connection errored: Failed host lookup: 'gateway.spark-jam.top' This indicates an error which most likely cannot be solved by the library.\^[[0m
默认	18:13:02.508039+0800	Runner	flutter: \^[[38;5;196m└───────────────────────────────────────────────────────────────────────────────────────────────────\^[[0m
默认	18:13:02.521394+0800	Runner	flutter: \^[[38;5;196m┌───────────────────────────────────────────────────────────────────────────────────────────────────\^[[0m
默认	18:13:02.521544+0800	Runner	flutter: \^[[38;5;196m│ [HTTP] <-- ERROR - POST http://gateway.spark-jam.top/gateway/invoke service=tool.identity.IdentityService method=GetMe\^[[0m
默认	18:13:02.521368+0800	Runner	flutter: \^[[38;5;196m┌───────────────────────────────────────────────────────────────────────────────────────────────────\^[[0m
默认	18:13:02.521522+0800	Runner	flutter: \^[[38;5;196m│ [HTTP] <-- ERROR - POST http://gateway.spark-jam.top/gateway/invoke service=tool.identity.IdentityService method=GetMe\^[[0m
默认	18:13:03.207631+0800	Runner	flutter: ┌───────────────────────────────────────────────────────────────────────────────────────────────────
默认	18:13:03.207806+0800	Runner	flutter: │ [HTTP] --> POST http://gateway.spark-jam.top/gateway/invoke service=tool.people_insight.HomeService method=GetHomeContent
默认	18:13:03.207685+0800	Runner	flutter: ┌───────────────────────────────────────────────────────────────────────────────────────────────────
默认	18:13:03.207860+0800	Runner	flutter: │ [HTTP] --> POST http://gateway.spark-jam.top/gateway/invoke service=tool.people_insight.HomeService method=GetHomeContent
默认	18:13:03.207948+0800	Runner	flutter: └───────────────────────────────────────────────────────────────────────────────────────────────────
默认	18:13:03.208029+0800	Runner	flutter: ┌───────────────────────────────────────────────────────────────────────────────────────────────────
默认	18:13:03.208082+0800	Runner	flutter: │ [HTTP] request:
默认	18:13:03.208137+0800	Runner	flutter: │ {
默认	18:13:03.208187+0800	Runner	flutter: │   "comm": {
默认	18:13:03.207922+0800	Runner	flutter: └───────────────────────────────────────────────────────────────────────────────────────────────────
默认	18:13:03.208003+0800	Runner	flutter: ┌───────────────────────────────────────────────────────────────────────────────────────────────────
默认	18:13:03.208055+0800	Runner	flutter: │ [HTTP] request:
默认	18:13:03.208110+0800	Runner	flutter: │ {
默认	18:13:03.208163+0800	Runner	flutter: │   "comm": {
默认	18:13:03.208273+0800	Runner	flutter: │     "auth_token": "anon.dXNlcl8yMWRkOWZhOGMyNGUxZThlNzhhMmMxMjg.e625804a41f4dacdef08ab134555ee7d",
默认	18:13:03.208399+0800	Runner	flutter: │     "user_id": "user_21dd9fa8c24e1e8e78a2c128",
默认	18:13:03.208504+0800	Runner	flutter: │     "device_id": "3685c5ab-6b76-48ed-9308-91b8f7143353",
默认	18:13:03.208553+0800	Runner	flutter: │     "client_request_id": "crid_1784023983199453",
默认	18:13:03.208348+0800	Runner	flutter: │     "auth_token": "anon.dXNlcl8yMWRkOWZhOGMyNGUxZThlNzhhMmMxMjg.e625804a41f4dacdef08ab134555ee7d",
默认	18:13:03.208424+0800	Runner	flutter: │     "user_id": "user_21dd9fa8c24e1e8e78a2c128",
默认	18:13:03.208529+0800	Runner	flutter: │     "device_id": "3685c5ab-6b76-48ed-9308-91b8f7143353",
默认	18:13:03.208682+0800	Runner	flutter: │     "client_request_id": "crid_1784023983199453",
默认	18:13:03.208764+0800	Runner	flutter: │     "platform": "ios",
默认	18:13:03.208812+0800	Runner	flutter: │     "app_version": "1.0.3",
默认	18:13:03.208857+0800	Runner	flutter: │     "locale": "zh-Hans-CN",
默认	18:13:03.208900+0800	Runner	flutter: │     "country": "CN",
默认	18:13:03.208945+0800	Runner	flutter: │     "timezone": "UTC+08:00"
默认	18:13:03.208988+0800	Runner	flutter: │   },
默认	18:13:03.208712+0800	Runner	flutter: │     "platform": "ios",
默认	18:13:03.209033+0800	Runner	flutter: │   "requests": [
默认	18:13:03.208791+0800	Runner	flutter: │     "app_version": "1.0.3",
默认	18:13:03.208834+0800	Runner	flutter: │     "locale": "zh-Hans-CN",
默认	18:13:03.209131+0800	Runner	flutter: │     {
默认	18:13:03.208878+0800	Runner	flutter: │     "country": "CN",
默认	18:13:03.209177+0800	Runner	flutter: │       "id": "req_0",
默认	18:13:03.208924+0800	Runner	flutter: │     "timezone": "UTC+08:00"
默认	18:13:03.208966+0800	Runner	flutter: │   },
默认	18:13:03.209011+0800	Runner	flutter: │   "requests": [
默认	18:13:03.209108+0800	Runner	flutter: │     {
默认	18:13:03.209156+0800	Runner	flutter: │       "id": "req_0",
默认	18:13:03.209199+0800	Runner	flutter: │       "service_name": "tool.people_insight.HomeService",
默认	18:13:03.209337+0800	Runner	flutter: │       "method_name": "GetHomeContent",
默认	18:13:03.209402+0800	Runner	flutter: │       "params": {
默认	18:13:03.209456+0800	Runner	flutter: │         "locale": "zh-Hans-CN"
默认	18:13:03.209502+0800	Runner	flutter: │       }
默认	18:13:03.209549+0800	Runner	flutter: │     }
默认	18:13:03.209594+0800	Runner	flutter: │   ]
默认	18:13:03.209273+0800	Runner	flutter: │       "service_name": "tool.people_insight.HomeService",
默认	18:13:03.209366+0800	Runner	flutter: │       "method_name": "GetHomeContent",
默认	18:13:03.209431+0800	Runner	flutter: │       "params": {
默认	18:13:03.209480+0800	Runner	flutter: │         "locale": "zh-Hans-CN"
默认	18:13:03.209526+0800	Runner	flutter: │       }
默认	18:13:03.209572+0800	Runner	flutter: │     }
默认	18:13:03.209616+0800	Runner	flutter: │   ]
默认	18:13:03.209870+0800	Runner	flutter: │ }
默认	18:13:03.209928+0800	Runner	flutter: └───────────────────────────────────────────────────────────────────────────────────────────────────
默认	18:13:03.209817+0800	Runner	flutter: │ }
默认	18:13:03.209898+0800	Runner	flutter: └───────────────────────────────────────────────────────────────────────────────────────────────────
默认	18:13:03.424746+0800	Runner	flutter: ┌───────────────────────────────────────────────────────────────────────────────────────────────────
默认	18:13:03.424803+0800	Runner	flutter: │ [HTTP] --> POST http://gateway.spark-jam.top/gateway/invoke service=tool.identity.IdentityService method=GetMe
默认	18:13:03.424848+0800	Runner	flutter: └───────────────────────────────────────────────────────────────────────────────────────────────────
默认	18:13:03.425091+0800	Runner	flutter: ┌───────────────────────────────────────────────────────────────────────────────────────────────────
默认	18:13:03.425139+0800	Runner	flutter: │ [HTTP] request:
默认	18:13:03.425184+0800	Runner	flutter: │ {
默认	18:13:03.425239+0800	Runner	flutter: │   "comm": {
默认	18:13:03.424777+0800	Runner	flutter: ┌───────────────────────────────────────────────────────────────────────────────────────────────────
默认	18:13:03.424824+0800	Runner	flutter: │ [HTTP] --> POST http://gateway.spark-jam.top/gateway/invoke service=tool.identity.IdentityService method=GetMe
默认	18:13:03.424880+0800	Runner	flutter: └───────────────────────────────────────────────────────────────────────────────────────────────────
默认	18:13:03.425116+0800	Runner	flutter: ┌───────────────────────────────────────────────────────────────────────────────────────────────────
默认	18:13:03.425162+0800	Runner	flutter: │ [HTTP] request:
默认	18:13:03.425215+0800	Runner	flutter: │ {
默认	18:13:03.425302+0800	Runner	flutter: │   "comm": {
默认	18:13:03.425368+0800	Runner	flutter: │     "auth_token": "anon.dXNlcl8yMWRkOWZhOGMyNGUxZThlNzhhMmMxMjg.e625804a41f4dacdef08ab134555ee7d",
默认	18:13:03.425412+0800	Runner	flutter: │     "user_id": "user_21dd9fa8c24e1e8e78a2c128",
默认	18:13:03.425482+0800	Runner	flutter: │     "device_id": "3685c5ab-6b76-48ed-9308-91b8f7143353",
默认	18:13:03.425548+0800	Runner	flutter: │     "client_request_id": "crid_1784023983421789",
默认	18:13:03.425594+0800	Runner	flutter: │     "platform": "ios",
默认	18:13:03.425637+0800	Runner	flutter: │     "app_version": "1.0.3",
默认	18:13:03.425343+0800	Runner	flutter: │     "auth_token": "anon.dXNlcl8yMWRkOWZhOGMyNGUxZThlNzhhMmMxMjg.e625804a41f4dacdef08ab134555ee7d",
默认	18:13:03.425682+0800	Runner	flutter: │     "locale": "zh-Hans-CN",
默认	18:13:03.425390+0800	Runner	flutter: │     "user_id": "user_21dd9fa8c24e1e8e78a2c128",
默认	18:13:03.425726+0800	Runner	flutter: │     "country": "CN",
默认	18:13:03.425455+0800	Runner	flutter: │     "device_id": "3685c5ab-6b76-48ed-9308-91b8f7143353",
默认	18:13:03.425770+0800	Runner	flutter: │     "timezone": "UTC+08:00"
默认	18:13:03.425522+0800	Runner	flutter: │     "client_request_id": "crid_1784023983421789",
默认	18:13:03.425815+0800	Runner	flutter: │   },
默认	18:13:03.425571+0800	Runner	flutter: │     "platform": "ios",
默认	18:13:03.425858+0800	Runner	flutter: │   "requests": [
默认	18:13:03.425616+0800	Runner	flutter: │     "app_version": "1.0.3",
默认	18:13:03.425904+0800	Runner	flutter: │     {
默认	18:13:03.425659+0800	Runner	flutter: │     "locale": "zh-Hans-CN",
默认	18:13:03.425947+0800	Runner	flutter: │       "id": "req_0",
默认	18:13:03.425704+0800	Runner	flutter: │     "country": "CN",
默认	18:13:03.426088+0800	Runner	flutter: │       "service_name": "tool.identity.IdentityService",
默认	18:13:03.425749+0800	Runner	flutter: │     "timezone": "UTC+08:00"
默认	18:13:03.426157+0800	Runner	flutter: │       "method_name": "GetMe",
默认	18:13:03.425792+0800	Runner	flutter: │   },
默认	18:13:03.425837+0800	Runner	flutter: │   "requests": [
默认	18:13:03.425882+0800	Runner	flutter: │     {
默认	18:13:03.426250+0800	Runner	flutter: │       "params": {}
默认	18:13:03.425925+0800	Runner	flutter: │       "id": "req_0",
默认	18:13:03.426060+0800	Runner	flutter: │       "service_name": "tool.identity.IdentityService",
默认	18:13:03.426127+0800	Runner	flutter: │       "method_name": "GetMe",
默认	18:13:03.426229+0800	Runner	flutter: │       "params": {}
默认	18:13:03.426274+0800	Runner	flutter: │     }
默认	18:13:03.426491+0800	Runner	flutter: │   ]
默认	18:13:03.426583+0800	Runner	flutter: │ }
默认	18:13:03.426687+0800	Runner	flutter: └───────────────────────────────────────────────────────────────────────────────────────────────────
默认	18:13:03.426415+0800	Runner	flutter: │     }
默认	18:13:03.426513+0800	Runner	flutter: │   ]
默认	18:13:03.426613+0800	Runner	flutter: │ }
默认	18:13:03.426712+0800	Runner	flutter: └───────────────────────────────────────────────────────────────────────────────────────────────────
默认	18:13:04.389405+0800	Runner		[Adjust]v: ClientSdk: flutter5.6.2@ios5.6.2
默认	18:13:04.389379+0800	Runner		[Adjust]v: ClientSdk: flutter5.6.2@ios5.6.2
默认	18:13:04.516552+0800	Runner	flutter: ┌───────────────────────────────────────────────────────────────────────────────────────────────────
默认	18:13:04.516654+0800	Runner	flutter: │ [HTTP] <-- 200 POST http://gateway.spark-jam.top/gateway/invoke service=tool.identity.IdentityService method=GetMe
默认	18:13:04.516709+0800	Runner	flutter: └───────────────────────────────────────────────────────────────────────────────────────────────────
默认	18:13:04.516580+0800	Runner	flutter: ┌───────────────────────────────────────────────────────────────────────────────────────────────────
默认	18:13:04.516993+0800	Runner	flutter: ┌───────────────────────────────────────────────────────────────────────────────────────────────────
默认	18:13:04.516680+0800	Runner	flutter: │ [HTTP] <-- 200 POST http://gateway.spark-jam.top/gateway/invoke service=tool.identity.IdentityService method=GetMe
默认	18:13:04.517044+0800	Runner	flutter: │ [HTTP] response:
默认	18:13:04.516731+0800	Runner	flutter: └───────────────────────────────────────────────────────────────────────────────────────────────────
默认	18:13:04.517091+0800	Runner	flutter: │ {
默认	18:13:04.517203+0800	Runner	flutter: │   "code": 0,
默认	18:13:04.517255+0800	Runner	flutter: │   "message": "ok",
默认	18:13:04.517019+0800	Runner	flutter: ┌───────────────────────────────────────────────────────────────────────────────────────────────────
默认	18:13:04.517302+0800	Runner	flutter: │   "request_id": "gw_req_55745529698fb7999310f0ad0a98d07c",
默认	18:13:04.517066+0800	Runner	flutter: │ [HTTP] response:
默认	18:13:04.517122+0800	Runner	flutter: │ {
默认	18:13:04.517349+0800	Runner	flutter: │   "trace_id": "trace_fc6d59a410d50ed0f271d91e3dcd523d",
默认	18:13:04.517230+0800	Runner	flutter: │   "code": 0,
默认	18:13:04.517277+0800	Runner	flutter: │   "message": "ok",
默认	18:13:04.517441+0800	Runner	flutter: │   "responses": [
默认	18:13:04.517326+0800	Runner	flutter: │   "request_id": "gw_req_55745529698fb7999310f0ad0a98d07c",
默认	18:13:04.517486+0800	Runner	flutter: │     {
默认	18:13:04.517370+0800	Runner	flutter: │   "trace_id": "trace_fc6d59a410d50ed0f271d91e3dcd523d",
默认	18:13:04.517579+0800	Runner	flutter: │       "id": "req_0",
默认	18:13:04.517622+0800	Runner	flutter: │       "success": false,
默认	18:13:04.517462+0800	Runner	flutter: │   "responses": [
默认	18:13:04.517668+0800	Runner	flutter: │       "code": 300002,
默认	18:13:04.517507+0800	Runner	flutter: │     {
默认	18:13:04.517713+0800	Runner	flutter: │       "message": "unauthenticated",
默认	18:13:04.517757+0800	Runner	flutter: │       "business_error_code": "UNAUTHENTICATED",
默认	18:13:04.517601+0800	Runner	flutter: │       "id": "req_0",
默认	18:13:04.517644+0800	Runner	flutter: │       "success": false,
默认	18:13:04.517689+0800	Runner	flutter: │       "code": 300002,
默认	18:13:04.517735+0800	Runner	flutter: │       "message": "unauthenticated",
默认	18:13:04.517780+0800	Runner	flutter: │       "business_error_code": "UNAUTHENTICATED",
默认	18:13:04.517872+0800	Runner	flutter: │       "http_status": 401,
默认	18:13:04.517919+0800	Runner	flutter: │       "data": {
默认	18:13:04.517967+0800	Runner	flutter: │         "error_code": "UNAUTHENTICATED"
默认	18:13:04.517848+0800	Runner	flutter: │       "http_status": 401,
默认	18:13:04.518068+0800	Runner	flutter: │       }
默认	18:13:04.517896+0800	Runner	flutter: │       "data": {
默认	18:13:04.518112+0800	Runner	flutter: │     }
默认	18:13:04.517945+0800	Runner	flutter: │         "error_code": "UNAUTHENTICATED"
默认	18:13:04.518157+0800	Runner	flutter: │   ]
默认	18:13:04.518207+0800	Runner	flutter: │ }
默认	18:13:04.518045+0800	Runner	flutter: │       }
默认	18:13:04.518259+0800	Runner	flutter: └───────────────────────────────────────────────────────────────────────────────────────────────────
默认	18:13:04.518090+0800	Runner	flutter: │     }
默认	18:13:04.518136+0800	Runner	flutter: │   ]
默认	18:13:04.518181+0800	Runner	flutter: │ }
默认	18:13:04.518230+0800	Runner	flutter: └───────────────────────────────────────────────────────────────────────────────────────────────────
默认	18:13:04.518639+0800	Runner	flutter: ┌───────────────────────────────────────────────────────────────────────────────────────────────────
默认	18:13:04.518686+0800	Runner	flutter: │ [HTTP] --> POST http://gateway.spark-jam.top/gateway/invoke service=tool.identity.IdentityService method=RefreshSession
默认	18:13:04.518734+0800	Runner	flutter: └───────────────────────────────────────────────────────────────────────────────────────────────────
默认	18:13:04.518615+0800	Runner	flutter: ┌───────────────────────────────────────────────────────────────────────────────────────────────────
默认	18:13:04.518779+0800	Runner	flutter: ┌───────────────────────────────────────────────────────────────────────────────────────────────────
默认	18:13:04.518661+0800	Runner	flutter: │ [HTTP] --> POST http://gateway.spark-jam.top/gateway/invoke service=tool.identity.IdentityService method=RefreshSession
默认	18:13:04.518826+0800	Runner	flutter: │ [HTTP] request:
默认	18:13:04.518712+0800	Runner	flutter: └───────────────────────────────────────────────────────────────────────────────────────────────────
默认	18:13:04.518872+0800	Runner	flutter: │ {
默认	18:13:04.518757+0800	Runner	flutter: ┌───────────────────────────────────────────────────────────────────────────────────────────────────
默认	18:13:04.518802+0800	Runner	flutter: │ [HTTP] request:
默认	18:13:04.518848+0800	Runner	flutter: │ {
默认	18:13:04.518894+0800	Runner	flutter: │   "comm": {
默认	18:13:04.518943+0800	Runner	flutter: │     "device_id": "3685c5ab-6b76-48ed-9308-91b8f7143353",
默认	18:13:04.518994+0800	Runner	flutter: │     "client_request_id": "crid_1784023984515947",
默认	18:13:04.519038+0800	Runner	flutter: │     "platform": "ios",
默认	18:13:04.519083+0800	Runner	flutter: │     "app_version": "1.0.3",
默认	18:13:04.518918+0800	Runner	flutter: │   "comm": {
默认	18:13:04.518965+0800	Runner	flutter: │     "device_id": "3685c5ab-6b76-48ed-9308-91b8f7143353",
默认	18:13:04.519016+0800	Runner	flutter: │     "client_request_id": "crid_1784023984515947",
默认	18:13:04.519061+0800	Runner	flutter: │     "platform": "ios",
默认	18:13:04.519104+0800	Runner	flutter: │     "app_version": "1.0.3",
默认	18:13:04.519154+0800	Runner	flutter: │     "locale": "zh-Hans-CN",
默认	18:13:04.519201+0800	Runner	flutter: │     "country": "CN",
默认	18:13:04.519244+0800	Runner	flutter: │     "timezone": "UTC+08:00"
默认	18:13:04.519290+0800	Runner	flutter: │   },
默认	18:13:04.519339+0800	Runner	flutter: │   "requests": [
默认	18:13:04.519382+0800	Runner	flutter: │     {
默认	18:13:04.519428+0800	Runner	flutter: │       "id": "req_0",
默认	18:13:04.519128+0800	Runner	flutter: │     "locale": "zh-Hans-CN",
默认	18:13:04.519177+0800	Runner	flutter: │     "country": "CN",
默认	18:13:04.519665+0800	Runner	flutter: │       "service_name": "tool.identity.IdentityService",
默认	18:13:04.519223+0800	Runner	flutter: │     "timezone": "UTC+08:00"
默认	18:13:04.519711+0800	Runner	flutter: │       "method_name": "RefreshSession",
默认	18:13:04.519268+0800	Runner	flutter: │   },
默认	18:13:04.519316+0800	Runner	flutter: │   "requests": [
默认	18:13:04.519805+0800	Runner	flutter: │       "params": {
默认	18:13:04.519361+0800	Runner	flutter: │     {
默认	18:13:04.519850+0800	Runner	flutter: │         "refresh_token": "refresh.W3eKNYpzzSAyz7PiM8SO2LzG2_4uIB4cTxIGcX7uolQ"
默认	18:13:04.519406+0800	Runner	flutter: │       "id": "req_0",
默认	18:13:04.519893+0800	Runner	flutter: │       }
默认	18:13:04.519937+0800	Runner	flutter: │     }
默认	18:13:04.519982+0800	Runner	flutter: │   ]
默认	18:13:04.519644+0800	Runner	flutter: │       "service_name": "tool.identity.IdentityService",
默认	18:13:04.520081+0800	Runner	flutter: │ }
默认	18:13:04.519689+0800	Runner	flutter: │       "method_name": "RefreshSession",
默认	18:13:04.520134+0800	Runner	flutter: └───────────────────────────────────────────────────────────────────────────────────────────────────
默认	18:13:04.519783+0800	Runner	flutter: │       "params": {
默认	18:13:04.519828+0800	Runner	flutter: │         "refresh_token": "refresh.W3eKNYpzzSAyz7PiM8SO2LzG2_4uIB4cTxIGcX7uolQ"
默认	18:13:04.519871+0800	Runner	flutter: │       }
默认	18:13:04.519916+0800	Runner	flutter: │     }
默认	18:13:04.519959+0800	Runner	flutter: │   ]
默认	18:13:04.520055+0800	Runner	flutter: │ }
默认	18:13:04.520108+0800	Runner	flutter: └───────────────────────────────────────────────────────────────────────────────────────────────────
默认	18:13:04.548676+0800	Runner	flutter: ┌───────────────────────────────────────────────────────────────────────────────────────────────────
默认	18:13:04.548783+0800	Runner	flutter: │ [HTTP] <-- 200 POST http://gateway.spark-jam.top/gateway/invoke service=tool.people_insight.HomeService method=GetHomeContent
默认	18:13:04.548898+0800	Runner	flutter: └───────────────────────────────────────────────────────────────────────────────────────────────────
默认	18:13:04.548700+0800	Runner	flutter: ┌───────────────────────────────────────────────────────────────────────────────────────────────────
默认	18:13:04.548811+0800	Runner	flutter: │ [HTTP] <-- 200 POST http://gateway.spark-jam.top/gateway/invoke service=tool.people_insight.HomeService method=GetHomeContent
默认	18:13:04.548921+0800	Runner	flutter: └───────────────────────────────────────────────────────────────────────────────────────────────────
默认	18:13:04.551156+0800	Runner	flutter: ┌───────────────────────────────────────────────────────────────────────────────────────────────────
默认	18:13:04.551126+0800	Runner	flutter: ┌───────────────────────────────────────────────────────────────────────────────────────────────────
默认	18:13:04.551179+0800	Runner	flutter: │ [HTTP] response:
默认	18:13:04.551232+0800	Runner	flutter: │ {
默认	18:13:04.551287+0800	Runner	flutter: │   "code": 0,
默认	18:13:04.551333+0800	Runner	flutter: │   "message": "ok",
默认	18:13:04.551378+0800	Runner	flutter: │   "request_id": "gw_req_ffa31493f4185ca9957792e1ffd78175",
默认	18:13:04.551424+0800	Runner	flutter: │   "trace_id": "trace_15c6459070d8eded7f19df7b1cf706bf",
默认	18:13:04.551521+0800	Runner	flutter: │   "responses": [
默认	18:13:04.551208+0800	Runner	flutter: │ [HTTP] response:
默认	18:13:04.551610+0800	Runner	flutter: │     {
默认	18:13:04.551259+0800	Runner	flutter: │ {
默认	18:13:04.551713+0800	Runner	flutter: │       "id": "req_0",
默认	18:13:04.551311+0800	Runner	flutter: │   "code": 0,
默认	18:13:04.551356+0800	Runner	flutter: │   "message": "ok",
默认	18:13:04.551758+0800	Runner	flutter: │       "success": true,
默认	18:13:04.551400+0800	Runner	flutter: │   "request_id": "gw_req_ffa31493f4185ca9957792e1ffd78175",
默认	18:13:04.551808+0800	Runner	flutter: │       "code": 0,
默认	18:13:04.551445+0800	Runner	flutter: │   "trace_id": "trace_15c6459070d8eded7f19df7b1cf706bf",
默认	18:13:04.551851+0800	Runner	flutter: │       "message": "ok",
默认	18:13:04.551542+0800	Runner	flutter: │   "responses": [
默认	18:13:04.551632+0800	Runner	flutter: │     {
默认	18:13:04.551736+0800	Runner	flutter: │       "id": "req_0",
默认	18:13:04.551784+0800	Runner	flutter: │       "success": true,
默认	18:13:04.551829+0800	Runner	flutter: │       "code": 0,
默认	18:13:04.551872+0800	Runner	flutter: │       "message": "ok",
默认	18:13:04.551970+0800	Runner	flutter: │       "data": {
默认	18:13:04.552015+0800	Runner	flutter: │         "cache_ttl_seconds": 10,
默认	18:13:04.552114+0800	Runner	flutter: │         "content_version": "home_feishu_celebrity_cases_20260710_v1",
默认	18:13:04.552158+0800	Runner	flutter: │         "search_examples": [
默认	18:13:04.551949+0800	Runner	flutter: │       "data": {
默认	18:13:04.551992+0800	Runner	flutter: │         "cache_ttl_seconds": 10,
默认	18:13:04.552084+0800	Runner	flutter: │         "content_version": "home_feishu_celebrity_cases_20260710_v1",
默认	18:13:04.552136+0800	Runner	flutter: │         "search_examples": [
默认	18:13:04.552257+0800	Runner	flutter: │           {
默认	18:13:04.552305+0800	Runner	flutter: │             "action": {
默认	18:13:04.552350+0800	Runner	flutter: │               "sample_case_id": "sample_case_taylor_swift",
默认	18:13:04.552407+0800	Runner	flutter: │               "type": "OPEN_SAMPLE_DETAIL"
默认	18:13:04.552450+0800	Runner	flutter: │             },
默认	18:13:04.552494+0800	Runner	flutter: │             "clue_types": [
默认	18:13:04.552280+0800	Runner	flutter: │           {
默认	18:13:04.552550+0800	Runner	flutter: │               "FULL_NAME",
默认	18:13:04.552328+0800	Runner	flutter: │             "action": {
默认	18:13:04.552592+0800	Runner	flutter: │               "LOCATION",
默认	18:13:04.552372+0800	Runner	flutter: │               "sample_case_id": "sample_case_taylor_swift",
默认	18:13:04.552638+0800	Runner	flutter: │               "SOCIAL_LINK",
默认	18:13:04.552428+0800	Runner	flutter: │               "type": "OPEN_SAMPLE_DETAIL"
默认	18:13:04.552685+0800	Runner	flutter: │               "SOCIAL_LINK",
默认	18:13:04.552472+0800	Runner	flutter: │             },
默认	18:13:04.552728+0800	Runner	flutter: │               "SOCIAL_LINK",
默认	18:13:04.552515+0800	Runner	flutter: │             "clue_types": [
默认	18:13:04.552772+0800	Runner	flutter: │               "SOCIAL_LINK",
默认	18:13:04.552571+0800	Runner	flutter: │               "FULL_NAME",
默认	18:13:04.552815+0800	Runner	flutter: │               "PHOTO"
默认	18:13:04.552614+0800	Runner	flutter: │               "LOCATION",
默认	18:13:04.552860+0800	Runner	flutter: │             ],
默认	18:13:04.552902+0800	Runner	flutter: │             "example_id": "example_taylor_swift",
默认	18:13:04.552659+0800	Runner	flutter: │               "SOCIAL_LINK",
默认	18:13:04.552707+0800	Runner	flutter: │               "SOCIAL_LINK",
默认	18:13:04.552952+0800	Runner	flutter: │             "requires_auth": true,
默认	18:13:04.552997+0800	Runner	flutter: │             "requires_entitlement": true,
默认	18:13:04.552751+0800	Runner	flutter: │               "SOCIAL_LINK",
默认	18:13:04.553046+0800	Runner	flutter: │             "sample_case_id": "sample_case_taylor_swift",
默认	18:13:04.552793+0800	Runner	flutter: │               "SOCIAL_LINK",
默认	18:13:04.552836+0800	Runner	flutter: │               "PHOTO"
默认	18:13:04.553091+0800	Runner	flutter: │             "sample_input": {
默认	18:13:04.552881+0800	Runner	flutter: │             ],
默认	18:13:04.552928+0800	Runner	flutter: │             "example_id": "example_taylor_swift",
默认	18:13:04.552973+0800	Runner	flutter: │             "requires_auth": true,
默认	18:13:04.553024+0800	Runner	flutter: │             "requires_entitlement": true,
默认	18:13:04.553067+0800	Runner	flutter: │             "sample_case_id": "sample_case_taylor_swift",
默认	18:13:04.553112+0800	Runner	flutter: │             "sample_input": {
默认	18:13:04.553164+0800	Runner	flutter: │               "additional_details": [
默认	18:13:04.553208+0800	Runner	flutter: │                 {
默认	18:13:04.553251+0800	Runner	flutter: │                   "type": "PROFESSION",
默认	18:13:04.553294+0800	Runner	flutter: │                   "value": "Singer-songwriter · Producer"
默认	18:13:04.553339+0800	Runner	flutter: │                 },
默认	18:13:04.553390+0800	Runner	flutter: │                 {
默认	18:13:04.553433+0800	Runner	flutter: │                   "type": "OTHER",
默认	18:13:04.553139+0800	Runner	flutter: │               "additional_details": [
默认	18:13:04.553185+0800	Runner	flutter: │                 {
默认	18:13:04.553230+0800	Runner	flutter: │                   "type": "PROFESSION",
默认	18:13:04.553273+0800	Runner	flutter: │                   "value": "Singer-songwriter · Producer"
默认	18:13:04.553317+0800	Runner	flutter: │                 },
默认	18:13:04.553368+0800	Runner	flutter: │                 {
默认	18:13:04.553411+0800	Runner	flutter: │                   "type": "OTHER",
默认	18:13:04.553457+0800	Runner	flutter: │                   "value": "Full Name: Taylor Alison Swift"
默认	18:13:04.553502+0800	Runner	flutter: │                 },
默认	18:13:04.553549+0800	Runner	flutter: │                 {
默认	18:13:04.553599+0800	Runner	flutter: │                   "type": "OTHER",
默认	18:13:04.553642+0800	Runner	flutter: │                   "value": "Birth Date: 1989/12/13"
默认	18:13:04.553685+0800	Runner	flutter: │                 },
默认	18:13:04.553478+0800	Runner	flutter: │                   "value": "Full Name: Taylor Alison Swift"
默认	18:13:04.553734+0800	Runner	flutter: │                 {
默认	18:13:04.553524+0800	Runner	flutter: │                 },
默认	18:13:04.553791+0800	Runner	flutter: │                   "type": "OTHER",
默认	18:13:04.553576+0800	Runner	flutter: │                 {
默认	18:13:04.553841+0800	Runner	flutter: │                   "value": "Birthplace: Reading, Pennsylvania, USA"
默认	18:13:04.553621+0800	Runner	flutter: │                   "type": "OTHER",
默认	18:13:04.553891+0800	Runner	flutter: │                 },
默认	18:13:04.553664+0800	Runner	flutter: │                   "value": "Birth Date: 1989/12/13"
默认	18:13:04.553710+0800	Runner	flutter: │                 },
默认	18:13:04.553939+0800	Runner	flutter: │                 {
默认	18:13:04.553982+0800	Runner	flutter: │                   "type": "OTHER",
默认	18:13:04.553755+0800	Runner	flutter: │                 {
默认	18:13:04.553817+0800	Runner	flutter: │                   "type": "OTHER",
默认	18:13:04.554030+0800	Runner	flutter: │                   "value": "Nationality: American"
默认	18:13:04.554075+0800	Runner	flutter: │                 },
默认	18:13:04.553869+0800	Runner	flutter: │                   "value": "Birthplace: Reading, Pennsylvania, USA"
默认	18:13:04.554117+0800	Runner	flutter: │                 {
默认	18:13:04.553914+0800	Runner	flutter: │                 },
默认	18:13:04.553960+0800	Runner	flutter: │                 {
默认	18:13:04.554162+0800	Runner	flutter: │                   "type": "OTHER",
默认	18:13:04.554003+0800	Runner	flutter: │                   "type": "OTHER",
默认	18:13:04.554207+0800	Runner	flutter: │                   "value": "Genres: Pop · Country · Folk · Alternative"
默认	18:13:04.554053+0800	Runner	flutter: │                   "value": "Nationality: American"
默认	18:13:04.554250+0800	Runner	flutter: │                 },
默认	18:13:04.554095+0800	Runner	flutter: │                 },
默认	18:13:04.554294+0800	Runner	flutter: │                 {
默认	18:13:04.554141+0800	Runner	flutter: │                 {
默认	18:13:04.554337+0800	Runner	flutter: │                   "type": "OTHER",
默认	18:13:04.554184+0800	Runner	flutter: │                   "type": "OTHER",
默认	18:13:04.554382+0800	Runner	flutter: │                   "value": "Major Albums: Fearless · 1989 · Folklore · Midnights · The Tortured Poets Department"
默认	18:13:04.554228+0800	Runner	flutter: │                   "value": "Genres: Pop · Country · Folk · Alternative"
默认	18:13:04.554431+0800	Runner	flutter: │                 },
默认	18:13:04.554271+0800	Runner	flutter: │                 },
默认	18:13:04.554476+0800	Runner	flutter: │                 {
默认	18:13:04.554316+0800	Runner	flutter: │                 {
默认	18:13:04.554522+0800	Runner	flutter: │                   "type": "OTHER",
默认	18:13:04.554359+0800	Runner	flutter: │                   "type": "OTHER",
默认	18:13:04.554578+0800	Runner	flutter: │                   "value": "Major Awards: 14 Grammy Awards (as of 2025)"
默认	18:13:04.554621+0800	Runner	flutter: │                 },
默认	18:13:04.554408+0800	Runner	flutter: │                   "value": "Major Albums: Fearless · 1989 · Folklore · Midnights · The Tortured Poets Department"
默认	18:13:04.554455+0800	Runner	flutter: │                 },
默认	18:13:04.554666+0800	Runner	flutter: │                 {
默认	18:13:04.554498+0800	Runner	flutter: │                 {
默认	18:13:04.554543+0800	Runner	flutter: │                   "type": "OTHER",
默认	18:13:04.554600+0800	Runner	flutter: │                   "value": "Major Awards: 14 Grammy Awards (as of 2025)"
默认	18:13:04.554644+0800	Runner	flutter: │                 },
默认	18:13:04.554687+0800	Runner	flutter: │                 {
默认	18:13:04.554733+0800	Runner	flutter: │                   "type": "OTHER",
默认	18:13:04.554785+0800	Runner	flutter: │                   "value": "Key Record: First artist to win the Grammy Award for Album of the Year four times"
默认	18:13:04.554831+0800	Runner	flutter: │                 }
默认	18:13:04.554903+0800	Runner	flutter: │               ],
默认	18:13:04.554711+0800	Runner	flutter: │                   "type": "OTHER",
默认	18:13:04.554757+0800	Runner	flutter: │                   "value": "Key Record: First artist to win the Grammy Award for Album of the Year four times"
默认	18:13:04.554809+0800	Runner	flutter: │                 }
默认	18:13:04.554872+0800	Runner	flutter: │               ],
默认	18:13:04.554953+0800	Runner	flutter: │               "clues": [
默认	18:13:04.555006+0800	Runner	flutter: │                 {
默认	18:13:04.555053+0800	Runner	flutter: │                   "full_name_query": {
默认	18:13:04.555099+0800	Runner	flutter: │                     "city": "",
默认	18:13:04.555144+0800	Runner	flutter: │                     "country": "US",
默认	18:13:04.555188+0800	Runner	flutter: │                     "extra_hint": "Singer · Songwriter · Entrepreneur",
默认	18:13:04.555233+0800	Runner	flutter: │                     "full_name": "Taylor Swift"
默认	18:13:04.555277+0800	Runner	flutter: │                   },
默认	18:13:04.555320+0800	Runner	flutter: │                   "type": "FULL_NAME"
默认	18:13:04.554980+0800	Runner	flutter: │               "clues": [
默认	18:13:04.555366+0800	Runner	flutter: │                 },
默认	18:13:04.555031+0800	Runner	flutter: │                 {
默认	18:13:04.555077+0800	Runner	flutter: │                   "full_name_query": {
默认	18:13:04.555121+0800	Runner	flutter: │                     "city": "",
默认	18:13:04.555166+0800	Runner	flutter: │                     "country": "US",
默认	18:13:04.555700+0800	Runner	flutter: │                 {
默认	18:13:04.555210+0800	Runner	flutter: │                     "extra_hint": "Singer · Songwriter · Entrepreneur",
默认	18:13:04.555746+0800	Runner	flutter: │                   "location_query": {
默认	18:13:04.555254+0800	Runner	flutter: │                     "full_name": "Taylor Swift"
默认	18:13:04.555790+0800	Runner	flutter: │                     "address_components": null,
默认	18:13:04.555299+0800	Runner	flutter: │                   },
默认	18:13:04.555835+0800	Runner	flutter: │                     "address_types": null,
默认	18:13:04.555344+0800	Runner	flutter: │                   "type": "FULL_NAME"
默认	18:13:04.555387+0800	Runner	flutter: │                 },
默认	18:13:04.555963+0800	Runner	flutter: │                     "formatted_address": "Nashville · New York City · Los Angeles",
默认	18:13:04.556013+0800	Runner	flutter: │                     "location": "Nashville · New York City · Los Angeles",
默认	18:13:04.556104+0800	Runner	flutter: │                     "place_id": "",
默认	18:13:04.555721+0800	Runner	flutter: │                 {
默认	18:13:04.556199+0800	Runner	flutter: │                     "source": "sample"
默认	18:13:04.555768+0800	Runner	flutter: │                   "location_query": {
默认	18:13:04.555813+0800	Runner	flutter: │                     "address_components": null,
默认	18:13:04.556288+0800	Runner	flutter: │                   },
默认	18:13:04.555856+0800	Runner	flutter: │                     "address_types": null,
默认	18:13:04.556380+0800	Runner	flutter: │                   "type": "LOCATION"
默认	18:13:04.555989+0800	Runner	flutter: │                     "formatted_address": "Nashville · New York City · Los Angeles",
默认	18:13:04.556423+0800	Runner	flutter: │                 },
默认	18:13:04.556035+0800	Runner	flutter: │                     "location": "Nashville · New York City · Los Angeles",
默认	18:13:04.556468+0800	Runner	flutter: │                 {
默认	18:13:04.556128+0800	Runner	flutter: │                     "place_id": "",
默认	18:13:04.556221+0800	Runner	flutter: │                     "source": "sample"
默认	18:13:04.556310+0800	Runner	flutter: │                   },
默认	18:13:04.556401+0800	Runner	flutter: │                   "type": "LOCATION"
默认	18:13:04.556446+0800	Runner	flutter: │                 },
默认	18:13:04.556489+0800	Runner	flutter: │                 {
默认	18:13:04.556536+0800	Runner	flutter: │                   "social_link_query": {
默认	18:13:04.556582+0800	Runner	flutter: │                     "platform_hint": "instagram",
默认	18:13:04.556627+0800	Runner	flutter: │                     "url": "https://www.instagram.com/taylorswift/"
默认	18:13:04.556674+0800	Runner	flutter: │                   },
默认	18:13:04.556513+0800	Runner	flutter: │                   "social_link_query": {
默认	18:13:04.556560+0800	Runner	flutter: │                     "platform_hint": "instagram",
默认	18:13:04.556606+0800	Runner	flutter: │                     "url": "https://www.instagram.com/taylorswift/"
默认	18:13:04.556652+0800	Runner	flutter: │                   },
默认	18:13:04.556750+0800	Runner	flutter: │                   "type": "SOCIAL_LINK"
默认	18:13:04.556803+0800	Runner	flutter: │                 },
默认	18:13:04.556854+0800	Runner	flutter: │                 {
默认	18:13:04.556900+0800	Runner	flutter: │                   "social_link_query": {
默认	18:13:04.556943+0800	Runner	flutter: │                     "platform_hint": "x",
默认	18:13:04.556993+0800	Runner	flutter: │                     "url": "https://x.com/taylorswift13"
默认	18:13:04.557037+0800	Runner	flutter: │                   },
默认	18:13:04.557142+0800	Runner	flutter: │                   "type": "SOCIAL_LINK"
默认	18:13:04.557193+0800	Runner	flutter: │                 },
默认	18:13:04.557238+0800	Runner	flutter: │                 {
默认	18:13:04.556778+0800	Runner	flutter: │                   "type": "SOCIAL_LINK"
默认	18:13:04.556826+0800	Runner	flutter: │                 },
默认	18:13:04.557341+0800	Runner	flutter: │                   "social_link_query": {
默认	18:13:04.556876+0800	Runner	flutter: │                 {
默认	18:13:04.556921+0800	Runner	flutter: │                   "social_link_query": {
默认	18:13:04.557385+0800	Runner	flutter: │                     "platform_hint": "facebook",
默认	18:13:04.557430+0800	Runner	flutter: │                     "url": "https://www.facebook.com/TaylorSwift/"
默认	18:13:04.556971+0800	Runner	flutter: │                     "platform_hint": "x",
默认	18:13:04.557477+0800	Runner	flutter: │                   },
默认	18:13:04.557013+0800	Runner	flutter: │                     "url": "https://x.com/taylorswift13"
默认	18:13:04.557058+0800	Runner	flutter: │                   },
默认	18:13:04.557571+0800	Runner	flutter: │                   "type": "SOCIAL_LINK"
默认	18:13:04.557171+0800	Runner	flutter: │                   "type": "SOCIAL_LINK"
默认	18:13:04.557215+0800	Runner	flutter: │                 },
默认	18:13:04.557666+0800	Runner	flutter: │                 },
默认	18:13:04.557260+0800	Runner	flutter: │                 {
默认	18:13:04.557763+0800	Runner	flutter: │                 {
默认	18:13:04.557363+0800	Runner	flutter: │                   "social_link_query": {
默认	18:13:04.557806+0800	Runner	flutter: │                   "social_link_query": {
默认	18:13:04.557408+0800	Runner	flutter: │                     "platform_hint": "facebook",
默认	18:13:04.557900+0800	Runner	flutter: │                     "platform_hint": "youtube",
默认	18:13:04.557451+0800	Runner	flutter: │                     "url": "https://www.facebook.com/TaylorSwift/"
默认	18:13:04.557498+0800	Runner	flutter: │                   },
默认	18:13:04.558006+0800	Runner	flutter: │                     "url": "https://www.youtube.com/channel/UCqECaJ8Gagnn7YCbPEzWH6g"
默认	18:13:04.557594+0800	Runner	flutter: │                   "type": "SOCIAL_LINK"
默认	18:13:04.558120+0800	Runner	flutter: │                   },
默认	18:13:04.557691+0800	Runner	flutter: │                 },
默认	18:13:04.558216+0800	Runner	flutter: │                   "type": "SOCIAL_LINK"
默认	18:13:04.557785+0800	Runner	flutter: │                 {
默认	18:13:04.557827+0800	Runner	flutter: │                   "social_link_query": {
默认	18:13:04.557921+0800	Runner	flutter: │                     "platform_hint": "youtube",
默认	18:13:04.558042+0800	Runner	flutter: │                     "url": "https://www.youtube.com/channel/UCqECaJ8Gagnn7YCbPEzWH6g"
默认	18:13:04.558141+0800	Runner	flutter: │                   },
默认	18:13:04.558237+0800	Runner	flutter: │                   "type": "SOCIAL_LINK"
默认	18:13:04.558423+0800	Runner	flutter: │                 },
默认	18:13:04.558526+0800	Runner	flutter: │                 {
默认	18:13:04.558401+0800	Runner	flutter: │                 },
默认	18:13:04.558501+0800	Runner	flutter: │                 {
默认	18:13:04.558711+0800	Runner	flutter: │                   "photo_query": {
默认	18:13:04.558762+0800	Runner	flutter: │                     "media_asset_id": "media_sample_taylor_swift_face_1",
默认	18:13:04.558870+0800	Runner	flutter: │                     "photo_type_hint": "face"
默认	18:13:04.558968+0800	Runner	flutter: │                   },
默认	18:13:04.559011+0800	Runner	flutter: │                   "type": "PHOTO"
默认	18:13:04.559108+0800	Runner	flutter: │                 }
默认	18:13:04.559153+0800	Runner	flutter: │               ],
默认	18:13:04.559197+0800	Runner	flutter: │               "is_demo": true,
默认	18:13:04.559242+0800	Runner	flutter: │               "match_strategy": "UNION"
默认	18:13:04.559286+0800	Runner	flutter: │             },
默认	18:13:04.559330+0800	Runner	flutter: │             "sort_order": 10,
默认	18:13:04.558737+0800	Runner	flutter: │                   "photo_query": {
默认	18:13:04.559376+0800	Runner	flutter: │             "subtitle": "Singer, songwriter, entrepreneur, public social profiles, and career highlights sample.",
默认	18:13:04.558790+0800	Runner	flutter: │                     "media_asset_id": "media_sample_taylor_swift_face_1",
默认	18:13:04.559422+0800	Runner	flutter: │             "thumbnail_url": "https://tool-srv-people-insight-1349591044.cos.na-siliconvalley.myqcloud.com/static/home/sample-thumbnails/taylor-swift.jpg",
默认	18:13:04.558891+0800	Runner	flutter: │                     "photo_type_hint": "face"
默认	18:13:04.559473+0800	Runner	flutter: │             "title": "Taylor Swift"
默认	18:13:04.559516+0800	Runner	flutter: │           },
默认	18:13:04.558990+0800	Runner	flutter: │                   },
默认	18:13:04.559561+0800	Runner	flutter: │           {
默认	18:13:04.559034+0800	Runner	flutter: │                   "type": "PHOTO"
默认	18:13:04.559604+0800	Runner	flutter: │             "action": {
默认	18:13:04.559648+0800	Runner	flutter: │               "sample_case_id": "sample_case_beyonce",
默认	18:13:04.559129+0800	Runner	flutter: │                 }
默认	18:13:04.559693+0800	Runner	flutter: │               "type": "OPEN_SAMPLE_DETAIL"
默认	18:13:04.559175+0800	Runner	flutter: │               ],
默认	18:13:04.559736+0800	Runner	flutter: │             },
默认	18:13:04.559220+0800	Runner	flutter: │               "is_demo": true,
默认	18:13:04.559781+0800	Runner	flutter: │             "clue_types": [
默认	18:13:04.559263+0800	Runner	flutter: │               "match_strategy": "UNION"
默认	18:13:04.559824+0800	Runner	flutter: │               "FULL_NAME",
默认	18:13:04.559308+0800	Runner	flutter: │             },
默认	18:13:04.559868+0800	Runner	flutter: │               "LOCATION",
默认	18:13:04.559353+0800	Runner	flutter: │             "sort_order": 10,
默认	18:13:04.559912+0800	Runner	flutter: │               "SOCIAL_LINK",
默认	18:13:04.559398+0800	Runner	flutter: │             "subtitle": "Singer, songwriter, entrepreneur, public social profiles, and career highlights sample.",
默认	18:13:04.559957+0800	Runner	flutter: │               "SOCIAL_LINK",
默认	18:13:04.559449+0800	Runner	flutter: │             "thumbnail_url": "https://tool-srv-people-insight-1349591044.cos.na-siliconvalley.myqcloud.com/static/home/sample-thumbnails/taylor-swift.jpg",
默认	18:13:04.560049+0800	Runner	flutter: │               "SOCIAL_LINK",
默认	18:13:04.559494+0800	Runner	flutter: │             "title": "Taylor Swift"
默认	18:13:04.560092+0800	Runner	flutter: │               "SOCIAL_LINK",
默认	18:13:04.559539+0800	Runner	flutter: │           },
默认	18:13:04.560137+0800	Runner	flutter: │               "PHOTO"
默认	18:13:04.559582+0800	Runner	flutter: │           {
默认	18:13:04.559627+0800	Runner	flutter: │             "action": {
默认	18:13:04.559669+0800	Runner	flutter: │               "sample_case_id": "sample_case_beyonce",
默认	18:13:04.559714+0800	Runner	flutter: │               "type": "OPEN_SAMPLE_DETAIL"
默认	18:13:04.559758+0800	Runner	flutter: │             },
默认	18:13:04.559803+0800	Runner	flutter: │             "clue_types": [
默认	18:13:04.559845+0800	Runner	flutter: │               "FULL_NAME",
默认	18:13:04.559890+0800	Runner	flutter: │               "LOCATION",
默认	18:13:04.559933+0800	Runner	flutter: │               "SOCIAL_LINK",
默认	18:13:04.559978+0800	Runner	flutter: │               "SOCIAL_LINK",
默认	18:13:04.560070+0800	Runner	flutter: │               "SOCIAL_LINK",
默认	18:13:04.560115+0800	Runner	flutter: │               "SOCIAL_LINK",
默认	18:13:04.560159+0800	Runner	flutter: │               "PHOTO"
默认	18:13:04.560340+0800	Runner	flutter: │             ],
默认	18:13:04.560389+0800	Runner	flutter: │             "example_id": "example_beyonce",
默认	18:13:04.560493+0800	Runner	flutter: │             "requires_auth": true,
默认	18:13:04.560316+0800	Runner	flutter: │             ],
默认	18:13:04.560365+0800	Runner	flutter: │             "example_id": "example_beyonce",
默认	18:13:04.560471+0800	Runner	flutter: │             "requires_auth": true,
默认	18:13:04.560544+0800	Runner	flutter: │             "requires_entitlement": true,
默认	18:13:04.560719+0800	Runner	flutter: │             "sample_case_id": "sample_case_beyonce",
默认	18:13:04.560767+0800	Runner	flutter: │             "sample_input": {
默认	18:13:04.560878+0800	Runner	flutter: │               "additional_details": [
默认	18:13:04.560923+0800	Runner	flutter: │                 {
默认	18:13:04.560967+0800	Runner	flutter: │                   "type": "PROFESSION",
默认	18:13:04.561074+0800	Runner	flutter: │                   "value": "Singer · Songwriter · Producer · Entrepreneur"
默认	18:13:04.561172+0800	Runner	flutter: │                 },
默认	18:13:04.560566+0800	Runner	flutter: │             "requires_entitlement": true,
默认	18:13:04.561218+0800	Runner	flutter: │                 {
默认	18:13:04.560743+0800	Runner	flutter: │             "sample_case_id": "sample_case_beyonce",
默认	18:13:04.561317+0800	Runner	flutter: │                   "type": "EMPLOYER",
默认	18:13:04.560791+0800	Runner	flutter: │             "sample_input": {
默认	18:13:04.561425+0800	Runner	flutter: │                   "value": "Parkwood Entertainment · Ivy Park · Cécred"
默认	18:13:04.560900+0800	Runner	flutter: │               "additional_details": [
默认	18:13:04.561470+0800	Runner	flutter: │                 },
默认	18:13:04.561515+0800	Runner	flutter: │                 {
默认	18:13:04.560945+0800	Runner	flutter: │                 {
默认	18:13:04.561558+0800	Runner	flutter: │                   "type": "OTHER",
默认	18:13:04.560988+0800	Runner	flutter: │                   "type": "PROFESSION",
默认	18:13:04.561603+0800	Runner	flutter: │                   "value": "Full Name: Beyoncé Giselle Knowles-Carter"
默认	18:13:04.561095+0800	Runner	flutter: │                   "value": "Singer · Songwriter · Producer · Entrepreneur"
默认	18:13:04.561646+0800	Runner	flutter: │                 },
默认	18:13:04.561691+0800	Runner	flutter: │                 {
默认	18:13:04.561194+0800	Runner	flutter: │                 },
默认	18:13:04.561734+0800	Runner	flutter: │                   "type": "OTHER",
默认	18:13:04.561240+0800	Runner	flutter: │                 {
默认	18:13:04.561779+0800	Runner	flutter: │                   "value": "Birth Date: 1981/9/4"
默认	18:13:04.561340+0800	Runner	flutter: │                   "type": "EMPLOYER",
默认	18:13:04.561908+0800	Runner	flutter: │                 },
默认	18:13:04.561953+0800	Runner	flutter: │                 {
默认	18:13:04.561448+0800	Runner	flutter: │                   "value": "Parkwood Entertainment · Ivy Park · Cécred"
默认	18:13:04.561997+0800	Runner	flutter: │                   "type": "OTHER",
默认	18:13:04.561491+0800	Runner	flutter: │                 },
默认	18:13:04.561536+0800	Runner	flutter: │                 {
默认	18:13:04.562042+0800	Runner	flutter: │                   "value": "Birthplace: Houston, Texas, USA"
默认	18:13:04.562088+0800	Runner	flutter: │                 },
默认	18:13:04.561580+0800	Runner	flutter: │                   "type": "OTHER",
默认	18:13:04.561625+0800	Runner	flutter: │                   "value": "Full Name: Beyoncé Giselle Knowles-Carter"
默认	18:13:04.562185+0800	Runner	flutter: │                 {
默认	18:13:04.561669+0800	Runner	flutter: │                 },
默认	18:13:04.561712+0800	Runner	flutter: │                 {
默认	18:13:04.561757+0800	Runner	flutter: │                   "type": "OTHER",
默认	18:13:04.561800+0800	Runner	flutter: │                   "value": "Birth Date: 1981/9/4"
默认	18:13:04.561929+0800	Runner	flutter: │                 },
默认	18:13:04.561975+0800	Runner	flutter: │                 {
默认	18:13:04.562020+0800	Runner	flutter: │                   "type": "OTHER",
默认	18:13:04.562064+0800	Runner	flutter: │                   "value": "Birthplace: Houston, Texas, USA"
默认	18:13:04.562110+0800	Runner	flutter: │                 },
默认	18:13:04.562237+0800	Runner	flutter: │                 {
默认	18:13:04.562284+0800	Runner	flutter: │                   "type": "OTHER",
默认	18:13:04.562330+0800	Runner	flutter: │                   "value": "Nationality: American"
默认	18:13:04.562376+0800	Runner	flutter: │                 },
默认	18:13:04.562422+0800	Runner	flutter: │                 {
默认	18:13:04.562467+0800	Runner	flutter: │                   "type": "OTHER",
默认	18:13:04.562263+0800	Runner	flutter: │                   "type": "OTHER",
默认	18:13:04.562308+0800	Runner	flutter: │                   "value": "Nationality: American"
默认	18:13:04.562351+0800	Runner	flutter: │                 },
默认	18:13:04.562398+0800	Runner	flutter: │                 {
默认	18:13:04.562444+0800	Runner	flutter: │                   "type": "OTHER",
默认	18:13:04.562510+0800	Runner	flutter: │                   "value": "Early Career: Lead Vocalist of Destiny’s Child"
默认	18:13:04.562561+0800	Runner	flutter: │                 },
默认	18:13:04.562644+0800	Runner	flutter: │                 {
默认	18:13:04.562690+0800	Runner	flutter: │                   "type": "OTHER",
默认	18:13:04.562738+0800	Runner	flutter: │                   "value": "Major Albums: Dangerously in Love · Lemonade · Renaissance · Cowboy Carter"
默认	18:13:04.562784+0800	Runner	flutter: │                 },
默认	18:13:04.562829+0800	Runner	flutter: │                 {
默认	18:13:04.562875+0800	Runner	flutter: │                   "type": "OTHER",
默认	18:13:04.562920+0800	Runner	flutter: │                   "value": "Major Awards: 35 Grammy Awards (as of 2025)"
默认	18:13:04.563025+0800	Runner	flutter: │                 },
默认	18:13:04.562536+0800	Runner	flutter: │                   "value": "Early Career: Lead Vocalist of Destiny’s Child"
默认	18:13:04.563071+0800	Runner	flutter: │                 {
默认	18:13:04.562618+0800	Runner	flutter: │                 },
默认	18:13:04.563122+0800	Runner	flutter: │                   "type": "OTHER",
默认	18:13:04.563168+0800	Runner	flutter: │                   "value": "Key Record: Artist with the most Grammy Awards in history"
默认	18:13:04.562666+0800	Runner	flutter: │                 {
默认	18:13:04.562714+0800	Runner	flutter: │                   "type": "OTHER",
默认	18:13:04.563211+0800	Runner	flutter: │                 }
默认	18:13:04.563256+0800	Runner	flutter: │               ],
默认	18:13:04.562762+0800	Runner	flutter: │                   "value": "Major Albums: Dangerously in Love · Lemonade · Renaissance · Cowboy Carter"
默认	18:13:04.562807+0800	Runner	flutter: │                 },
默认	18:13:04.563301+0800	Runner	flutter: │               "clues": [
默认	18:13:04.562851+0800	Runner	flutter: │                 {
默认	18:13:04.563395+0800	Runner	flutter: │                 {
默认	18:13:04.562896+0800	Runner	flutter: │                   "type": "OTHER",
默认	18:13:04.563440+0800	Runner	flutter: │                   "full_name_query": {
默认	18:13:04.562941+0800	Runner	flutter: │                   "value": "Major Awards: 35 Grammy Awards (as of 2025)"
默认	18:13:04.563049+0800	Runner	flutter: │                 },
默认	18:13:04.563541+0800	Runner	flutter: │                     "city": "",
默认	18:13:04.563095+0800	Runner	flutter: │                 {
默认	18:13:04.563585+0800	Runner	flutter: │                     "country": "US",
默认	18:13:04.563144+0800	Runner	flutter: │                   "type": "OTHER",
默认	18:13:04.563695+0800	Runner	flutter: │                     "extra_hint": "Singer · Songwriter · Producer · Entrepreneur",
默认	18:13:04.563189+0800	Runner	flutter: │                   "value": "Key Record: Artist with the most Grammy Awards in history"
默认	18:13:04.563741+0800	Runner	flutter: │                     "full_name": "Beyoncé"
默认	18:13:04.563234+0800	Runner	flutter: │                 }
默认	18:13:04.563278+0800	Runner	flutter: │               ],
默认	18:13:04.563838+0800	Runner	flutter: │                   },
默认	18:13:04.563323+0800	Runner	flutter: │               "clues": [
默认	18:13:04.563937+0800	Runner	flutter: │                   "type": "FULL_NAME"
默认	18:13:04.563416+0800	Runner	flutter: │                 {
默认	18:13:04.563462+0800	Runner	flutter: │                   "full_name_query": {
默认	18:13:04.563982+0800	Runner	flutter: │                 },
默认	18:13:04.563564+0800	Runner	flutter: │                     "city": "",
默认	18:13:04.563607+0800	Runner	flutter: │                     "country": "US",
默认	18:13:04.563718+0800	Runner	flutter: │                     "extra_hint": "Singer · Songwriter · Producer · Entrepreneur",
默认	18:13:04.563764+0800	Runner	flutter: │                     "full_name": "Beyoncé"
默认	18:13:04.563860+0800	Runner	flutter: │                   },
默认	18:13:04.563960+0800	Runner	flutter: │                   "type": "FULL_NAME"
默认	18:13:04.564003+0800	Runner	flutter: │                 },
默认	18:13:04.564138+0800	Runner	flutter: │                 {
默认	18:13:04.564182+0800	Runner	flutter: │                   "location_query": {
默认	18:13:04.564331+0800	Runner	flutter: │                     "address_components": null,
默认	18:13:04.564116+0800	Runner	flutter: │                 {
默认	18:13:04.564162+0800	Runner	flutter: │                   "location_query": {
默认	18:13:04.564307+0800	Runner	flutter: │                     "address_components": null,
默认	18:13:04.564374+0800	Runner	flutter: │                     "address_types": null,
默认	18:13:04.564474+0800	Runner	flutter: │                     "formatted_address": "Houston, Texas",
默认	18:13:04.564519+0800	Runner	flutter: │                     "location": "Houston, Texas",
默认	18:13:04.564614+0800	Runner	flutter: │                     "place_id": "",
默认	18:13:04.564657+0800	Runner	flutter: │                     "source": "sample"
默认	18:13:04.564760+0800	Runner	flutter: │                   },
默认	18:13:04.564805+0800	Runner	flutter: │                   "type": "LOCATION"
默认	18:13:04.564851+0800	Runner	flutter: │                 },
默认	18:13:04.564894+0800	Runner	flutter: │                 {
默认	18:13:04.564996+0800	Runner	flutter: │                   "social_link_query": {
默认	18:13:04.565041+0800	Runner	flutter: │                     "platform_hint": "instagram",
默认	18:13:04.564399+0800	Runner	flutter: │                     "address_types": null,
默认	18:13:04.565087+0800	Runner	flutter: │                     "url": "https://www.instagram.com/beyonce/"
默认	18:13:04.564496+0800	Runner	flutter: │                     "formatted_address": "Houston, Texas",
默认	18:13:04.565177+0800	Runner	flutter: │                   },
默认	18:13:04.564542+0800	Runner	flutter: │                     "location": "Houston, Texas",
默认	18:13:04.565222+0800	Runner	flutter: │                   "type": "SOCIAL_LINK"
默认	18:13:04.565314+0800	Runner	flutter: │                 },
默认	18:13:04.564635+0800	Runner	flutter: │                     "place_id": "",
默认	18:13:04.565357+0800	Runner	flutter: │                 {
默认	18:13:04.564680+0800	Runner	flutter: │                     "source": "sample"
默认	18:13:04.565403+0800	Runner	flutter: │                   "social_link_query": {
默认	18:13:04.564783+0800	Runner	flutter: │                   },
默认	18:13:04.565448+0800	Runner	flutter: │                     "platform_hint": "x",
默认	18:13:04.564827+0800	Runner	flutter: │                   "type": "LOCATION"
默认	18:13:04.565491+0800	Runner	flutter: │                     "url": "https://x.com/Beyonce"
默认	18:13:04.564872+0800	Runner	flutter: │                 },
默认	18:13:04.565536+0800	Runner	flutter: │                   },
默认	18:13:04.564918+0800	Runner	flutter: │                 {
默认	18:13:04.565579+0800	Runner	flutter: │                   "type": "SOCIAL_LINK"
默认	18:13:04.565623+0800	Runner	flutter: │                 },
默认	18:13:04.565668+0800	Runner	flutter: │                 {
默认	18:13:04.565017+0800	Runner	flutter: │                   "social_link_query": {
默认	18:13:04.565711+0800	Runner	flutter: │                   "social_link_query": {
默认	18:13:04.565063+0800	Runner	flutter: │                     "platform_hint": "instagram",
默认	18:13:04.565756+0800	Runner	flutter: │                     "platform_hint": "facebook",
默认	18:13:04.565109+0800	Runner	flutter: │                     "url": "https://www.instagram.com/beyonce/"
默认	18:13:04.565799+0800	Runner	flutter: │                     "url": "https://www.facebook.com/beyonce/"
默认	18:13:04.565200+0800	Runner	flutter: │                   },
默认	18:13:04.565243+0800	Runner	flutter: │                   "type": "SOCIAL_LINK"
默认	18:13:04.565906+0800	Runner	flutter: │                   },
默认	18:13:04.565335+0800	Runner	flutter: │                 },
默认	18:13:04.565381+0800	Runner	flutter: │                 {
默认	18:13:04.565424+0800	Runner	flutter: │                   "social_link_query": {
默认	18:13:04.565469+0800	Runner	flutter: │                     "platform_hint": "x",
默认	18:13:04.565512+0800	Runner	flutter: │                     "url": "https://x.com/Beyonce"
默认	18:13:04.565557+0800	Runner	flutter: │                   },
默认	18:13:04.565602+0800	Runner	flutter: │                   "type": "SOCIAL_LINK"
默认	18:13:04.565645+0800	Runner	flutter: │                 },
默认	18:13:04.565690+0800	Runner	flutter: │                 {
默认	18:13:04.565733+0800	Runner	flutter: │                   "social_link_query": {
默认	18:13:04.565777+0800	Runner	flutter: │                     "platform_hint": "facebook",
默认	18:13:04.565821+0800	Runner	flutter: │                     "url": "https://www.facebook.com/beyonce/"
默认	18:13:04.565952+0800	Runner	flutter: │                   },
默认	18:13:04.565999+0800	Runner	flutter: │                   "type": "SOCIAL_LINK"
默认	18:13:04.566042+0800	Runner	flutter: │                 },
默认	18:13:04.566087+0800	Runner	flutter: │                 {
默认	18:13:04.566184+0800	Runner	flutter: │                   "social_link_query": {
默认	18:13:04.566231+0800	Runner	flutter: │                     "platform_hint": "youtube",
默认	18:13:04.565977+0800	Runner	flutter: │                   "type": "SOCIAL_LINK"
默认	18:13:04.566020+0800	Runner	flutter: │                 },
默认	18:13:04.566066+0800	Runner	flutter: │                 {
默认	18:13:04.566163+0800	Runner	flutter: │                   "social_link_query": {
默认	18:13:04.566209+0800	Runner	flutter: │                     "platform_hint": "youtube",
默认	18:13:04.566324+0800	Runner	flutter: │                     "url": "https://www.youtube.com/channel/UCuHZBCaKmtaLCRAOoazhCPA"
默认	18:13:04.566369+0800	Runner	flutter: │                   },
默认	18:13:04.566414+0800	Runner	flutter: │                   "type": "SOCIAL_LINK"
默认	18:13:04.566457+0800	Runner	flutter: │                 },
默认	18:13:04.566502+0800	Runner	flutter: │                 {
默认	18:13:04.566545+0800	Runner	flutter: │                   "photo_query": {
默认	18:13:04.566590+0800	Runner	flutter: │                     "media_asset_id": "media_sample_beyonce_face_1",
默认	18:13:04.566633+0800	Runner	flutter: │                     "photo_type_hint": "face"
默认	18:13:04.566678+0800	Runner	flutter: │                   },
默认	18:13:04.566723+0800	Runner	flutter: │                   "type": "PHOTO"
默认	18:13:04.566768+0800	Runner	flutter: │                 }
默认	18:13:04.566346+0800	Runner	flutter: │                     "url": "https://www.youtube.com/channel/UCuHZBCaKmtaLCRAOoazhCPA"
默认	18:13:04.566813+0800	Runner	flutter: │               ],
默认	18:13:04.566390+0800	Runner	flutter: │                   },
默认	18:13:04.566859+0800	Runner	flutter: │               "is_demo": true,
默认	18:13:04.566435+0800	Runner	flutter: │                   "type": "SOCIAL_LINK"
默认	18:13:04.566903+0800	Runner	flutter: │               "match_strategy": "UNION"
默认	18:13:04.566478+0800	Runner	flutter: │                 },
默认	18:13:04.566946+0800	Runner	flutter: │             },
默认	18:13:04.566524+0800	Runner	flutter: │                 {
默认	18:13:04.566993+0800	Runner	flutter: │             "sort_order": 20,
默认	18:13:04.566567+0800	Runner	flutter: │                   "photo_query": {
默认	18:13:04.567038+0800	Runner	flutter: │             "subtitle": "Singer, songwriter, producer, entrepreneur, public social profiles, and career highlights sample.",
默认	18:13:04.566612+0800	Runner	flutter: │                     "media_asset_id": "media_sample_beyonce_face_1",
默认	18:13:04.567082+0800	Runner	flutter: │             "thumbnail_url": "https://tool-srv-people-insight-1349591044.cos.na-siliconvalley.myqcloud.com/static/home/sample-thumbnails/beyonce.jpg",
默认	18:13:04.566656+0800	Runner	flutter: │                     "photo_type_hint": "face"
默认	18:13:04.567137+0800	Runner	flutter: │             "title": "Beyoncé"
默认	18:13:04.566699+0800	Runner	flutter: │                   },
默认	18:13:04.567181+0800	Runner	flutter: │           },
默认	18:13:04.566745+0800	Runner	flutter: │                   "type": "PHOTO"
默认	18:13:04.567224+0800	Runner	flutter: │           {
默认	18:13:04.566791+0800	Runner	flutter: │                 }
默认	18:13:04.567269+0800	Runner	flutter: │             "action": {
默认	18:13:04.566837+0800	Runner	flutter: │               ],
默认	18:13:04.566880+0800	Runner	flutter: │               "is_demo": true,
默认	18:13:04.567367+0800	Runner	flutter: │               "sample_case_id": "sample_case_cristiano_ronaldo",
默认	18:13:04.566924+0800	Runner	flutter: │               "match_strategy": "UNION"
默认	18:13:04.567411+0800	Runner	flutter: │               "type": "OPEN_SAMPLE_DETAIL"
默认	18:13:04.566968+0800	Runner	flutter: │             },
默认	18:13:04.567456+0800	Runner	flutter: │             },
默认	18:13:04.567015+0800	Runner	flutter: │             "sort_order": 20,
默认	18:13:04.567059+0800	Runner	flutter: │             "subtitle": "Singer, songwriter, producer, entrepreneur, public social profiles, and career highlights sample.",
默认	18:13:04.567552+0800	Runner	flutter: │             "clue_types": [
默认	18:13:04.567111+0800	Runner	flutter: │             "thumbnail_url": "https://tool-srv-people-insight-1349591044.cos.na-siliconvalley.myqcloud.com/static/home/sample-thumbnails/beyonce.jpg",
默认	18:13:04.567595+0800	Runner	flutter: │               "FULL_NAME",
默认	18:13:04.567157+0800	Runner	flutter: │             "title": "Beyoncé"
默认	18:13:04.567694+0800	Runner	flutter: │               "LOCATION",
默认	18:13:04.567202+0800	Runner	flutter: │           },
默认	18:13:04.567246+0800	Runner	flutter: │           {
默认	18:13:04.567739+0800	Runner	flutter: │               "SOCIAL_LINK",
默认	18:13:04.567290+0800	Runner	flutter: │             "action": {
默认	18:13:04.567389+0800	Runner	flutter: │               "sample_case_id": "sample_case_cristiano_ronaldo",
默认	18:13:04.567434+0800	Runner	flutter: │               "type": "OPEN_SAMPLE_DETAIL"
默认	18:13:04.567477+0800	Runner	flutter: │             },
默认	18:13:04.567573+0800	Runner	flutter: │             "clue_types": [
默认	18:13:04.567616+0800	Runner	flutter: │               "FULL_NAME",
默认	18:13:04.567715+0800	Runner	flutter: │               "LOCATION",
默认	18:13:04.567780+0800	Runner	flutter: │               "SOCIAL_LINK",
默认	18:13:04.567826+0800	Runner	flutter: │               "SOCIAL_LINK",
默认	18:13:04.567879+0800	Runner	flutter: │               "SOCIAL_LINK",
默认	18:13:04.567924+0800	Runner	flutter: │               "SOCIAL_LINK",
默认	18:13:04.567969+0800	Runner	flutter: │               "PHOTO"
默认	18:13:04.568063+0800	Runner	flutter: │             ],
默认	18:13:04.567805+0800	Runner	flutter: │               "SOCIAL_LINK",
默认	18:13:04.567856+0800	Runner	flutter: │               "SOCIAL_LINK",
默认	18:13:04.567902+0800	Runner	flutter: │               "SOCIAL_LINK",
默认	18:13:04.567946+0800	Runner	flutter: │               "PHOTO"
默认	18:13:04.568041+0800	Runner	flutter: │             ],
默认	18:13:04.568156+0800	Runner	flutter: │             "example_id": "example_cristiano_ronaldo",
默认	18:13:04.568202+0800	Runner	flutter: │             "requires_auth": true,
默认	18:13:04.568245+0800	Runner	flutter: │             "requires_entitlement": true,
默认	18:13:04.568351+0800	Runner	flutter: │             "sample_case_id": "sample_case_cristiano_ronaldo",
默认	18:13:04.568394+0800	Runner	flutter: │             "sample_input": {
默认	18:13:04.568439+0800	Runner	flutter: │               "additional_details": [
默认	18:13:04.568555+0800	Runner	flutter: │                 {
默认	18:13:04.568598+0800	Runner	flutter: │                   "type": "PROFESSION",
默认	18:13:04.568178+0800	Runner	flutter: │             "example_id": "example_cristiano_ronaldo",
默认	18:13:04.568223+0800	Runner	flutter: │             "requires_auth": true,
默认	18:13:04.568753+0800	Runner	flutter: │                   "value": "Professional Footballer · Athlete"
默认	18:13:04.568269+0800	Runner	flutter: │             "requires_entitlement": true,
默认	18:13:04.568803+0800	Runner	flutter: │                 },
默认	18:13:04.568372+0800	Runner	flutter: │             "sample_case_id": "sample_case_cristiano_ronaldo",
默认	18:13:04.568898+0800	Runner	flutter: │                 {
默认	18:13:04.568417+0800	Runner	flutter: │             "sample_input": {
默认	18:13:04.568943+0800	Runner	flutter: │                   "type": "EMPLOYER",
默认	18:13:04.568460+0800	Runner	flutter: │               "additional_details": [
默认	18:13:04.568988+0800	Runner	flutter: │                   "value": "Sporting CP · Manchester United · Real Madrid · Juventus · Al-Nassr"
默认	18:13:04.569084+0800	Runner	flutter: │                 },
默认	18:13:04.568577+0800	Runner	flutter: │                 {
默认	18:13:04.568620+0800	Runner	flutter: │                   "type": "PROFESSION",
默认	18:13:04.569129+0800	Runner	flutter: │                 {
默认	18:13:04.569173+0800	Runner	flutter: │                   "type": "OTHER",
默认	18:13:04.568780+0800	Runner	flutter: │                   "value": "Professional Footballer · Athlete"
默认	18:13:04.569320+0800	Runner	flutter: │                   "value": "Full Name: Cristiano Ronaldo dos Santos Aveiro"
默认	18:13:04.568825+0800	Runner	flutter: │                 },
默认	18:13:04.569366+0800	Runner	flutter: │                 },
默认	18:13:04.569411+0800	Runner	flutter: │                 {
默认	18:13:04.568921+0800	Runner	flutter: │                 {
默认	18:13:04.568964+0800	Runner	flutter: │                   "type": "EMPLOYER",
默认	18:13:04.569459+0800	Runner	flutter: │                   "type": "OTHER",
默认	18:13:04.569504+0800	Runner	flutter: │                   "value": "Birth Date: 1985/2/5"
默认	18:13:04.569010+0800	Runner	flutter: │                   "value": "Sporting CP · Manchester United · Real Madrid · Juventus · Al-Nassr"
默认	18:13:04.569550+0800	Runner	flutter: │                 },
默认	18:13:04.569107+0800	Runner	flutter: │                 },
默认	18:13:04.569150+0800	Runner	flutter: │                 {
默认	18:13:04.569195+0800	Runner	flutter: │                   "type": "OTHER",
默认	18:13:04.569343+0800	Runner	flutter: │                   "value": "Full Name: Cristiano Ronaldo dos Santos Aveiro"
默认	18:13:04.569389+0800	Runner	flutter: │                 },
默认	18:13:04.569437+0800	Runner	flutter: │                 {
默认	18:13:04.569482+0800	Runner	flutter: │                   "type": "OTHER",
默认	18:13:04.569526+0800	Runner	flutter: │                   "value": "Birth Date: 1985/2/5"
默认	18:13:04.569571+0800	Runner	flutter: │                 },
默认	18:13:04.569794+0800	Runner	flutter: │                 {
默认	18:13:04.569843+0800	Runner	flutter: │                   "type": "OTHER",
默认	18:13:04.569890+0800	Runner	flutter: │                   "value": "Birthplace: Funchal, Madeira, Portugal"
默认	18:13:04.569957+0800	Runner	flutter: │                 },
默认	18:13:04.570005+0800	Runner	flutter: │                 {
默认	18:13:04.570051+0800	Runner	flutter: │                   "type": "OTHER",
默认	18:13:04.569768+0800	Runner	flutter: │                 {
默认	18:13:04.569819+0800	Runner	flutter: │                   "type": "OTHER",
默认	18:13:04.569866+0800	Runner	flutter: │                   "value": "Birthplace: Funchal, Madeira, Portugal"
默认	18:13:04.569927+0800	Runner	flutter: │                 },
默认	18:13:04.569983+0800	Runner	flutter: │                 {
默认	18:13:04.570029+0800	Runner	flutter: │                   "type": "OTHER",
默认	18:13:04.570103+0800	Runner	flutter: │                   "value": "Nationality: Portuguese"
默认	18:13:04.570152+0800	Runner	flutter: │                 },
默认	18:13:04.570197+0800	Runner	flutter: │                 {
默认	18:13:04.570244+0800	Runner	flutter: │                   "type": "OTHER",
默认	18:13:04.570288+0800	Runner	flutter: │                   "value": "Position: Forward"
默认	18:13:04.570333+0800	Runner	flutter: │                 },
默认	18:13:04.570404+0800	Runner	flutter: │                 {
默认	18:13:04.570523+0800	Runner	flutter: │                   "type": "OTHER",
默认	18:13:04.570569+0800	Runner	flutter: │                   "value": "National Team: Portugal"
默认	18:13:04.570128+0800	Runner	flutter: │                   "value": "Nationality: Portuguese"
默认	18:13:04.570174+0800	Runner	flutter: │                 },
默认	18:13:04.570666+0800	Runner	flutter: │                 },
默认	18:13:04.570219+0800	Runner	flutter: │                 {
默认	18:13:04.570715+0800	Runner	flutter: │                 {
默认	18:13:04.570266+0800	Runner	flutter: │                   "type": "OTHER",
默认	18:13:04.570760+0800	Runner	flutter: │                   "type": "OTHER",
默认	18:13:04.570311+0800	Runner	flutter: │                   "value": "Position: Forward"
默认	18:13:04.570805+0800	Runner	flutter: │                   "value": "Major Awards: 5 Ballon d’Or Awards"
默认	18:13:04.570354+0800	Runner	flutter: │                 },
默认	18:13:04.570849+0800	Runner	flutter: │                 },
默认	18:13:04.570434+0800	Runner	flutter: │                 {
默认	18:13:04.570894+0800	Runner	flutter: │                 {
默认	18:13:04.570938+0800	Runner	flutter: │                   "type": "OTHER",
默认	18:13:04.570544+0800	Runner	flutter: │                   "type": "OTHER",
默认	18:13:04.570591+0800	Runner	flutter: │                   "value": "National Team: Portugal"
默认	18:13:04.571041+0800	Runner	flutter: │                   "value": "Key Record: One of football’s all-time leading goal scorers and one of the most-followed athletes worldwide"
默认	18:13:04.571085+0800	Runner	flutter: │                 }
默认	18:13:04.570692+0800	Runner	flutter: │                 },
默认	18:13:04.571131+0800	Runner	flutter: │               ],
默认	18:13:04.570738+0800	Runner	flutter: │                 {
默认	18:13:04.571177+0800	Runner	flutter: │               "clues": [
默认	18:13:04.570782+0800	Runner	flutter: │                   "type": "OTHER",
默认	18:13:04.571223+0800	Runner	flutter: │                 {
默认	18:13:04.570827+0800	Runner	flutter: │                   "value": "Major Awards: 5 Ballon d’Or Awards"
默认	18:13:04.570872+0800	Runner	flutter: │                 },
默认	18:13:04.571266+0800	Runner	flutter: │                   "full_name_query": {
默认	18:13:04.571311+0800	Runner	flutter: │                     "city": "",
默认	18:13:04.570915+0800	Runner	flutter: │                 {
默认	18:13:04.571355+0800	Runner	flutter: │                     "country": "PT",
默认	18:13:04.570960+0800	Runner	flutter: │                   "type": "OTHER",
默认	18:13:04.571399+0800	Runner	flutter: │                     "extra_hint": "Professional Footballer · Forward",
默认	18:13:04.571063+0800	Runner	flutter: │                   "value": "Key Record: One of football’s all-time leading goal scorers and one of the most-followed athletes worldwide"
默认	18:13:04.571444+0800	Runner	flutter: │                     "full_name": "Cristiano Ronaldo"
默认	18:13:04.571110+0800	Runner	flutter: │                 }
默认	18:13:04.571491+0800	Runner	flutter: │                   },
默认	18:13:04.571154+0800	Runner	flutter: │               ],
默认	18:13:04.571592+0800	Runner	flutter: │                   "type": "FULL_NAME"
默认	18:13:04.571198+0800	Runner	flutter: │               "clues": [
默认	18:13:04.571639+0800	Runner	flutter: │                 },
默认	18:13:04.571244+0800	Runner	flutter: │                 {
默认	18:13:04.571289+0800	Runner	flutter: │                   "full_name_query": {
默认	18:13:04.571682+0800	Runner	flutter: │                 {
默认	18:13:04.571332+0800	Runner	flutter: │                     "city": "",
默认	18:13:04.571377+0800	Runner	flutter: │                     "country": "PT",
默认	18:13:04.571420+0800	Runner	flutter: │                     "extra_hint": "Professional Footballer · Forward",
默认	18:13:04.571469+0800	Runner	flutter: │                     "full_name": "Cristiano Ronaldo"
默认	18:13:04.571516+0800	Runner	flutter: │                   },
默认	18:13:04.571614+0800	Runner	flutter: │                   "type": "FULL_NAME"
默认	18:13:04.571660+0800	Runner	flutter: │                 },
默认	18:13:04.571734+0800	Runner	flutter: │                 {
默认	18:13:04.571779+0800	Runner	flutter: │                   "location_query": {
默认	18:13:04.571871+0800	Runner	flutter: │                     "address_components": null,
默认	18:13:04.571917+0800	Runner	flutter: │                     "address_types": null,
默认	18:13:04.571960+0800	Runner	flutter: │                     "formatted_address": "Madeira, Portugal · Riyadh, Saudi Arabia",
默认	18:13:04.571758+0800	Runner	flutter: │                   "location_query": {
默认	18:13:04.571850+0800	Runner	flutter: │                     "address_components": null,
默认	18:13:04.571894+0800	Runner	flutter: │                     "address_types": null,
默认	18:13:04.571938+0800	Runner	flutter: │                     "formatted_address": "Madeira, Portugal · Riyadh, Saudi Arabia",
默认	18:13:04.572052+0800	Runner	flutter: │                     "location": "Madeira, Portugal · Riyadh, Saudi Arabia",
默认	18:13:04.572098+0800	Runner	flutter: │                     "place_id": "",
默认	18:13:04.572143+0800	Runner	flutter: │                     "source": "sample"
默认	18:13:04.572186+0800	Runner	flutter: │                   },
默认	18:13:04.572232+0800	Runner	flutter: │                   "type": "LOCATION"
默认	18:13:04.572324+0800	Runner	flutter: │                 },
默认	18:13:04.572372+0800	Runner	flutter: │                 {
默认	18:13:04.572469+0800	Runner	flutter: │                   "social_link_query": {
默认	18:13:04.572513+0800	Runner	flutter: │                     "platform_hint": "instagram",
默认	18:13:04.572607+0800	Runner	flutter: │                     "url": "https://www.instagram.com/cristiano/"
默认	18:13:04.572076+0800	Runner	flutter: │                     "location": "Madeira, Portugal · Riyadh, Saudi Arabia",
默认	18:13:04.572120+0800	Runner	flutter: │                     "place_id": "",
默认	18:13:04.572652+0800	Runner	flutter: │                   },
默认	18:13:04.572695+0800	Runner	flutter: │                   "type": "SOCIAL_LINK"
默认	18:13:04.572165+0800	Runner	flutter: │                     "source": "sample"
默认	18:13:04.572738+0800	Runner	flutter: │                 },
默认	18:13:04.572208+0800	Runner	flutter: │                   },
默认	18:13:04.572782+0800	Runner	flutter: │                 {
默认	18:13:04.572252+0800	Runner	flutter: │                   "type": "LOCATION"
默认	18:13:04.572350+0800	Runner	flutter: │                 },
默认	18:13:04.572885+0800	Runner	flutter: │                   "social_link_query": {
默认	18:13:04.572927+0800	Runner	flutter: │                     "platform_hint": "x",
默认	18:13:04.572396+0800	Runner	flutter: │                 {
默认	18:13:04.572973+0800	Runner	flutter: │                     "url": "https://x.com/Cristiano"
默认	18:13:04.573020+0800	Runner	flutter: │                   },
默认	18:13:04.572490+0800	Runner	flutter: │                   "social_link_query": {
默认	18:13:04.572535+0800	Runner	flutter: │                     "platform_hint": "instagram",
默认	18:13:04.573121+0800	Runner	flutter: │                   "type": "SOCIAL_LINK"
默认	18:13:04.572628+0800	Runner	flutter: │                     "url": "https://www.instagram.com/cristiano/"
默认	18:13:04.573215+0800	Runner	flutter: │                 },
默认	18:13:04.572673+0800	Runner	flutter: │                   },
默认	18:13:04.573262+0800	Runner	flutter: │                 {
默认	18:13:04.572716+0800	Runner	flutter: │                   "type": "SOCIAL_LINK"
默认	18:13:04.573307+0800	Runner	flutter: │                   "social_link_query": {
默认	18:13:04.572761+0800	Runner	flutter: │                 },
默认	18:13:04.572805+0800	Runner	flutter: │                 {
默认	18:13:04.573399+0800	Runner	flutter: │                     "platform_hint": "facebook",
默认	18:13:04.573443+0800	Runner	flutter: │                     "url": "https://www.facebook.com/Cristiano/"
默认	18:13:04.572906+0800	Runner	flutter: │                   "social_link_query": {
默认	18:13:04.573488+0800	Runner	flutter: │                   },
默认	18:13:04.572949+0800	Runner	flutter: │                     "platform_hint": "x",
默认	18:13:04.573533+0800	Runner	flutter: │                   "type": "SOCIAL_LINK"
默认	18:13:04.572994+0800	Runner	flutter: │                     "url": "https://x.com/Cristiano"
默认	18:13:04.573041+0800	Runner	flutter: │                   },
默认	18:13:04.573576+0800	Runner	flutter: │                 },
默认	18:13:04.573143+0800	Runner	flutter: │                   "type": "SOCIAL_LINK"
默认	18:13:04.573240+0800	Runner	flutter: │                 },
默认	18:13:04.573285+0800	Runner	flutter: │                 {
默认	18:13:04.573328+0800	Runner	flutter: │                   "social_link_query": {
默认	18:13:04.573421+0800	Runner	flutter: │                     "platform_hint": "facebook",
默认	18:13:04.573465+0800	Runner	flutter: │                     "url": "https://www.facebook.com/Cristiano/"
默认	18:13:04.573510+0800	Runner	flutter: │                   },
默认	18:13:04.573554+0800	Runner	flutter: │                   "type": "SOCIAL_LINK"
默认	18:13:04.573617+0800	Runner	flutter: │                 },
默认	18:13:04.573662+0800	Runner	flutter: │                 {
默认	18:13:04.573709+0800	Runner	flutter: │                   "social_link_query": {
默认	18:13:04.573755+0800	Runner	flutter: │                     "platform_hint": "youtube",
默认	18:13:04.573801+0800	Runner	flutter: │                     "url": "https://www.youtube.com/@cristiano"
默认	18:13:04.573641+0800	Runner	flutter: │                 {
默认	18:13:04.573685+0800	Runner	flutter: │                   "social_link_query": {
默认	18:13:04.573730+0800	Runner	flutter: │                     "platform_hint": "youtube",
默认	18:13:04.573780+0800	Runner	flutter: │                     "url": "https://www.youtube.com/@cristiano"
默认	18:13:04.573990+0800	Runner	flutter: │                   },
默认	18:13:04.574033+0800	Runner	flutter: │                   "type": "SOCIAL_LINK"
默认	18:13:04.574079+0800	Runner	flutter: │                 },
默认	18:13:04.574122+0800	Runner	flutter: │                 {
默认	18:13:04.574213+0800	Runner	flutter: │                   "photo_query": {
默认	18:13:04.574304+0800	Runner	flutter: │                     "media_asset_id": "media_sample_cristiano_ronaldo_face_1",
默认	18:13:04.574352+0800	Runner	flutter: │                     "photo_type_hint": "face"
默认	18:13:04.574397+0800	Runner	flutter: │                   },
默认	18:13:04.574445+0800	Runner	flutter: │                   "type": "PHOTO"
默认	18:13:04.574496+0800	Runner	flutter: │                 }
默认	18:13:04.574012+0800	Runner	flutter: │                   },
默认	18:13:04.574055+0800	Runner	flutter: │                   "type": "SOCIAL_LINK"
默认	18:13:04.574100+0800	Runner	flutter: │                 },
默认	18:13:04.574596+0800	Runner	flutter: │               ],
默认	18:13:04.574145+0800	Runner	flutter: │                 {
默认	18:13:04.574702+0800	Runner	flutter: │               "is_demo": true,
默认	18:13:04.574235+0800	Runner	flutter: │                   "photo_query": {
默认	18:13:04.574747+0800	Runner	flutter: │               "match_strategy": "UNION"
默认	18:13:04.574790+0800	Runner	flutter: │             },
默认	18:13:04.574328+0800	Runner	flutter: │                     "media_asset_id": "media_sample_cristiano_ronaldo_face_1",
默认	18:13:04.574836+0800	Runner	flutter: │             "sort_order": 30,
默认	18:13:04.574373+0800	Runner	flutter: │                     "photo_type_hint": "face"
默认	18:13:04.574881+0800	Runner	flutter: │             "subtitle": "Professional footballer, public social profiles, career highlights, and public records sample.",
默认	18:13:04.574423+0800	Runner	flutter: │                   },
默认	18:13:04.574979+0800	Runner	flutter: │             "thumbnail_url": "https://tool-srv-people-insight-1349591044.cos.na-siliconvalley.myqcloud.com/static/home/sample-thumbnails/cristiano-ronaldo.jpg",
默认	18:13:04.574474+0800	Runner	flutter: │                   "type": "PHOTO"
默认	18:13:04.574518+0800	Runner	flutter: │                 }
默认	18:13:04.575026+0800	Runner	flutter: │             "title": "Cristiano Ronaldo"
默认	18:13:04.575069+0800	Runner	flutter: │           },
默认	18:13:04.574620+0800	Runner	flutter: │               ],
默认	18:13:04.575162+0800	Runner	flutter: │           {
默认	18:13:04.575207+0800	Runner	flutter: │             "action": {
默认	18:13:04.574724+0800	Runner	flutter: │               "is_demo": true,
默认	18:13:04.574768+0800	Runner	flutter: │               "match_strategy": "UNION"
默认	18:13:04.575301+0800	Runner	flutter: │               "sample_case_id": "sample_case_mrbeast",
默认	18:13:04.574811+0800	Runner	flutter: │             },
默认	18:13:04.575346+0800	Runner	flutter: │               "type": "OPEN_SAMPLE_DETAIL"
默认	18:13:04.574858+0800	Runner	flutter: │             "sort_order": 30,
默认	18:13:04.574903+0800	Runner	flutter: │             "subtitle": "Professional footballer, public social profiles, career highlights, and public records sample.",
默认	18:13:04.575452+0800	Runner	flutter: │             },
默认	18:13:04.575001+0800	Runner	flutter: │             "thumbnail_url": "https://tool-srv-people-insight-1349591044.cos.na-siliconvalley.myqcloud.com/static/home/sample-thumbnails/cristiano-ronaldo.jpg",
默认	18:13:04.575047+0800	Runner	flutter: │             "title": "Cristiano Ronaldo"
默认	18:13:04.575093+0800	Runner	flutter: │           },
默认	18:13:04.575185+0800	Runner	flutter: │           {
默认	18:13:04.575228+0800	Runner	flutter: │             "action": {
默认	18:13:04.575325+0800	Runner	flutter: │               "sample_case_id": "sample_case_mrbeast",
默认	18:13:04.575372+0800	Runner	flutter: │               "type": "OPEN_SAMPLE_DETAIL"
默认	18:13:04.575489+0800	Runner	flutter: │             },
默认	18:13:04.575536+0800	Runner	flutter: │             "clue_types": [
默认	18:13:04.575579+0800	Runner	flutter: │               "FULL_NAME",
默认	18:13:04.575671+0800	Runner	flutter: │               "LOCATION",
默认	18:13:04.575716+0800	Runner	flutter: │               "SOCIAL_LINK",
默认	18:13:04.575759+0800	Runner	flutter: │               "SOCIAL_LINK",
默认	18:13:04.575514+0800	Runner	flutter: │             "clue_types": [
默认	18:13:04.575557+0800	Runner	flutter: │               "FULL_NAME",
默认	18:13:04.575649+0800	Runner	flutter: │               "LOCATION",
默认	18:13:04.575695+0800	Runner	flutter: │               "SOCIAL_LINK",
默认	18:13:04.575738+0800	Runner	flutter: │               "SOCIAL_LINK",
默认	18:13:04.575849+0800	Runner	flutter: │               "SOCIAL_LINK",
默认	18:13:04.575891+0800	Runner	flutter: │               "SOCIAL_LINK",
默认	18:13:04.575983+0800	Runner	flutter: │               "PHOTO"
默认	18:13:04.576028+0800	Runner	flutter: │             ],
默认	18:13:04.576076+0800	Runner	flutter: │             "example_id": "example_mrbeast",
默认	18:13:04.576122+0800	Runner	flutter: │             "requires_auth": true,
默认	18:13:04.576165+0800	Runner	flutter: │             "requires_entitlement": true,
默认	18:13:04.576210+0800	Runner	flutter: │             "sample_case_id": "sample_case_mrbeast",
默认	18:13:04.576253+0800	Runner	flutter: │             "sample_input": {
默认	18:13:04.576297+0800	Runner	flutter: │               "additional_details": [
默认	18:13:04.575870+0800	Runner	flutter: │               "SOCIAL_LINK",
默认	18:13:04.576340+0800	Runner	flutter: │                 {
默认	18:13:04.575913+0800	Runner	flutter: │               "SOCIAL_LINK",
默认	18:13:04.576390+0800	Runner	flutter: │                   "type": "PROFESSION",
默认	18:13:04.576004+0800	Runner	flutter: │               "PHOTO"
默认	18:13:04.576565+0800	Runner	flutter: │                   "value": "YouTuber · Entrepreneur · Philanthropist"
默认	18:13:04.576054+0800	Runner	flutter: │             ],
默认	18:13:04.576611+0800	Runner	flutter: │                 },
默认	18:13:04.576659+0800	Runner	flutter: │                 {
默认	18:13:04.576098+0800	Runner	flutter: │             "example_id": "example_mrbeast",
默认	18:13:04.576143+0800	Runner	flutter: │             "requires_auth": true,
默认	18:13:04.576704+0800	Runner	flutter: │                   "type": "EMPLOYER",
默认	18:13:04.576188+0800	Runner	flutter: │             "requires_entitlement": true,
默认	18:13:04.576803+0800	Runner	flutter: │                   "value": "Beast Industries · Feastables · Beast Philanthropy"
默认	18:13:04.576231+0800	Runner	flutter: │             "sample_case_id": "sample_case_mrbeast",
默认	18:13:04.576275+0800	Runner	flutter: │             "sample_input": {
默认	18:13:04.576906+0800	Runner	flutter: │                 },
默认	18:13:04.576318+0800	Runner	flutter: │               "additional_details": [
默认	18:13:04.576368+0800	Runner	flutter: │                 {
默认	18:13:04.576998+0800	Runner	flutter: │                 {
默认	18:13:04.576435+0800	Runner	flutter: │                   "type": "PROFESSION",
默认	18:13:04.577043+0800	Runner	flutter: │                   "type": "SCHOOL",
默认	18:13:04.577088+0800	Runner	flutter: │                   "value": "Greenville Christian Academy"
默认	18:13:04.576589+0800	Runner	flutter: │                   "value": "YouTuber · Entrepreneur · Philanthropist"
默认	18:13:04.576636+0800	Runner	flutter: │                 },
默认	18:13:04.577178+0800	Runner	flutter: │                 },
默认	18:13:04.576682+0800	Runner	flutter: │                 {
默认	18:13:04.577223+0800	Runner	flutter: │                 {
默认	18:13:04.576725+0800	Runner	flutter: │                   "type": "EMPLOYER",
默认	18:13:04.577270+0800	Runner	flutter: │                   "type": "OTHER",
默认	18:13:04.576832+0800	Runner	flutter: │                   "value": "Beast Industries · Feastables · Beast Philanthropy"
默认	18:13:04.577362+0800	Runner	flutter: │                   "value": "Full Name: MrBeast · Jimmy Donaldson · James Donaldson"
默认	18:13:04.576929+0800	Runner	flutter: │                 },
默认	18:13:04.577020+0800	Runner	flutter: │                 {
默认	18:13:04.577064+0800	Runner	flutter: │                   "type": "SCHOOL",
默认	18:13:04.577109+0800	Runner	flutter: │                   "value": "Greenville Christian Academy"
默认	18:13:04.577200+0800	Runner	flutter: │                 },
默认	18:13:04.577249+0800	Runner	flutter: │                 {
默认	18:13:04.577292+0800	Runner	flutter: │                   "type": "OTHER",
默认	18:13:04.577410+0800	Runner	flutter: │                   "value": "Full Name: MrBeast · Jimmy Donaldson · James Donaldson"
默认	18:13:04.577457+0800	Runner	flutter: │                 },
默认	18:13:04.577502+0800	Runner	flutter: │                 {
默认	18:13:04.577594+0800	Runner	flutter: │                   "type": "OTHER",
默认	18:13:04.577692+0800	Runner	flutter: │                   "value": "Alias: MrBeast · Jimmy Donaldson"
默认	18:13:04.577435+0800	Runner	flutter: │                 },
默认	18:13:04.577480+0800	Runner	flutter: │                 {
默认	18:13:04.577572+0800	Runner	flutter: │                   "type": "OTHER",
默认	18:13:04.577668+0800	Runner	flutter: │                   "value": "Alias: MrBeast · Jimmy Donaldson"
默认	18:13:04.577779+0800	Runner	flutter: │                 },
默认	18:13:04.577944+0800	Runner	flutter: │                 {
默认	18:13:04.577989+0800	Runner	flutter: │                   "type": "OTHER",
默认	18:13:04.578032+0800	Runner	flutter: │                   "value": "Birth Date: 1998/5/7"
默认	18:13:04.578075+0800	Runner	flutter: │                 },
默认	18:13:04.578176+0800	Runner	flutter: │                 {
默认	18:13:04.578221+0800	Runner	flutter: │                   "type": "OTHER",
默认	18:13:04.578267+0800	Runner	flutter: │                   "value": "Birthplace: Wichita, Kansas, USA"
默认	18:13:04.578310+0800	Runner	flutter: │                 },
默认	18:13:04.578404+0800	Runner	flutter: │                 {
默认	18:13:04.578449+0800	Runner	flutter: │                   "type": "OTHER",
默认	18:13:04.578547+0800	Runner	flutter: │                   "value": "Nationality: American"
默认	18:13:04.578591+0800	Runner	flutter: │                 },
默认	18:13:04.578639+0800	Runner	flutter: │                 {
默认	18:13:04.578737+0800	Runner	flutter: │                   "type": "OTHER",
默认	18:13:04.578785+0800	Runner	flutter: │                   "value": "Content Style: Large-scale challenges · Entertainment videos · Philanthropic content"
默认	18:13:04.578833+0800	Runner	flutter: │                 },
默认	18:13:04.577800+0800	Runner	flutter: │                 },
默认	18:13:04.578881+0800	Runner	flutter: │                 {
默认	18:13:04.577965+0800	Runner	flutter: │                 {
默认	18:13:04.579030+0800	Runner	flutter: │                   "type": "OTHER",
默认	18:13:04.578010+0800	Runner	flutter: │                   "type": "OTHER",
默认	18:13:04.578053+0800	Runner	flutter: │                   "value": "Birth Date: 1998/5/7"
默认	18:13:04.579125+0800	Runner	flutter: │                   "value": "Public Brand: One of the largest creator-led media brands on YouTube"
默认	18:13:04.578098+0800	Runner	flutter: │                 },
默认	18:13:04.579171+0800	Runner	flutter: │                 }
默认	18:13:04.579216+0800	Runner	flutter: │               ],
默认	18:13:04.578198+0800	Runner	flutter: │                 {
默认	18:13:04.579260+0800	Runner	flutter: │               "clues": [
默认	18:13:04.578243+0800	Runner	flutter: │                   "type": "OTHER",
默认	18:13:04.579312+0800	Runner	flutter: │                 {
默认	18:13:04.578288+0800	Runner	flutter: │                   "value": "Birthplace: Wichita, Kansas, USA"
默认	18:13:04.578331+0800	Runner	flutter: │                 },
默认	18:13:04.578427+0800	Runner	flutter: │                 {
默认	18:13:04.578471+0800	Runner	flutter: │                   "type": "OTHER",
默认	18:13:04.578568+0800	Runner	flutter: │                   "value": "Nationality: American"
默认	18:13:04.578613+0800	Runner	flutter: │                 },
默认	18:13:04.578661+0800	Runner	flutter: │                 {
默认	18:13:04.578759+0800	Runner	flutter: │                   "type": "OTHER",
默认	18:13:04.578808+0800	Runner	flutter: │                   "value": "Content Style: Large-scale challenges · Entertainment videos · Philanthropic content"
默认	18:13:04.578859+0800	Runner	flutter: │                 },
默认	18:13:04.578902+0800	Runner	flutter: │                 {
默认	18:13:04.579052+0800	Runner	flutter: │                   "type": "OTHER",
默认	18:13:04.579149+0800	Runner	flutter: │                   "value": "Public Brand: One of the largest creator-led media brands on YouTube"
默认	18:13:04.579194+0800	Runner	flutter: │                 }
默认	18:13:04.579236+0800	Runner	flutter: │               ],
默认	18:13:04.579288+0800	Runner	flutter: │               "clues": [
默认	18:13:04.579374+0800	Runner	flutter: │                 {
默认	18:13:04.579428+0800	Runner	flutter: │                   "full_name_query": {
默认	18:13:04.579476+0800	Runner	flutter: │                     "city": "",
默认	18:13:04.579524+0800	Runner	flutter: │                     "country": "US",
默认	18:13:04.579634+0800	Runner	flutter: │                     "extra_hint": "YouTuber · Entrepreneur · Philanthropist",
默认	18:13:04.579679+0800	Runner	flutter: │                     "full_name": "MrBeast"
默认	18:13:04.579405+0800	Runner	flutter: │                   "full_name_query": {
默认	18:13:04.579452+0800	Runner	flutter: │                     "city": "",
默认	18:13:04.579499+0800	Runner	flutter: │                     "country": "US",
默认	18:13:04.579610+0800	Runner	flutter: │                     "extra_hint": "YouTuber · Entrepreneur · Philanthropist",
默认	18:13:04.579658+0800	Runner	flutter: │                     "full_name": "MrBeast"
默认	18:13:04.579725+0800	Runner	flutter: │                   },
默认	18:13:04.579773+0800	Runner	flutter: │                   "type": "FULL_NAME"
默认	18:13:04.579819+0800	Runner	flutter: │                 },
默认	18:13:04.579865+0800	Runner	flutter: │                 {
默认	18:13:04.579910+0800	Runner	flutter: │                   "location_query": {
默认	18:13:04.579955+0800	Runner	flutter: │                     "address_components": null,
默认	18:13:04.580049+0800	Runner	flutter: │                     "address_types": null,
默认	18:13:04.580094+0800	Runner	flutter: │                     "formatted_address": "Greenville, North Carolina",
默认	18:13:04.580140+0800	Runner	flutter: │                     "location": "Greenville, North Carolina",
默认	18:13:04.580184+0800	Runner	flutter: │                     "place_id": "",
默认	18:13:04.580229+0800	Runner	flutter: │                     "source": "sample"
默认	18:13:04.580277+0800	Runner	flutter: │                   },
默认	18:13:04.579750+0800	Runner	flutter: │                   },
默认	18:13:04.580322+0800	Runner	flutter: │                   "type": "LOCATION"
默认	18:13:04.579796+0800	Runner	flutter: │                   "type": "FULL_NAME"
默认	18:13:04.580365+0800	Runner	flutter: │                 },
默认	18:13:04.579842+0800	Runner	flutter: │                 },
默认	18:13:04.580419+0800	Runner	flutter: │                 {
默认	18:13:04.579888+0800	Runner	flutter: │                 {
默认	18:13:04.580463+0800	Runner	flutter: │                   "social_link_query": {
默认	18:13:04.579931+0800	Runner	flutter: │                   "location_query": {
默认	18:13:04.580507+0800	Runner	flutter: │                     "platform_hint": "youtube",
默认	18:13:04.579977+0800	Runner	flutter: │                     "address_components": null,
默认	18:13:04.580606+0800	Runner	flutter: │                     "url": "https://www.youtube.com/@MrBeast"
默认	18:13:04.580070+0800	Runner	flutter: │                     "address_types": null,
默认	18:13:04.580116+0800	Runner	flutter: │                     "formatted_address": "Greenville, North Carolina",
默认	18:13:04.580162+0800	Runner	flutter: │                     "location": "Greenville, North Carolina",
默认	18:13:04.580720+0800	Runner	flutter: │                   },
默认	18:13:04.580765+0800	Runner	flutter: │                   "type": "SOCIAL_LINK"
默认	18:13:04.580207+0800	Runner	flutter: │                     "place_id": "",
默认	18:13:04.580255+0800	Runner	flutter: │                     "source": "sample"
默认	18:13:04.580873+0800	Runner	flutter: │                 },
默认	18:13:04.580300+0800	Runner	flutter: │                   },
默认	18:13:04.580919+0800	Runner	flutter: │                 {
默认	18:13:04.580343+0800	Runner	flutter: │                   "type": "LOCATION"
默认	18:13:04.580965+0800	Runner	flutter: │                   "social_link_query": {
默认	18:13:04.580388+0800	Runner	flutter: │                 },
默认	18:13:04.581010+0800	Runner	flutter: │                     "platform_hint": "instagram",
默认	18:13:04.580441+0800	Runner	flutter: │                 {
默认	18:13:04.581053+0800	Runner	flutter: │                     "url": "https://www.instagram.com/mrbeast/"
默认	18:13:04.580486+0800	Runner	flutter: │                   "social_link_query": {
默认	18:13:04.581096+0800	Runner	flutter: │                   },
默认	18:13:04.580529+0800	Runner	flutter: │                     "platform_hint": "youtube",
默认	18:13:04.581140+0800	Runner	flutter: │                   "type": "SOCIAL_LINK"
默认	18:13:04.580629+0800	Runner	flutter: │                     "url": "https://www.youtube.com/@MrBeast"
默认	18:13:04.581185+0800	Runner	flutter: │                 },
默认	18:13:04.581234+0800	Runner	flutter: │                 {
默认	18:13:04.580741+0800	Runner	flutter: │                   },
默认	18:13:04.580785+0800	Runner	flutter: │                   "type": "SOCIAL_LINK"
默认	18:13:04.580897+0800	Runner	flutter: │                 },
默认	18:13:04.580943+0800	Runner	flutter: │                 {
默认	18:13:04.580986+0800	Runner	flutter: │                   "social_link_query": {
默认	18:13:04.581032+0800	Runner	flutter: │                     "platform_hint": "instagram",
默认	18:13:04.581074+0800	Runner	flutter: │                     "url": "https://www.instagram.com/mrbeast/"
默认	18:13:04.581119+0800	Runner	flutter: │                   },
默认	18:13:04.581161+0800	Runner	flutter: │                   "type": "SOCIAL_LINK"
默认	18:13:04.581212+0800	Runner	flutter: │                 },
默认	18:13:04.581279+0800	Runner	flutter: │                 {
默认	18:13:04.581324+0800	Runner	flutter: │                   "social_link_query": {
默认	18:13:04.581368+0800	Runner	flutter: │                     "platform_hint": "x",
默认	18:13:04.581417+0800	Runner	flutter: │                     "url": "https://x.com/MrBeast"
默认	18:13:04.581463+0800	Runner	flutter: │                   },
默认	18:13:04.581506+0800	Runner	flutter: │                   "type": "SOCIAL_LINK"
默认	18:13:04.581556+0800	Runner	flutter: │                 },
默认	18:13:04.581302+0800	Runner	flutter: │                   "social_link_query": {
默认	18:13:04.581346+0800	Runner	flutter: │                     "platform_hint": "x",
默认	18:13:04.581394+0800	Runner	flutter: │                     "url": "https://x.com/MrBeast"
默认	18:13:04.581439+0800	Runner	flutter: │                   },
默认	18:13:04.581485+0800	Runner	flutter: │                   "type": "SOCIAL_LINK"
默认	18:13:04.581533+0800	Runner	flutter: │                 },
默认	18:13:04.581594+0800	Runner	flutter: │                 {
默认	18:13:04.581648+0800	Runner	flutter: │                   "social_link_query": {
默认	18:13:04.581692+0800	Runner	flutter: │                     "platform_hint": "tiktok",
默认	18:13:04.581743+0800	Runner	flutter: │                     "url": "https://www.tiktok.com/@mrbeast"
默认	18:13:04.581792+0800	Runner	flutter: │                   },
默认	18:13:04.581840+0800	Runner	flutter: │                   "type": "SOCIAL_LINK"
默认	18:13:04.581907+0800	Runner	flutter: │                 },
默认	18:13:04.581952+0800	Runner	flutter: │                 {
默认	18:13:04.581999+0800	Runner	flutter: │                   "photo_query": {
默认	18:13:04.582052+0800	Runner	flutter: │                     "media_asset_id": "media_sample_mrbeast_face_1",
默认	18:13:04.582097+0800	Runner	flutter: │                     "photo_type_hint": "face"
默认	18:13:04.582145+0800	Runner	flutter: │                   },
默认	18:13:04.582190+0800	Runner	flutter: │                   "type": "PHOTO"
默认	18:13:04.582237+0800	Runner	flutter: │                 }
默认	18:13:04.582290+0800	Runner	flutter: │               ],
默认	18:13:04.582356+0800	Runner	flutter: │               "is_demo": true,
默认	18:13:04.582401+0800	Runner	flutter: │               "match_strategy": "UNION"
默认	18:13:04.582451+0800	Runner	flutter: │             },
默认	18:13:04.582509+0800	Runner	flutter: │             "sort_order": 40,
默认	18:13:04.582555+0800	Runner	flutter: │             "subtitle": "YouTuber, entrepreneur, philanthropist, public social profiles, and career highlights sample.",
默认	18:13:04.582626+0800	Runner	flutter: │             "thumbnail_url": "https://tool-srv-people-insight-1349591044.cos.na-siliconvalley.myqcloud.com/static/home/sample-thumbnails/mrbeast.jpg",
默认	18:13:04.582680+0800	Runner	flutter: │             "title": "MrBeast"
默认	18:13:04.582726+0800	Runner	flutter: │           },
默认	18:13:04.582772+0800	Runner	flutter: │           {
默认	18:13:04.582819+0800	Runner	flutter: │             "action": {
默认	18:13:04.582863+0800	Runner	flutter: │               "sample_case_id": "sample_case_elon_musk",
默认	18:13:04.582906+0800	Runner	flutter: │               "type": "OPEN_SAMPLE_DETAIL"
默认	18:13:04.582950+0800	Runner	flutter: │             },
默认	18:13:04.582993+0800	Runner	flutter: │             "clue_types": [
默认	18:13:04.583040+0800	Runner	flutter: │               "FULL_NAME",
默认	18:13:04.583084+0800	Runner	flutter: │               "LOCATION",
默认	18:13:04.583141+0800	Runner	flutter: │               "SOCIAL_LINK",
默认	18:13:04.583184+0800	Runner	flutter: │               "SOCIAL_LINK",
默认	18:13:04.581617+0800	Runner	flutter: │                 {
默认	18:13:04.581670+0800	Runner	flutter: │                   "social_link_query": {
默认	18:13:04.581721+0800	Runner	flutter: │                     "platform_hint": "tiktok",
默认	18:13:04.581764+0800	Runner	flutter: │                     "url": "https://www.tiktok.com/@mrbeast"
默认	18:13:04.581815+0800	Runner	flutter: │                   },
默认	18:13:04.581862+0800	Runner	flutter: │                   "type": "SOCIAL_LINK"
默认	18:13:04.581928+0800	Runner	flutter: │                 },
默认	18:13:04.581973+0800	Runner	flutter: │                 {
默认	18:13:04.582030+0800	Runner	flutter: │                   "photo_query": {
默认	18:13:04.582075+0800	Runner	flutter: │                     "media_asset_id": "media_sample_mrbeast_face_1",
默认	18:13:04.582119+0800	Runner	flutter: │                     "photo_type_hint": "face"
默认	18:13:04.582168+0800	Runner	flutter: │                   },
默认	18:13:04.582211+0800	Runner	flutter: │                   "type": "PHOTO"
默认	18:13:04.582258+0800	Runner	flutter: │                 }
默认	18:13:04.582334+0800	Runner	flutter: │               ],
默认	18:13:04.582379+0800	Runner	flutter: │               "is_demo": true,
默认	18:13:04.582426+0800	Runner	flutter: │               "match_strategy": "UNION"
默认	18:13:04.582473+0800	Runner	flutter: │             },
默认	18:13:04.582532+0800	Runner	flutter: │             "sort_order": 40,
默认	18:13:04.582592+0800	Runner	flutter: │             "subtitle": "YouTuber, entrepreneur, philanthropist, public social profiles, and career highlights sample.",
默认	18:13:04.582653+0800	Runner	flutter: │             "thumbnail_url": "https://tool-srv-people-insight-1349591044.cos.na-siliconvalley.myqcloud.com/static/home/sample-thumbnails/mrbeast.jpg",
默认	18:13:04.582703+0800	Runner	flutter: │             "title": "MrBeast"
默认	18:13:04.582751+0800	Runner	flutter: │           },
默认	18:13:04.582794+0800	Runner	flutter: │           {
默认	18:13:04.583256+0800	Runner	flutter: │               "SOCIAL_LINK",
默认	18:13:04.582840+0800	Runner	flutter: │             "action": {
默认	18:13:04.583300+0800	Runner	flutter: │               "PHOTO"
默认	18:13:04.582885+0800	Runner	flutter: │               "sample_case_id": "sample_case_elon_musk",
默认	18:13:04.583343+0800	Runner	flutter: │             ],
默认	18:13:04.582927+0800	Runner	flutter: │               "type": "OPEN_SAMPLE_DETAIL"
默认	18:13:04.583389+0800	Runner	flutter: │             "example_id": "example_elon_musk",
默认	18:13:04.582972+0800	Runner	flutter: │             },
默认	18:13:04.583436+0800	Runner	flutter: │             "requires_auth": true,
默认	18:13:04.583019+0800	Runner	flutter: │             "clue_types": [
默认	18:13:04.583481+0800	Runner	flutter: │             "requires_entitlement": true,
默认	18:13:04.583061+0800	Runner	flutter: │               "FULL_NAME",
默认	18:13:04.583545+0800	Runner	flutter: │             "sample_case_id": "sample_case_elon_musk",
默认	18:13:04.583105+0800	Runner	flutter: │               "LOCATION",
默认	18:13:04.583590+0800	Runner	flutter: │             "sample_input": {
默认	18:13:04.583163+0800	Runner	flutter: │               "SOCIAL_LINK",
默认	18:13:04.583645+0800	Runner	flutter: │               "additional_details": [
默认	18:13:04.583231+0800	Runner	flutter: │               "SOCIAL_LINK",
默认	18:13:04.583694+0800	Runner	flutter: │                 {
默认	18:13:04.583277+0800	Runner	flutter: │               "SOCIAL_LINK",
默认	18:13:04.583743+0800	Runner	flutter: │                   "type": "PROFESSION",
默认	18:13:04.583322+0800	Runner	flutter: │               "PHOTO"
默认	18:13:04.583786+0800	Runner	flutter: │                   "value": "Entrepreneur · CEO · Engineer"
默认	18:13:04.583367+0800	Runner	flutter: │             ],
默认	18:13:04.583849+0800	Runner	flutter: │                 },
默认	18:13:04.583411+0800	Runner	flutter: │             "example_id": "example_elon_musk",
默认	18:13:04.583894+0800	Runner	flutter: │                 {
默认	18:13:04.583457+0800	Runner	flutter: │             "requires_auth": true,
默认	18:13:04.583959+0800	Runner	flutter: │                   "type": "EMPLOYER",
默认	18:13:04.583503+0800	Runner	flutter: │             "requires_entitlement": true,
默认	18:13:04.584012+0800	Runner	flutter: │                   "value": "Tesla · SpaceX · X · xAI · Neuralink · The Boring Company"
默认	18:13:04.584075+0800	Runner	flutter: │                 },
默认	18:13:04.584122+0800	Runner	flutter: │                 {
默认	18:13:04.584177+0800	Runner	flutter: │                   "type": "SCHOOL",
默认	18:13:04.584239+0800	Runner	flutter: │                   "value": "Queen’s University · University of Pennsylvania"
默认	18:13:04.584291+0800	Runner	flutter: │                 },
默认	18:13:04.583569+0800	Runner	flutter: │             "sample_case_id": "sample_case_elon_musk",
默认	18:13:04.584336+0800	Runner	flutter: │                 {
默认	18:13:04.583622+0800	Runner	flutter: │             "sample_input": {
默认	18:13:04.584392+0800	Runner	flutter: │                   "type": "OTHER",
默认	18:13:04.583672+0800	Runner	flutter: │               "additional_details": [
默认	18:13:04.584441+0800	Runner	flutter: │                   "value": "Full Name: Elon Reeve Musk"
默认	18:13:04.583715+0800	Runner	flutter: │                 {
默认	18:13:04.584490+0800	Runner	flutter: │                 },
默认	18:13:04.583764+0800	Runner	flutter: │                   "type": "PROFESSION",
默认	18:13:04.584537+0800	Runner	flutter: │                 {
默认	18:13:04.583808+0800	Runner	flutter: │                   "value": "Entrepreneur · CEO · Engineer"
默认	18:13:04.584583+0800	Runner	flutter: │                   "type": "OTHER",
默认	18:13:04.583872+0800	Runner	flutter: │                 },
默认	18:13:04.584628+0800	Runner	flutter: │                   "value": "Birth Date: 1971/6/28"
默认	18:13:04.584675+0800	Runner	flutter: │                 },
默认	18:13:04.583926+0800	Runner	flutter: │                 {
默认	18:13:04.584732+0800	Runner	flutter: │                 {
默认	18:13:04.583983+0800	Runner	flutter: │                   "type": "EMPLOYER",
默认	18:13:04.584814+0800	Runner	flutter: │                   "type": "OTHER",
默认	18:13:04.584044+0800	Runner	flutter: │                   "value": "Tesla · SpaceX · X · xAI · Neuralink · The Boring Company"
默认	18:13:04.584100+0800	Runner	flutter: │                 },
默认	18:13:04.584861+0800	Runner	flutter: │                   "value": "Birthplace: Pretoria, South Africa"
默认	18:13:04.584144+0800	Runner	flutter: │                 {
默认	18:13:04.584911+0800	Runner	flutter: │                 },
默认	18:13:04.584954+0800	Runner	flutter: │                 {
默认	18:13:04.584199+0800	Runner	flutter: │                   "type": "SCHOOL",
默认	18:13:04.585001+0800	Runner	flutter: │                   "type": "OTHER",
默认	18:13:04.584261+0800	Runner	flutter: │                   "value": "Queen’s University · University of Pennsylvania"
默认	18:13:04.584314+0800	Runner	flutter: │                 },
默认	18:13:04.585052+0800	Runner	flutter: │                   "value": "Nationality: South African-born American"
默认	18:13:04.585095+0800	Runner	flutter: │                 },
默认	18:13:04.584368+0800	Runner	flutter: │                 {
默认	18:13:04.585139+0800	Runner	flutter: │                 {
默认	18:13:04.584414+0800	Runner	flutter: │                   "type": "OTHER",
默认	18:13:04.585186+0800	Runner	flutter: │                   "type": "OTHER",
默认	18:13:04.584464+0800	Runner	flutter: │                   "value": "Full Name: Elon Reeve Musk"
默认	18:13:04.584515+0800	Runner	flutter: │                 },
默认	18:13:04.585231+0800	Runner	flutter: │                   "value": "Early Ventures: Zip2 · X.com · PayPal"
默认	18:13:04.584558+0800	Runner	flutter: │                 {
默认	18:13:04.584605+0800	Runner	flutter: │                   "type": "OTHER",
默认	18:13:04.584652+0800	Runner	flutter: │                   "value": "Birth Date: 1971/6/28"
默认	18:13:04.584697+0800	Runner	flutter: │                 },
默认	18:13:04.584763+0800	Runner	flutter: │                 {
默认	18:13:04.584840+0800	Runner	flutter: │                   "type": "OTHER",
默认	18:13:04.584883+0800	Runner	flutter: │                   "value": "Birthplace: Pretoria, South Africa"
默认	18:13:04.584933+0800	Runner	flutter: │                 },
默认	18:13:04.584975+0800	Runner	flutter: │                 {
默认	18:13:04.585024+0800	Runner	flutter: │                   "type": "OTHER",
默认	18:13:04.585073+0800	Runner	flutter: │                   "value": "Nationality: South African-born American"
默认	18:13:04.585118+0800	Runner	flutter: │                 },
默认	18:13:04.585165+0800	Runner	flutter: │                 {
默认	18:13:04.585208+0800	Runner	flutter: │                   "type": "OTHER",
默认	18:13:04.585275+0800	Runner	flutter: │                   "value": "Early Ventures: Zip2 · X.com · PayPal"
默认	18:13:04.585325+0800	Runner	flutter: │                 },
默认	18:13:04.585374+0800	Runner	flutter: │                 {
默认	18:13:04.585418+0800	Runner	flutter: │                   "type": "OTHER",
默认	18:13:04.585473+0800	Runner	flutter: │                   "value": "Key Themes: Electric vehicles · Space exploration · Artificial intelligence · Social platforms · Brain-computer interfaces"
默认	18:13:04.585519+0800	Runner	flutter: │                 },
默认	18:13:04.585299+0800	Runner	flutter: │                 },
默认	18:13:04.585351+0800	Runner	flutter: │                 {
默认	18:13:04.585397+0800	Runner	flutter: │                   "type": "OTHER",
默认	18:13:04.585442+0800	Runner	flutter: │                   "value": "Key Themes: Electric vehicles · Space exploration · Artificial intelligence · Social platforms · Brain-computer interfaces"
默认	18:13:04.585496+0800	Runner	flutter: │                 },
默认	18:13:04.585563+0800	Runner	flutter: │                 {
默认	18:13:04.585608+0800	Runner	flutter: │                   "type": "OTHER",
默认	18:13:04.585653+0800	Runner	flutter: │                   "value": "Public Role: Technology entrepreneur and executive involved in multiple technology companies"
默认	18:13:04.585701+0800	Runner	flutter: │                 }
默认	18:13:04.585746+0800	Runner	flutter: │               ],
默认	18:13:04.585791+0800	Runner	flutter: │               "clues": [
默认	18:13:04.585836+0800	Runner	flutter: │                 {
默认	18:13:04.585880+0800	Runner	flutter: │                   "full_name_query": {
默认	18:13:04.585937+0800	Runner	flutter: │                     "city": "",
默认	18:13:04.585984+0800	Runner	flutter: │                     "country": "US",
默认	18:13:04.586045+0800	Runner	flutter: │                     "extra_hint": "Entrepreneur · CEO · Engineer",
默认	18:13:04.586091+0800	Runner	flutter: │                     "full_name": "Elon Musk"
默认	18:13:04.586138+0800	Runner	flutter: │                   },
默认	18:13:04.585586+0800	Runner	flutter: │                 {
默认	18:13:04.586183+0800	Runner	flutter: │                   "type": "FULL_NAME"
默认	18:13:04.585630+0800	Runner	flutter: │                   "type": "OTHER",
默认	18:13:04.586230+0800	Runner	flutter: │                 },
默认	18:13:04.585678+0800	Runner	flutter: │                   "value": "Public Role: Technology entrepreneur and executive involved in multiple technology companies"
默认	18:13:04.586277+0800	Runner	flutter: │                 {
默认	18:13:04.585724+0800	Runner	flutter: │                 }
默认	18:13:04.586332+0800	Runner	flutter: │                   "location_query": {
默认	18:13:04.585767+0800	Runner	flutter: │               ],
默认	18:13:04.585813+0800	Runner	flutter: │               "clues": [
默认	18:13:04.586390+0800	Runner	flutter: │                     "address_components": null,
默认	18:13:04.586436+0800	Runner	flutter: │                     "address_types": null,
默认	18:13:04.585858+0800	Runner	flutter: │                 {
默认	18:13:04.586482+0800	Runner	flutter: │                     "formatted_address": "Austin, Texas",
默认	18:13:04.585915+0800	Runner	flutter: │                   "full_name_query": {
默认	18:13:04.585959+0800	Runner	flutter: │                     "city": "",
默认	18:13:04.586538+0800	Runner	flutter: │                     "location": "Austin, Texas",
默认	18:13:04.586585+0800	Runner	flutter: │                     "place_id": "",
默认	18:13:04.586007+0800	Runner	flutter: │                     "country": "US",
默认	18:13:04.586636+0800	Runner	flutter: │                     "source": "sample"
默认	18:13:04.586067+0800	Runner	flutter: │                     "extra_hint": "Entrepreneur · CEO · Engineer",
默认	18:13:04.586678+0800	Runner	flutter: │                   },
默认	18:13:04.586112+0800	Runner	flutter: │                     "full_name": "Elon Musk"
默认	18:13:04.586735+0800	Runner	flutter: │                   "type": "LOCATION"
默认	18:13:04.586160+0800	Runner	flutter: │                   },
默认	18:13:04.586208+0800	Runner	flutter: │                   "type": "FULL_NAME"
默认	18:13:04.586781+0800	Runner	flutter: │                 },
默认	18:13:04.586826+0800	Runner	flutter: │                 {
默认	18:13:04.586251+0800	Runner	flutter: │                 },
默认	18:13:04.586869+0800	Runner	flutter: │                   "social_link_query": {
默认	18:13:04.586299+0800	Runner	flutter: │                 {
默认	18:13:04.586366+0800	Runner	flutter: │                   "location_query": {
默认	18:13:04.586915+0800	Runner	flutter: │                     "platform_hint": "x",
默认	18:13:04.586960+0800	Runner	flutter: │                     "url": "https://x.com/elonmusk"
默认	18:13:04.586415+0800	Runner	flutter: │                     "address_components": null,
默认	18:13:04.586460+0800	Runner	flutter: │                     "address_types": null,
默认	18:13:04.587006+0800	Runner	flutter: │                   },
默认	18:13:04.587054+0800	Runner	flutter: │                   "type": "SOCIAL_LINK"
默认	18:13:04.586512+0800	Runner	flutter: │                     "formatted_address": "Austin, Texas",
默认	18:13:04.587107+0800	Runner	flutter: │                 },
默认	18:13:04.586560+0800	Runner	flutter: │                     "location": "Austin, Texas",
默认	18:13:04.586607+0800	Runner	flutter: │                     "place_id": "",
默认	18:13:04.587152+0800	Runner	flutter: │                 {
默认	18:13:04.586657+0800	Runner	flutter: │                     "source": "sample"
默认	18:13:04.586713+0800	Runner	flutter: │                   },
默认	18:13:04.586756+0800	Runner	flutter: │                   "type": "LOCATION"
默认	18:13:04.586803+0800	Runner	flutter: │                 },
默认	18:13:04.586847+0800	Runner	flutter: │                 {
默认	18:13:04.586891+0800	Runner	flutter: │                   "social_link_query": {
默认	18:13:04.586936+0800	Runner	flutter: │                     "platform_hint": "x",
默认	18:13:04.586983+0800	Runner	flutter: │                     "url": "https://x.com/elonmusk"
默认	18:13:04.587030+0800	Runner	flutter: │                   },
默认	18:13:04.587074+0800	Runner	flutter: │                   "type": "SOCIAL_LINK"
默认	18:13:04.587130+0800	Runner	flutter: │                 },
默认	18:13:04.587204+0800	Runner	flutter: │                 {
默认	18:13:04.587249+0800	Runner	flutter: │                   "social_link_query": {
默认	18:13:04.587294+0800	Runner	flutter: │                     "platform_hint": "instagram",
默认	18:13:04.587342+0800	Runner	flutter: │                     "url": "https://www.instagram.com/elonmusk/"
默认	18:13:04.587425+0800	Runner	flutter: │                   },
默认	18:13:04.587470+0800	Runner	flutter: │                   "type": "SOCIAL_LINK"
默认	18:13:04.587229+0800	Runner	flutter: │                   "social_link_query": {
默认	18:13:04.587271+0800	Runner	flutter: │                     "platform_hint": "instagram",
默认	18:13:04.587320+0800	Runner	flutter: │                     "url": "https://www.instagram.com/elonmusk/"
默认	18:13:04.587404+0800	Runner	flutter: │                   },
默认	18:13:04.587447+0800	Runner	flutter: │                   "type": "SOCIAL_LINK"
默认	18:13:04.587506+0800	Runner	flutter: │                 },
默认	18:13:04.587552+0800	Runner	flutter: │                 {
默认	18:13:04.587594+0800	Runner	flutter: │                   "social_link_query": {
默认	18:13:04.587639+0800	Runner	flutter: │                     "platform_hint": "tiktok",
默认	18:13:04.587692+0800	Runner	flutter: │                     "url": "https://www.tiktok.com/@elonmusk"
默认	18:13:04.587737+0800	Runner	flutter: │                   },
默认	18:13:04.587781+0800	Runner	flutter: │                   "type": "SOCIAL_LINK"
默认	18:13:04.587848+0800	Runner	flutter: │                 },
默认	18:13:04.587898+0800	Runner	flutter: │                 {
默认	18:13:04.587954+0800	Runner	flutter: │                   "photo_query": {
默认	18:13:04.587999+0800	Runner	flutter: │                     "media_asset_id": "media_sample_elon_musk_face_1",
默认	18:13:04.588054+0800	Runner	flutter: │                     "photo_type_hint": "face"
默认	18:13:04.588098+0800	Runner	flutter: │                   },
默认	18:13:04.588143+0800	Runner	flutter: │                   "type": "PHOTO"
默认	18:13:04.587528+0800	Runner	flutter: │                 },
默认	18:13:04.588186+0800	Runner	flutter: │                 }
默认	18:13:04.587573+0800	Runner	flutter: │                 {
默认	18:13:04.588239+0800	Runner	flutter: │               ],
默认	18:13:04.587616+0800	Runner	flutter: │                   "social_link_query": {
默认	18:13:04.588304+0800	Runner	flutter: │               "is_demo": true,
默认	18:13:04.587661+0800	Runner	flutter: │                     "platform_hint": "tiktok",
默认	18:13:04.588351+0800	Runner	flutter: │               "match_strategy": "UNION"
默认	18:13:04.587713+0800	Runner	flutter: │                     "url": "https://www.tiktok.com/@elonmusk"
默认	18:13:04.588396+0800	Runner	flutter: │             },
默认	18:13:04.587759+0800	Runner	flutter: │                   },
默认	18:13:04.588438+0800	Runner	flutter: │             "sort_order": 50,
默认	18:13:04.587804+0800	Runner	flutter: │                   "type": "SOCIAL_LINK"
默认	18:13:04.588496+0800	Runner	flutter: │             "subtitle": "Entrepreneur, CEO, engineer, public social profiles, and technology career highlights sample.",
默认	18:13:04.587874+0800	Runner	flutter: │                 },
默认	18:13:04.588556+0800	Runner	flutter: │             "thumbnail_url": "https://tool-srv-people-insight-1349591044.cos.na-siliconvalley.myqcloud.com/static/home/sample-thumbnails/elon-musk.jpg",
默认	18:13:04.587923+0800	Runner	flutter: │                 {
默认	18:13:04.588614+0800	Runner	flutter: │             "title": "Elon Musk"
默认	18:13:04.587976+0800	Runner	flutter: │                   "photo_query": {
默认	18:13:04.588663+0800	Runner	flutter: │           }
默认	18:13:04.588032+0800	Runner	flutter: │                     "media_asset_id": "media_sample_elon_musk_face_1",
默认	18:13:04.588076+0800	Runner	flutter: │                     "photo_type_hint": "face"
默认	18:13:04.588716+0800	Runner	flutter: │         ],
默认	18:13:04.588773+0800	Runner	flutter: │         "user_stories": [
默认	18:13:04.588119+0800	Runner	flutter: │                   },
默认	18:13:04.588820+0800	Runner	flutter: │           {
默认	18:13:04.588164+0800	Runner	flutter: │                   "type": "PHOTO"
默认	18:13:04.588208+0800	Runner	flutter: │                 }
默认	18:13:04.588865+0800	Runner	flutter: │             "age": "21",
默认	18:13:04.588911+0800	Runner	flutter: │             "avatar_url": "",
默认	18:13:04.588278+0800	Runner	flutter: │               ],
默认	18:13:04.588326+0800	Runner	flutter: │               "is_demo": true,
默认	18:13:04.588964+0800	Runner	flutter: │             "content": "I felt safer knowing more before we met.",
默认	18:13:04.588373+0800	Runner	flutter: │               "match_strategy": "UNION"
默认	18:13:04.589011+0800	Runner	flutter: │             "display_order": 10,
默认	18:13:04.589055+0800	Runner	flutter: │             "id": "story_001",
默认	18:13:04.588418+0800	Runner	flutter: │             },
默认	18:13:04.588471+0800	Runner	flutter: │             "sort_order": 50,
默认	18:13:04.589102+0800	Runner	flutter: │             "name": "Sarah"
默认	18:13:04.588531+0800	Runner	flutter: │             "subtitle": "Entrepreneur, CEO, engineer, public social profiles, and technology career highlights sample.",
默认	18:13:04.589159+0800	Runner	flutter: │           },
默认	18:13:04.588591+0800	Runner	flutter: │             "thumbnail_url": "https://tool-srv-people-insight-1349591044.cos.na-siliconvalley.myqcloud.com/static/home/sample-thumbnails/elon-musk.jpg",
默认	18:13:04.588637+0800	Runner	flutter: │             "title": "Elon Musk"
默认	18:13:04.588685+0800	Runner	flutter: │           }
默认	18:13:04.588748+0800	Runner	flutter: │         ],
默认	18:13:04.588794+0800	Runner	flutter: │         "user_stories": [
默认	18:13:04.588841+0800	Runner	flutter: │           {
默认	18:13:04.588886+0800	Runner	flutter: │             "age": "21",
默认	18:13:04.588932+0800	Runner	flutter: │             "avatar_url": "",
默认	18:13:04.588987+0800	Runner	flutter: │             "content": "I felt safer knowing more before we met.",
默认	18:13:04.589034+0800	Runner	flutter: │             "display_order": 10,
默认	18:13:04.589080+0800	Runner	flutter: │             "id": "story_001",
默认	18:13:04.589137+0800	Runner	flutter: │             "name": "Sarah"
默认	18:13:04.589195+0800	Runner	flutter: │           },
默认	18:13:04.589238+0800	Runner	flutter: │           {
默认	18:13:04.589296+0800	Runner	flutter: │             "age": "34",
默认	18:13:04.589339+0800	Runner	flutter: │             "avatar_url": "",
默认	18:13:04.589385+0800	Runner	flutter: │             "content": "I uncovered accounts he never mentioned.",
默认	18:13:04.589430+0800	Runner	flutter: │             "display_order": 20,
默认	18:13:04.589217+0800	Runner	flutter: │           {
默认	18:13:04.589273+0800	Runner	flutter: │             "age": "34",
默认	18:13:04.589318+0800	Runner	flutter: │             "avatar_url": "",
默认	18:13:04.589364+0800	Runner	flutter: │             "content": "I uncovered accounts he never mentioned.",
默认	18:13:04.589407+0800	Runner	flutter: │             "display_order": 20,
默认	18:13:04.589467+0800	Runner	flutter: │             "id": "story_002",
默认	18:13:04.589512+0800	Runner	flutter: │             "name": "Michael"
默认	18:13:04.589557+0800	Runner	flutter: │           },
默认	18:13:04.589606+0800	Runner	flutter: │           {
默认	18:13:04.589651+0800	Runner	flutter: │             "age": "26",
默认	18:13:04.589696+0800	Runner	flutter: │             "avatar_url": "",
默认	18:13:04.589750+0800	Runner	flutter: │             "content": "The photos weren't what they seemed.",
默认	18:13:04.589807+0800	Runner	flutter: │             "display_order": 30,
默认	18:13:04.589863+0800	Runner	flutter: │             "id": "story_003",
默认	18:13:04.589906+0800	Runner	flutter: │             "name": "Emily"
默认	18:13:04.589488+0800	Runner	flutter: │             "id": "story_002",
默认	18:13:04.589950+0800	Runner	flutter: │           }
默认	18:13:04.589534+0800	Runner	flutter: │             "name": "Michael"
默认	18:13:04.590012+0800	Runner	flutter: │         ]
默认	18:13:04.589580+0800	Runner	flutter: │           },
默认	18:13:04.590066+0800	Runner	flutter: │       }
默认	18:13:04.589627+0800	Runner	flutter: │           {
默认	18:13:04.590115+0800	Runner	flutter: │     }
默认	18:13:04.589673+0800	Runner	flutter: │             "age": "26",
默认	18:13:04.590162+0800	Runner	flutter: │   ]
默认	18:13:04.589719+0800	Runner	flutter: │             "avatar_url": "",
默认	18:13:04.590204+0800	Runner	flutter: │ }
默认	18:13:04.589771+0800	Runner	flutter: │             "content": "The photos weren't what they seemed.",
默认	18:13:04.590272+0800	Runner	flutter: └───────────────────────────────────────────────────────────────────────────────────────────────────
默认	18:13:04.589833+0800	Runner	flutter: │             "display_order": 30,
默认	18:13:04.589884+0800	Runner	flutter: │             "id": "story_003",
默认	18:13:04.589929+0800	Runner	flutter: │             "name": "Emily"
默认	18:13:04.589972+0800	Runner	flutter: │           }
默认	18:13:04.590037+0800	Runner	flutter: │         ]
默认	18:13:04.590089+0800	Runner	flutter: │       }
默认	18:13:04.590137+0800	Runner	flutter: │     }
默认	18:13:04.590183+0800	Runner	flutter: │   ]
默认	18:13:04.590234+0800	Runner	flutter: │ }
默认	18:13:04.590307+0800	Runner	flutter: └───────────────────────────────────────────────────────────────────────────────────────────────────
默认	18:13:04.837711+0800	Runner	flutter: ┌───────────────────────────────────────────────────────────────────────────────────────────────────
默认	18:13:04.837799+0800	Runner	flutter: │ [HTTP] <-- 200 POST http://gateway.spark-jam.top/gateway/invoke service=tool.identity.IdentityService method=RefreshSession
默认	18:13:04.838006+0800	Runner	flutter: └───────────────────────────────────────────────────────────────────────────────────────────────────
默认	18:13:04.837738+0800	Runner	flutter: ┌───────────────────────────────────────────────────────────────────────────────────────────────────
默认	18:13:04.837830+0800	Runner	flutter: │ [HTTP] <-- 200 POST http://gateway.spark-jam.top/gateway/invoke service=tool.identity.IdentityService method=RefreshSession
默认	18:13:04.838032+0800	Runner	flutter: └───────────────────────────────────────────────────────────────────────────────────────────────────
默认	18:13:04.838244+0800	Runner	flutter: ┌───────────────────────────────────────────────────────────────────────────────────────────────────
默认	18:13:04.838330+0800	Runner	flutter: │ [HTTP] response:
默认	18:13:04.838479+0800	Runner	flutter: │ {
默认	18:13:04.838570+0800	Runner	flutter: │   "code": 0,
默认	18:13:04.838217+0800	Runner	flutter: ┌───────────────────────────────────────────────────────────────────────────────────────────────────
默认	18:13:04.838299+0800	Runner	flutter: │ [HTTP] response:
默认	18:13:04.838443+0800	Runner	flutter: │ {
默认	18:13:04.838543+0800	Runner	flutter: │   "code": 0,
默认	18:13:04.838732+0800	Runner	flutter: │   "message": "ok",
默认	18:13:04.838932+0800	Runner	flutter: │   "request_id": "gw_req_e3109415f5e9e6ff5791456556837250",
默认	18:13:04.839080+0800	Runner	flutter: │   "trace_id": "trace_679d4e6452f6551c91f98dff29f396e6",
默认	18:13:04.839124+0800	Runner	flutter: │   "responses": [
默认	18:13:04.839168+0800	Runner	flutter: │     {
默认	18:13:04.839212+0800	Runner	flutter: │       "id": "req_0",
默认	18:13:04.839262+0800	Runner	flutter: │       "success": false,
默认	18:13:04.839313+0800	Runner	flutter: │       "code": 301002,
默认	18:13:04.839359+0800	Runner	flutter: │       "message": "refresh token is invalid",
默认	18:13:04.838845+0800	Runner	flutter: │   "message": "ok",
默认	18:13:04.838996+0800	Runner	flutter: │   "request_id": "gw_req_e3109415f5e9e6ff5791456556837250",
默认	18:13:04.839102+0800	Runner	flutter: │   "trace_id": "trace_679d4e6452f6551c91f98dff29f396e6",
默认	18:13:04.839145+0800	Runner	flutter: │   "responses": [
默认	18:13:04.839190+0800	Runner	flutter: │     {
默认	18:13:04.839240+0800	Runner	flutter: │       "id": "req_0",
默认	18:13:04.839284+0800	Runner	flutter: │       "success": false,
默认	18:13:04.839335+0800	Runner	flutter: │       "code": 301002,
默认	18:13:04.839425+0800	Runner	flutter: │       "message": "refresh token is invalid",
默认	18:13:04.839534+0800	Runner	flutter: │       "business_error_code": "UNAUTHENTICATED",
默认	18:13:04.839744+0800	Runner	flutter: │       "http_status": 401,
默认	18:13:04.839790+0800	Runner	flutter: │       "data": {
默认	18:13:04.839834+0800	Runner	flutter: │         "error_code": "UNAUTHENTICATED"
默认	18:13:04.839909+0800	Runner	flutter: │       }
默认	18:13:04.839960+0800	Runner	flutter: │     }
默认	18:13:04.839505+0800	Runner	flutter: │       "business_error_code": "UNAUTHENTICATED",
默认	18:13:04.839718+0800	Runner	flutter: │       "http_status": 401,
默认	18:13:04.839767+0800	Runner	flutter: │       "data": {
默认	18:13:04.839812+0800	Runner	flutter: │         "error_code": "UNAUTHENTICATED"
默认	18:13:04.839863+0800	Runner	flutter: │       }
默认	18:13:04.839936+0800	Runner	flutter: │     }
默认	18:13:04.840161+0800	Runner	flutter: │   ]
默认	18:13:04.840235+0800	Runner	flutter: │ }
默认	18:13:04.840291+0800	Runner	flutter: └───────────────────────────────────────────────────────────────────────────────────────────────────
默认	18:13:04.840192+0800	Runner	flutter: │   ]
默认	18:13:04.840266+0800	Runner	flutter: │ }
默认	18:13:04.840321+0800	Runner	flutter: └───────────────────────────────────────────────────────────────────────────────────────────────────
默认	18:13:04.851015+0800	Runner	flutter: ┌───────────────────────────────────────────────────────────────────────────────────────────────────
默认	18:13:04.851134+0800	Runner	flutter: │ [HTTP] --> POST http://gateway.spark-jam.top/gateway/invoke service=tool.identity.IdentityService method=CreateAnonymousSession
默认	18:13:04.851053+0800	Runner	flutter: ┌───────────────────────────────────────────────────────────────────────────────────────────────────
默认	18:13:04.851170+0800	Runner	flutter: │ [HTTP] --> POST http://gateway.spark-jam.top/gateway/invoke service=tool.identity.IdentityService method=CreateAnonymousSession
默认	18:13:04.851224+0800	Runner	flutter: └───────────────────────────────────────────────────────────────────────────────────────────────────
默认	18:13:04.851313+0800	Runner	flutter: ┌───────────────────────────────────────────────────────────────────────────────────────────────────
默认	18:13:04.851366+0800	Runner	flutter: │ [HTTP] request:
默认	18:13:04.851427+0800	Runner	flutter: │ {
默认	18:13:04.851198+0800	Runner	flutter: └───────────────────────────────────────────────────────────────────────────────────────────────────
默认	18:13:04.851279+0800	Runner	flutter: ┌───────────────────────────────────────────────────────────────────────────────────────────────────
默认	18:13:04.851337+0800	Runner	flutter: │ [HTTP] request:
默认	18:13:04.851397+0800	Runner	flutter: │ {
默认	18:13:04.851452+0800	Runner	flutter: │   "comm": {
默认	18:13:04.851500+0800	Runner	flutter: │     "device_id": "3685c5ab-6b76-48ed-9308-91b8f7143353",
默认	18:13:04.851547+0800	Runner	flutter: │     "client_request_id": "crid_1784023984850666",
默认	18:13:04.851593+0800	Runner	flutter: │     "platform": "ios",
默认	18:13:04.851638+0800	Runner	flutter: │     "app_version": "1.0.3",
默认	18:13:04.851686+0800	Runner	flutter: │     "locale": "zh-Hans-CN",
默认	18:13:04.851737+0800	Runner	flutter: │     "country": "CN",
默认	18:13:04.851782+0800	Runner	flutter: │     "timezone": "UTC+08:00"
默认	18:13:04.851475+0800	Runner	flutter: │   "comm": {
默认	18:13:04.851524+0800	Runner	flutter: │     "device_id": "3685c5ab-6b76-48ed-9308-91b8f7143353",
默认	18:13:04.851571+0800	Runner	flutter: │     "client_request_id": "crid_1784023984850666",
默认	18:13:04.851614+0800	Runner	flutter: │     "platform": "ios",
默认	18:13:04.851660+0800	Runner	flutter: │     "app_version": "1.0.3",
默认	18:13:04.851708+0800	Runner	flutter: │     "locale": "zh-Hans-CN",
默认	18:13:04.851758+0800	Runner	flutter: │     "country": "CN",
默认	18:13:04.851804+0800	Runner	flutter: │     "timezone": "UTC+08:00"
默认	18:13:04.851857+0800	Runner	flutter: │   },
默认	18:13:04.851905+0800	Runner	flutter: │   "requests": [
默认	18:13:04.851964+0800	Runner	flutter: │     {
默认	18:13:04.852018+0800	Runner	flutter: │       "id": "req_0",
默认	18:13:04.852063+0800	Runner	flutter: │       "service_name": "tool.identity.IdentityService",
默认	18:13:04.852108+0800	Runner	flutter: │       "method_name": "CreateAnonymousSession",
默认	18:13:04.852154+0800	Runner	flutter: │       "params": {
默认	18:13:04.851825+0800	Runner	flutter: │   },
默认	18:13:04.852201+0800	Runner	flutter: │         "consent_policy_version": "2026-06-08"
默认	18:13:04.852246+0800	Runner	flutter: │       }
默认	18:13:04.851881+0800	Runner	flutter: │   "requests": [
默认	18:13:04.851927+0800	Runner	flutter: │     {
默认	18:13:04.852289+0800	Runner	flutter: │     }
默认	18:13:04.852334+0800	Runner	flutter: │   ]
默认	18:13:04.851994+0800	Runner	flutter: │       "id": "req_0",
默认	18:13:04.852041+0800	Runner	flutter: │       "service_name": "tool.identity.IdentityService",
默认	18:13:04.852380+0800	Runner	flutter: │ }
默认	18:13:04.852087+0800	Runner	flutter: │       "method_name": "CreateAnonymousSession",
默认	18:13:04.852132+0800	Runner	flutter: │       "params": {
默认	18:13:04.852176+0800	Runner	flutter: │         "consent_policy_version": "2026-06-08"
默认	18:13:04.852224+0800	Runner	flutter: │       }
默认	18:13:04.852267+0800	Runner	flutter: │     }
默认	18:13:04.852313+0800	Runner	flutter: │   ]
默认	18:13:04.852359+0800	Runner	flutter: │ }
默认	18:13:04.852421+0800	Runner	flutter: └───────────────────────────────────────────────────────────────────────────────────────────────────
默认	18:13:04.852451+0800	Runner	flutter: └───────────────────────────────────────────────────────────────────────────────────────────────────
默认	18:13:05.074660+0800	Runner	flutter: ┌───────────────────────────────────────────────────────────────────────────────────────────────────
默认	18:13:05.074892+0800	Runner	flutter: ┌───────────────────────────────────────────────────────────────────────────────────────────────────
默认	18:13:05.075248+0800	Runner	flutter: │ [HTTP] <-- 200 POST http://gateway.spark-jam.top/gateway/invoke service=tool.identity.IdentityService method=CreateAnonymousSession
默认	18:13:05.075400+0800	Runner	flutter: │ [HTTP] <-- 200 POST http://gateway.spark-jam.top/gateway/invoke service=tool.identity.IdentityService method=CreateAnonymousSession
默认	18:13:05.075581+0800	Runner	flutter: └───────────────────────────────────────────────────────────────────────────────────────────────────
默认	18:13:05.075504+0800	Runner	flutter: └───────────────────────────────────────────────────────────────────────────────────────────────────
默认	18:13:05.075656+0800	Runner	flutter: ┌───────────────────────────────────────────────────────────────────────────────────────────────────
默认	18:13:05.075730+0800	Runner	flutter: ┌───────────────────────────────────────────────────────────────────────────────────────────────────
默认	18:13:05.075817+0800	Runner	flutter: │ [HTTP] response:
默认	18:13:05.075901+0800	Runner	flutter: │ [HTTP] response:
默认	18:13:05.075985+0800	Runner	flutter: │ {
默认	18:13:05.076081+0800	Runner	flutter: │ {
默认	18:13:05.076163+0800	Runner	flutter: │   "code": 0,
默认	18:13:05.076270+0800	Runner	flutter: │   "code": 0,
默认	18:13:05.076443+0800	Runner	flutter: │   "message": "ok",
默认	18:13:05.076368+0800	Runner	flutter: │   "message": "ok",
默认	18:13:05.076940+0800	Runner	flutter: │   "request_id": "gw_req_444dc97dd35d4298d458f62aa718d6bd",
默认	18:13:05.076858+0800	Runner	flutter: │   "request_id": "gw_req_444dc97dd35d4298d458f62aa718d6bd",
默认	18:13:05.077193+0800	Runner	flutter: │   "trace_id": "trace_bb8eda4f9dcab7e9348754f7e4bb9dbe",
默认	18:13:05.077703+0800	Runner	flutter: │   "responses": [
默认	18:13:05.078062+0800	Runner	flutter: │     {
默认	18:13:05.078246+0800	Runner	flutter: │       "id": "req_0",
默认	18:13:05.078403+0800	Runner	flutter: │       "success": true,
默认	18:13:05.078555+0800	Runner	flutter: │       "code": 0,
默认	18:13:05.078706+0800	Runner	flutter: │       "message": "ok",
默认	18:13:05.077562+0800	Runner	flutter: │   "trace_id": "trace_bb8eda4f9dcab7e9348754f7e4bb9dbe",
默认	18:13:05.078962+0800	Runner	flutter: │       "data": {
默认	18:13:05.077946+0800	Runner	flutter: │   "responses": [
默认	18:13:05.078159+0800	Runner	flutter: │     {
默认	18:13:05.079118+0800	Runner	flutter: │         "access_token": "anon.dXNlcl8wNTNiZmExZTA0ZWJlNDc3MzFmNTc0YWU.8ef1dd2d7c9ab7acb92d75bc97a898af",
默认	18:13:05.078320+0800	Runner	flutter: │       "id": "req_0",
默认	18:13:05.078478+0800	Runner	flutter: │       "success": true,
默认	18:13:05.079291+0800	Runner	flutter: │         "expires_time": 1784628785557,
默认	18:13:05.079441+0800	Runner	flutter: │         "is_new_user": false,
默认	18:13:05.079587+0800	Runner	flutter: │         "refresh_expires_time": 1799575985557,
默认	18:13:05.079735+0800	Runner	flutter: │         "refresh_token": "refresh.kTR4r4qx81Euwrtfhbw3QwC_WBzuZwikdjYtHtpkqEs",
默认	18:13:05.078629+0800	Runner	flutter: │       "code": 0,
默认	18:13:05.079888+0800	Runner	flutter: │         "user_id": "user_053bfa1e04ebe47731f574ae"
默认	18:13:05.078869+0800	Runner	flutter: │       "message": "ok",
默认	18:13:05.080035+0800	Runner	flutter: │       }
默认	18:13:05.079041+0800	Runner	flutter: │       "data": {
默认	18:13:05.080199+0800	Runner	flutter: │     }
默认	18:13:05.079204+0800	Runner	flutter: │         "access_token": "anon.dXNlcl8wNTNiZmExZTA0ZWJlNDc3MzFmNTc0YWU.8ef1dd2d7c9ab7acb92d75bc97a898af",
默认	18:13:05.079365+0800	Runner	flutter: │         "expires_time": 1784628785557,
默认	18:13:05.080348+0800	Runner	flutter: │   ]
默认	18:13:05.079514+0800	Runner	flutter: │         "is_new_user": false,
默认	18:13:05.079660+0800	Runner	flutter: │         "refresh_expires_time": 1799575985557,
默认	18:13:05.079811+0800	Runner	flutter: │         "refresh_token": "refresh.kTR4r4qx81Euwrtfhbw3QwC_WBzuZwikdjYtHtpkqEs",
默认	18:13:05.079962+0800	Runner	flutter: │         "user_id": "user_053bfa1e04ebe47731f574ae"
默认	18:13:05.080117+0800	Runner	flutter: │       }
默认	18:13:05.080274+0800	Runner	flutter: │     }
默认	18:13:05.080447+0800	Runner	flutter: │   ]
默认	18:13:05.080807+0800	Runner	flutter: │ }
默认	18:13:05.080935+0800	Runner	flutter: └───────────────────────────────────────────────────────────────────────────────────────────────────
默认	18:13:05.080733+0800	Runner	flutter: │ }
默认	18:13:05.080869+0800	Runner	flutter: └───────────────────────────────────────────────────────────────────────────────────────────────────
默认	18:13:05.113094+0800	Runner	flutter: ┌───────────────────────────────────────────────────────────────────────────────────────────────────
默认	18:13:05.113157+0800	Runner	flutter: │ [HTTP] --> POST http://gateway.spark-jam.top/gateway/invoke service=tool.identity.IdentityService method=GetMe
默认	18:13:05.113212+0800	Runner	flutter: └───────────────────────────────────────────────────────────────────────────────────────────────────
默认	18:13:05.113289+0800	Runner	flutter: ┌───────────────────────────────────────────────────────────────────────────────────────────────────
默认	18:13:05.113364+0800	Runner	flutter: │ [HTTP] request:
默认	18:13:05.113131+0800	Runner	flutter: ┌───────────────────────────────────────────────────────────────────────────────────────────────────
默认	18:13:05.113428+0800	Runner	flutter: │ {
默认	18:13:05.113187+0800	Runner	flutter: │ [HTTP] --> POST http://gateway.spark-jam.top/gateway/invoke service=tool.identity.IdentityService method=GetMe
默认	18:13:05.113481+0800	Runner	flutter: │   "comm": {
默认	18:13:05.113235+0800	Runner	flutter: └───────────────────────────────────────────────────────────────────────────────────────────────────
默认	18:13:05.113528+0800	Runner	flutter: │     "auth_token": "anon.dXNlcl8wNTNiZmExZTA0ZWJlNDc3MzFmNTc0YWU.8ef1dd2d7c9ab7acb92d75bc97a898af",
默认	18:13:05.113579+0800	Runner	flutter: │     "user_id": "user_053bfa1e04ebe47731f574ae",
默认	18:13:05.113312+0800	Runner	flutter: ┌───────────────────────────────────────────────────────────────────────────────────────────────────
默认	18:13:05.113625+0800	Runner	flutter: │     "device_id": "3685c5ab-6b76-48ed-9308-91b8f7143353",
默认	18:13:05.113399+0800	Runner	flutter: │ [HTTP] request:
默认	18:13:05.113456+0800	Runner	flutter: │ {
默认	18:13:05.113671+0800	Runner	flutter: │     "client_request_id": "crid_1784023985109896",
默认	18:13:05.113502+0800	Runner	flutter: │   "comm": {
默认	18:13:05.113771+0800	Runner	flutter: │     "platform": "ios",
默认	18:13:05.113550+0800	Runner	flutter: │     "auth_token": "anon.dXNlcl8wNTNiZmExZTA0ZWJlNDc3MzFmNTc0YWU.8ef1dd2d7c9ab7acb92d75bc97a898af",
默认	18:13:05.113820+0800	Runner	flutter: │     "app_version": "1.0.3",
默认	18:13:05.113601+0800	Runner	flutter: │     "user_id": "user_053bfa1e04ebe47731f574ae",
默认	18:13:05.113864+0800	Runner	flutter: │     "locale": "zh-Hans-CN",
默认	18:13:05.113646+0800	Runner	flutter: │     "device_id": "3685c5ab-6b76-48ed-9308-91b8f7143353",
默认	18:13:05.113909+0800	Runner	flutter: │     "country": "CN",
默认	18:13:05.113953+0800	Runner	flutter: │     "timezone": "UTC+08:00"
默认	18:13:05.113696+0800	Runner	flutter: │     "client_request_id": "crid_1784023985109896",
默认	18:13:05.113997+0800	Runner	flutter: │   },
默认	18:13:05.113795+0800	Runner	flutter: │     "platform": "ios",
默认	18:13:05.114043+0800	Runner	flutter: │   "requests": [
默认	18:13:05.114093+0800	Runner	flutter: │     {
默认	18:13:05.113842+0800	Runner	flutter: │     "app_version": "1.0.3",
默认	18:13:05.113886+0800	Runner	flutter: │     "locale": "zh-Hans-CN",
默认	18:13:05.114142+0800	Runner	flutter: │       "id": "req_0",
默认	18:13:05.114193+0800	Runner	flutter: │       "service_name": "tool.identity.IdentityService",
默认	18:13:05.113930+0800	Runner	flutter: │     "country": "CN",
默认	18:13:05.114238+0800	Runner	flutter: │       "method_name": "GetMe",
默认	18:13:05.113975+0800	Runner	flutter: │     "timezone": "UTC+08:00"
默认	18:13:05.114018+0800	Runner	flutter: │   },
默认	18:13:05.114281+0800	Runner	flutter: │       "params": {}
默认	18:13:05.114329+0800	Runner	flutter: │     }
默认	18:13:05.114065+0800	Runner	flutter: │   "requests": [
默认	18:13:05.114119+0800	Runner	flutter: │     {
默认	18:13:05.114372+0800	Runner	flutter: │   ]
默认	18:13:05.114167+0800	Runner	flutter: │       "id": "req_0",
默认	18:13:05.114422+0800	Runner	flutter: │ }
默认	18:13:05.114216+0800	Runner	flutter: │       "service_name": "tool.identity.IdentityService",
默认	18:13:05.114469+0800	Runner	flutter: └───────────────────────────────────────────────────────────────────────────────────────────────────
默认	18:13:05.114259+0800	Runner	flutter: │       "method_name": "GetMe",
默认	18:13:05.114305+0800	Runner	flutter: │       "params": {}
默认	18:13:05.114351+0800	Runner	flutter: │     }
默认	18:13:05.114394+0800	Runner	flutter: │   ]
默认	18:13:05.114444+0800	Runner	flutter: │ }
默认	18:13:05.114504+0800	Runner	flutter: └───────────────────────────────────────────────────────────────────────────────────────────────────
默认	18:13:05.312050+0800	Runner	flutter: ┌───────────────────────────────────────────────────────────────────────────────────────────────────
默认	18:13:05.312099+0800	Runner	flutter: │ [HTTP] <-- 200 POST http://gateway.spark-jam.top/gateway/invoke service=tool.identity.IdentityService method=GetMe
默认	18:13:05.312146+0800	Runner	flutter: └───────────────────────────────────────────────────────────────────────────────────────────────────
默认	18:13:05.312017+0800	Runner	flutter: ┌───────────────────────────────────────────────────────────────────────────────────────────────────
默认	18:13:05.312073+0800	Runner	flutter: │ [HTTP] <-- 200 POST http://gateway.spark-jam.top/gateway/invoke service=tool.identity.IdentityService method=GetMe
默认	18:13:05.312124+0800	Runner	flutter: └───────────────────────────────────────────────────────────────────────────────────────────────────
默认	18:13:05.312556+0800	Runner	flutter: ┌───────────────────────────────────────────────────────────────────────────────────────────────────
默认	18:13:05.312607+0800	Runner	flutter: │ [HTTP] response:
默认	18:13:05.312653+0800	Runner	flutter: │ {
默认	18:13:05.312711+0800	Runner	flutter: │   "code": 0,
默认	18:13:05.312964+0800	Runner	flutter: │   "message": "ok",
默认	18:13:05.313061+0800	Runner	flutter: │   "request_id": "gw_req_9368ae1cc9fd9d445575d9188b784795",
默认	18:13:05.312582+0800	Runner	flutter: ┌───────────────────────────────────────────────────────────────────────────────────────────────────
默认	18:13:05.313159+0800	Runner	flutter: │   "trace_id": "trace_e0634c42c0796ef5d5847f049de9977f",
默认	18:13:05.312628+0800	Runner	flutter: │ [HTTP] response:
默认	18:13:05.313205+0800	Runner	flutter: │   "responses": [
默认	18:13:05.312683+0800	Runner	flutter: │ {
默认	18:13:05.313250+0800	Runner	flutter: │     {
默认	18:13:05.312733+0800	Runner	flutter: │   "code": 0,
默认	18:13:05.313293+0800	Runner	flutter: │       "id": "req_0",
默认	18:13:05.313343+0800	Runner	flutter: │       "success": true,
默认	18:13:05.312987+0800	Runner	flutter: │   "message": "ok",
默认	18:13:05.313386+0800	Runner	flutter: │       "code": 0,
默认	18:13:05.313083+0800	Runner	flutter: │   "request_id": "gw_req_9368ae1cc9fd9d445575d9188b784795",
默认	18:13:05.313431+0800	Runner	flutter: │       "message": "ok",
默认	18:13:05.313474+0800	Runner	flutter: │       "data": {
默认	18:13:05.313183+0800	Runner	flutter: │   "trace_id": "trace_e0634c42c0796ef5d5847f049de9977f",
默认	18:13:05.313518+0800	Runner	flutter: │         "acquisition_summary": {
默认	18:13:05.313226+0800	Runner	flutter: │   "responses": [
默认	18:13:05.313271+0800	Runner	flutter: │     {
默认	18:13:05.313561+0800	Runner	flutter: │           "channel": "Organic",
默认	18:13:05.313319+0800	Runner	flutter: │       "id": "req_0",
默认	18:13:05.313653+0800	Runner	flutter: │           "channel_code": "Organic",
默认	18:13:05.313364+0800	Runner	flutter: │       "success": true,
默认	18:13:05.313698+0800	Runner	flutter: │           "report_time": 1783678334087,
默认	18:13:05.313409+0800	Runner	flutter: │       "code": 0,
默认	18:13:05.313452+0800	Runner	flutter: │       "message": "ok",
默认	18:13:05.313741+0800	Runner	flutter: │           "source": "Organic",
默认	18:13:05.313496+0800	Runner	flutter: │       "data": {
默认	18:13:05.313786+0800	Runner	flutter: │           "sub_channel": "",
默认	18:13:05.313539+0800	Runner	flutter: │         "acquisition_summary": {
默认	18:13:05.313878+0800	Runner	flutter: │           "sub_channel_code": ""
默认	18:13:05.313585+0800	Runner	flutter: │           "channel": "Organic",
默认	18:13:05.313922+0800	Runner	flutter: │         },
默认	18:13:05.314141+0800	Runner	flutter: │         "consent_policy_version": "2026-06-08",
默认	18:13:05.313676+0800	Runner	flutter: │           "channel_code": "Organic",
默认	18:13:05.313719+0800	Runner	flutter: │           "report_time": 1783678334087,
默认	18:13:05.314352+0800	Runner	flutter: │         "create_time": 1783156880851,
默认	18:13:05.313764+0800	Runner	flutter: │           "source": "Organic",
默认	18:13:05.314399+0800	Runner	flutter: │         "device_id": "3685c5ab-6b76-48ed-9308-91b8f7143353",
默认	18:13:05.313853+0800	Runner	flutter: │           "sub_channel": "",
默认	18:13:05.314443+0800	Runner	flutter: │         "profile_summary": {
默认	18:13:05.313900+0800	Runner	flutter: │           "sub_channel_code": ""
默认	18:13:05.314488+0800	Runner	flutter: │           "bucket": "bucket_10",
默认	18:13:05.314543+0800	Runner	flutter: │           "country": "CN",
默认	18:13:05.313945+0800	Runner	flutter: │         },
默认	18:13:05.314589+0800	Runner	flutter: │           "last_app_version": "1.0.3",
默认	18:13:05.314171+0800	Runner	flutter: │         "consent_policy_version": "2026-06-08",
默认	18:13:05.314692+0800	Runner	flutter: │           "last_ip": "43.173.72.75",
默认	18:13:05.314374+0800	Runner	flutter: │         "create_time": 1783156880851,
默认	18:13:05.314738+0800	Runner	flutter: │           "last_platform": "ios",
默认	18:13:05.314420+0800	Runner	flutter: │         "device_id": "3685c5ab-6b76-48ed-9308-91b8f7143353",
默认	18:13:05.314465+0800	Runner	flutter: │         "profile_summary": {
默认	18:13:05.314783+0800	Runner	flutter: │           "last_seen_time": 1784023985557,
默认	18:13:05.314511+0800	Runner	flutter: │           "bucket": "bucket_10",
默认	18:13:05.314863+0800	Runner	flutter: │           "recharge_cnt": 0,
默认	18:13:05.314565+0800	Runner	flutter: │           "country": "CN",
默认	18:13:05.314909+0800	Runner	flutter: │           "recharge_total_micros": 0
默认	18:13:05.314611+0800	Runner	flutter: │           "last_app_version": "1.0.3",
默认	18:13:05.314954+0800	Runner	flutter: │         },
默认	18:13:05.314714+0800	Runner	flutter: │           "last_ip": "43.173.72.75",
默认	18:13:05.314759+0800	Runner	flutter: │           "last_platform": "ios",
默认	18:13:05.315023+0800	Runner	flutter: │         "subscription_summary": {
默认	18:13:05.315068+0800	Runner	flutter: │           "expires_time": 1784022320000,
默认	18:13:05.314805+0800	Runner	flutter: │           "last_seen_time": 1784023985557,
默认	18:13:05.315114+0800	Runner	flutter: │           "plan_code": "basic",
默认	18:13:05.314887+0800	Runner	flutter: │           "recharge_cnt": 0,
默认	18:13:05.314932+0800	Runner	flutter: │           "recharge_total_micros": 0
默认	18:13:05.315160+0800	Runner	flutter: │           "product_code": "people_insight",
默认	18:13:05.315252+0800	Runner	flutter: │           "subscription_status": "expired"
默认	18:13:05.314999+0800	Runner	flutter: │         },
默认	18:13:05.315309+0800	Runner	flutter: │         },
默认	18:13:05.315046+0800	Runner	flutter: │         "subscription_summary": {
默认	18:13:05.315089+0800	Runner	flutter: │           "expires_time": 1784022320000,
默认	18:13:05.315354+0800	Runner	flutter: │         "user_id": "user_053bfa1e04ebe47731f574ae",
默认	18:13:05.315398+0800	Runner	flutter: │         "user_type": "anonymous"
默认	18:13:05.315135+0800	Runner	flutter: │           "plan_code": "basic",
默认	18:13:05.315443+0800	Runner	flutter: │       }
默认	18:13:05.315182+0800	Runner	flutter: │           "product_code": "people_insight",
默认	18:13:05.315488+0800	Runner	flutter: │     }
默认	18:13:05.315284+0800	Runner	flutter: │           "subscription_status": "expired"
默认	18:13:05.315531+0800	Runner	flutter: │   ]
默认	18:13:05.315330+0800	Runner	flutter: │         },
默认	18:13:05.315576+0800	Runner	flutter: │ }
默认	18:13:05.315376+0800	Runner	flutter: │         "user_id": "user_053bfa1e04ebe47731f574ae",
默认	18:13:05.315625+0800	Runner	flutter: └───────────────────────────────────────────────────────────────────────────────────────────────────
默认	18:13:05.315421+0800	Runner	flutter: │         "user_type": "anonymous"
默认	18:13:05.315465+0800	Runner	flutter: │       }
默认	18:13:05.315510+0800	Runner	flutter: │     }
默认	18:13:05.315552+0800	Runner	flutter: │   ]
默认	18:13:05.315603+0800	Runner	flutter: │ }
默认	18:13:05.315707+0800	Runner	flutter: └───────────────────────────────────────────────────────────────────────────────────────────────────
默认	18:13:05.324835+0800	Runner	flutter: ┌───────────────────────────────────────────────────────────────────────────────────────────────────
默认	18:13:05.324865+0800	Runner	flutter: ┌───────────────────────────────────────────────────────────────────────────────────────────────────
默认	18:13:05.324982+0800	Runner	flutter: │ [HTTP] --> POST http://gateway.spark-jam.top/gateway/invoke service=tool.subscription.SubscriptionService method=GetSubscriptionStatus
默认	18:13:05.325011+0800	Runner	flutter: │ [HTTP] --> POST http://gateway.spark-jam.top/gateway/invoke service=tool.subscription.SubscriptionService method=GetSubscriptionStatus
默认	18:13:05.325037+0800	Runner	flutter: └───────────────────────────────────────────────────────────────────────────────────────────────────
默认	18:13:05.325057+0800	Runner	flutter: └───────────────────────────────────────────────────────────────────────────────────────────────────
默认	18:13:05.325340+0800	Runner	flutter: ┌───────────────────────────────────────────────────────────────────────────────────────────────────
默认	18:13:05.325361+0800	Runner	flutter: ┌───────────────────────────────────────────────────────────────────────────────────────────────────
默认	18:13:05.325443+0800	Runner	flutter: │ [HTTP] request:
默认	18:13:05.325519+0800	Runner	flutter: │ {
默认	18:13:05.325465+0800	Runner	flutter: │ [HTTP] request:
默认	18:13:05.325584+0800	Runner	flutter: │   "comm": {
默认	18:13:05.325690+0800	Runner	flutter: │     "auth_token": "anon.dXNlcl8wNTNiZmExZTA0ZWJlNDc3MzFmNTc0YWU.8ef1dd2d7c9ab7acb92d75bc97a898af",
默认	18:13:05.325736+0800	Runner	flutter: │     "user_id": "user_053bfa1e04ebe47731f574ae",
默认	18:13:05.325783+0800	Runner	flutter: │     "device_id": "3685c5ab-6b76-48ed-9308-91b8f7143353",
默认	18:13:05.325555+0800	Runner	flutter: │ {
默认	18:13:05.325609+0800	Runner	flutter: │   "comm": {
默认	18:13:05.325712+0800	Runner	flutter: │     "auth_token": "anon.dXNlcl8wNTNiZmExZTA0ZWJlNDc3MzFmNTc0YWU.8ef1dd2d7c9ab7acb92d75bc97a898af",
默认	18:13:05.325759+0800	Runner	flutter: │     "user_id": "user_053bfa1e04ebe47731f574ae",
默认	18:13:05.325804+0800	Runner	flutter: │     "device_id": "3685c5ab-6b76-48ed-9308-91b8f7143353",
默认	18:13:05.325937+0800	Runner	flutter: │     "client_request_id": "crid_1784023985314314",
默认	18:13:05.325983+0800	Runner	flutter: │     "platform": "ios",
默认	18:13:05.326028+0800	Runner	flutter: │     "app_version": "1.0.3",
默认	18:13:05.326071+0800	Runner	flutter: │     "locale": "zh-Hans-CN",
默认	18:13:05.326116+0800	Runner	flutter: │     "country": "CN",
默认	18:13:05.326159+0800	Runner	flutter: │     "timezone": "UTC+08:00"
默认	18:13:05.326204+0800	Runner	flutter: │   },
默认	18:13:05.326247+0800	Runner	flutter: │   "requests": [
默认	18:13:05.326291+0800	Runner	flutter: │     {
默认	18:13:05.325915+0800	Runner	flutter: │     "client_request_id": "crid_1784023985314314",
默认	18:13:05.326338+0800	Runner	flutter: │       "id": "req_0",
默认	18:13:05.325959+0800	Runner	flutter: │     "platform": "ios",
默认	18:13:05.326381+0800	Runner	flutter: │       "service_name": "tool.subscription.SubscriptionService",
默认	18:13:05.326004+0800	Runner	flutter: │     "app_version": "1.0.3",
默认	18:13:05.326426+0800	Runner	flutter: │       "method_name": "GetSubscriptionStatus",
默认	18:13:05.326050+0800	Runner	flutter: │     "locale": "zh-Hans-CN",
默认	18:13:05.326469+0800	Runner	flutter: │       "params": {
默认	18:13:05.326093+0800	Runner	flutter: │     "country": "CN",
默认	18:13:05.326514+0800	Runner	flutter: │         "product_code": "people_insight",
默认	18:13:05.326138+0800	Runner	flutter: │     "timezone": "UTC+08:00"
默认	18:13:05.326556+0800	Runner	flutter: │         "scenario": "app_resume"
默认	18:13:05.326181+0800	Runner	flutter: │   },
默认	18:13:05.326601+0800	Runner	flutter: │       }
默认	18:13:05.326225+0800	Runner	flutter: │   "requests": [
默认	18:13:05.326643+0800	Runner	flutter: │     }
默认	18:13:05.326270+0800	Runner	flutter: │     {
默认	18:13:05.326688+0800	Runner	flutter: │   ]
默认	18:13:05.326316+0800	Runner	flutter: │       "id": "req_0",
默认	18:13:05.326738+0800	Runner	flutter: │ }
默认	18:13:05.326360+0800	Runner	flutter: │       "service_name": "tool.subscription.SubscriptionService",
默认	18:13:05.326788+0800	Runner	flutter: └───────────────────────────────────────────────────────────────────────────────────────────────────
默认	18:13:05.326404+0800	Runner	flutter: │       "method_name": "GetSubscriptionStatus",
默认	18:13:05.326447+0800	Runner	flutter: │       "params": {
默认	18:13:05.326492+0800	Runner	flutter: │         "product_code": "people_insight",
默认	18:13:05.326535+0800	Runner	flutter: │         "scenario": "app_resume"
默认	18:13:05.326579+0800	Runner	flutter: │       }
默认	18:13:05.326622+0800	Runner	flutter: │     }
默认	18:13:05.326666+0800	Runner	flutter: │   ]
默认	18:13:05.326709+0800	Runner	flutter: │ }
默认	18:13:05.326762+0800	Runner	flutter: └───────────────────────────────────────────────────────────────────────────────────────────────────
默认	18:13:05.517368+0800	Runner	flutter: ┌───────────────────────────────────────────────────────────────────────────────────────────────────
默认	18:13:05.517282+0800	Runner	flutter: ┌───────────────────────────────────────────────────────────────────────────────────────────────────
默认	18:13:05.517455+0800	Runner	flutter: │ [HTTP] <-- 200 POST http://gateway.spark-jam.top/gateway/invoke service=tool.subscription.SubscriptionService method=GetSubscriptionStatus
默认	18:13:05.517414+0800	Runner	flutter: │ [HTTP] <-- 200 POST http://gateway.spark-jam.top/gateway/invoke service=tool.subscription.SubscriptionService method=GetSubscriptionStatus
默认	18:13:05.517533+0800	Runner	flutter: └───────────────────────────────────────────────────────────────────────────────────────────────────
默认	18:13:05.517558+0800	Runner	flutter: └───────────────────────────────────────────────────────────────────────────────────────────────────
默认	18:13:05.517620+0800	Runner	flutter: ┌───────────────────────────────────────────────────────────────────────────────────────────────────
默认	18:13:05.517580+0800	Runner	flutter: ┌───────────────────────────────────────────────────────────────────────────────────────────────────
默认	18:13:05.517724+0800	Runner	flutter: │ [HTTP] response:
默认	18:13:05.517694+0800	Runner	flutter: │ [HTTP] response:
默认	18:13:05.517777+0800	Runner	flutter: │ {
默认	18:13:05.517749+0800	Runner	flutter: │ {
默认	18:13:05.517838+0800	Runner	flutter: │   "code": 0,
默认	18:13:05.517802+0800	Runner	flutter: │   "code": 0,
默认	18:13:05.517894+0800	Runner	flutter: │   "message": "ok",
默认	18:13:05.517869+0800	Runner	flutter: │   "message": "ok",
默认	18:13:05.517940+0800	Runner	flutter: │   "request_id": "gw_req_1ce62866db1b3cc201294633b39a0fc9",
默认	18:13:05.517919+0800	Runner	flutter: │   "request_id": "gw_req_1ce62866db1b3cc201294633b39a0fc9",
默认	18:13:05.517996+0800	Runner	flutter: │   "trace_id": "trace_814e6c51e92d7564c2a9fb5a3b0f9f28",
默认	18:13:05.517967+0800	Runner	flutter: │   "trace_id": "trace_814e6c51e92d7564c2a9fb5a3b0f9f28",
默认	18:13:05.518053+0800	Runner	flutter: │   "responses": [
默认	18:13:05.518024+0800	Runner	flutter: │   "responses": [
默认	18:13:05.518110+0800	Runner	flutter: │     {
默认	18:13:05.518081+0800	Runner	flutter: │     {
默认	18:13:05.518142+0800	Runner	flutter: │       "id": "req_0",
默认	18:13:05.518172+0800	Runner	flutter: │       "id": "req_0",
默认	18:13:05.518228+0800	Runner	flutter: │       "success": true,
默认	18:13:05.518199+0800	Runner	flutter: │       "success": true,
默认	18:13:05.518285+0800	Runner	flutter: │       "code": 0,
默认	18:13:05.518256+0800	Runner	flutter: │       "code": 0,
默认	18:13:05.518313+0800	Runner	flutter: │       "message": "ok",
默认	18:13:05.518341+0800	Runner	flutter: │       "message": "ok",
默认	18:13:05.518481+0800	Runner	flutter: │       "data": {
默认	18:13:05.518553+0800	Runner	flutter: │         "entitlement": {
默认	18:13:05.518625+0800	Runner	flutter: │           "can_start_search": false,
默认	18:13:05.518713+0800	Runner	flutter: │           "concurrency_remaining": 0,
默认	18:13:05.518775+0800	Runner	flutter: │           "decision": "SUBSCRIPTION_EXPIRED",
默认	18:13:05.518522+0800	Runner	flutter: │       "data": {
默认	18:13:05.518831+0800	Runner	flutter: │           "expires_time": 1784022320000,
默认	18:13:05.518593+0800	Runner	flutter: │         "entitlement": {
默认	18:13:05.518888+0800	Runner	flutter: │           "plan_code": "basic",
默认	18:13:05.518667+0800	Runner	flutter: │           "can_start_search": false,
默认	18:13:05.518944+0800	Runner	flutter: │           "product_code": "people_insight",
默认	18:13:05.518745+0800	Runner	flutter: │           "concurrency_remaining": 0,
默认	18:13:05.519000+0800	Runner	flutter: │           "quota_remaining": 0,
默认	18:13:05.518804+0800	Runner	flutter: │           "decision": "SUBSCRIPTION_EXPIRED",
默认	18:13:05.519057+0800	Runner	flutter: │           "subscription_status": "expired",
默认	18:13:05.518860+0800	Runner	flutter: │           "expires_time": 1784022320000,
默认	18:13:05.519112+0800	Runner	flutter: │           "vip_level": 1
默认	18:13:05.518917+0800	Runner	flutter: │           "plan_code": "basic",
默认	18:13:05.519167+0800	Runner	flutter: │         },
默认	18:13:05.518971+0800	Runner	flutter: │           "product_code": "people_insight",
默认	18:13:05.519234+0800	Runner	flutter: │         "expires_time": 1784022320000,
默认	18:13:05.519027+0800	Runner	flutter: │           "quota_remaining": 0,
默认	18:13:05.519295+0800	Runner	flutter: │         "has_active_subscription": false,
默认	18:13:05.519083+0800	Runner	flutter: │           "subscription_status": "expired",
默认	18:13:05.519351+0800	Runner	flutter: │         "plan_code": "basic",
默认	18:13:05.519407+0800	Runner	flutter: │         "product_code": "people_insight",
默认	18:13:05.519140+0800	Runner	flutter: │           "vip_level": 1
默认	18:13:05.519462+0800	Runner	flutter: │         "subscription_status": "expired",
默认	18:13:05.519201+0800	Runner	flutter: │         },
默认	18:13:05.519516+0800	Runner	flutter: │         "tier_code": "vip1",
默认	18:13:05.519262+0800	Runner	flutter: │         "expires_time": 1784022320000,
默认	18:13:05.519572+0800	Runner	flutter: │         "unavailable_reason": "subscription_expired",
默认	18:13:05.519324+0800	Runner	flutter: │         "has_active_subscription": false,
默认	18:13:05.519627+0800	Runner	flutter: │         "vip_level": 1
默认	18:13:05.519378+0800	Runner	flutter: │         "plan_code": "basic",
默认	18:13:05.519682+0800	Runner	flutter: │       }
默认	18:13:05.519433+0800	Runner	flutter: │         "product_code": "people_insight",
默认	18:13:05.519737+0800	Runner	flutter: │     }
默认	18:13:05.519489+0800	Runner	flutter: │         "subscription_status": "expired",
默认	18:13:05.519793+0800	Runner	flutter: │   ]
默认	18:13:05.519543+0800	Runner	flutter: │         "tier_code": "vip1",
默认	18:13:05.519598+0800	Runner	flutter: │         "unavailable_reason": "subscription_expired",
默认	18:13:05.519848+0800	Runner	flutter: │ }
默认	18:13:05.519654+0800	Runner	flutter: │         "vip_level": 1
默认	18:13:05.519917+0800	Runner	flutter: └───────────────────────────────────────────────────────────────────────────────────────────────────
默认	18:13:05.519710+0800	Runner	flutter: │       }
默认	18:13:05.519764+0800	Runner	flutter: │     }
默认	18:13:05.519819+0800	Runner	flutter: │   ]
默认	18:13:05.519884+0800	Runner	flutter: │ }
默认	18:13:05.519949+0800	Runner	flutter: └───────────────────────────────────────────────────────────────────────────────────────────────────
默认	18:13:05.521131+0800	Runner	flutter: ┌───────────────────────────────────────────────────────────────────────────────────────────────────
默认	18:13:05.521194+0800	Runner	flutter: │ [SubPurchase] coordinator.recoverUnfinished.start trigger=app_resume products=0
默认	18:13:05.521261+0800	Runner	flutter: └───────────────────────────────────────────────────────────────────────────────────────────────────
默认	18:13:05.521318+0800	Runner	flutter: ┌───────────────────────────────────────────────────────────────────────────────────────────────────
默认	18:13:05.521377+0800	Runner	flutter: │ [SubPurchase] storekitRecovery.queryUnfinishedAll.start
默认	18:13:05.521164+0800	Runner	flutter: ┌───────────────────────────────────────────────────────────────────────────────────────────────────
默认	18:13:05.521431+0800	Runner	flutter: └───────────────────────────────────────────────────────────────────────────────────────────────────
默认	18:13:05.521229+0800	Runner	flutter: │ [SubPurchase] coordinator.recoverUnfinished.start trigger=app_resume products=0
默认	18:13:05.521290+0800	Runner	flutter: └───────────────────────────────────────────────────────────────────────────────────────────────────
默认	18:13:05.521347+0800	Runner	flutter: ┌───────────────────────────────────────────────────────────────────────────────────────────────────
默认	18:13:05.521403+0800	Runner	flutter: │ [SubPurchase] storekitRecovery.queryUnfinishedAll.start
默认	18:13:05.521454+0800	Runner	flutter: └───────────────────────────────────────────────────────────────────────────────────────────────────
