默认	11:28:14.411798+0800	Runner	flutter: ┌───────────────────────────────────────────────────────────────────────────────────────────────────
默认	11:28:14.411875+0800	Runner	flutter: │ [EventTracking] name=account_restore_click id=dc41ed58-4485-475d-a355-f2dd896e10c5 time=1783654094409 props={}
默认	11:28:14.412024+0800	Runner	flutter: └───────────────────────────────────────────────────────────────────────────────────────────────────
默认	11:28:14.412117+0800	Runner	flutter: ┌───────────────────────────────────────────────────────────────────────────────────────────────────
默认	11:28:14.412205+0800	Runner	flutter: │ [EventTracking] name=app_page_stay id=efdae533-6bb2-48fb-bc82-79450c394d8e time=1783654094411 props={"page_from":"account","duration_s":5}
默认	11:28:14.414290+0800	Runner	flutter: └───────────────────────────────────────────────────────────────────────────────────────────────────
默认	11:28:14.433712+0800	Runner	flutter: ┌───────────────────────────────────────────────────────────────────────────────────────────────────
默认	11:28:14.433739+0800	Runner	flutter: │ [HTTP] --> POST https://api.truthy.top/gateway/invoke service=tool.subscription.SubscriptionService method=ListSubscriptionProducts
默认	11:28:14.433772+0800	Runner	flutter: └───────────────────────────────────────────────────────────────────────────────────────────────────
默认	11:28:14.434449+0800	Runner	flutter: ┌───────────────────────────────────────────────────────────────────────────────────────────────────
默认	11:28:14.434469+0800	Runner	flutter: │ [HTTP] request:
默认	11:28:14.434489+0800	Runner	flutter: │ {
默认	11:28:14.434503+0800	Runner	flutter: │   "comm": {
默认	11:28:14.434775+0800	Runner	flutter: │     "auth_token": "***",
默认	11:28:14.434792+0800	Runner	flutter: │     "user_id": "user_e5f97712121ebfac3d6f6407",
默认	11:28:14.434804+0800	Runner	flutter: │     "device_id": "c5ece928-513e-4e75-a500-28479ac5102a",
默认	11:28:14.434817+0800	Runner	flutter: │     "client_request_id": "crid_1783654094411929",
默认	11:28:14.434829+0800	Runner	flutter: │     "platform": "ios",
默认	11:28:14.434880+0800	Runner	flutter: │     "app_version": "1.0.0",
默认	11:28:14.434892+0800	Runner	flutter: │     "locale": "zh-Hans-HK",
默认	11:28:14.434904+0800	Runner	flutter: │     "country": "HK",
默认	11:28:14.434916+0800	Runner	flutter: │     "timezone": "UTC+08:00"
默认	11:28:14.434926+0800	Runner	flutter: │   },
默认	11:28:14.434937+0800	Runner	flutter: │   "requests": [
默认	11:28:14.435265+0800	Runner	flutter: │     {
默认	11:28:14.435291+0800	Runner	flutter: │       "id": "req_0",
默认	11:28:14.435312+0800	Runner	flutter: │       "service_name": "tool.subscription.SubscriptionService",
默认	11:28:14.435415+0800	Runner	flutter: │       "method_name": "ListSubscriptionProducts",
默认	11:28:14.435432+0800	Runner	flutter: │       "params": {
默认	11:28:14.435455+0800	Runner	flutter: │         "platform": "ios",
默认	11:28:14.435494+0800	Runner	flutter: │         "region_code": "US",
默认	11:28:14.435516+0800	Runner	flutter: │         "product_code": "people_insight"
默认	11:28:14.435528+0800	Runner	flutter: │       }
默认	11:28:14.435543+0800	Runner	flutter: │     }
默认	11:28:14.435556+0800	Runner	flutter: │   ]
默认	11:28:14.435569+0800	Runner	flutter: │ }
默认	11:28:14.436182+0800	Runner	flutter: └───────────────────────────────────────────────────────────────────────────────────────────────────
默认	11:28:14.438467+0800	Runner	flutter: ┌───────────────────────────────────────────────────────────────────────────────────────────────────
默认	11:28:14.438595+0800	Runner	flutter: │ [HTTP] --> POST https://api.truthy.top/gateway/invoke service=tool.event_tracking.EventTrackingService method=TrackEvents
默认	11:28:14.438630+0800	Runner	flutter: └───────────────────────────────────────────────────────────────────────────────────────────────────
默认	11:28:14.438667+0800	Runner	flutter: ┌───────────────────────────────────────────────────────────────────────────────────────────────────
默认	11:28:14.438922+0800	Runner	flutter: │ [HTTP] request:
默认	11:28:14.438950+0800	Runner	flutter: │ {
默认	11:28:14.438972+0800	Runner	flutter: │   "comm": {
默认	11:28:14.439027+0800	Runner	flutter: │     "auth_token": "***",
默认	11:28:14.439054+0800	Runner	flutter: │     "user_id": "user_e5f97712121ebfac3d6f6407",
默认	11:28:14.439078+0800	Runner	flutter: │     "device_id": "c5ece928-513e-4e75-a500-28479ac5102a",
默认	11:28:14.439125+0800	Runner	flutter: │     "client_request_id": "crid_1783654094430645",
默认	11:28:14.439158+0800	Runner	flutter: │     "platform": "ios",
默认	11:28:14.439239+0800	Runner	flutter: │     "app_version": "1.0.0",
默认	11:28:14.439997+0800	Runner	flutter: │     "locale": "zh-Hans-HK",
默认	11:28:14.440023+0800	Runner	flutter: │     "country": "HK",
默认	11:28:14.440033+0800	Runner	flutter: │     "timezone": "UTC+08:00"
默认	11:28:14.440042+0800	Runner	flutter: │   },
默认	11:28:14.440052+0800	Runner	flutter: │   "requests": [
默认	11:28:14.440062+0800	Runner	flutter: │     {
默认	11:28:14.440072+0800	Runner	flutter: │       "id": "req_0",
默认	11:28:14.440080+0800	Runner	flutter: │       "service_name": "tool.event_tracking.EventTrackingService",
默认	11:28:14.440090+0800	Runner	flutter: │       "method_name": "TrackEvents",
默认	11:28:14.440099+0800	Runner	flutter: │       "params": {
默认	11:28:14.440639+0800	Runner	flutter: │         "events": [
默认	11:28:14.440649+0800	Runner	flutter: │           {
默认	11:28:14.440660+0800	Runner	flutter: │             "event_id": "dc41ed58-4485-475d-a355-f2dd896e10c5",
默认	11:28:14.440670+0800	Runner	flutter: │             "event_name": "account_restore_click",
默认	11:28:14.440680+0800	Runner	flutter: │             "event_time_ms": 1783654094409,
默认	11:28:14.440690+0800	Runner	flutter: │             "properties": {
默认	11:28:14.440699+0800	Runner	flutter: │               "logtime": 1783654094409,
默认	11:28:14.440709+0800	Runner	flutter: │               "log_id": "dc41ed58-4485-475d-a355-f2dd896e10c5",
默认	11:28:14.440718+0800	Runner	flutter: │               "net": "wifi",
默认	11:28:14.440728+0800	Runner	flutter: │               "pkg": "com.sparkjam.truthy.ios",
默认	11:28:14.440738+0800	Runner	flutter: │               "bucket": 56,
默认	11:28:14.440747+0800	Runner	flutter: │               "abslot": 21,
默认	11:28:14.440757+0800	Runner	flutter: │               "ram": "3684MB",
默认	11:28:14.440767+0800	Runner	flutter: │               "cpu": "arm64",
默认	11:28:14.440776+0800	Runner	flutter: │               "sh": 844,
默认	11:28:14.440983+0800	Runner	flutter: │               "sw": 390,
默认	11:28:14.440994+0800	Runner	flutter: │               "city": "",
默认	11:28:14.441003+0800	Runner	flutter: │               "ste": "",
默认	11:28:14.441502+0800	Runner	flutter: │               "lat": "",
默认	11:28:14.441530+0800	Runner	flutter: │               "lng": "",
默认	11:28:14.441613+0800	Runner	flutter: │               "sty": "desk",
默认	11:28:14.441625+0800	Runner	flutter: │               "isp": "",
默认	11:28:14.441636+0800	Runner	flutter: │               "mod": "iphone13,2",
默认	11:28:14.441646+0800	Runner	flutter: │               "brd": "apple",
默认	11:28:14.441716+0800	Runner	flutter: │               "os": "26.3.1",
默认	11:28:14.441751+0800	Runner	flutter: │               "pf": "ios",
默认	11:28:14.441761+0800	Runner	flutter: │               "slan": "zh",
默认	11:28:14.441770+0800	Runner	flutter: │               "reg": "HK",
默认	11:28:14.441778+0800	Runner	flutter: │               "cou": "HK",
默认	11:28:14.441787+0800	Runner	flutter: │               "sub": "",
默认	11:28:14.441797+0800	Runner	flutter: │               "cha": "",
默认	11:28:14.441806+0800	Runner	flutter: │               "verc": "10000",
默认	11:28:14.441814+0800	Runner	flutter: │               "ver": "1.0.0",
默认	11:28:14.441958+0800	Runner	flutter: │               "sid": "5094b07b-cc63-4868-b4ac-6bced54db906",
默认	11:28:14.441970+0800	Runner	flutter: │               "uuid": "***",
默认	11:28:14.441979+0800	Runner	flutter: │               "idfa": "***",
默认	11:28:14.441988+0800	Runner	flutter: │               "idfv": "***",
默认	11:28:14.441998+0800	Runner	flutter: │               "aid": "***",
默认	11:28:14.442059+0800	Runner	flutter: │               "gaid": "***",
默认	11:28:14.442071+0800	Runner	flutter: │               "did": "***",
默认	11:28:14.442130+0800	Runner	flutter: │               "uid": "***",
默认	11:28:14.442378+0800	Runner	flutter: │               "anm": "Truthy",
默认	11:28:14.442389+0800	Runner	flutter: │               "push_id": "",
默认	11:28:14.442400+0800	Runner	flutter: │               "push_type": "",
默认	11:28:14.442471+0800	Runner	flutter: │               "is_pro": "0"
默认	11:28:14.442581+0800	Runner	flutter: │             }
默认	11:28:14.443280+0800	Runner	flutter: │           }
默认	11:28:14.443291+0800	Runner	flutter: │         ]
默认	11:28:14.443300+0800	Runner	flutter: │       }
默认	11:28:14.443310+0800	Runner	flutter: │     }
默认	11:28:14.443321+0800	Runner	flutter: │   ]
默认	11:28:14.443375+0800	Runner	flutter: │ }
默认	11:28:14.443430+0800	Runner	flutter: └───────────────────────────────────────────────────────────────────────────────────────────────────
默认	11:28:16.138864+0800	Runner	flutter: ┌───────────────────────────────────────────────────────────────────────────────────────────────────
默认	11:28:16.138912+0800	Runner	flutter: │ [HTTP] <-- 200 POST https://api.truthy.top/gateway/invoke service=tool.subscription.SubscriptionService method=ListSubscriptionProducts
默认	11:28:16.139013+0800	Runner	flutter: └───────────────────────────────────────────────────────────────────────────────────────────────────
默认	11:28:16.139522+0800	Runner	flutter: ┌───────────────────────────────────────────────────────────────────────────────────────────────────
默认	11:28:16.139555+0800	Runner	flutter: │ [HTTP] response:
默认	11:28:16.139772+0800	Runner	flutter: │ {
默认	11:28:16.139803+0800	Runner	flutter: │   "code": 0,
默认	11:28:16.139848+0800	Runner	flutter: │   "message": "ok",
默认	11:28:16.139940+0800	Runner	flutter: │   "request_id": "gw_req_21338580201cae9f3e15db3bcc51831a",
默认	11:28:16.140034+0800	Runner	flutter: │   "trace_id": "trace_cdee65508d863bb6c310d99b2f256a5b",
默认	11:28:16.140115+0800	Runner	flutter: │   "responses": [
默认	11:28:16.140193+0800	Runner	flutter: │     {
默认	11:28:16.140280+0800	Runner	flutter: │       "id": "req_0",
默认	11:28:16.140358+0800	Runner	flutter: │       "success": true,
默认	11:28:16.140604+0800	Runner	flutter: │       "code": 0,
默认	11:28:16.140635+0800	Runner	flutter: │       "message": "ok",
默认	11:28:16.140660+0800	Runner	flutter: │       "data": {
默认	11:28:16.140749+0800	Runner	flutter: │         "items": [
默认	11:28:16.140832+0800	Runner	flutter: │           {
默认	11:28:16.140993+0800	Runner	flutter: │             "benefits": [
默认	11:28:16.141021+0800	Runner	flutter: │               "Search access",
默认	11:28:16.141114+0800	Runner	flutter: │               "10 searches per month",
默认	11:28:16.141200+0800	Runner	flutter: │               "VIP level 1"
默认	11:28:16.141282+0800	Runner	flutter: │             ],
默认	11:28:16.141367+0800	Runner	flutter: │             "billing_period": "week",
默认	11:28:16.141500+0800	Runner	flutter: │             "display_name": "Weekly Access",
默认	11:28:16.141587+0800	Runner	flutter: │             "display_order": 10,
默认	11:28:16.141691+0800	Runner	flutter: │             "is_default": true,
默认	11:28:16.141772+0800	Runner	flutter: │             "is_purchasable": true,
默认	11:28:16.141896+0800	Runner	flutter: │             "metadata": {
默认	11:28:16.141976+0800	Runner	flutter: │               "seed": true,
默认	11:28:16.142096+0800	Runner	flutter: │               "source": "apple_app_store_connect"
默认	11:28:16.142188+0800	Runner	flutter: │             },
默认	11:28:16.142282+0800	Runner	flutter: │             "offer": {
默认	11:28:16.142364+0800	Runner	flutter: │               "amount_minor": 999,
默认	11:28:16.142484+0800	Runner	flutter: │               "currency": "USD",
默认	11:28:16.142565+0800	Runner	flutter: │               "currency_symbol": "$",
默认	11:28:16.142652+0800	Runner	flutter: │               "intro_amount_minor": 399,
默认	11:28:16.142755+0800	Runner	flutter: │               "intro_currency": "USD",
默认	11:28:16.142834+0800	Runner	flutter: │               "intro_currency_symbol": "$",
默认	11:28:16.142951+0800	Runner	flutter: │               "intro_period": "week"
默认	11:28:16.143033+0800	Runner	flutter: │             },
默认	11:28:16.143121+0800	Runner	flutter: │             "plan_code": "basic",
默认	11:28:16.143210+0800	Runner	flutter: │             "platform": "ios",
默认	11:28:16.143328+0800	Runner	flutter: │             "product_code": "people_insight",
默认	11:28:16.143449+0800	Runner	flutter: │             "product_id": "sku_truthy_premium_weekly_ios",
默认	11:28:16.143543+0800	Runner	flutter: │             "product_type": "subscription",
默认	11:28:16.143624+0800	Runner	flutter: │             "region_code": "",
默认	11:28:16.143742+0800	Runner	flutter: │             "store_product_id": "com.truthy.premium.w",
默认	11:28:16.143831+0800	Runner	flutter: │             "store_provider": "app_store"
默认	11:28:16.144061+0800	Runner	flutter: │           },
默认	11:28:16.144097+0800	Runner	flutter: │           {
默认	11:28:16.144220+0800	Runner	flutter: │             "benefits": [
默认	11:28:16.144340+0800	Runner	flutter: │               "Search access",
默认	11:28:16.144551+0800	Runner	flutter: │               "10 searches per month",
默认	11:28:16.144920+0800	Runner	flutter: │               "VIP level 1"
默认	11:28:16.144963+0800	Runner	flutter: │             ],
默认	11:28:16.145210+0800	Runner	flutter: │             "billing_period": "year",
默认	11:28:16.145248+0800	Runner	flutter: │             "display_name": "Annual Plan",
默认	11:28:16.145276+0800	Runner	flutter: │             "display_order": 20,
默认	11:28:16.145349+0800	Runner	flutter: │             "is_default": false,
默认	11:28:16.145473+0800	Runner	flutter: │             "is_purchasable": true,
默认	11:28:16.145595+0800	Runner	flutter: │             "metadata": {
默认	11:28:16.145736+0800	Runner	flutter: │               "seed": true,
默认	11:28:16.145942+0800	Runner	flutter: │               "source": "apple_app_store_connect"
默认	11:28:16.146044+0800	Runner	flutter: │             },
默认	11:28:16.146112+0800	Runner	flutter: │             "offer": {
默认	11:28:16.146194+0800	Runner	flutter: │               "amount_minor": 3999,
默认	11:28:16.146313+0800	Runner	flutter: │               "currency": "USD",
默认	11:28:16.146394+0800	Runner	flutter: │               "currency_symbol": "$"
默认	11:28:16.146471+0800	Runner	flutter: │             },
默认	11:28:16.146594+0800	Runner	flutter: │             "plan_code": "basic",
默认	11:28:16.146712+0800	Runner	flutter: │             "platform": "ios",
默认	11:28:16.146800+0800	Runner	flutter: │             "product_code": "people_insight",
默认	11:28:16.146927+0800	Runner	flutter: │             "product_id": "sku_truthy_premium_yearly_ios",
默认	11:28:16.147018+0800	Runner	flutter: │             "product_type": "subscription",
默认	11:28:16.147121+0800	Runner	flutter: │             "region_code": "",
默认	11:28:16.147197+0800	Runner	flutter: │             "store_product_id": "com.truthy.premium.y",
默认	11:28:16.147279+0800	Runner	flutter: │             "store_provider": "app_store"
默认	11:28:16.147361+0800	Runner	flutter: │           }
默认	11:28:16.147480+0800	Runner	flutter: │         ]
默认	11:28:16.147558+0800	Runner	flutter: │       }
默认	11:28:16.147762+0800	Runner	flutter: │     }
默认	11:28:16.147783+0800	Runner	flutter: │   ]
默认	11:28:16.147892+0800	Runner	flutter: │ }
默认	11:28:16.148093+0800	Runner	flutter: └───────────────────────────────────────────────────────────────────────────────────────────────────
默认	11:28:16.198149+0800	Runner	flutter: ┌───────────────────────────────────────────────────────────────────────────────────────────────────
默认	11:28:16.198169+0800	Runner	flutter: │ [SubPurchase] store.products.query requested=[com.truthy.premium.w, com.truthy.premium.y] found=2 notFound=[] errorCode=<none> products=[productId=com.truthy.premium.y title=Truthy Premium Annual description=Explore social profiles, verify photos, uncover risks. price=US$39.99 rawPrice=39.989999999999995 currency=USD currencySymbol=$ | productId=com.truthy.premium.w title=Truthy Premium Weekly description=Explore social profiles, verify photos, uncover risks. price=US$9.99 rawPrice=9.99 currency=USD currencySymbol=$]
默认	11:28:16.199537+0800	Runner	flutter: └───────────────────────────────────────────────────────────────────────────────────────────────────
默认	11:28:16.199559+0800	Runner	flutter: ┌───────────────────────────────────────────────────────────────────────────────────────────────────
默认	11:28:16.199570+0800	Runner	flutter: │ [SubPurchase] store.products.intro productId=com.truthy.premium.y hasOffer=false
默认	11:28:16.199616+0800	Runner	flutter: └───────────────────────────────────────────────────────────────────────────────────────────────────
默认	11:28:16.200233+0800	Runner	flutter: ┌───────────────────────────────────────────────────────────────────────────────────────────────────
默认	11:28:16.200268+0800	Runner	flutter: │ [HTTP] <-- 200 POST https://api.truthy.top/gateway/invoke service=tool.event_tracking.EventTrackingService method=TrackEvents
默认	11:28:16.200279+0800	Runner	flutter: └───────────────────────────────────────────────────────────────────────────────────────────────────
默认	11:28:16.200299+0800	Runner	flutter: ┌───────────────────────────────────────────────────────────────────────────────────────────────────
默认	11:28:16.200313+0800	Runner	flutter: │ [HTTP] response:
默认	11:28:16.200325+0800	Runner	flutter: │ {
默认	11:28:16.200335+0800	Runner	flutter: │   "code": 0,
默认	11:28:16.200345+0800	Runner	flutter: │   "message": "ok",
默认	11:28:16.200354+0800	Runner	flutter: │   "request_id": "gw_req_96847c894eedfbed0e70a57654246d8d",
默认	11:28:16.200361+0800	Runner	flutter: │   "trace_id": "trace_b1e9d03dcfd632fe07c19a44edbdebf4",
默认	11:28:16.200370+0800	Runner	flutter: │   "responses": [
默认	11:28:16.200378+0800	Runner	flutter: │     {
默认	11:28:16.200393+0800	Runner	flutter: │       "id": "req_0",
默认	11:28:16.200416+0800	Runner	flutter: │       "success": true,
默认	11:28:16.200426+0800	Runner	flutter: │       "code": 0,
默认	11:28:16.200443+0800	Runner	flutter: │       "message": "ok",
默认	11:28:16.200469+0800	Runner	flutter: │       "data": {
默认	11:28:16.200731+0800	Runner	flutter: │         "request_id": "gw_req_96847c894eedfbed0e70a57654246d8d",
默认	11:28:16.200741+0800	Runner	flutter: │         "trace_id": "trace_b1e9d03dcfd632fe07c19a44edbdebf4",
默认	11:28:16.200750+0800	Runner	flutter: │         "accepted_count": 1,
默认	11:28:16.200758+0800	Runner	flutter: │         "event_name": "account_restore_click",
默认	11:28:16.200767+0800	Runner	flutter: │         "event_names": [
默认	11:28:16.200776+0800	Runner	flutter: │           "account_restore_click"
默认	11:28:16.200784+0800	Runner	flutter: │         ],
默认	11:28:16.200793+0800	Runner	flutter: │         "events": [
默认	11:28:16.200802+0800	Runner	flutter: │           {
默认	11:28:16.200809+0800	Runner	flutter: │             "index": 0,
默认	11:28:16.200818+0800	Runner	flutter: │             "event_id": "dc41ed58-4485-475d-a355-f2dd896e10c5",
默认	11:28:16.200905+0800	Runner	flutter: │             "event_name": "account_restore_click",
默认	11:28:16.200918+0800	Runner	flutter: │             "status": "accepted"
默认	11:28:16.200927+0800	Runner	flutter: │           }
默认	11:28:16.202115+0800	Runner	flutter: │         ]
默认	11:28:16.202124+0800	Runner	flutter: │       }
默认	11:28:16.202131+0800	Runner	flutter: │     }
默认	11:28:16.202147+0800	Runner	flutter: │   ]
默认	11:28:16.202155+0800	Runner	flutter: │ }
默认	11:28:16.202163+0800	Runner	flutter: └───────────────────────────────────────────────────────────────────────────────────────────────────
默认	11:28:16.206029+0800	Runner	flutter: ┌───────────────────────────────────────────────────────────────────────────────────────────────────
默认	11:28:16.206121+0800	Runner	flutter: │ [HTTP] --> POST https://api.truthy.top/gateway/invoke service=tool.event_tracking.EventTrackingService method=TrackEvents
默认	11:28:16.206140+0800	Runner	flutter: └───────────────────────────────────────────────────────────────────────────────────────────────────
默认	11:28:16.206273+0800	Runner	flutter: ┌───────────────────────────────────────────────────────────────────────────────────────────────────
默认	11:28:16.206281+0800	Runner	flutter: │ [HTTP] request:
默认	11:28:16.206290+0800	Runner	flutter: │ {
默认	11:28:16.206299+0800	Runner	flutter: │   "comm": {
默认	11:28:16.206388+0800	Runner	flutter: │     "auth_token": "***",
默认	11:28:16.206402+0800	Runner	flutter: │     "user_id": "user_e5f97712121ebfac3d6f6407",
默认	11:28:16.206429+0800	Runner	flutter: │     "device_id": "c5ece928-513e-4e75-a500-28479ac5102a",
默认	11:28:16.206516+0800	Runner	flutter: │     "client_request_id": "crid_1783654096203678",
默认	11:28:16.206527+0800	Runner	flutter: │     "platform": "ios",
默认	11:28:16.206557+0800	Runner	flutter: │     "app_version": "1.0.0",
默认	11:28:16.206934+0800	Runner	flutter: │     "locale": "zh-Hans-HK",
默认	11:28:16.207086+0800	Runner	flutter: │     "country": "HK",
默认	11:28:16.207099+0800	Runner	flutter: │     "timezone": "UTC+08:00"
默认	11:28:16.207108+0800	Runner	flutter: │   },
默认	11:28:16.207117+0800	Runner	flutter: │   "requests": [
默认	11:28:16.207124+0800	Runner	flutter: │     {
默认	11:28:16.207154+0800	Runner	flutter: │       "id": "req_0",
默认	11:28:16.207175+0800	Runner	flutter: │       "service_name": "tool.event_tracking.EventTrackingService",
默认	11:28:16.207185+0800	Runner	flutter: │       "method_name": "TrackEvents",
默认	11:28:16.207192+0800	Runner	flutter: │       "params": {
默认	11:28:16.207200+0800	Runner	flutter: │         "events": [
默认	11:28:16.207209+0800	Runner	flutter: │           {
默认	11:28:16.207216+0800	Runner	flutter: │             "event_id": "efdae533-6bb2-48fb-bc82-79450c394d8e",
默认	11:28:16.207225+0800	Runner	flutter: │             "event_name": "app_page_stay",
默认	11:28:16.207231+0800	Runner	flutter: │             "event_time_ms": 1783654094411,
默认	11:28:16.207240+0800	Runner	flutter: │             "properties": {
默认	11:28:16.207247+0800	Runner	flutter: │               "logtime": 1783654094411,
默认	11:28:16.207256+0800	Runner	flutter: │               "log_id": "efdae533-6bb2-48fb-bc82-79450c394d8e",
默认	11:28:16.207452+0800	Runner	flutter: │               "net": "wifi",
默认	11:28:16.207461+0800	Runner	flutter: │               "pkg": "com.sparkjam.truthy.ios",
默认	11:28:16.207468+0800	Runner	flutter: │               "bucket": 56,
默认	11:28:16.207495+0800	Runner	flutter: │               "abslot": 21,
默认	11:28:16.208978+0800	Runner	flutter: │               "ram": "3684MB",
默认	11:28:16.209325+0800	Runner	flutter: │               "cpu": "arm64",
默认	11:28:16.209418+0800	Runner	flutter: │               "sh": 844,
默认	11:28:16.209430+0800	Runner	flutter: │               "sw": 390,
默认	11:28:16.209439+0800	Runner	flutter: │               "city": "",
默认	11:28:16.209448+0800	Runner	flutter: │               "ste": "",
默认	11:28:16.209456+0800	Runner	flutter: │               "lat": "",
默认	11:28:16.209465+0800	Runner	flutter: │               "lng": "",
默认	11:28:16.209472+0800	Runner	flutter: │               "sty": "desk",
默认	11:28:16.209481+0800	Runner	flutter: │               "isp": "",
默认	11:28:16.209489+0800	Runner	flutter: │               "mod": "iphone13,2",
默认	11:28:16.209767+0800	Runner	flutter: │               "brd": "apple",
默认	11:28:16.209785+0800	Runner	flutter: │               "os": "26.3.1",
默认	11:28:16.209804+0800	Runner	flutter: │               "pf": "ios",
默认	11:28:16.209825+0800	Runner	flutter: │               "slan": "zh",
默认	11:28:16.209842+0800	Runner	flutter: │               "reg": "HK",
默认	11:28:16.209867+0800	Runner	flutter: │               "cou": "HK",
默认	11:28:16.209884+0800	Runner	flutter: │               "sub": "",
默认	11:28:16.209902+0800	Runner	flutter: │               "cha": "",
默认	11:28:16.209917+0800	Runner	flutter: │               "verc": "10000",
默认	11:28:16.209932+0800	Runner	flutter: │               "ver": "1.0.0",
默认	11:28:16.210071+0800	Runner	flutter: │               "sid": "5094b07b-cc63-4868-b4ac-6bced54db906",
默认	11:28:16.210088+0800	Runner	flutter: │               "uuid": "***",
默认	11:28:16.210351+0800	Runner	flutter: │               "idfa": "***",
默认	11:28:16.210369+0800	Runner	flutter: │               "idfv": "***",
默认	11:28:16.210392+0800	Runner	flutter: │               "aid": "***",
默认	11:28:16.210412+0800	Runner	flutter: │               "gaid": "***",
默认	11:28:16.210423+0800	Runner	flutter: │               "did": "***",
默认	11:28:16.210433+0800	Runner	flutter: │               "uid": "***",
默认	11:28:16.210441+0800	Runner	flutter: │               "anm": "Truthy",
默认	11:28:16.210448+0800	Runner	flutter: │               "push_id": "",
默认	11:28:16.210496+0800	Runner	flutter: │               "push_type": "",
默认	11:28:16.210505+0800	Runner	flutter: │               "is_pro": "0",
默认	11:28:16.210513+0800	Runner	flutter: │               "page_from": "account",
默认	11:28:16.210520+0800	Runner	flutter: │               "duration_s": 5
默认	11:28:16.210529+0800	Runner	flutter: │             }
默认	11:28:16.210536+0800	Runner	flutter: │           }
默认	11:28:16.211165+0800	Runner	flutter: │         ]
默认	11:28:16.211204+0800	Runner	flutter: │       }
默认	11:28:16.211236+0800	Runner	flutter: │     }
默认	11:28:16.211277+0800	Runner	flutter: │   ]
默认	11:28:16.211380+0800	Runner	flutter: │ }
默认	11:28:16.211497+0800	Runner	flutter: └───────────────────────────────────────────────────────────────────────────────────────────────────
默认	11:28:16.229621+0800	Runner	flutter: ┌───────────────────────────────────────────────────────────────────────────────────────────────────
默认	11:28:16.229640+0800	Runner	flutter: │ [SubPurchase] store.products.intro productId=com.truthy.premium.w hasOffer=true eligibility=true introPrice=$3.99
默认	11:28:16.229665+0800	Runner	flutter: └───────────────────────────────────────────────────────────────────────────────────────────────────
默认	11:28:16.229721+0800	Runner	flutter: ┌───────────────────────────────────────────────────────────────────────────────────────────────────
默认	11:28:16.229728+0800	Runner	flutter: │ [SubPurchase] coordinator.restore.startUserSession products=2 timeoutMs=15000 storeProductIds=com.truthy.premium.w,com.truthy.premium.y
默认	11:28:16.229748+0800	Runner	flutter: └───────────────────────────────────────────────────────────────────────────────────────────────────
默认	11:28:16.229805+0800	Runner	flutter: ┌───────────────────────────────────────────────────────────────────────────────────────────────────
默认	11:28:16.229810+0800	Runner	flutter: │ [SubPurchase] coordinator.trackRecoverableProducts count=2 storeProductIds=com.truthy.premium.w,com.truthy.premium.y
默认	11:28:16.229826+0800	Runner	flutter: └───────────────────────────────────────────────────────────────────────────────────────────────────
默认	11:28:16.229886+0800	Runner	flutter: ┌───────────────────────────────────────────────────────────────────────────────────────────────────
默认	11:28:16.229902+0800	Runner	flutter: │ [SubPurchase] store.restore.start applicationUserNameHash=<empty>
默认	11:28:16.229948+0800	Runner	flutter: └───────────────────────────────────────────────────────────────────────────────────────────────────
默认	11:28:16.232358+0800	Runner	flutter: ┌───────────────────────────────────────────────────────────────────────────────────────────────────
默认	11:28:16.232439+0800	Runner	flutter: │ [SubPurchase] store.restore.result success applicationUserNameHash=<empty>
默认	11:28:16.232458+0800	Runner	flutter: └───────────────────────────────────────────────────────────────────────────────────────────────────
默认	11:28:16.232469+0800	Runner	flutter: ┌───────────────────────────────────────────────────────────────────────────────────────────────────
默认	11:28:16.232476+0800	Runner	flutter: │ [SubPurchase] coordinator.restore.startSuccess deadline=2026-07-10T11:28:31.232338
默认	11:28:16.232527+0800	Runner	flutter: └───────────────────────────────────────────────────────────────────────────────────────────────────
默认	11:28:16.232537+0800	Runner	flutter: ┌───────────────────────────────────────────────────────────────────────────────────────────────────
默认	11:28:16.232630+0800	Runner	flutter: │ [SubPurchase] coordinator.restore.timerStart remainingMs=14999
默认	11:28:16.232642+0800	Runner	flutter: └───────────────────────────────────────────────────────────────────────────────────────────────────
默认	11:28:16.681480+0800	Runner	flutter: ┌───────────────────────────────────────────────────────────────────────────────────────────────────
默认	11:28:16.681660+0800	Runner	flutter: │ [HTTP] <-- 200 POST https://api.truthy.top/gateway/invoke service=tool.event_tracking.EventTrackingService method=TrackEvents
默认	11:28:16.681797+0800	Runner	flutter: └───────────────────────────────────────────────────────────────────────────────────────────────────
默认	11:28:16.682188+0800	Runner	flutter: ┌───────────────────────────────────────────────────────────────────────────────────────────────────
默认	11:28:16.682215+0800	Runner	flutter: │ [HTTP] response:
默认	11:28:16.682279+0800	Runner	flutter: │ {
默认	11:28:16.682374+0800	Runner	flutter: │   "code": 0,
默认	11:28:16.682473+0800	Runner	flutter: │   "message": "ok",
默认	11:28:16.682595+0800	Runner	flutter: │   "request_id": "gw_req_af13679b9c05a89ac7b1051a038b5ae8",
默认	11:28:16.682754+0800	Runner	flutter: │   "trace_id": "trace_359e73fed071df7337796e89fbdf7ed3",
默认	11:28:16.682908+0800	Runner	flutter: │   "responses": [
默认	11:28:16.683065+0800	Runner	flutter: │     {
默认	11:28:16.683197+0800	Runner	flutter: │       "id": "req_0",
默认	11:28:16.683325+0800	Runner	flutter: │       "success": true,
默认	11:28:16.683953+0800	Runner	flutter: │       "code": 0,
默认	11:28:16.684007+0800	Runner	flutter: │       "message": "ok",
默认	11:28:16.685215+0800	Runner	flutter: │       "data": {
默认	11:28:16.685465+0800	Runner	flutter: │         "request_id": "gw_req_af13679b9c05a89ac7b1051a038b5ae8",
默认	11:28:16.685561+0800	Runner	flutter: │         "trace_id": "trace_359e73fed071df7337796e89fbdf7ed3",
默认	11:28:16.685600+0800	Runner	flutter: │         "accepted_count": 1,
默认	11:28:16.685626+0800	Runner	flutter: │         "event_name": "app_page_stay",
默认	11:28:16.685652+0800	Runner	flutter: │         "event_names": [
默认	11:28:16.685678+0800	Runner	flutter: │           "app_page_stay"
默认	11:28:16.685870+0800	Runner	flutter: │         ],
默认	11:28:16.685909+0800	Runner	flutter: │         "events": [
默认	11:28:16.685935+0800	Runner	flutter: │           {
默认	11:28:16.685959+0800	Runner	flutter: │             "index": 0,
默认	11:28:16.685985+0800	Runner	flutter: │             "event_id": "efdae533-6bb2-48fb-bc82-79450c394d8e",
默认	11:28:16.686109+0800	Runner	flutter: │             "event_name": "app_page_stay",
默认	11:28:16.686229+0800	Runner	flutter: │             "status": "accepted"
默认	11:28:16.686346+0800	Runner	flutter: │           }
默认	11:28:16.686553+0800	Runner	flutter: │         ]
默认	11:28:16.686674+0800	Runner	flutter: │       }
默认	11:28:16.686774+0800	Runner	flutter: │     }
默认	11:28:16.686865+0800	Runner	flutter: │   ]
默认	11:28:16.686948+0800	Runner	flutter: │ }
默认	11:28:16.687199+0800	Runner	flutter: └───────────────────────────────────────────────────────────────────────────────────────────────────
默认	11:28:31.235498+0800	Runner	flutter: ┌───────────────────────────────────────────────────────────────────────────────────────────────────
默认	11:28:31.235883+0800	Runner	flutter: │ [SubPurchase] coordinator.restore.timeout batchProcessing=0 hasNoActiveResult=false hasFailureResult=false
默认	11:28:31.236166+0800	Runner	flutter: └───────────────────────────────────────────────────────────────────────────────────────────────────
默认	11:28:31.236342+0800	Runner	flutter: ┌───────────────────────────────────────────────────────────────────────────────────────────────────
默认	11:28:31.236387+0800	Runner	flutter: │ [SubPurchase] coordinator.restore.finish restoreStatus=noActiveSubscription message=No active purchases found. hasSubscriptionStatus=false
默认	11:28:31.236430+0800	Runner	flutter: └───────────────────────────────────────────────────────────────────────────────────────────────────
默认	11:28:31.236459+0800	Runner	flutter: ┌───────────────────────────────────────────────────────────────────────────────────────────────────
默认	11:28:31.236721+0800	Runner	flutter: │ [SubPurchase] coordinator.restore.closeSession
默认	11:28:31.236933+0800	Runner	flutter: └───────────────────────────────────────────────────────────────────────────────────────────────────
默认	11:28:41.819719+0800	Runner	flutter: ┌───────────────────────────────────────────────────────────────────────────────────────────────────
默认	11:28:41.820046+0800	Runner	flutter: │ [EventTracking] name=account_about_click id=37933a8e-3c76-405a-8c90-fb26900d9d74 time=1783654121814 props={}
默认	11:28:41.820756+0800	Runner	flutter: └───────────────────────────────────────────────────────────────────────────────────────────────────
默认	11:28:41.831671+0800	Runner	flutter: ┌───────────────────────────────────────────────────────────────────────────────────────────────────
默认	11:28:41.831763+0800	Runner	flutter: │ [EventTracking] name=app_page_stay id=2b9285ed-083f-495a-b695-48f44b773c95 time=1783654121831 props={"page_from":"account","duration_s":10}
默认	11:28:41.831871+0800	Runner	flutter: └───────────────────────────────────────────────────────────────────────────────────────────────────
默认	11:28:41.832830+0800	Runner	flutter: ┌───────────────────────────────────────────────────────────────────────────────────────────────────
默认	11:28:41.832868+0800	Runner	flutter: │ [EventTracking] name=about_pageview id=bf3365c0-605e-4cd0-a42a-22873cdacccb time=1783654121832 props={}
默认	11:28:41.832958+0800	Runner	flutter: └───────────────────────────────────────────────────────────────────────────────────────────────────
默认	11:28:41.844234+0800	Runner	flutter: ┌───────────────────────────────────────────────────────────────────────────────────────────────────
默认	11:28:41.844324+0800	Runner	flutter: │ [HTTP] --> POST https://api.truthy.top/gateway/invoke service=tool.event_tracking.EventTrackingService method=TrackEvents
默认	11:28:41.844352+0800	Runner	flutter: └───────────────────────────────────────────────────────────────────────────────────────────────────
默认	11:28:41.844614+0800	Runner	flutter: ┌───────────────────────────────────────────────────────────────────────────────────────────────────
默认	11:28:41.844686+0800	Runner	flutter: │ [HTTP] request:
默认	11:28:41.844722+0800	Runner	flutter: │ {
默认	11:28:41.844774+0800	Runner	flutter: │   "comm": {
默认	11:28:41.844831+0800	Runner	flutter: │     "auth_token": "***",
默认	11:28:41.844979+0800	Runner	flutter: │     "user_id": "user_e5f97712121ebfac3d6f6407",
默认	11:28:41.845041+0800	Runner	flutter: │     "device_id": "c5ece928-513e-4e75-a500-28479ac5102a",
默认	11:28:41.845053+0800	Runner	flutter: │     "client_request_id": "crid_1783654121838419",
默认	11:28:41.845099+0800	Runner	flutter: │     "platform": "ios",
默认	11:28:41.845146+0800	Runner	flutter: │     "app_version": "1.0.0",
默认	11:28:41.845204+0800	Runner	flutter: │     "locale": "zh-Hans-HK",
默认	11:28:41.845254+0800	Runner	flutter: │     "country": "HK",
默认	11:28:41.845345+0800	Runner	flutter: │     "timezone": "UTC+08:00"
默认	11:28:41.845360+0800	Runner	flutter: │   },
默认	11:28:41.845406+0800	Runner	flutter: │   "requests": [
默认	11:28:41.845700+0800	Runner	flutter: │     {
默认	11:28:41.845720+0800	Runner	flutter: │       "id": "req_0",
默认	11:28:41.845733+0800	Runner	flutter: │       "service_name": "tool.event_tracking.EventTrackingService",
默认	11:28:41.845777+0800	Runner	flutter: │       "method_name": "TrackEvents",
默认	11:28:41.845796+0800	Runner	flutter: │       "params": {
默认	11:28:41.845807+0800	Runner	flutter: │         "events": [
默认	11:28:41.845978+0800	Runner	flutter: │           {
默认	11:28:41.846102+0800	Runner	flutter: │             "event_id": "37933a8e-3c76-405a-8c90-fb26900d9d74",
默认	11:28:41.846122+0800	Runner	flutter: │             "event_name": "account_about_click",
默认	11:28:41.846133+0800	Runner	flutter: │             "event_time_ms": 1783654121814,
默认	11:28:41.846249+0800	Runner	flutter: │             "properties": {
默认	11:28:41.846263+0800	Runner	flutter: │               "logtime": 1783654121814,
默认	11:28:41.846275+0800	Runner	flutter: │               "log_id": "37933a8e-3c76-405a-8c90-fb26900d9d74",
默认	11:28:41.846287+0800	Runner	flutter: │               "net": "wifi",
默认	11:28:41.846321+0800	Runner	flutter: │               "pkg": "com.sparkjam.truthy.ios",
默认	11:28:41.846472+0800	Runner	flutter: │               "bucket": 56,
默认	11:28:41.846482+0800	Runner	flutter: │               "abslot": 21,
默认	11:28:41.846492+0800	Runner	flutter: │               "ram": "3684MB",
默认	11:28:41.846501+0800	Runner	flutter: │               "cpu": "arm64",
默认	11:28:41.846510+0800	Runner	flutter: │               "sh": 844,
默认	11:28:41.846558+0800	Runner	flutter: │               "sw": 390,
默认	11:28:41.846612+0800	Runner	flutter: │               "city": "",
默认	11:28:41.846661+0800	Runner	flutter: │               "ste": "",
默认	11:28:41.846715+0800	Runner	flutter: │               "lat": "",
默认	11:28:41.846764+0800	Runner	flutter: │               "lng": "",
默认	11:28:41.846868+0800	Runner	flutter: │               "sty": "desk",
默认	11:28:41.846889+0800	Runner	flutter: │               "isp": "",
默认	11:28:41.846940+0800	Runner	flutter: │               "mod": "iphone13,2",
默认	11:28:41.846991+0800	Runner	flutter: │               "brd": "apple",
默认	11:28:41.847166+0800	Runner	flutter: │               "os": "26.3.1",
默认	11:28:41.847181+0800	Runner	flutter: │               "pf": "ios",
默认	11:28:41.847191+0800	Runner	flutter: │               "slan": "zh",
默认	11:28:41.847234+0800	Runner	flutter: │               "reg": "HK",
默认	11:28:41.847316+0800	Runner	flutter: │               "cou": "HK",
默认	11:28:41.847369+0800	Runner	flutter: │               "sub": "",
默认	11:28:41.847384+0800	Runner	flutter: │               "cha": "",
默认	11:28:41.847589+0800	Runner	flutter: │               "verc": "10000",
默认	11:28:41.847600+0800	Runner	flutter: │               "ver": "1.0.0",
默认	11:28:41.847609+0800	Runner	flutter: │               "sid": "5094b07b-cc63-4868-b4ac-6bced54db906",
默认	11:28:41.847621+0800	Runner	flutter: │               "uuid": "***",
默认	11:28:41.847682+0800	Runner	flutter: │               "idfa": "***",
默认	11:28:41.847693+0800	Runner	flutter: │               "idfv": "***",
默认	11:28:41.847738+0800	Runner	flutter: │               "aid": "***",
默认	11:28:41.847784+0800	Runner	flutter: │               "gaid": "***",
默认	11:28:41.847824+0800	Runner	flutter: │               "did": "***",
默认	11:28:41.847875+0800	Runner	flutter: │               "uid": "***",
默认	11:28:41.847923+0800	Runner	flutter: │               "anm": "Truthy",
默认	11:28:41.847970+0800	Runner	flutter: │               "push_id": "",
默认	11:28:41.848010+0800	Runner	flutter: │               "push_type": "",
默认	11:28:41.848050+0800	Runner	flutter: │               "is_pro": "0"
默认	11:28:41.848089+0800	Runner	flutter: │             }
默认	11:28:41.848141+0800	Runner	flutter: │           }
默认	11:28:41.848182+0800	Runner	flutter: │         ]
默认	11:28:41.848297+0800	Runner	flutter: │       }
默认	11:28:41.848344+0800	Runner	flutter: │     }
默认	11:28:41.848362+0800	Runner	flutter: │   ]
默认	11:28:41.848371+0800	Runner	flutter: │ }
默认	11:28:41.848439+0800	Runner	flutter: └───────────────────────────────────────────────────────────────────────────────────────────────────
默认	11:28:43.595513+0800	Runner	flutter: ┌───────────────────────────────────────────────────────────────────────────────────────────────────
默认	11:28:43.595608+0800	Runner	flutter: │ [HTTP] <-- 200 POST https://api.truthy.top/gateway/invoke service=tool.event_tracking.EventTrackingService method=TrackEvents
默认	11:28:43.595772+0800	Runner	flutter: └───────────────────────────────────────────────────────────────────────────────────────────────────
默认	11:28:43.596719+0800	Runner	flutter: ┌───────────────────────────────────────────────────────────────────────────────────────────────────
默认	11:28:43.596771+0800	Runner	flutter: │ [HTTP] response:
默认	11:28:43.596848+0800	Runner	flutter: │ {
默认	11:28:43.596879+0800	Runner	flutter: │   "code": 0,
默认	11:28:43.597031+0800	Runner	flutter: │   "message": "ok",
默认	11:28:43.597076+0800	Runner	flutter: │   "request_id": "gw_req_954e6b0e96d9f3cb6b8a4a8130161a91",
默认	11:28:43.597167+0800	Runner	flutter: │   "trace_id": "trace_cfb2a069aefb840739dd728588960624",
默认	11:28:43.597448+0800	Runner	flutter: │   "responses": [
默认	11:28:43.597476+0800	Runner	flutter: │     {
默认	11:28:43.597599+0800	Runner	flutter: │       "id": "req_0",
默认	11:28:43.597754+0800	Runner	flutter: │       "success": true,
默认	11:28:43.597882+0800	Runner	flutter: │       "code": 0,
默认	11:28:43.598017+0800	Runner	flutter: │       "message": "ok",
默认	11:28:43.598170+0800	Runner	flutter: │       "data": {
默认	11:28:43.600060+0800	Runner	flutter: │         "request_id": "gw_req_954e6b0e96d9f3cb6b8a4a8130161a91",
默认	11:28:43.600318+0800	Runner	flutter: │         "trace_id": "trace_cfb2a069aefb840739dd728588960624",
默认	11:28:43.600374+0800	Runner	flutter: │         "accepted_count": 1,
默认	11:28:43.600394+0800	Runner	flutter: │         "event_name": "account_about_click",
默认	11:28:43.600557+0800	Runner	flutter: │         "event_names": [
默认	11:28:43.600615+0800	Runner	flutter: │           "account_about_click"
默认	11:28:43.600647+0800	Runner	flutter: │         ],
默认	11:28:43.600678+0800	Runner	flutter: │         "events": [
默认	11:28:43.600714+0800	Runner	flutter: │           {
默认	11:28:43.600729+0800	Runner	flutter: │             "index": 0,
默认	11:28:43.600744+0800	Runner	flutter: │             "event_id": "37933a8e-3c76-405a-8c90-fb26900d9d74",
默认	11:28:43.600760+0800	Runner	flutter: │             "event_name": "account_about_click",
默认	11:28:43.600775+0800	Runner	flutter: │             "status": "accepted"
默认	11:28:43.600790+0800	Runner	flutter: │           }
默认	11:28:43.600805+0800	Runner	flutter: │         ]
默认	11:28:43.600953+0800	Runner	flutter: │       }
默认	11:28:43.600969+0800	Runner	flutter: │     }
默认	11:28:43.600985+0800	Runner	flutter: │   ]
默认	11:28:43.601000+0800	Runner	flutter: │ }
默认	11:28:43.601080+0800	Runner	flutter: └───────────────────────────────────────────────────────────────────────────────────────────────────
默认	11:28:43.628194+0800	Runner	flutter: ┌───────────────────────────────────────────────────────────────────────────────────────────────────
默认	11:28:43.628295+0800	Runner	flutter: │ [HTTP] --> POST https://api.truthy.top/gateway/invoke service=tool.event_tracking.EventTrackingService method=TrackEvents
默认	11:28:43.628325+0800	Runner	flutter: └───────────────────────────────────────────────────────────────────────────────────────────────────
默认	11:28:43.628681+0800	Runner	flutter: ┌───────────────────────────────────────────────────────────────────────────────────────────────────
默认	11:28:43.628703+0800	Runner	flutter: │ [HTTP] request:
默认	11:28:43.628722+0800	Runner	flutter: │ {
默认	11:28:43.628772+0800	Runner	flutter: │   "comm": {
默认	11:28:43.628786+0800	Runner	flutter: │     "auth_token": "***",
默认	11:28:43.628823+0800	Runner	flutter: │     "user_id": "user_e5f97712121ebfac3d6f6407",
默认	11:28:43.628866+0800	Runner	flutter: │     "device_id": "c5ece928-513e-4e75-a500-28479ac5102a",
默认	11:28:43.628911+0800	Runner	flutter: │     "client_request_id": "crid_1783654123623248",
默认	11:28:43.628957+0800	Runner	flutter: │     "platform": "ios",
默认	11:28:43.628999+0800	Runner	flutter: │     "app_version": "1.0.0",
默认	11:28:43.629055+0800	Runner	flutter: │     "locale": "zh-Hans-HK",
默认	11:28:43.629115+0800	Runner	flutter: │     "country": "HK",
默认	11:28:43.629164+0800	Runner	flutter: │     "timezone": "UTC+08:00"
默认	11:28:43.629196+0800	Runner	flutter: │   },
默认	11:28:43.629240+0800	Runner	flutter: │   "requests": [
默认	11:28:43.629322+0800	Runner	flutter: │     {
默认	11:28:43.629333+0800	Runner	flutter: │       "id": "req_0",
默认	11:28:43.629617+0800	Runner	flutter: │       "service_name": "tool.event_tracking.EventTrackingService",
默认	11:28:43.629637+0800	Runner	flutter: │       "method_name": "TrackEvents",
默认	11:28:43.629647+0800	Runner	flutter: │       "params": {
默认	11:28:43.629654+0800	Runner	flutter: │         "events": [
默认	11:28:43.629662+0800	Runner	flutter: │           {
默认	11:28:43.629672+0800	Runner	flutter: │             "event_id": "2b9285ed-083f-495a-b695-48f44b773c95",
默认	11:28:43.629679+0800	Runner	flutter: │             "event_name": "app_page_stay",
默认	11:28:43.629730+0800	Runner	flutter: │             "event_time_ms": 1783654121831,
默认	11:28:43.629740+0800	Runner	flutter: │             "properties": {
默认	11:28:43.629780+0800	Runner	flutter: │               "logtime": 1783654121831,
默认	11:28:43.629828+0800	Runner	flutter: │               "log_id": "2b9285ed-083f-495a-b695-48f44b773c95",
默认	11:28:43.629894+0800	Runner	flutter: │               "net": "wifi",
默认	11:28:43.630105+0800	Runner	flutter: │               "pkg": "com.sparkjam.truthy.ios",
默认	11:28:43.630196+0800	Runner	flutter: │               "bucket": 56,
默认	11:28:43.630213+0800	Runner	flutter: │               "abslot": 21,
默认	11:28:43.630270+0800	Runner	flutter: │               "ram": "3684MB",
默认	11:28:43.630326+0800	Runner	flutter: │               "cpu": "arm64",
默认	11:28:43.630410+0800	Runner	flutter: │               "sh": 844,
默认	11:28:43.630429+0800	Runner	flutter: │               "sw": 390,
默认	11:28:43.630486+0800	Runner	flutter: │               "city": "",
默认	11:28:43.630501+0800	Runner	flutter: │               "ste": "",
默认	11:28:43.630561+0800	Runner	flutter: │               "lat": "",
默认	11:28:43.630620+0800	Runner	flutter: │               "lng": "",
默认	11:28:43.630677+0800	Runner	flutter: │               "sty": "desk",
默认	11:28:43.630695+0800	Runner	flutter: │               "isp": "",
默认	11:28:43.630769+0800	Runner	flutter: │               "mod": "iphone13,2",
默认	11:28:43.630783+0800	Runner	flutter: │               "brd": "apple",
默认	11:28:43.630819+0800	Runner	flutter: │               "os": "26.3.1",
默认	11:28:43.630860+0800	Runner	flutter: │               "pf": "ios",
默认	11:28:43.630927+0800	Runner	flutter: │               "slan": "zh",
默认	11:28:43.630963+0800	Runner	flutter: │               "reg": "HK",
默认	11:28:43.631002+0800	Runner	flutter: │               "cou": "HK",
默认	11:28:43.631084+0800	Runner	flutter: │               "sub": "",
默认	11:28:43.631135+0800	Runner	flutter: │               "cha": "",
默认	11:28:43.631150+0800	Runner	flutter: │               "verc": "10000",
默认	11:28:43.631227+0800	Runner	flutter: │               "ver": "1.0.0",
默认	11:28:43.631238+0800	Runner	flutter: │               "sid": "5094b07b-cc63-4868-b4ac-6bced54db906",
默认	11:28:43.631299+0800	Runner	flutter: │               "uuid": "***",
默认	11:28:43.631371+0800	Runner	flutter: │               "idfa": "***",
默认	11:28:43.631439+0800	Runner	flutter: │               "idfv": "***",
默认	11:28:43.631452+0800	Runner	flutter: │               "aid": "***",
默认	11:28:43.631498+0800	Runner	flutter: │               "gaid": "***",
默认	11:28:43.631510+0800	Runner	flutter: │               "did": "***",
默认	11:28:43.631545+0800	Runner	flutter: │               "uid": "***",
默认	11:28:43.631612+0800	Runner	flutter: │               "anm": "Truthy",
默认	11:28:43.631649+0800	Runner	flutter: │               "push_id": "",
默认	11:28:43.631691+0800	Runner	flutter: │               "push_type": "",
默认	11:28:43.631753+0800	Runner	flutter: │               "is_pro": "0",
默认	11:28:43.631824+0800	Runner	flutter: │               "page_from": "account",
默认	11:28:43.631839+0800	Runner	flutter: │               "duration_s": 10
默认	11:28:43.631903+0800	Runner	flutter: │             }
默认	11:28:43.631917+0800	Runner	flutter: │           },
默认	11:28:43.631974+0800	Runner	flutter: │           {
默认	11:28:43.632030+0800	Runner	flutter: │             "event_id": "bf3365c0-605e-4cd0-a42a-22873cdacccb",
默认	11:28:43.632103+0800	Runner	flutter: │             "event_name": "about_pageview",
默认	11:28:43.632112+0800	Runner	flutter: │             "event_time_ms": 1783654121832,
默认	11:28:43.632144+0800	Runner	flutter: │             "properties": {
默认	11:28:43.632210+0800	Runner	flutter: │               "logtime": 1783654121832,
默认	11:28:43.632253+0800	Runner	flutter: │               "log_id": "bf3365c0-605e-4cd0-a42a-22873cdacccb",
默认	11:28:43.632313+0800	Runner	flutter: │               "net": "wifi",
默认	11:28:43.632352+0800	Runner	flutter: │               "pkg": "com.sparkjam.truthy.ios",
默认	11:28:43.632401+0800	Runner	flutter: │               "bucket": 56,
默认	11:28:43.632473+0800	Runner	flutter: │               "abslot": 21,
默认	11:28:43.632484+0800	Runner	flutter: │               "ram": "3684MB",
默认	11:28:43.632520+0800	Runner	flutter: │               "cpu": "arm64",
默认	11:28:43.632587+0800	Runner	flutter: │               "sh": 844,
默认	11:28:43.632661+0800	Runner	flutter: │               "sw": 390,
默认	11:28:43.632678+0800	Runner	flutter: │               "city": "",
默认	11:28:43.632765+0800	Runner	flutter: │               "ste": "",
默认	11:28:43.632776+0800	Runner	flutter: │               "lat": "",
默认	11:28:43.632831+0800	Runner	flutter: │               "lng": "",
默认	11:28:43.632842+0800	Runner	flutter: │               "sty": "desk",
默认	11:28:43.632879+0800	Runner	flutter: │               "isp": "",
默认	11:28:43.632930+0800	Runner	flutter: │               "mod": "iphone13,2",
默认	11:28:43.632997+0800	Runner	flutter: │               "brd": "apple",
默认	11:28:43.633060+0800	Runner	flutter: │               "os": "26.3.1",
默认	11:28:43.633071+0800	Runner	flutter: │               "pf": "ios",
默认	11:28:43.633127+0800	Runner	flutter: │               "slan": "zh",
默认	11:28:43.633171+0800	Runner	flutter: │               "reg": "HK",
默认	11:28:43.633239+0800	Runner	flutter: │               "cou": "HK",
默认	11:28:43.633250+0800	Runner	flutter: │               "sub": "",
默认	11:28:43.633296+0800	Runner	flutter: │               "cha": "",
默认	11:28:43.633344+0800	Runner	flutter: │               "verc": "10000",
默认	11:28:43.633385+0800	Runner	flutter: │               "ver": "1.0.0",
默认	11:28:43.633470+0800	Runner	flutter: │               "sid": "5094b07b-cc63-4868-b4ac-6bced54db906",
默认	11:28:43.633481+0800	Runner	flutter: │               "uuid": "***",
默认	11:28:43.633518+0800	Runner	flutter: │               "idfa": "***",
默认	11:28:43.633570+0800	Runner	flutter: │               "idfv": "***",
默认	11:28:43.633615+0800	Runner	flutter: │               "aid": "***",
默认	11:28:43.633657+0800	Runner	flutter: │               "gaid": "***",
默认	11:28:43.633721+0800	Runner	flutter: │               "did": "***",
默认	11:28:43.633795+0800	Runner	flutter: │               "uid": "***",
默认	11:28:43.633810+0800	Runner	flutter: │               "anm": "Truthy",
默认	11:28:43.633878+0800	Runner	flutter: │               "push_id": "",
默认	11:28:43.633891+0800	Runner	flutter: │               "push_type": "",
默认	11:28:43.633940+0800	Runner	flutter: │               "is_pro": "0"
默认	11:28:43.634002+0800	Runner	flutter: │             }
默认	11:28:43.634037+0800	Runner	flutter: │           }
默认	11:28:43.634048+0800	Runner	flutter: │         ]
默认	11:28:43.634134+0800	Runner	flutter: │       }
默认	11:28:43.634145+0800	Runner	flutter: │     }
默认	11:28:43.634186+0800	Runner	flutter: │   ]
默认	11:28:43.634224+0800	Runner	flutter: │ }
默认	11:28:43.634324+0800	Runner	flutter: └───────────────────────────────────────────────────────────────────────────────────────────────────
默认	11:28:43.672250+0800	Runner	flutter: ┌───────────────────────────────────────────────────────────────────────────────────────────────────
默认	11:28:43.672291+0800	Runner	flutter: │ [EventTracking] name=app_page_stay id=e41234f3-497c-46c4-8bf6-fe626d4f4da0 time=1783654123671 props={"page_from":"about","duration_s":1}
默认	11:28:43.672415+0800	Runner	flutter: └───────────────────────────────────────────────────────────────────────────────────────────────────
默认	11:28:43.859626+0800	Runner	flutter: ┌───────────────────────────────────────────────────────────────────────────────────────────────────
默认	11:28:43.859677+0800	Runner	flutter: │ [HTTP] <-- 200 POST https://api.truthy.top/gateway/invoke service=tool.event_tracking.EventTrackingService method=TrackEvents
默认	11:28:43.860145+0800	Runner	flutter: └───────────────────────────────────────────────────────────────────────────────────────────────────
默认	11:28:43.860181+0800	Runner	flutter: ┌───────────────────────────────────────────────────────────────────────────────────────────────────
默认	11:28:43.860219+0800	Runner	flutter: │ [HTTP] response:
默认	11:28:43.860299+0800	Runner	flutter: │ {
默认	11:28:43.860404+0800	Runner	flutter: │   "code": 0,
默认	11:28:43.860421+0800	Runner	flutter: │   "message": "ok",
默认	11:28:43.860440+0800	Runner	flutter: │   "request_id": "gw_req_0e15d1824e0a1f96966a3968f12ad3a6",
默认	11:28:43.860492+0800	Runner	flutter: │   "trace_id": "trace_5e9d888a55638913c3212039859460c7",
默认	11:28:43.860526+0800	Runner	flutter: │   "responses": [
默认	11:28:43.860682+0800	Runner	flutter: │     {
默认	11:28:43.860717+0800	Runner	flutter: │       "id": "req_0",
默认	11:28:43.860888+0800	Runner	flutter: │       "success": true,
默认	11:28:43.860965+0800	Runner	flutter: │       "code": 0,
默认	11:28:43.861058+0800	Runner	flutter: │       "message": "ok",
默认	11:28:43.861073+0800	Runner	flutter: │       "data": {
默认	11:28:43.861109+0800	Runner	flutter: │         "request_id": "gw_req_0e15d1824e0a1f96966a3968f12ad3a6",
默认	11:28:43.861123+0800	Runner	flutter: │         "trace_id": "trace_5e9d888a55638913c3212039859460c7",
默认	11:28:43.861133+0800	Runner	flutter: │         "accepted_count": 2,
默认	11:28:43.861143+0800	Runner	flutter: │         "event_name": "app_page_stay",
默认	11:28:43.861151+0800	Runner	flutter: │         "event_names": [
默认	11:28:43.861202+0800	Runner	flutter: │           "app_page_stay",
默认	11:28:43.861211+0800	Runner	flutter: │           "about_pageview"
默认	11:28:43.861219+0800	Runner	flutter: │         ],
默认	11:28:43.861227+0800	Runner	flutter: │         "events": [
默认	11:28:43.861290+0800	Runner	flutter: │           {
默认	11:28:43.861301+0800	Runner	flutter: │             "index": 0,
默认	11:28:43.861310+0800	Runner	flutter: │             "event_id": "2b9285ed-083f-495a-b695-48f44b773c95",
默认	11:28:43.861387+0800	Runner	flutter: │             "event_name": "app_page_stay",
默认	11:28:43.861476+0800	Runner	flutter: │             "status": "accepted"
默认	11:28:43.861486+0800	Runner	flutter: │           },
默认	11:28:43.861499+0800	Runner	flutter: │           {
默认	11:28:43.861526+0800	Runner	flutter: │             "index": 1,
默认	11:28:43.861536+0800	Runner	flutter: │             "event_id": "bf3365c0-605e-4cd0-a42a-22873cdacccb",
默认	11:28:43.861546+0800	Runner	flutter: │             "event_name": "about_pageview",
默认	11:28:43.861723+0800	Runner	flutter: │             "status": "accepted"
默认	11:28:43.861737+0800	Runner	flutter: │           }
默认	11:28:43.861747+0800	Runner	flutter: │         ]
默认	11:28:43.861756+0800	Runner	flutter: │       }
默认	11:28:43.861843+0800	Runner	flutter: │     }
默认	11:28:43.861852+0800	Runner	flutter: │   ]
默认	11:28:43.861861+0800	Runner	flutter: │ }
默认	11:28:43.862041+0800	Runner	flutter: └───────────────────────────────────────────────────────────────────────────────────────────────────
默认	11:28:43.887094+0800	Runner	flutter: ┌───────────────────────────────────────────────────────────────────────────────────────────────────
默认	11:28:43.887108+0800	Runner	flutter: │ [HTTP] --> POST https://api.truthy.top/gateway/invoke service=tool.event_tracking.EventTrackingService method=TrackEvents
默认	11:28:43.887118+0800	Runner	flutter: └───────────────────────────────────────────────────────────────────────────────────────────────────
默认	11:28:43.887137+0800	Runner	flutter: ┌───────────────────────────────────────────────────────────────────────────────────────────────────
默认	11:28:43.887161+0800	Runner	flutter: │ [HTTP] request:
默认	11:28:43.887188+0800	Runner	flutter: │ {
默认	11:28:43.887207+0800	Runner	flutter: │   "comm": {
默认	11:28:43.887216+0800	Runner	flutter: │     "auth_token": "***",
默认	11:28:43.887233+0800	Runner	flutter: │     "user_id": "user_e5f97712121ebfac3d6f6407",
默认	11:28:43.887242+0800	Runner	flutter: │     "device_id": "c5ece928-513e-4e75-a500-28479ac5102a",
默认	11:28:43.887249+0800	Runner	flutter: │     "client_request_id": "crid_1783654123874793",
默认	11:28:43.887274+0800	Runner	flutter: │     "platform": "ios",
默认	11:28:43.887291+0800	Runner	flutter: │     "app_version": "1.0.0",
默认	11:28:43.887300+0800	Runner	flutter: │     "locale": "zh-Hans-HK",
默认	11:28:43.887319+0800	Runner	flutter: │     "country": "HK",
默认	11:28:43.887326+0800	Runner	flutter: │     "timezone": "UTC+08:00"
默认	11:28:43.887366+0800	Runner	flutter: │   },
默认	11:28:43.887384+0800	Runner	flutter: │   "requests": [
默认	11:28:43.887393+0800	Runner	flutter: │     {
默认	11:28:43.887590+0800	Runner	flutter: │       "id": "req_0",
默认	11:28:43.887613+0800	Runner	flutter: │       "service_name": "tool.event_tracking.EventTrackingService",
默认	11:28:43.887646+0800	Runner	flutter: │       "method_name": "TrackEvents",
默认	11:28:43.887655+0800	Runner	flutter: │       "params": {
默认	11:28:43.887664+0800	Runner	flutter: │         "events": [
默认	11:28:43.887672+0800	Runner	flutter: │           {
默认	11:28:43.887713+0800	Runner	flutter: │             "event_id": "e41234f3-497c-46c4-8bf6-fe626d4f4da0",
默认	11:28:43.887763+0800	Runner	flutter: │             "event_name": "app_page_stay",
默认	11:28:43.887772+0800	Runner	flutter: │             "event_time_ms": 1783654123671,
默认	11:28:43.887808+0800	Runner	flutter: │             "properties": {
默认	11:28:43.887831+0800	Runner	flutter: │               "logtime": 1783654123671,
默认	11:28:43.887856+0800	Runner	flutter: │               "log_id": "e41234f3-497c-46c4-8bf6-fe626d4f4da0",
默认	11:28:43.887872+0800	Runner	flutter: │               "net": "wifi",
默认	11:28:43.887881+0800	Runner	flutter: │               "pkg": "com.sparkjam.truthy.ios",
默认	11:28:43.887887+0800	Runner	flutter: │               "bucket": 56,
默认	11:28:43.887897+0800	Runner	flutter: │               "abslot": 21,
默认	11:28:43.887914+0800	Runner	flutter: │               "ram": "3684MB",
默认	11:28:43.888101+0800	Runner	flutter: │               "cpu": "arm64",
默认	11:28:43.888185+0800	Runner	flutter: │               "sh": 844,
默认	11:28:43.888240+0800	Runner	flutter: │               "sw": 390,
默认	11:28:43.888278+0800	Runner	flutter: │               "city": "",
默认	11:28:43.888298+0800	Runner	flutter: │               "ste": "",
默认	11:28:43.888307+0800	Runner	flutter: │               "lat": "",
默认	11:28:43.888314+0800	Runner	flutter: │               "lng": "",
默认	11:28:43.888323+0800	Runner	flutter: │               "sty": "desk",
默认	11:28:43.888330+0800	Runner	flutter: │               "isp": "",
默认	11:28:43.888339+0800	Runner	flutter: │               "mod": "iphone13,2",
默认	11:28:43.888346+0800	Runner	flutter: │               "brd": "apple",
默认	11:28:43.888355+0800	Runner	flutter: │               "os": "26.3.1",
默认	11:28:43.888362+0800	Runner	flutter: │               "pf": "ios",
默认	11:28:43.888379+0800	Runner	flutter: │               "slan": "zh",
默认	11:28:43.888386+0800	Runner	flutter: │               "reg": "HK",
默认	11:28:43.888395+0800	Runner	flutter: │               "cou": "HK",
默认	11:28:43.888401+0800	Runner	flutter: │               "sub": "",
默认	11:28:43.888611+0800	Runner	flutter: │               "cha": "",
默认	11:28:43.888638+0800	Runner	flutter: │               "verc": "10000",
默认	11:28:43.888731+0800	Runner	flutter: │               "ver": "1.0.0",
默认	11:28:43.889661+0800	Runner	flutter: │               "sid": "5094b07b-cc63-4868-b4ac-6bced54db906",
默认	11:28:43.889695+0800	Runner	flutter: │               "uuid": "***",
默认	11:28:43.889705+0800	Runner	flutter: │               "idfa": "***",
默认	11:28:43.889724+0800	Runner	flutter: │               "idfv": "***",
默认	11:28:43.890238+0800	Runner	flutter: │               "aid": "***",
默认	11:28:43.890256+0800	Runner	flutter: │               "gaid": "***",
默认	11:28:43.890283+0800	Runner	flutter: │               "did": "***",
默认	11:28:43.890290+0800	Runner	flutter: │               "uid": "***",
默认	11:28:43.890564+0800	Runner	flutter: │               "anm": "Truthy",
默认	11:28:43.890588+0800	Runner	flutter: │               "push_id": "",
默认	11:28:43.890599+0800	Runner	flutter: │               "push_type": "",
默认	11:28:43.890609+0800	Runner	flutter: │               "is_pro": "0",
默认	11:28:43.890616+0800	Runner	flutter: │               "page_from": "about",
默认	11:28:43.890640+0800	Runner	flutter: │               "duration_s": 1
默认	11:28:43.890649+0800	Runner	flutter: │             }
默认	11:28:43.890667+0800	Runner	flutter: │           }
默认	11:28:43.890726+0800	Runner	flutter: │         ]
默认	11:28:43.891330+0800	Runner	flutter: │       }
默认	11:28:43.891339+0800	Runner	flutter: │     }
默认	11:28:43.891345+0800	Runner	flutter: │   ]
默认	11:28:43.891354+0800	Runner	flutter: │ }
默认	11:28:43.891374+0800	Runner	flutter: └───────────────────────────────────────────────────────────────────────────────────────────────────
默认	11:28:44.061115+0800	Runner	flutter: ┌───────────────────────────────────────────────────────────────────────────────────────────────────
默认	11:28:44.061151+0800	Runner	flutter: │ [HTTP] <-- 200 POST https://api.truthy.top/gateway/invoke service=tool.event_tracking.EventTrackingService method=TrackEvents
默认	11:28:44.061170+0800	Runner	flutter: └───────────────────────────────────────────────────────────────────────────────────────────────────
默认	11:28:44.061182+0800	Runner	flutter: ┌───────────────────────────────────────────────────────────────────────────────────────────────────
默认	11:28:44.061193+0800	Runner	flutter: │ [HTTP] response:
默认	11:28:44.061222+0800	Runner	flutter: │ {
默认	11:28:44.061237+0800	Runner	flutter: │   "code": 0,
默认	11:28:44.061285+0800	Runner	flutter: │   "message": "ok",
默认	11:28:44.061300+0800	Runner	flutter: │   "request_id": "gw_req_3faff6f206dd089b457ef021b032db1c",
默认	11:28:44.061310+0800	Runner	flutter: │   "trace_id": "trace_565b51b3101493aaa176ab3d3bde08d2",
默认	11:28:44.061319+0800	Runner	flutter: │   "responses": [
默认	11:28:44.061326+0800	Runner	flutter: │     {
默认	11:28:44.061336+0800	Runner	flutter: │       "id": "req_0",
默认	11:28:44.061345+0800	Runner	flutter: │       "success": true,
默认	11:28:44.061352+0800	Runner	flutter: │       "code": 0,
默认	11:28:44.061362+0800	Runner	flutter: │       "message": "ok",
默认	11:28:44.061369+0800	Runner	flutter: │       "data": {
默认	11:28:44.061378+0800	Runner	flutter: │         "request_id": "gw_req_3faff6f206dd089b457ef021b032db1c",
默认	11:28:44.061386+0800	Runner	flutter: │         "trace_id": "trace_565b51b3101493aaa176ab3d3bde08d2",
默认	11:28:44.061393+0800	Runner	flutter: │         "accepted_count": 1,
默认	11:28:44.061402+0800	Runner	flutter: │         "event_name": "app_page_stay",
默认	11:28:44.061410+0800	Runner	flutter: │         "event_names": [
默认	11:28:44.061419+0800	Runner	flutter: │           "app_page_stay"
默认	11:28:44.061465+0800	Runner	flutter: │         ],
默认	11:28:44.061476+0800	Runner	flutter: │         "events": [
默认	11:28:44.061486+0800	Runner	flutter: │           {
默认	11:28:44.061495+0800	Runner	flutter: │             "index": 0,
默认	11:28:44.061502+0800	Runner	flutter: │             "event_id": "e41234f3-497c-46c4-8bf6-fe626d4f4da0",
默认	11:28:44.061511+0800	Runner	flutter: │             "event_name": "app_page_stay",
默认	11:28:44.061518+0800	Runner	flutter: │             "status": "accepted"
默认	11:28:44.061527+0800	Runner	flutter: │           }
默认	11:28:44.061534+0800	Runner	flutter: │         ]
默认	11:28:44.061542+0800	Runner	flutter: │       }
默认	11:28:44.061549+0800	Runner	flutter: │     }
默认	11:28:44.061558+0800	Runner	flutter: │   ]
默认	11:28:44.061567+0800	Runner	flutter: │ }
默认	11:28:44.061595+0800	Runner	flutter: └───────────────────────────────────────────────────────────────────────────────────────────────────
默认	11:28:48.030925+0800	Runner	flutter: ┌───────────────────────────────────────────────────────────────────────────────────────────────────
默认	11:28:48.030965+0800	Runner	flutter: │ [EventTracking] name=app_page_stay id=1128dd90-46dd-446d-b61b-f9225dd7e970 time=1783654128030 props={"page_from":"webview","duration_s":4}
默认	11:28:48.030988+0800	Runner	flutter: └───────────────────────────────────────────────────────────────────────────────────────────────────
默认	11:28:48.053941+0800	Runner	flutter: ┌───────────────────────────────────────────────────────────────────────────────────────────────────
默认	11:28:48.054039+0800	Runner	flutter: │ [HTTP] --> POST https://api.truthy.top/gateway/invoke service=tool.event_tracking.EventTrackingService method=TrackEvents
默认	11:28:48.054081+0800	Runner	flutter: └───────────────────────────────────────────────────────────────────────────────────────────────────
默认	11:28:48.054299+0800	Runner	flutter: ┌───────────────────────────────────────────────────────────────────────────────────────────────────
默认	11:28:48.054321+0800	Runner	flutter: │ [HTTP] request:
默认	11:28:48.054342+0800	Runner	flutter: │ {
默认	11:28:48.054352+0800	Runner	flutter: │   "comm": {
默认	11:28:48.054408+0800	Runner	flutter: │     "auth_token": "***",
默认	11:28:48.054421+0800	Runner	flutter: │     "user_id": "user_e5f97712121ebfac3d6f6407",
默认	11:28:48.054461+0800	Runner	flutter: │     "device_id": "c5ece928-513e-4e75-a500-28479ac5102a",
默认	11:28:48.054506+0800	Runner	flutter: │     "client_request_id": "crid_1783654128046151",
默认	11:28:48.054632+0800	Runner	flutter: │     "platform": "ios",
默认	11:28:48.054646+0800	Runner	flutter: │     "app_version": "1.0.0",
默认	11:28:48.054653+0800	Runner	flutter: │     "locale": "zh-Hans-HK",
默认	11:28:48.054697+0800	Runner	flutter: │     "country": "HK",
默认	11:28:48.054742+0800	Runner	flutter: │     "timezone": "UTC+08:00"
默认	11:28:48.054788+0800	Runner	flutter: │   },
默认	11:28:48.054992+0800	Runner	flutter: │   "requests": [
默认	11:28:48.055010+0800	Runner	flutter: │     {
默认	11:28:48.055018+0800	Runner	flutter: │       "id": "req_0",
默认	11:28:48.055064+0800	Runner	flutter: │       "service_name": "tool.event_tracking.EventTrackingService",
默认	11:28:48.055092+0800	Runner	flutter: │       "method_name": "TrackEvents",
默认	11:28:48.055147+0800	Runner	flutter: │       "params": {
默认	11:28:48.055160+0800	Runner	flutter: │         "events": [
默认	11:28:48.055222+0800	Runner	flutter: │           {
默认	11:28:48.055234+0800	Runner	flutter: │             "event_id": "1128dd90-46dd-446d-b61b-f9225dd7e970",
默认	11:28:48.055320+0800	Runner	flutter: │             "event_name": "app_page_stay",
默认	11:28:48.055335+0800	Runner	flutter: │             "event_time_ms": 1783654128030,
默认	11:28:48.055502+0800	Runner	flutter: │             "properties": {
默认	11:28:48.055578+0800	Runner	flutter: │               "logtime": 1783654128030,
默认	11:28:48.055638+0800	Runner	flutter: │               "log_id": "1128dd90-46dd-446d-b61b-f9225dd7e970",
默认	11:28:48.055689+0800	Runner	flutter: │               "net": "wifi",
默认	11:28:48.055740+0800	Runner	flutter: │               "pkg": "com.sparkjam.truthy.ios",
默认	11:28:48.055792+0800	Runner	flutter: │               "bucket": 56,
默认	11:28:48.055860+0800	Runner	flutter: │               "abslot": 21,
默认	11:28:48.055876+0800	Runner	flutter: │               "ram": "3684MB",
默认	11:28:48.055924+0800	Runner	flutter: │               "cpu": "arm64",
默认	11:28:48.055982+0800	Runner	flutter: │               "sh": 844,
默认	11:28:48.056044+0800	Runner	flutter: │               "sw": 390,
默认	11:28:48.056061+0800	Runner	flutter: │               "city": "",
默认	11:28:48.056133+0800	Runner	flutter: │               "ste": "",
默认	11:28:48.056145+0800	Runner	flutter: │               "lat": "",
默认	11:28:48.056217+0800	Runner	flutter: │               "lng": "",
默认	11:28:48.056253+0800	Runner	flutter: │               "sty": "desk",
默认	11:28:48.056293+0800	Runner	flutter: │               "isp": "",
默认	11:28:48.056337+0800	Runner	flutter: │               "mod": "iphone13,2",
默认	11:28:48.056382+0800	Runner	flutter: │               "brd": "apple",
默认	11:28:48.056430+0800	Runner	flutter: │               "os": "26.3.1",
默认	11:28:48.056479+0800	Runner	flutter: │               "pf": "ios",
默认	11:28:48.056543+0800	Runner	flutter: │               "slan": "zh",
默认	11:28:48.056580+0800	Runner	flutter: │               "reg": "HK",
默认	11:28:48.056654+0800	Runner	flutter: │               "cou": "HK",
默认	11:28:48.056694+0800	Runner	flutter: │               "sub": "",
默认	11:28:48.056734+0800	Runner	flutter: │               "cha": "",
默认	11:28:48.056780+0800	Runner	flutter: │               "verc": "10000",
默认	11:28:48.056849+0800	Runner	flutter: │               "ver": "1.0.0",
默认	11:28:48.056904+0800	Runner	flutter: │               "sid": "5094b07b-cc63-4868-b4ac-6bced54db906",
默认	11:28:48.056924+0800	Runner	flutter: │               "uuid": "***",
默认	11:28:48.057009+0800	Runner	flutter: │               "idfa": "***",
默认	11:28:48.057022+0800	Runner	flutter: │               "idfv": "***",
默认	11:28:48.057075+0800	Runner	flutter: │               "aid": "***",
默认	11:28:48.057111+0800	Runner	flutter: │               "gaid": "***",
默认	11:28:48.057156+0800	Runner	flutter: │               "did": "***",
默认	11:28:48.057194+0800	Runner	flutter: │               "uid": "***",
默认	11:28:48.057241+0800	Runner	flutter: │               "anm": "Truthy",
默认	11:28:48.057332+0800	Runner	flutter: │               "push_id": "",
默认	11:28:48.057348+0800	Runner	flutter: │               "push_type": "",
默认	11:28:48.057425+0800	Runner	flutter: │               "is_pro": "0",
默认	11:28:48.057436+0800	Runner	flutter: │               "page_from": "webview",
默认	11:28:48.057488+0800	Runner	flutter: │               "duration_s": 4
默认	11:28:48.057554+0800	Runner	flutter: │             }
默认	11:28:48.057568+0800	Runner	flutter: │           }
默认	11:28:48.057627+0800	Runner	flutter: │         ]
默认	11:28:48.057681+0800	Runner	flutter: │       }
默认	11:28:48.057697+0800	Runner	flutter: │     }
默认	11:28:48.057756+0800	Runner	flutter: │   ]
默认	11:28:48.057804+0800	Runner	flutter: │ }
默认	11:28:48.057884+0800	Runner	flutter: └───────────────────────────────────────────────────────────────────────────────────────────────────
默认	11:28:48.769145+0800	Runner	flutter: ┌───────────────────────────────────────────────────────────────────────────────────────────────────
默认	11:28:48.769220+0800	Runner	flutter: │ [EventTracking] name=app_page_stay id=ee3c6eb3-e11a-4671-8332-68e62d057ccb time=1783654128768 props={"page_from":"about","duration_s":0}
默认	11:28:48.769414+0800	Runner	flutter: └───────────────────────────────────────────────────────────────────────────────────────────────────
默认	11:28:49.742815+0800	Runner	flutter: ┌───────────────────────────────────────────────────────────────────────────────────────────────────
默认	11:28:49.742903+0800	Runner	flutter: │ [HTTP] <-- 200 POST https://api.truthy.top/gateway/invoke service=tool.event_tracking.EventTrackingService method=TrackEvents
默认	11:28:49.743299+0800	Runner	flutter: └───────────────────────────────────────────────────────────────────────────────────────────────────
默认	11:28:49.743757+0800	Runner	flutter: ┌───────────────────────────────────────────────────────────────────────────────────────────────────
默认	11:28:49.743846+0800	Runner	flutter: │ [HTTP] response:
默认	11:28:49.743901+0800	Runner	flutter: │ {
默认	11:28:49.743931+0800	Runner	flutter: │   "code": 0,
默认	11:28:49.744160+0800	Runner	flutter: │   "message": "ok",
默认	11:28:49.744290+0800	Runner	flutter: │   "request_id": "gw_req_7e55d1c49f52372c6e5e89b8bd66d801",
默认	11:28:49.744422+0800	Runner	flutter: │   "trace_id": "trace_1b1d2bbe495df85d3e1d9c24d7a1fde0",
默认	11:28:49.744556+0800	Runner	flutter: │   "responses": [
默认	11:28:49.744683+0800	Runner	flutter: │     {
默认	11:28:49.744971+0800	Runner	flutter: │       "id": "req_0",
默认	11:28:49.745003+0800	Runner	flutter: │       "success": true,
默认	11:28:49.745114+0800	Runner	flutter: │       "code": 0,
默认	11:28:49.745389+0800	Runner	flutter: │       "message": "ok",
默认	11:28:49.745426+0800	Runner	flutter: │       "data": {
默认	11:28:49.745770+0800	Runner	flutter: │         "request_id": "gw_req_7e55d1c49f52372c6e5e89b8bd66d801",
默认	11:28:49.745822+0800	Runner	flutter: │         "trace_id": "trace_1b1d2bbe495df85d3e1d9c24d7a1fde0",
默认	11:28:49.745851+0800	Runner	flutter: │         "accepted_count": 1,
默认	11:28:49.746176+0800	Runner	flutter: │         "event_name": "app_page_stay",
默认	11:28:49.746220+0800	Runner	flutter: │         "event_names": [
默认	11:28:49.746280+0800	Runner	flutter: │           "app_page_stay"
默认	11:28:49.746407+0800	Runner	flutter: │         ],
默认	11:28:49.746674+0800	Runner	flutter: │         "events": [
默认	11:28:49.746711+0800	Runner	flutter: │           {
默认	11:28:49.746819+0800	Runner	flutter: │             "index": 0,
默认	11:28:49.747132+0800	Runner	flutter: │             "event_id": "1128dd90-46dd-446d-b61b-f9225dd7e970",
默认	11:28:49.747180+0800	Runner	flutter: │             "event_name": "app_page_stay",
默认	11:28:49.747374+0800	Runner	flutter: │             "status": "accepted"
默认	11:28:49.747582+0800	Runner	flutter: │           }
默认	11:28:49.747611+0800	Runner	flutter: │         ]
默认	11:28:49.747800+0800	Runner	flutter: │       }
默认	11:28:49.747831+0800	Runner	flutter: │     }
默认	11:28:49.747946+0800	Runner	flutter: │   ]
默认	11:28:49.748060+0800	Runner	flutter: │ }
默认	11:28:49.748258+0800	Runner	flutter: └───────────────────────────────────────────────────────────────────────────────────────────────────
默认	11:28:49.769021+0800	Runner	flutter: ┌───────────────────────────────────────────────────────────────────────────────────────────────────
默认	11:28:49.769097+0800	Runner	flutter: │ [HTTP] --> POST https://api.truthy.top/gateway/invoke service=tool.event_tracking.EventTrackingService method=TrackEvents
默认	11:28:49.769181+0800	Runner	flutter: └───────────────────────────────────────────────────────────────────────────────────────────────────
默认	11:28:49.769623+0800	Runner	flutter: ┌───────────────────────────────────────────────────────────────────────────────────────────────────
默认	11:28:49.769644+0800	Runner	flutter: │ [HTTP] request:
默认	11:28:49.769751+0800	Runner	flutter: │ {
默认	11:28:49.769768+0800	Runner	flutter: │   "comm": {
默认	11:28:49.769826+0800	Runner	flutter: │     "auth_token": "***",
默认	11:28:49.769890+0800	Runner	flutter: │     "user_id": "user_e5f97712121ebfac3d6f6407",
默认	11:28:49.769941+0800	Runner	flutter: │     "device_id": "c5ece928-513e-4e75-a500-28479ac5102a",
默认	11:28:49.770004+0800	Runner	flutter: │     "client_request_id": "crid_1783654129763465",
默认	11:28:49.770051+0800	Runner	flutter: │     "platform": "ios",
默认	11:28:49.770102+0800	Runner	flutter: │     "app_version": "1.0.0",
默认	11:28:49.770185+0800	Runner	flutter: │     "locale": "zh-Hans-HK",
默认	11:28:49.770389+0800	Runner	flutter: │     "country": "HK",
默认	11:28:49.770411+0800	Runner	flutter: │     "timezone": "UTC+08:00"
默认	11:28:49.770422+0800	Runner	flutter: │   },
默认	11:28:49.770432+0800	Runner	flutter: │   "requests": [
默认	11:28:49.770479+0800	Runner	flutter: │     {
默认	11:28:49.770493+0800	Runner	flutter: │       "id": "req_0",
默认	11:28:49.770566+0800	Runner	flutter: │       "service_name": "tool.event_tracking.EventTrackingService",
默认	11:28:49.770621+0800	Runner	flutter: │       "method_name": "TrackEvents",
默认	11:28:49.770673+0800	Runner	flutter: │       "params": {
默认	11:28:49.770720+0800	Runner	flutter: │         "events": [
默认	11:28:49.770781+0800	Runner	flutter: │           {
默认	11:28:49.770831+0800	Runner	flutter: │             "event_id": "ee3c6eb3-e11a-4671-8332-68e62d057ccb",
默认	11:28:49.770905+0800	Runner	flutter: │             "event_name": "app_page_stay",
默认	11:28:49.770955+0800	Runner	flutter: │             "event_time_ms": 1783654128768,
默认	11:28:49.771002+0800	Runner	flutter: │             "properties": {
默认	11:28:49.771111+0800	Runner	flutter: │               "logtime": 1783654128768,
默认	11:28:49.771126+0800	Runner	flutter: │               "log_id": "ee3c6eb3-e11a-4671-8332-68e62d057ccb",
默认	11:28:49.771181+0800	Runner	flutter: │               "net": "wifi",
默认	11:28:49.771245+0800	Runner	flutter: │               "pkg": "com.sparkjam.truthy.ios",
默认	11:28:49.771290+0800	Runner	flutter: │               "bucket": 56,
默认	11:28:49.771347+0800	Runner	flutter: │               "abslot": 21,
默认	11:28:49.771414+0800	Runner	flutter: │               "ram": "3684MB",
默认	11:28:49.771469+0800	Runner	flutter: │               "cpu": "arm64",
默认	11:28:49.771517+0800	Runner	flutter: │               "sh": 844,
默认	11:28:49.771569+0800	Runner	flutter: │               "sw": 390,
默认	11:28:49.771640+0800	Runner	flutter: │               "city": "",
默认	11:28:49.771682+0800	Runner	flutter: │               "ste": "",
默认	11:28:49.771733+0800	Runner	flutter: │               "lat": "",
默认	11:28:49.771862+0800	Runner	flutter: │               "lng": "",
默认	11:28:49.771878+0800	Runner	flutter: │               "sty": "desk",
默认	11:28:49.771888+0800	Runner	flutter: │               "isp": "",
默认	11:28:49.772057+0800	Runner	flutter: │               "mod": "iphone13,2",
默认	11:28:49.772070+0800	Runner	flutter: │               "brd": "apple",
默认	11:28:49.772080+0800	Runner	flutter: │               "os": "26.3.1",
默认	11:28:49.772125+0800	Runner	flutter: │               "pf": "ios",
默认	11:28:49.772171+0800	Runner	flutter: │               "slan": "zh",
默认	11:28:49.772223+0800	Runner	flutter: │               "reg": "HK",
默认	11:28:49.772270+0800	Runner	flutter: │               "cou": "HK",
默认	11:28:49.772437+0800	Runner	flutter: │               "sub": "",
默认	11:28:49.772449+0800	Runner	flutter: │               "cha": "",
默认	11:28:49.772520+0800	Runner	flutter: │               "verc": "10000",
默认	11:28:49.772531+0800	Runner	flutter: │               "ver": "1.0.0",
默认	11:28:49.772607+0800	Runner	flutter: │               "sid": "5094b07b-cc63-4868-b4ac-6bced54db906",
默认	11:28:49.772629+0800	Runner	flutter: │               "uuid": "***",
默认	11:28:49.772639+0800	Runner	flutter: │               "idfa": "***",
默认	11:28:49.772780+0800	Runner	flutter: │               "idfv": "***",
默认	11:28:49.772797+0800	Runner	flutter: │               "aid": "***",
默认	11:28:49.772808+0800	Runner	flutter: │               "gaid": "***",
默认	11:28:49.772861+0800	Runner	flutter: │               "did": "***",
默认	11:28:49.772928+0800	Runner	flutter: │               "uid": "***",
默认	11:28:49.772978+0800	Runner	flutter: │               "anm": "Truthy",
默认	11:28:49.773030+0800	Runner	flutter: │               "push_id": "",
默认	11:28:49.773078+0800	Runner	flutter: │               "push_type": "",
默认	11:28:49.773135+0800	Runner	flutter: │               "is_pro": "0",
默认	11:28:49.773358+0800	Runner	flutter: │               "page_from": "about",
默认	11:28:49.773389+0800	Runner	flutter: │               "duration_s": 0
默认	11:28:49.773401+0800	Runner	flutter: │             }
默认	11:28:49.773410+0800	Runner	flutter: │           }
默认	11:28:49.773420+0800	Runner	flutter: │         ]
默认	11:28:49.773471+0800	Runner	flutter: │       }
默认	11:28:49.773516+0800	Runner	flutter: │     }
默认	11:28:49.773564+0800	Runner	flutter: │   ]
默认	11:28:49.773614+0800	Runner	flutter: │ }
默认	11:28:49.773752+0800	Runner	flutter: └───────────────────────────────────────────────────────────────────────────────────────────────────
默认	11:28:50.258500+0800	Runner	flutter: ┌───────────────────────────────────────────────────────────────────────────────────────────────────
默认	11:28:50.258548+0800	Runner	flutter: │ [HTTP] <-- 200 POST https://api.truthy.top/gateway/invoke service=tool.event_tracking.EventTrackingService method=TrackEvents
默认	11:28:50.258634+0800	Runner	flutter: └───────────────────────────────────────────────────────────────────────────────────────────────────
默认	11:28:50.258650+0800	Runner	flutter: ┌───────────────────────────────────────────────────────────────────────────────────────────────────
默认	11:28:50.258658+0800	Runner	flutter: │ [HTTP] response:
默认	11:28:50.258766+0800	Runner	flutter: │ {
默认	11:28:50.258778+0800	Runner	flutter: │   "code": 0,
默认	11:28:50.258797+0800	Runner	flutter: │   "message": "ok",
默认	11:28:50.258819+0800	Runner	flutter: │   "request_id": "gw_req_735a5c58d645ddc54fec5dc48728a8c9",
默认	11:28:50.258837+0800	Runner	flutter: │   "trace_id": "trace_08615d0ca6b8da7605a584a7e8f7233b",
默认	11:28:50.258850+0800	Runner	flutter: │   "responses": [
默认	11:28:50.258861+0800	Runner	flutter: │     {
默认	11:28:50.258868+0800	Runner	flutter: │       "id": "req_0",
默认	11:28:50.258882+0800	Runner	flutter: │       "success": true,
默认	11:28:50.258892+0800	Runner	flutter: │       "code": 0,
默认	11:28:50.259123+0800	Runner	flutter: │       "message": "ok",
默认	11:28:50.259133+0800	Runner	flutter: │       "data": {
默认	11:28:50.259143+0800	Runner	flutter: │         "request_id": "gw_req_735a5c58d645ddc54fec5dc48728a8c9",
默认	11:28:50.259274+0800	Runner	flutter: │         "trace_id": "trace_08615d0ca6b8da7605a584a7e8f7233b",
默认	11:28:50.259329+0800	Runner	flutter: │         "accepted_count": 1,
默认	11:28:50.259351+0800	Runner	flutter: │         "event_name": "app_page_stay",
默认	11:28:50.259360+0800	Runner	flutter: │         "event_names": [
默认	11:28:50.259367+0800	Runner	flutter: │           "app_page_stay"
默认	11:28:50.259377+0800	Runner	flutter: │         ],
默认	11:28:50.259385+0800	Runner	flutter: │         "events": [
默认	11:28:50.259392+0800	Runner	flutter: │           {
默认	11:28:50.259402+0800	Runner	flutter: │             "index": 0,
默认	11:28:50.259411+0800	Runner	flutter: │             "event_id": "ee3c6eb3-e11a-4671-8332-68e62d057ccb",
默认	11:28:50.259418+0800	Runner	flutter: │             "event_name": "app_page_stay",
默认	11:28:50.259488+0800	Runner	flutter: │             "status": "accepted"
默认	11:28:50.259495+0800	Runner	flutter: │           }
默认	11:28:50.259578+0800	Runner	flutter: │         ]
默认	11:28:50.259598+0800	Runner	flutter: │       }
默认	11:28:50.259669+0800	Runner	flutter: │     }
默认	11:28:50.259692+0800	Runner	flutter: │   ]
默认	11:28:50.259711+0800	Runner	flutter: │ }
默认	11:28:50.259727+0800	Runner	flutter: └───────────────────────────────────────────────────────────────────────────────────────────────────
默认	11:28:50.276326+0800	Runner	flutter: ┌───────────────────────────────────────────────────────────────────────────────────────────────────
默认	11:28:50.276340+0800	Runner	flutter: │ [EventTracking] name=app_page_stay id=c9cabb8d-783e-408c-9836-0637939e812b time=1783654130273 props={"page_from":"webview","duration_s":1}
默认	11:28:50.276354+0800	Runner	flutter: └───────────────────────────────────────────────────────────────────────────────────────────────────
默认	11:28:50.292053+0800	Runner	flutter: ┌───────────────────────────────────────────────────────────────────────────────────────────────────
默认	11:28:50.292129+0800	Runner	flutter: │ [HTTP] --> POST https://api.truthy.top/gateway/invoke service=tool.event_tracking.EventTrackingService method=TrackEvents
默认	11:28:50.292205+0800	Runner	flutter: └───────────────────────────────────────────────────────────────────────────────────────────────────
默认	11:28:50.292448+0800	Runner	flutter: ┌───────────────────────────────────────────────────────────────────────────────────────────────────
默认	11:28:50.292490+0800	Runner	flutter: │ [HTTP] request:
默认	11:28:50.292568+0800	Runner	flutter: │ {
默认	11:28:50.292601+0800	Runner	flutter: │   "comm": {
默认	11:28:50.292639+0800	Runner	flutter: │     "auth_token": "***",
默认	11:28:50.292702+0800	Runner	flutter: │     "user_id": "user_e5f97712121ebfac3d6f6407",
默认	11:28:50.292723+0800	Runner	flutter: │     "device_id": "c5ece928-513e-4e75-a500-28479ac5102a",
默认	11:28:50.292785+0800	Runner	flutter: │     "client_request_id": "crid_1783654130286799",
默认	11:28:50.292855+0800	Runner	flutter: │     "platform": "ios",
默认	11:28:50.292958+0800	Runner	flutter: │     "app_version": "1.0.0",
默认	11:28:50.292968+0800	Runner	flutter: │     "locale": "zh-Hans-HK",
默认	11:28:50.292977+0800	Runner	flutter: │     "country": "HK",
默认	11:28:50.293096+0800	Runner	flutter: │     "timezone": "UTC+08:00"
默认	11:28:50.293118+0800	Runner	flutter: │   },
默认	11:28:50.293128+0800	Runner	flutter: │   "requests": [
默认	11:28:50.293137+0800	Runner	flutter: │     {
默认	11:28:50.293162+0800	Runner	flutter: │       "id": "req_0",
默认	11:28:50.293216+0800	Runner	flutter: │       "service_name": "tool.event_tracking.EventTrackingService",
默认	11:28:50.293267+0800	Runner	flutter: │       "method_name": "TrackEvents",
默认	11:28:50.293315+0800	Runner	flutter: │       "params": {
默认	11:28:50.293365+0800	Runner	flutter: │         "events": [
默认	11:28:50.293418+0800	Runner	flutter: │           {
默认	11:28:50.293483+0800	Runner	flutter: │             "event_id": "c9cabb8d-783e-408c-9836-0637939e812b",
默认	11:28:50.293550+0800	Runner	flutter: │             "event_name": "app_page_stay",
默认	11:28:50.293559+0800	Runner	flutter: │             "event_time_ms": 1783654130273,
默认	11:28:50.293596+0800	Runner	flutter: │             "properties": {
默认	11:28:50.293663+0800	Runner	flutter: │               "logtime": 1783654130273,
默认	11:28:50.293740+0800	Runner	flutter: │               "log_id": "c9cabb8d-783e-408c-9836-0637939e812b",
默认	11:28:50.293759+0800	Runner	flutter: │               "net": "wifi",
默认	11:28:50.293831+0800	Runner	flutter: │               "pkg": "com.sparkjam.truthy.ios",
默认	11:28:50.293843+0800	Runner	flutter: │               "bucket": 56,
默认	11:28:50.293900+0800	Runner	flutter: │               "abslot": 21,
默认	11:28:50.293939+0800	Runner	flutter: │               "ram": "3684MB",
默认	11:28:50.293977+0800	Runner	flutter: │               "cpu": "arm64",
默认	11:28:50.294028+0800	Runner	flutter: │               "sh": 844,
默认	11:28:50.294075+0800	Runner	flutter: │               "sw": 390,
默认	11:28:50.294116+0800	Runner	flutter: │               "city": "",
默认	11:28:50.294203+0800	Runner	flutter: │               "ste": "",
默认	11:28:50.294261+0800	Runner	flutter: │               "lat": "",
默认	11:28:50.294368+0800	Runner	flutter: │               "lng": "",
默认	11:28:50.294387+0800	Runner	flutter: │               "sty": "desk",
默认	11:28:50.294395+0800	Runner	flutter: │               "isp": "",
默认	11:28:50.294404+0800	Runner	flutter: │               "mod": "iphone13,2",
默认	11:28:50.294470+0800	Runner	flutter: │               "brd": "apple",
默认	11:28:50.294482+0800	Runner	flutter: │               "os": "26.3.1",
默认	11:28:50.294537+0800	Runner	flutter: │               "pf": "ios",
默认	11:28:50.294610+0800	Runner	flutter: │               "slan": "zh",
默认	11:28:50.294627+0800	Runner	flutter: │               "reg": "HK",
默认	11:28:50.294687+0800	Runner	flutter: │               "cou": "HK",
默认	11:28:50.294701+0800	Runner	flutter: │               "sub": "",
默认	11:28:50.294749+0800	Runner	flutter: │               "cha": "",
默认	11:28:50.294826+0800	Runner	flutter: │               "verc": "10000",
默认	11:28:50.294838+0800	Runner	flutter: │               "ver": "1.0.0",
默认	11:28:50.294900+0800	Runner	flutter: │               "sid": "5094b07b-cc63-4868-b4ac-6bced54db906",
默认	11:28:50.294919+0800	Runner	flutter: │               "uuid": "***",
默认	11:28:50.294979+0800	Runner	flutter: │               "idfa": "***",
默认	11:28:50.295058+0800	Runner	flutter: │               "idfv": "***",
默认	11:28:50.295068+0800	Runner	flutter: │               "aid": "***",
默认	11:28:50.295134+0800	Runner	flutter: │               "gaid": "***",
默认	11:28:50.295142+0800	Runner	flutter: │               "did": "***",
默认	11:28:50.295183+0800	Runner	flutter: │               "uid": "***",
默认	11:28:50.295242+0800	Runner	flutter: │               "anm": "Truthy",
默认	11:28:50.295310+0800	Runner	flutter: │               "push_id": "",
默认	11:28:50.295348+0800	Runner	flutter: │               "push_type": "",
默认	11:28:50.295387+0800	Runner	flutter: │               "is_pro": "0",
默认	11:28:50.295476+0800	Runner	flutter: │               "page_from": "webview",
默认	11:28:50.295488+0800	Runner	flutter: │               "duration_s": 1
默认	11:28:50.295536+0800	Runner	flutter: │             }
默认	11:28:50.295574+0800	Runner	flutter: │           }
默认	11:28:50.295665+0800	Runner	flutter: │         ]
默认	11:28:50.295681+0800	Runner	flutter: │       }
默认	11:28:50.295739+0800	Runner	flutter: │     }
默认	11:28:50.295751+0800	Runner	flutter: │   ]
默认	11:28:50.295783+0800	Runner	flutter: │ }
默认	11:28:50.295881+0800	Runner	flutter: └───────────────────────────────────────────────────────────────────────────────────────────────────
默认	11:28:50.762142+0800	Runner	flutter: ┌───────────────────────────────────────────────────────────────────────────────────────────────────
默认	11:28:50.762207+0800	Runner	flutter: │ [HTTP] <-- 200 POST https://api.truthy.top/gateway/invoke service=tool.event_tracking.EventTrackingService method=TrackEvents
默认	11:28:50.762239+0800	Runner	flutter: └───────────────────────────────────────────────────────────────────────────────────────────────────
默认	11:28:50.762558+0800	Runner	flutter: ┌───────────────────────────────────────────────────────────────────────────────────────────────────
默认	11:28:50.762578+0800	Runner	flutter: │ [HTTP] response:
默认	11:28:50.762625+0800	Runner	flutter: │ {
默认	11:28:50.762695+0800	Runner	flutter: │   "code": 0,
默认	11:28:50.762761+0800	Runner	flutter: │   "message": "ok",
默认	11:28:50.762830+0800	Runner	flutter: │   "request_id": "gw_req_2456f26ed2b8b9bcd9636b5b71581b75",
默认	11:28:50.762928+0800	Runner	flutter: │   "trace_id": "trace_394074eaeaed19e9680dc89f0ff93713",
默认	11:28:50.762995+0800	Runner	flutter: │   "responses": [
默认	11:28:50.763051+0800	Runner	flutter: │     {
默认	11:28:50.763139+0800	Runner	flutter: │       "id": "req_0",
默认	11:28:50.763197+0800	Runner	flutter: │       "success": true,
默认	11:28:50.763283+0800	Runner	flutter: │       "code": 0,
默认	11:28:50.763343+0800	Runner	flutter: │       "message": "ok",
默认	11:28:50.763405+0800	Runner	flutter: │       "data": {
默认	11:28:50.763592+0800	Runner	flutter: │         "request_id": "gw_req_2456f26ed2b8b9bcd9636b5b71581b75",
默认	11:28:50.763607+0800	Runner	flutter: │         "trace_id": "trace_394074eaeaed19e9680dc89f0ff93713",
默认	11:28:50.763669+0800	Runner	flutter: │         "accepted_count": 1,
默认	11:28:50.763804+0800	Runner	flutter: │         "event_name": "app_page_stay",
默认	11:28:50.763823+0800	Runner	flutter: │         "event_names": [
默认	11:28:50.763885+0800	Runner	flutter: │           "app_page_stay"
默认	11:28:50.763950+0800	Runner	flutter: │         ],
默认	11:28:50.764017+0800	Runner	flutter: │         "events": [
默认	11:28:50.764089+0800	Runner	flutter: │           {
默认	11:28:50.764163+0800	Runner	flutter: │             "index": 0,
默认	11:28:50.764225+0800	Runner	flutter: │             "event_id": "c9cabb8d-783e-408c-9836-0637939e812b",
默认	11:28:50.764341+0800	Runner	flutter: │             "event_name": "app_page_stay",
默认	11:28:50.764360+0800	Runner	flutter: │             "status": "accepted"
默认	11:28:50.764744+0800	Runner	flutter: │           }
默认	11:28:50.764767+0800	Runner	flutter: │         ]
默认	11:28:50.764806+0800	Runner	flutter: │       }
默认	11:28:50.764832+0800	Runner	flutter: │     }
默认	11:28:50.764849+0800	Runner	flutter: │   ]
默认	11:28:50.764863+0800	Runner	flutter: │ }
默认	11:28:50.764874+0800	Runner	flutter: └───────────────────────────────────────────────────────────────────────────────────────────────────
默认	11:28:50.863301+0800	Runner	flutter: ┌───────────────────────────────────────────────────────────────────────────────────────────────────
默认	11:28:50.863321+0800	Runner	flutter: │ [EventTracking] name=app_page_stay id=f6d2aa83-2c44-4504-98f3-a2c0edf41719 time=1783654130860 props={"page_from":"about","duration_s":0}
默认	11:28:50.863344+0800	Runner	flutter: └───────────────────────────────────────────────────────────────────────────────────────────────────
默认	11:28:50.883096+0800	Runner	flutter: ┌───────────────────────────────────────────────────────────────────────────────────────────────────
默认	11:28:50.883215+0800	Runner	flutter: │ [HTTP] --> POST https://api.truthy.top/gateway/invoke service=tool.event_tracking.EventTrackingService method=TrackEvents
默认	11:28:50.883254+0800	Runner	flutter: └───────────────────────────────────────────────────────────────────────────────────────────────────
默认	11:28:50.883558+0800	Runner	flutter: ┌───────────────────────────────────────────────────────────────────────────────────────────────────
默认	11:28:50.883634+0800	Runner	flutter: │ [HTTP] request:
默认	11:28:50.883732+0800	Runner	flutter: │ {
默认	11:28:50.883754+0800	Runner	flutter: │   "comm": {
默认	11:28:50.883908+0800	Runner	flutter: │     "auth_token": "***",
默认	11:28:50.883928+0800	Runner	flutter: │     "user_id": "user_e5f97712121ebfac3d6f6407",
默认	11:28:50.883987+0800	Runner	flutter: │     "device_id": "c5ece928-513e-4e75-a500-28479ac5102a",
默认	11:28:50.884048+0800	Runner	flutter: │     "client_request_id": "crid_1783654130875924",
默认	11:28:50.884238+0800	Runner	flutter: │     "platform": "ios",
默认	11:28:50.884284+0800	Runner	flutter: │     "app_version": "1.0.0",
默认	11:28:50.884305+0800	Runner	flutter: │     "locale": "zh-Hans-HK",
默认	11:28:50.884397+0800	Runner	flutter: │     "country": "HK",
默认	11:28:50.884413+0800	Runner	flutter: │     "timezone": "UTC+08:00"
默认	11:28:50.884514+0800	Runner	flutter: │   },
默认	11:28:50.884531+0800	Runner	flutter: │   "requests": [
默认	11:28:50.884593+0800	Runner	flutter: │     {
默认	11:28:50.884654+0800	Runner	flutter: │       "id": "req_0",
默认	11:28:50.884829+0800	Runner	flutter: │       "service_name": "tool.event_tracking.EventTrackingService",
默认	11:28:50.884850+0800	Runner	flutter: │       "method_name": "TrackEvents",
默认	11:28:50.884912+0800	Runner	flutter: │       "params": {
默认	11:28:50.884978+0800	Runner	flutter: │         "events": [
默认	11:28:50.885046+0800	Runner	flutter: │           {
默认	11:28:50.885133+0800	Runner	flutter: │             "event_id": "f6d2aa83-2c44-4504-98f3-a2c0edf41719",
默认	11:28:50.885215+0800	Runner	flutter: │             "event_name": "app_page_stay",
默认	11:28:50.885272+0800	Runner	flutter: │             "event_time_ms": 1783654130860,
默认	11:28:50.885457+0800	Runner	flutter: │             "properties": {
默认	11:28:50.885473+0800	Runner	flutter: │               "logtime": 1783654130860,
默认	11:28:50.885632+0800	Runner	flutter: │               "log_id": "f6d2aa83-2c44-4504-98f3-a2c0edf41719",
默认	11:28:50.885657+0800	Runner	flutter: │               "net": "wifi",
默认	11:28:50.885721+0800	Runner	flutter: │               "pkg": "com.sparkjam.truthy.ios",
默认	11:28:50.885740+0800	Runner	flutter: │               "bucket": 56,
默认	11:28:50.886034+0800	Runner	flutter: │               "abslot": 21,
默认	11:28:50.886059+0800	Runner	flutter: │               "ram": "3684MB",
默认	11:28:50.886071+0800	Runner	flutter: │               "cpu": "arm64",
默认	11:28:50.886084+0800	Runner	flutter: │               "sh": 844,
默认	11:28:50.886096+0800	Runner	flutter: │               "sw": 390,
默认	11:28:50.886153+0800	Runner	flutter: │               "city": "",
默认	11:28:50.886215+0800	Runner	flutter: │               "ste": "",
默认	11:28:50.886313+0800	Runner	flutter: │               "lat": "",
默认	11:28:50.886373+0800	Runner	flutter: │               "lng": "",
默认	11:28:50.886431+0800	Runner	flutter: │               "sty": "desk",
默认	11:28:50.886512+0800	Runner	flutter: │               "isp": "",
默认	11:28:50.886578+0800	Runner	flutter: │               "mod": "iphone13,2",
默认	11:28:50.886758+0800	Runner	flutter: │               "brd": "apple",
默认	11:28:50.886771+0800	Runner	flutter: │               "os": "26.3.1",
默认	11:28:50.886782+0800	Runner	flutter: │               "pf": "ios",
默认	11:28:50.886827+0800	Runner	flutter: │               "slan": "zh",
默认	11:28:50.886881+0800	Runner	flutter: │               "reg": "HK",
默认	11:28:50.886931+0800	Runner	flutter: │               "cou": "HK",
默认	11:28:50.886986+0800	Runner	flutter: │               "sub": "",
默认	11:28:50.887072+0800	Runner	flutter: │               "cha": "",
默认	11:28:50.887123+0800	Runner	flutter: │               "verc": "10000",
默认	11:28:50.887201+0800	Runner	flutter: │               "ver": "1.0.0",
默认	11:28:50.887249+0800	Runner	flutter: │               "sid": "5094b07b-cc63-4868-b4ac-6bced54db906",
默认	11:28:50.887304+0800	Runner	flutter: │               "uuid": "***",
默认	11:28:50.887414+0800	Runner	flutter: │               "idfa": "***",
默认	11:28:50.887428+0800	Runner	flutter: │               "idfv": "***",
默认	11:28:50.887473+0800	Runner	flutter: │               "aid": "***",
默认	11:28:50.887530+0800	Runner	flutter: │               "gaid": "***",
默认	11:28:50.887577+0800	Runner	flutter: │               "did": "***",
默认	11:28:50.887656+0800	Runner	flutter: │               "uid": "***",
默认	11:28:50.887713+0800	Runner	flutter: │               "anm": "Truthy",
默认	11:28:50.887824+0800	Runner	flutter: │               "push_id": "",
默认	11:28:50.887837+0800	Runner	flutter: │               "push_type": "",
默认	11:28:50.887893+0800	Runner	flutter: │               "is_pro": "0",
默认	11:28:50.887940+0800	Runner	flutter: │               "page_from": "about",
默认	11:28:50.888051+0800	Runner	flutter: │               "duration_s": 0
默认	11:28:50.888065+0800	Runner	flutter: │             }
默认	11:28:50.888109+0800	Runner	flutter: │           }
默认	11:28:50.888158+0800	Runner	flutter: │         ]
默认	11:28:50.888263+0800	Runner	flutter: │       }
默认	11:28:50.888360+0800	Runner	flutter: │     }
默认	11:28:50.888372+0800	Runner	flutter: │   ]
默认	11:28:50.888417+0800	Runner	flutter: │ }
默认	11:28:50.888566+0800	Runner	flutter: └───────────────────────────────────────────────────────────────────────────────────────────────────
默认	11:28:51.173309+0800	Runner	flutter: ┌───────────────────────────────────────────────────────────────────────────────────────────────────
默认	11:28:51.173465+0800	Runner	flutter: │ [HTTP] <-- 200 POST https://api.truthy.top/gateway/invoke service=tool.event_tracking.EventTrackingService method=TrackEvents
默认	11:28:51.173528+0800	Runner	flutter: └───────────────────────────────────────────────────────────────────────────────────────────────────
默认	11:28:51.173994+0800	Runner	flutter: ┌───────────────────────────────────────────────────────────────────────────────────────────────────
默认	11:28:51.174030+0800	Runner	flutter: │ [HTTP] response:
默认	11:28:51.174082+0800	Runner	flutter: │ {
默认	11:28:51.174102+0800	Runner	flutter: │   "code": 0,
默认	11:28:51.174139+0800	Runner	flutter: │   "message": "ok",
默认	11:28:51.174232+0800	Runner	flutter: │   "request_id": "gw_req_959a3c7f453ae99c7cd417653328df28",
默认	11:28:51.174371+0800	Runner	flutter: │   "trace_id": "trace_c9c92d538a53bb17f82b89da09e0d028",
默认	11:28:51.174496+0800	Runner	flutter: │   "responses": [
默认	11:28:51.174520+0800	Runner	flutter: │     {
默认	11:28:51.174598+0800	Runner	flutter: │       "id": "req_0",
默认	11:28:51.174681+0800	Runner	flutter: │       "success": true,
默认	11:28:51.174767+0800	Runner	flutter: │       "code": 0,
默认	11:28:51.174843+0800	Runner	flutter: │       "message": "ok",
默认	11:28:51.174925+0800	Runner	flutter: │       "data": {
默认	11:28:51.175067+0800	Runner	flutter: │         "request_id": "gw_req_959a3c7f453ae99c7cd417653328df28",
默认	11:28:51.175760+0800	Runner	flutter: │         "trace_id": "trace_c9c92d538a53bb17f82b89da09e0d028",
默认	11:28:51.175918+0800	Runner	flutter: │         "accepted_count": 1,
默认	11:28:51.175940+0800	Runner	flutter: │         "event_name": "app_page_stay",
默认	11:28:51.175956+0800	Runner	flutter: │         "event_names": [
默认	11:28:51.175973+0800	Runner	flutter: │           "app_page_stay"
默认	11:28:51.175990+0800	Runner	flutter: │         ],
默认	11:28:51.176006+0800	Runner	flutter: │         "events": [
默认	11:28:51.176022+0800	Runner	flutter: │           {
默认	11:28:51.176037+0800	Runner	flutter: │             "index": 0,
默认	11:28:51.176054+0800	Runner	flutter: │             "event_id": "f6d2aa83-2c44-4504-98f3-a2c0edf41719",
默认	11:28:51.176130+0800	Runner	flutter: │             "event_name": "app_page_stay",
默认	11:28:51.176356+0800	Runner	flutter: │             "status": "accepted"
默认	11:28:51.176379+0800	Runner	flutter: │           }
默认	11:28:51.176525+0800	Runner	flutter: │         ]
默认	11:28:51.176947+0800	Runner	flutter: │       }
默认	11:28:51.177248+0800	Runner	flutter: │     }
默认	11:28:51.177269+0800	Runner	flutter: │   ]
默认	11:28:51.177309+0800	Runner	flutter: │ }
默认	11:28:51.177326+0800	Runner	flutter: └───────────────────────────────────────────────────────────────────────────────────────────────────
默认	11:28:51.729326+0800	Runner	flutter: ┌───────────────────────────────────────────────────────────────────────────────────────────────────
默认	11:28:51.729655+0800	Runner	flutter: │ [EventTracking] name=account_feedback_click id=0512d496-3858-4c5f-9874-6a9efa122172 time=1783654131726 props={}
默认	11:28:51.729825+0800	Runner	flutter: └───────────────────────────────────────────────────────────────────────────────────────────────────
默认	11:28:51.744153+0800	Runner	flutter: ┌───────────────────────────────────────────────────────────────────────────────────────────────────
默认	11:28:51.744182+0800	Runner	flutter: │ [EventTracking] name=app_page_stay id=151036f8-3f74-4ce0-97c3-1c039538abfa time=1783654131742 props={"page_from":"account","duration_s":0}
默认	11:28:51.744225+0800	Runner	flutter: └───────────────────────────────────────────────────────────────────────────────────────────────────
默认	11:28:51.790801+0800	Runner	flutter: ┌───────────────────────────────────────────────────────────────────────────────────────────────────
默认	11:28:51.790829+0800	Runner	flutter: │ [HTTP] --> POST https://api.truthy.top/gateway/invoke service=tool.event_tracking.EventTrackingService method=TrackEvents
默认	11:28:51.790859+0800	Runner	flutter: └───────────────────────────────────────────────────────────────────────────────────────────────────
默认	11:28:51.790889+0800	Runner	flutter: ┌───────────────────────────────────────────────────────────────────────────────────────────────────
默认	11:28:51.790904+0800	Runner	flutter: │ [HTTP] request:
默认	11:28:51.790915+0800	Runner	flutter: │ {
默认	11:28:51.790927+0800	Runner	flutter: │   "comm": {
默认	11:28:51.790961+0800	Runner	flutter: │     "auth_token": "***",
默认	11:28:51.790981+0800	Runner	flutter: │     "user_id": "user_e5f97712121ebfac3d6f6407",
默认	11:28:51.790990+0800	Runner	flutter: │     "device_id": "c5ece928-513e-4e75-a500-28479ac5102a",
默认	11:28:51.791008+0800	Runner	flutter: │     "client_request_id": "crid_1783654131757758",
默认	11:28:51.791088+0800	Runner	flutter: │     "platform": "ios",
默认	11:28:51.791107+0800	Runner	flutter: │     "app_version": "1.0.0",
默认	11:28:51.791117+0800	Runner	flutter: │     "locale": "zh-Hans-HK",
默认	11:28:51.791143+0800	Runner	flutter: │     "country": "HK",
默认	11:28:51.791156+0800	Runner	flutter: │     "timezone": "UTC+08:00"
默认	11:28:51.791166+0800	Runner	flutter: │   },
默认	11:28:51.791174+0800	Runner	flutter: │   "requests": [
默认	11:28:51.791182+0800	Runner	flutter: │     {
默认	11:28:51.791192+0800	Runner	flutter: │       "id": "req_0",
默认	11:28:51.791201+0800	Runner	flutter: │       "service_name": "tool.event_tracking.EventTrackingService",
默认	11:28:51.791210+0800	Runner	flutter: │       "method_name": "TrackEvents",
默认	11:28:51.791222+0800	Runner	flutter: │       "params": {
默认	11:28:51.791230+0800	Runner	flutter: │         "events": [
默认	11:28:51.791260+0800	Runner	flutter: │           {
默认	11:28:51.791315+0800	Runner	flutter: │             "event_id": "0512d496-3858-4c5f-9874-6a9efa122172",
默认	11:28:51.791325+0800	Runner	flutter: │             "event_name": "account_feedback_click",
默认	11:28:51.791333+0800	Runner	flutter: │             "event_time_ms": 1783654131726,
默认	11:28:51.791342+0800	Runner	flutter: │             "properties": {
默认	11:28:51.791352+0800	Runner	flutter: │               "logtime": 1783654131726,
默认	11:28:51.791363+0800	Runner	flutter: │               "log_id": "0512d496-3858-4c5f-9874-6a9efa122172",
默认	11:28:51.791373+0800	Runner	flutter: │               "net": "wifi",
默认	11:28:51.791383+0800	Runner	flutter: │               "pkg": "com.sparkjam.truthy.ios",
默认	11:28:51.791440+0800	Runner	flutter: │               "bucket": 56,
默认	11:28:51.791471+0800	Runner	flutter: │               "abslot": 21,
默认	11:28:51.791482+0800	Runner	flutter: │               "ram": "3684MB",
默认	11:28:51.791495+0800	Runner	flutter: │               "cpu": "arm64",
默认	11:28:51.791506+0800	Runner	flutter: │               "sh": 844,
默认	11:28:51.791532+0800	Runner	flutter: │               "sw": 390,
默认	11:28:51.791591+0800	Runner	flutter: │               "city": "",
默认	11:28:51.791610+0800	Runner	flutter: │               "ste": "",
默认	11:28:51.791652+0800	Runner	flutter: │               "lat": "",
默认	11:28:51.791670+0800	Runner	flutter: │               "lng": "",
默认	11:28:51.791680+0800	Runner	flutter: │               "sty": "desk",
默认	11:28:51.791814+0800	Runner	flutter: │               "isp": "",
默认	11:28:51.791826+0800	Runner	flutter: │               "mod": "iphone13,2",
默认	11:28:51.791842+0800	Runner	flutter: │               "brd": "apple",
默认	11:28:51.791852+0800	Runner	flutter: │               "os": "26.3.1",
默认	11:28:51.792109+0800	Runner	flutter: │               "pf": "ios",
默认	11:28:51.792130+0800	Runner	flutter: │               "slan": "zh",
默认	11:28:51.792145+0800	Runner	flutter: │               "reg": "HK",
默认	11:28:51.792192+0800	Runner	flutter: │               "cou": "HK",
默认	11:28:51.792227+0800	Runner	flutter: │               "sub": "",
默认	11:28:51.792239+0800	Runner	flutter: │               "cha": "",
默认	11:28:51.792248+0800	Runner	flutter: │               "verc": "10000",
默认	11:28:51.792280+0800	Runner	flutter: │               "ver": "1.0.0",
默认	11:28:51.792332+0800	Runner	flutter: │               "sid": "5094b07b-cc63-4868-b4ac-6bced54db906",
默认	11:28:51.792346+0800	Runner	flutter: │               "uuid": "***",
默认	11:28:51.792357+0800	Runner	flutter: │               "idfa": "***",
默认	11:28:51.792367+0800	Runner	flutter: │               "idfv": "***",
默认	11:28:51.792412+0800	Runner	flutter: │               "aid": "***",
默认	11:28:51.792422+0800	Runner	flutter: │               "gaid": "***",
默认	11:28:51.792431+0800	Runner	flutter: │               "did": "***",
默认	11:28:51.792454+0800	Runner	flutter: │               "uid": "***",
默认	11:28:51.792464+0800	Runner	flutter: │               "anm": "Truthy",
默认	11:28:51.792478+0800	Runner	flutter: │               "push_id": "",
默认	11:28:51.792489+0800	Runner	flutter: │               "push_type": "",
默认	11:28:51.792498+0800	Runner	flutter: │               "is_pro": "0"
默认	11:28:51.792506+0800	Runner	flutter: │             }
默认	11:28:51.792515+0800	Runner	flutter: │           }
默认	11:28:51.792546+0800	Runner	flutter: │         ]
默认	11:28:51.792568+0800	Runner	flutter: │       }
默认	11:28:51.792594+0800	Runner	flutter: │     }
默认	11:28:51.792606+0800	Runner	flutter: │   ]
默认	11:28:51.792615+0800	Runner	flutter: │ }
默认	11:28:51.792628+0800	Runner	flutter: └───────────────────────────────────────────────────────────────────────────────────────────────────
默认	11:28:52.093586+0800	Runner	flutter: ┌───────────────────────────────────────────────────────────────────────────────────────────────────
默认	11:28:52.093696+0800	Runner	flutter: │ [HTTP] <-- 200 POST https://api.truthy.top/gateway/invoke service=tool.event_tracking.EventTrackingService method=TrackEvents
默认	11:28:52.093811+0800	Runner	flutter: └───────────────────────────────────────────────────────────────────────────────────────────────────
默认	11:28:52.094204+0800	Runner	flutter: ┌───────────────────────────────────────────────────────────────────────────────────────────────────
默认	11:28:52.094242+0800	Runner	flutter: │ [HTTP] response:
默认	11:28:52.094280+0800	Runner	flutter: │ {
默认	11:28:52.094388+0800	Runner	flutter: │   "code": 0,
默认	11:28:52.094419+0800	Runner	flutter: │   "message": "ok",
默认	11:28:52.094521+0800	Runner	flutter: │   "request_id": "gw_req_6bba72ab5afd6f7407552bf0f0482658",
默认	11:28:52.094607+0800	Runner	flutter: │   "trace_id": "trace_01df93599a2802371ebfcacbff6522a8",
默认	11:28:52.094696+0800	Runner	flutter: │   "responses": [
默认	11:28:52.094784+0800	Runner	flutter: │     {
默认	11:28:52.094909+0800	Runner	flutter: │       "id": "req_0",
默认	11:28:52.094994+0800	Runner	flutter: │       "success": true,
默认	11:28:52.095072+0800	Runner	flutter: │       "code": 0,
默认	11:28:52.095148+0800	Runner	flutter: │       "message": "ok",
默认	11:28:52.095352+0800	Runner	flutter: │       "data": {
默认	11:28:52.095375+0800	Runner	flutter: │         "request_id": "gw_req_6bba72ab5afd6f7407552bf0f0482658",
默认	11:28:52.095448+0800	Runner	flutter: │         "trace_id": "trace_01df93599a2802371ebfcacbff6522a8",
默认	11:28:52.095530+0800	Runner	flutter: │         "accepted_count": 1,
默认	11:28:52.095649+0800	Runner	flutter: │         "event_name": "account_feedback_click",
默认	11:28:52.095726+0800	Runner	flutter: │         "event_names": [
默认	11:28:52.095818+0800	Runner	flutter: │           "account_feedback_click"
默认	11:28:52.095906+0800	Runner	flutter: │         ],
默认	11:28:52.096025+0800	Runner	flutter: │         "events": [
默认	11:28:52.096107+0800	Runner	flutter: │           {
默认	11:28:52.096185+0800	Runner	flutter: │             "index": 0,
默认	11:28:52.096393+0800	Runner	flutter: │             "event_id": "0512d496-3858-4c5f-9874-6a9efa122172",
默认	11:28:52.096415+0800	Runner	flutter: │             "event_name": "account_feedback_click",
默认	11:28:52.096569+0800	Runner	flutter: │             "status": "accepted"
默认	11:28:52.096739+0800	Runner	flutter: │           }
默认	11:28:52.096762+0800	Runner	flutter: │         ]
默认	11:28:52.096780+0800	Runner	flutter: │       }
默认	11:28:52.096853+0800	Runner	flutter: │     }
默认	11:28:52.096930+0800	Runner	flutter: │   ]
默认	11:28:52.097029+0800	Runner	flutter: │ }
默认	11:28:52.097150+0800	Runner	flutter: └───────────────────────────────────────────────────────────────────────────────────────────────────
默认	11:28:52.118232+0800	Runner	flutter: ┌───────────────────────────────────────────────────────────────────────────────────────────────────
默认	11:28:52.118308+0800	Runner	flutter: │ [HTTP] --> POST https://api.truthy.top/gateway/invoke service=tool.event_tracking.EventTrackingService method=TrackEvents
默认	11:28:52.118417+0800	Runner	flutter: └───────────────────────────────────────────────────────────────────────────────────────────────────
默认	11:28:52.118765+0800	Runner	flutter: ┌───────────────────────────────────────────────────────────────────────────────────────────────────
默认	11:28:52.118788+0800	Runner	flutter: │ [HTTP] request:
默认	11:28:52.118815+0800	Runner	flutter: │ {
默认	11:28:52.118829+0800	Runner	flutter: │   "comm": {
默认	11:28:52.118891+0800	Runner	flutter: │     "auth_token": "***",
默认	11:28:52.118910+0800	Runner	flutter: │     "user_id": "user_e5f97712121ebfac3d6f6407",
默认	11:28:52.119035+0800	Runner	flutter: │     "device_id": "c5ece928-513e-4e75-a500-28479ac5102a",
默认	11:28:52.119050+0800	Runner	flutter: │     "client_request_id": "crid_1783654132113173",
默认	11:28:52.119098+0800	Runner	flutter: │     "platform": "ios",
默认	11:28:52.119203+0800	Runner	flutter: │     "app_version": "1.0.0",
默认	11:28:52.119218+0800	Runner	flutter: │     "locale": "zh-Hans-HK",
默认	11:28:52.119265+0800	Runner	flutter: │     "country": "HK",
默认	11:28:52.119365+0800	Runner	flutter: │     "timezone": "UTC+08:00"
默认	11:28:52.119381+0800	Runner	flutter: │   },
默认	11:28:52.119505+0800	Runner	flutter: │   "requests": [
默认	11:28:52.119517+0800	Runner	flutter: │     {
默认	11:28:52.119584+0800	Runner	flutter: │       "id": "req_0",
默认	11:28:52.119649+0800	Runner	flutter: │       "service_name": "tool.event_tracking.EventTrackingService",
默认	11:28:52.119676+0800	Runner	flutter: │       "method_name": "TrackEvents",
默认	11:28:52.119725+0800	Runner	flutter: │       "params": {
默认	11:28:52.119776+0800	Runner	flutter: │         "events": [
默认	11:28:52.119826+0800	Runner	flutter: │           {
默认	11:28:52.119874+0800	Runner	flutter: │             "event_id": "151036f8-3f74-4ce0-97c3-1c039538abfa",
默认	11:28:52.119963+0800	Runner	flutter: │             "event_name": "app_page_stay",
默认	11:28:52.120016+0800	Runner	flutter: │             "event_time_ms": 1783654131742,
默认	11:28:52.120122+0800	Runner	flutter: │             "properties": {
默认	11:28:52.120136+0800	Runner	flutter: │               "logtime": 1783654131742,
默认	11:28:52.120218+0800	Runner	flutter: │               "log_id": "151036f8-3f74-4ce0-97c3-1c039538abfa",
默认	11:28:52.120269+0800	Runner	flutter: │               "net": "wifi",
默认	11:28:52.120337+0800	Runner	flutter: │               "pkg": "com.sparkjam.truthy.ios",
默认	11:28:52.120385+0800	Runner	flutter: │               "bucket": 56,
默认	11:28:52.120440+0800	Runner	flutter: │               "abslot": 21,
默认	11:28:52.120488+0800	Runner	flutter: │               "ram": "3684MB",
默认	11:28:52.120668+0800	Runner	flutter: │               "cpu": "arm64",
默认	11:28:52.120682+0800	Runner	flutter: │               "sh": 844,
默认	11:28:52.120692+0800	Runner	flutter: │               "sw": 390,
默认	11:28:52.120840+0800	Runner	flutter: │               "city": "",
默认	11:28:52.120853+0800	Runner	flutter: │               "ste": "",
默认	11:28:52.120865+0800	Runner	flutter: │               "lat": "",
默认	11:28:52.120910+0800	Runner	flutter: │               "lng": "",
默认	11:28:52.120961+0800	Runner	flutter: │               "sty": "desk",
默认	11:28:52.121011+0800	Runner	flutter: │               "isp": "",
默认	11:28:52.121206+0800	Runner	flutter: │               "mod": "iphone13,2",
默认	11:28:52.121223+0800	Runner	flutter: │               "brd": "apple",
默认	11:28:52.121236+0800	Runner	flutter: │               "os": "26.3.1",
默认	11:28:52.121247+0800	Runner	flutter: │               "pf": "ios",
默认	11:28:52.121257+0800	Runner	flutter: │               "slan": "zh",
默认	11:28:52.121432+0800	Runner	flutter: │               "reg": "HK",
默认	11:28:52.121447+0800	Runner	flutter: │               "cou": "HK",
默认	11:28:52.121495+0800	Runner	flutter: │               "sub": "",
默认	11:28:52.121545+0800	Runner	flutter: │               "cha": "",
默认	11:28:52.121592+0800	Runner	flutter: │               "verc": "10000",
默认	11:28:52.121644+0800	Runner	flutter: │               "ver": "1.0.0",
默认	11:28:52.121752+0800	Runner	flutter: │               "sid": "5094b07b-cc63-4868-b4ac-6bced54db906",
默认	11:28:52.121829+0800	Runner	flutter: │               "uuid": "***",
默认	11:28:52.121887+0800	Runner	flutter: │               "idfa": "***",
默认	11:28:52.121906+0800	Runner	flutter: │               "idfv": "***",
默认	11:28:52.122061+0800	Runner	flutter: │               "aid": "***",
默认	11:28:52.122075+0800	Runner	flutter: │               "gaid": "***",
默认	11:28:52.122123+0800	Runner	flutter: │               "did": "***",
默认	11:28:52.122138+0800	Runner	flutter: │               "uid": "***",
默认	11:28:52.122325+0800	Runner	flutter: │               "anm": "Truthy",
默认	11:28:52.122339+0800	Runner	flutter: │               "push_id": "",
默认	11:28:52.122349+0800	Runner	flutter: │               "push_type": "",
默认	11:28:52.122394+0800	Runner	flutter: │               "is_pro": "0",
默认	11:28:52.122447+0800	Runner	flutter: │               "page_from": "account",
默认	11:28:52.122572+0800	Runner	flutter: │               "duration_s": 0
默认	11:28:52.122586+0800	Runner	flutter: │             }
默认	11:28:52.122651+0800	Runner	flutter: │           }
默认	11:28:52.122701+0800	Runner	flutter: │         ]
默认	11:28:52.122747+0800	Runner	flutter: │       }
默认	11:28:52.122800+0800	Runner	flutter: │     }
默认	11:28:52.122889+0800	Runner	flutter: │   ]
默认	11:28:52.122937+0800	Runner	flutter: │ }
默认	11:28:52.123035+0800	Runner	flutter: └───────────────────────────────────────────────────────────────────────────────────────────────────
默认	11:28:52.303513+0800	Runner	flutter: ┌───────────────────────────────────────────────────────────────────────────────────────────────────
默认	11:28:52.303652+0800	Runner	flutter: │ [HTTP] <-- 200 POST https://api.truthy.top/gateway/invoke service=tool.event_tracking.EventTrackingService method=TrackEvents
默认	11:28:52.303766+0800	Runner	flutter: └───────────────────────────────────────────────────────────────────────────────────────────────────
默认	11:28:52.304034+0800	Runner	flutter: ┌───────────────────────────────────────────────────────────────────────────────────────────────────
默认	11:28:52.304065+0800	Runner	flutter: │ [HTTP] response:
默认	11:28:52.304135+0800	Runner	flutter: │ {
默认	11:28:52.304222+0800	Runner	flutter: │   "code": 0,
默认	11:28:52.304307+0800	Runner	flutter: │   "message": "ok",
默认	11:28:52.304403+0800	Runner	flutter: │   "request_id": "gw_req_0223b9f681d1b6cd7787eca5e3f8baf7",
默认	11:28:52.304613+0800	Runner	flutter: │   "trace_id": "trace_dfd92a2402222e3ebb13712201d9fd72",
默认	11:28:52.304636+0800	Runner	flutter: │   "responses": [
默认	11:28:52.304718+0800	Runner	flutter: │     {
默认	11:28:52.304800+0800	Runner	flutter: │       "id": "req_0",
默认	11:28:52.304884+0800	Runner	flutter: │       "success": true,
默认	11:28:52.304965+0800	Runner	flutter: │       "code": 0,
默认	11:28:52.305218+0800	Runner	flutter: │       "message": "ok",
默认	11:28:52.305259+0800	Runner	flutter: │       "data": {
默认	11:28:52.305321+0800	Runner	flutter: │         "request_id": "gw_req_0223b9f681d1b6cd7787eca5e3f8baf7",
默认	11:28:52.305444+0800	Runner	flutter: │         "trace_id": "trace_dfd92a2402222e3ebb13712201d9fd72",
默认	11:28:52.305594+0800	Runner	flutter: │         "accepted_count": 1,
默认	11:28:52.305737+0800	Runner	flutter: │         "event_name": "app_page_stay",
默认	11:28:52.305861+0800	Runner	flutter: │         "event_names": [
默认	11:28:52.306152+0800	Runner	flutter: │           "app_page_stay"
默认	11:28:52.306185+0800	Runner	flutter: │         ],
默认	11:28:52.306348+0800	Runner	flutter: │         "events": [
默认	11:28:52.306482+0800	Runner	flutter: │           {
默认	11:28:52.306617+0800	Runner	flutter: │             "index": 0,
默认	11:28:52.306740+0800	Runner	flutter: │             "event_id": "151036f8-3f74-4ce0-97c3-1c039538abfa",
默认	11:28:52.306965+0800	Runner	flutter: │             "event_name": "app_page_stay",
默认	11:28:52.307109+0800	Runner	flutter: │             "status": "accepted"
默认	11:28:52.307229+0800	Runner	flutter: │           }
默认	11:28:52.307358+0800	Runner	flutter: │         ]
默认	11:28:52.307478+0800	Runner	flutter: │       }
默认	11:28:52.308013+0800	Runner	flutter: │     }
默认	11:28:52.308152+0800	Runner	flutter: │   ]
默认	11:28:52.308187+0800	Runner	flutter: │ }
默认	11:28:52.308208+0800	Runner	flutter: └───────────────────────────────────────────────────────────────────────────────────────────────────
默认	11:28:52.670181+0800	Runner	Reloading input views for key-window scene responder: <FlutterTextInputView: 0x115dd9400; frame = (0 0; 1 1); > force:N
默认	11:28:52.671204+0800	Runner	_inputViewsForResponder: <FlutterTextInputView: 0x115dd9400; frame = (0 0; 1 1); >, automaticKeyboard: 1, force: 0
默认	11:28:52.679316+0800	Runner	-_teardownExistingDelegate:(nil) forSetDelegate:<FlutterTextInputView: 0x115dd9400> force:NO delayEndInputSession:YES
默认	11:28:55.872034+0800	Runner	-_teardownExistingDelegate:<FlutterTextInputView: 0x115dd9400> forSetDelegate:(nil) force:NO delayEndInputSession:NO
默认	11:28:55.919852+0800	Runner	flutter: ┌───────────────────────────────────────────────────────────────────────────────────────────────────
默认	11:28:55.919879+0800	Runner	flutter: │ [HTTP] --> POST https://api.truthy.top/gateway/invoke service=tool.people_insight.ProfileFeedbackService method=SubmitProfileFeedback
默认	11:28:55.919899+0800	Runner	flutter: └───────────────────────────────────────────────────────────────────────────────────────────────────
默认	11:28:55.919920+0800	Runner	flutter: ┌───────────────────────────────────────────────────────────────────────────────────────────────────
默认	11:28:55.919986+0800	Runner	flutter: │ [HTTP] request:
默认	11:28:55.920010+0800	Runner	flutter: │ {
默认	11:28:55.920047+0800	Runner	flutter: │   "comm": {
默认	11:28:55.920074+0800	Runner	flutter: │     "auth_token": "***",
默认	11:28:55.920099+0800	Runner	flutter: │     "user_id": "user_e5f97712121ebfac3d6f6407",
默认	11:28:55.920111+0800	Runner	flutter: │     "device_id": "c5ece928-513e-4e75-a500-28479ac5102a",
默认	11:28:55.920140+0800	Runner	flutter: │     "client_request_id": "crid_profile_feedback_1783654135867270",
默认	11:28:55.920154+0800	Runner	flutter: │     "platform": "ios",
默认	11:28:55.920166+0800	Runner	flutter: │     "app_version": "1.0.0",
默认	11:28:55.920205+0800	Runner	flutter: │     "locale": "zh-Hans-HK",
默认	11:28:55.920228+0800	Runner	flutter: │     "country": "HK",
默认	11:28:55.920249+0800	Runner	flutter: │     "timezone": "UTC+08:00"
默认	11:28:55.920259+0800	Runner	flutter: │   },
默认	11:28:55.920273+0800	Runner	flutter: │   "requests": [
默认	11:28:55.920291+0800	Runner	flutter: │     {
默认	11:28:55.920309+0800	Runner	flutter: │       "id": "req_0",
默认	11:28:55.920319+0800	Runner	flutter: │       "service_name": "tool.people_insight.ProfileFeedbackService",
默认	11:28:55.920331+0800	Runner	flutter: │       "method_name": "SubmitProfileFeedback",
默认	11:28:55.920345+0800	Runner	flutter: │       "params": {
默认	11:28:55.920357+0800	Runner	flutter: │         "client_request_id": "crid_profile_feedback_1783654135867270",
默认	11:28:55.920371+0800	Runner	flutter: │         "feedback_type": "APP_FEEDBACK",
默认	11:28:55.920378+0800	Runner	flutter: │         "feedback_message": "11",
默认	11:28:55.920408+0800	Runner	flutter: │         "client_context": {
默认	11:28:55.920427+0800	Runner	flutter: │           "screen": "profile"
默认	11:28:55.920440+0800	Runner	flutter: │         }
默认	11:28:55.920495+0800	Runner	flutter: │       }
默认	11:28:55.920520+0800	Runner	flutter: │     }
默认	11:28:55.920533+0800	Runner	flutter: │   ]
默认	11:28:55.920547+0800	Runner	flutter: │ }
默认	11:28:55.920557+0800	Runner	flutter: └───────────────────────────────────────────────────────────────────────────────────────────────────
默认	11:28:57.424180+0800	Runner	flutter: ┌───────────────────────────────────────────────────────────────────────────────────────────────────
默认	11:28:57.424715+0800	Runner	flutter: │ [HTTP] <-- 200 POST https://api.truthy.top/gateway/invoke service=tool.people_insight.ProfileFeedbackService method=SubmitProfileFeedback
默认	11:28:57.425249+0800	Runner	flutter: └───────────────────────────────────────────────────────────────────────────────────────────────────
默认	11:28:57.425740+0800	Runner	flutter: ┌───────────────────────────────────────────────────────────────────────────────────────────────────
默认	11:28:57.425800+0800	Runner	flutter: │ [HTTP] response:
默认	11:28:57.425924+0800	Runner	flutter: │ {
默认	11:28:57.425952+0800	Runner	flutter: │   "code": 0,
默认	11:28:57.425990+0800	Runner	flutter: │   "message": "ok",
默认	11:28:57.426019+0800	Runner	flutter: │   "request_id": "gw_req_b37202599cd967eacfb0f07481cfa6be",
默认	11:28:57.426047+0800	Runner	flutter: │   "trace_id": "trace_4e30c6adb6add0ea5f71a26f17fe6961",
默认	11:28:57.426104+0800	Runner	flutter: │   "responses": [
默认	11:28:57.426134+0800	Runner	flutter: │     {
默认	11:28:57.426162+0800	Runner	flutter: │       "id": "req_0",
默认	11:28:57.426187+0800	Runner	flutter: │       "success": true,
默认	11:28:57.426211+0800	Runner	flutter: │       "code": 0,
默认	11:28:57.427206+0800	Runner	flutter: │       "message": "ok",
默认	11:28:57.427253+0800	Runner	flutter: │       "data": {
默认	11:28:57.427273+0800	Runner	flutter: │         "create_time": 1783654137184,
默认	11:28:57.427293+0800	Runner	flutter: │         "feedback_id": "feedback_13f0b8c0b1598d5247c5708d",
默认	11:28:57.427314+0800	Runner	flutter: │         "status": "submitted"
默认	11:28:57.427330+0800	Runner	flutter: │       }
默认	11:28:57.427346+0800	Runner	flutter: │     }
默认	11:28:57.427362+0800	Runner	flutter: │   ]
默认	11:28:57.427378+0800	Runner	flutter: │ }
默认	11:28:57.427457+0800	Runner	flutter: └───────────────────────────────────────────────────────────────────────────────────────────────────
默认	11:28:57.428060+0800	Runner	flutter: ┌───────────────────────────────────────────────────────────────────────────────────────────────────
默认	11:28:57.428093+0800	Runner	flutter: │ [EventTracking] name=app_page_stay id=869ea39a-5000-4bf9-ae56-4210b97bc517 time=1783654137427 props={"page_from":"feedback","duration_s":5}
默认	11:28:57.428179+0800	Runner	flutter: └───────────────────────────────────────────────────────────────────────────────────────────────────
默认	11:28:57.451021+0800	Runner	flutter: ┌───────────────────────────────────────────────────────────────────────────────────────────────────
默认	11:28:57.451067+0800	Runner	flutter: │ [HTTP] --> POST https://api.truthy.top/gateway/invoke service=tool.event_tracking.EventTrackingService method=TrackEvents
默认	11:28:57.451096+0800	Runner	flutter: └───────────────────────────────────────────────────────────────────────────────────────────────────
默认	11:28:57.451492+0800	Runner	flutter: ┌───────────────────────────────────────────────────────────────────────────────────────────────────
默认	11:28:57.451512+0800	Runner	flutter: │ [HTTP] request:
默认	11:28:57.451534+0800	Runner	flutter: │ {
默认	11:28:57.451585+0800	Runner	flutter: │   "comm": {
默认	11:28:57.451612+0800	Runner	flutter: │     "auth_token": "***",
默认	11:28:57.451669+0800	Runner	flutter: │     "user_id": "user_e5f97712121ebfac3d6f6407",
默认	11:28:57.451728+0800	Runner	flutter: │     "device_id": "c5ece928-513e-4e75-a500-28479ac5102a",
默认	11:28:57.451780+0800	Runner	flutter: │     "client_request_id": "crid_1783654137444916",
默认	11:28:57.451822+0800	Runner	flutter: │     "platform": "ios",
默认	11:28:57.451878+0800	Runner	flutter: │     "app_version": "1.0.0",
默认	11:28:57.451945+0800	Runner	flutter: │     "locale": "zh-Hans-HK",
默认	11:28:57.452009+0800	Runner	flutter: │     "country": "HK",
默认	11:28:57.452063+0800	Runner	flutter: │     "timezone": "UTC+08:00"
默认	11:28:57.452117+0800	Runner	flutter: │   },
默认	11:28:57.452176+0800	Runner	flutter: │   "requests": [
默认	11:28:57.452234+0800	Runner	flutter: │     {
默认	11:28:57.452294+0800	Runner	flutter: │       "id": "req_0",
默认	11:28:57.452366+0800	Runner	flutter: │       "service_name": "tool.event_tracking.EventTrackingService",
默认	11:28:57.452421+0800	Runner	flutter: │       "method_name": "TrackEvents",
默认	11:28:57.452476+0800	Runner	flutter: │       "params": {
默认	11:28:57.452524+0800	Runner	flutter: │         "events": [
默认	11:28:57.452678+0800	Runner	flutter: │           {
默认	11:28:57.452702+0800	Runner	flutter: │             "event_id": "869ea39a-5000-4bf9-ae56-4210b97bc517",
默认	11:28:57.452721+0800	Runner	flutter: │             "event_name": "app_page_stay",
默认	11:28:57.452775+0800	Runner	flutter: │             "event_time_ms": 1783654137427,
默认	11:28:57.452786+0800	Runner	flutter: │             "properties": {
默认	11:28:57.452825+0800	Runner	flutter: │               "logtime": 1783654137427,
默认	11:28:57.452871+0800	Runner	flutter: │               "log_id": "869ea39a-5000-4bf9-ae56-4210b97bc517",
默认	11:28:57.452980+0800	Runner	flutter: │               "net": "wifi",
默认	11:28:57.452995+0800	Runner	flutter: │               "pkg": "com.sparkjam.truthy.ios",
默认	11:28:57.453032+0800	Runner	flutter: │               "bucket": 56,
默认	11:28:57.453071+0800	Runner	flutter: │               "abslot": 21,
默认	11:28:57.453109+0800	Runner	flutter: │               "ram": "3684MB",
默认	11:28:57.453171+0800	Runner	flutter: │               "cpu": "arm64",
默认	11:28:57.453222+0800	Runner	flutter: │               "sh": 844,
默认	11:28:57.453265+0800	Runner	flutter: │               "sw": 390,
默认	11:28:57.453305+0800	Runner	flutter: │               "city": "",
默认	11:28:57.453346+0800	Runner	flutter: │               "ste": "",
默认	11:28:57.453397+0800	Runner	flutter: │               "lat": "",
默认	11:28:57.453444+0800	Runner	flutter: │               "lng": "",
默认	11:28:57.453505+0800	Runner	flutter: │               "sty": "desk",
默认	11:28:57.453542+0800	Runner	flutter: │               "isp": "",
默认	11:28:57.453766+0800	Runner	flutter: │               "mod": "iphone13,2",
默认	11:28:57.453779+0800	Runner	flutter: │               "brd": "apple",
默认	11:28:57.453788+0800	Runner	flutter: │               "os": "26.3.1",
默认	11:28:57.453797+0800	Runner	flutter: │               "pf": "ios",
默认	11:28:57.453804+0800	Runner	flutter: │               "slan": "zh",
默认	11:28:57.453813+0800	Runner	flutter: │               "reg": "HK",
默认	11:28:57.453963+0800	Runner	flutter: │               "cou": "HK",
默认	11:28:57.453986+0800	Runner	flutter: │               "sub": "",
默认	11:28:57.453994+0800	Runner	flutter: │               "cha": "",
默认	11:28:57.454063+0800	Runner	flutter: │               "verc": "10000",
默认	11:28:57.454075+0800	Runner	flutter: │               "ver": "1.0.0",
默认	11:28:57.454112+0800	Runner	flutter: │               "sid": "5094b07b-cc63-4868-b4ac-6bced54db906",
默认	11:28:57.454210+0800	Runner	flutter: │               "uuid": "***",
默认	11:28:57.454232+0800	Runner	flutter: │               "idfa": "***",
默认	11:28:57.454276+0800	Runner	flutter: │               "idfv": "***",
默认	11:28:57.454318+0800	Runner	flutter: │               "aid": "***",
默认	11:28:57.454368+0800	Runner	flutter: │               "gaid": "***",
默认	11:28:57.454411+0800	Runner	flutter: │               "did": "***",
默认	11:28:57.454488+0800	Runner	flutter: │               "uid": "***",
默认	11:28:57.454543+0800	Runner	flutter: │               "anm": "Truthy",
默认	11:28:57.454646+0800	Runner	flutter: │               "push_id": "",
默认	11:28:57.454657+0800	Runner	flutter: │               "push_type": "",
默认	11:28:57.454835+0800	Runner	flutter: │               "is_pro": "0",
默认	11:28:57.454855+0800	Runner	flutter: │               "page_from": "feedback",
默认	11:28:57.454895+0800	Runner	flutter: │               "duration_s": 5
默认	11:28:57.454982+0800	Runner	flutter: │             }
默认	11:28:57.454997+0800	Runner	flutter: │           }
默认	11:28:57.455044+0800	Runner	flutter: │         ]
默认	11:28:57.455086+0800	Runner	flutter: │       }
默认	11:28:57.455132+0800	Runner	flutter: │     }
默认	11:28:57.455174+0800	Runner	flutter: │   ]
默认	11:28:57.455216+0800	Runner	flutter: │ }
默认	11:28:57.455332+0800	Runner	flutter: └───────────────────────────────────────────────────────────────────────────────────────────────────
默认	11:28:57.641179+0800	Runner	flutter: ┌───────────────────────────────────────────────────────────────────────────────────────────────────
默认	11:28:57.641237+0800	Runner	flutter: │ [HTTP] <-- 200 POST https://api.truthy.top/gateway/invoke service=tool.event_tracking.EventTrackingService method=TrackEvents
默认	11:28:57.641380+0800	Runner	flutter: └───────────────────────────────────────────────────────────────────────────────────────────────────
默认	11:28:57.642398+0800	Runner	flutter: ┌───────────────────────────────────────────────────────────────────────────────────────────────────
默认	11:28:57.642437+0800	Runner	flutter: │ [HTTP] response:
默认	11:28:57.642458+0800	Runner	flutter: │ {
默认	11:28:57.642641+0800	Runner	flutter: │   "code": 0,
默认	11:28:57.642704+0800	Runner	flutter: │   "message": "ok",
默认	11:28:57.642724+0800	Runner	flutter: │   "request_id": "gw_req_0184b1efe8646a1841704af64cbe6d88",
默认	11:28:57.642740+0800	Runner	flutter: │   "trace_id": "trace_9409494f0bed4850a1848829805051a9",
默认	11:28:57.642853+0800	Runner	flutter: │   "responses": [
默认	11:28:57.642877+0800	Runner	flutter: │     {
默认	11:28:57.642894+0800	Runner	flutter: │       "id": "req_0",
默认	11:28:57.642911+0800	Runner	flutter: │       "success": true,
默认	11:28:57.642927+0800	Runner	flutter: │       "code": 0,
默认	11:28:57.643263+0800	Runner	flutter: │       "message": "ok",
默认	11:28:57.643362+0800	Runner	flutter: │       "data": {
默认	11:28:57.643925+0800	Runner	flutter: │         "request_id": "gw_req_0184b1efe8646a1841704af64cbe6d88",
默认	11:28:57.643944+0800	Runner	flutter: │         "trace_id": "trace_9409494f0bed4850a1848829805051a9",
默认	11:28:57.643960+0800	Runner	flutter: │         "accepted_count": 1,
默认	11:28:57.643978+0800	Runner	flutter: │         "event_name": "app_page_stay",
默认	11:28:57.644082+0800	Runner	flutter: │         "event_names": [
默认	11:28:57.644227+0800	Runner	flutter: │           "app_page_stay"
默认	11:28:57.644618+0800	Runner	flutter: │         ],
默认	11:28:57.644645+0800	Runner	flutter: │         "events": [
默认	11:28:57.644735+0800	Runner	flutter: │           {
默认	11:28:57.645004+0800	Runner	flutter: │             "index": 0,
默认	11:28:57.645019+0800	Runner	flutter: │             "event_id": "869ea39a-5000-4bf9-ae56-4210b97bc517",
默认	11:28:57.645032+0800	Runner	flutter: │             "event_name": "app_page_stay",
默认	11:28:57.645102+0800	Runner	flutter: │             "status": "accepted"
默认	11:28:57.645230+0800	Runner	flutter: │           }
默认	11:28:57.645278+0800	Runner	flutter: │         ]
默认	11:28:57.645292+0800	Runner	flutter: │       }
默认	11:28:57.645303+0800	Runner	flutter: │     }
默认	11:28:57.645589+0800	Runner	flutter: │   ]
默认	11:28:57.645999+0800	Runner	flutter: │ }
默认	11:28:57.646049+0800	Runner	flutter: └───────────────────────────────────────────────────────────────────────────────────────────────────
默认	11:29:04.199109+0800	Runner	flutter: ┌───────────────────────────────────────────────────────────────────────────────────────────────────
默认	11:29:04.199136+0800	Runner	flutter: │ [EventTracking] name=app_page_stay id=3da1b829-204b-4f47-a852-e3b446a5368d time=1783654144195 props={"page_from":"account","duration_s":6}
默认	11:29:04.199201+0800	Runner	flutter: └───────────────────────────────────────────────────────────────────────────────────────────────────
默认	11:29:04.219069+0800	Runner	flutter: ┌───────────────────────────────────────────────────────────────────────────────────────────────────
默认	11:29:04.219136+0800	Runner	flutter: │ [HTTP] --> POST https://api.truthy.top/gateway/invoke service=tool.event_tracking.EventTrackingService method=TrackEvents
默认	11:29:04.219177+0800	Runner	flutter: └───────────────────────────────────────────────────────────────────────────────────────────────────
默认	11:29:04.219558+0800	Runner	flutter: ┌───────────────────────────────────────────────────────────────────────────────────────────────────
默认	11:29:04.219639+0800	Runner	flutter: │ [HTTP] request:
默认	11:29:04.219981+0800	Runner	flutter: │ {
默认	11:29:04.220005+0800	Runner	flutter: │   "comm": {
默认	11:29:04.220024+0800	Runner	flutter: │     "auth_token": "***",
默认	11:29:04.220036+0800	Runner	flutter: │     "user_id": "user_e5f97712121ebfac3d6f6407",
默认	11:29:04.220048+0800	Runner	flutter: │     "device_id": "c5ece928-513e-4e75-a500-28479ac5102a",
默认	11:29:04.220061+0800	Runner	flutter: │     "client_request_id": "crid_1783654144213043",
默认	11:29:04.220073+0800	Runner	flutter: │     "platform": "ios",
默认	11:29:04.220179+0800	Runner	flutter: │     "app_version": "1.0.0",
默认	11:29:04.220197+0800	Runner	flutter: │     "locale": "zh-Hans-HK",
默认	11:29:04.220212+0800	Runner	flutter: │     "country": "HK",
默认	11:29:04.220273+0800	Runner	flutter: │     "timezone": "UTC+08:00"
默认	11:29:04.220341+0800	Runner	flutter: │   },
默认	11:29:04.220407+0800	Runner	flutter: │   "requests": [
默认	11:29:04.220469+0800	Runner	flutter: │     {
默认	11:29:04.220535+0800	Runner	flutter: │       "id": "req_0",
默认	11:29:04.220604+0800	Runner	flutter: │       "service_name": "tool.event_tracking.EventTrackingService",
默认	11:29:04.220802+0800	Runner	flutter: │       "method_name": "TrackEvents",
默认	11:29:04.220830+0800	Runner	flutter: │       "params": {
默认	11:29:04.220844+0800	Runner	flutter: │         "events": [
默认	11:29:04.220902+0800	Runner	flutter: │           {
默认	11:29:04.220972+0800	Runner	flutter: │             "event_id": "3da1b829-204b-4f47-a852-e3b446a5368d",
默认	11:29:04.221045+0800	Runner	flutter: │             "event_name": "app_page_stay",
默认	11:29:04.221108+0800	Runner	flutter: │             "event_time_ms": 1783654144195,
默认	11:29:04.221249+0800	Runner	flutter: │             "properties": {
默认	11:29:04.221262+0800	Runner	flutter: │               "logtime": 1783654144195,
默认	11:29:04.221318+0800	Runner	flutter: │               "log_id": "3da1b829-204b-4f47-a852-e3b446a5368d",
默认	11:29:04.221368+0800	Runner	flutter: │               "net": "wifi",
默认	11:29:04.221415+0800	Runner	flutter: │               "pkg": "com.sparkjam.truthy.ios",
默认	11:29:04.221708+0800	Runner	flutter: │               "bucket": 56,
默认	11:29:04.221724+0800	Runner	flutter: │               "abslot": 21,
默认	11:29:04.221734+0800	Runner	flutter: │               "ram": "3684MB",
默认	11:29:04.221744+0800	Runner	flutter: │               "cpu": "arm64",
默认	11:29:04.221752+0800	Runner	flutter: │               "sh": 844,
默认	11:29:04.221764+0800	Runner	flutter: │               "sw": 390,
默认	11:29:04.221808+0800	Runner	flutter: │               "city": "",
默认	11:29:04.221858+0800	Runner	flutter: │               "ste": "",
默认	11:29:04.221913+0800	Runner	flutter: │               "lat": "",
默认	11:29:04.221962+0800	Runner	flutter: │               "lng": "",
默认	11:29:04.222016+0800	Runner	flutter: │               "sty": "desk",
默认	11:29:04.222090+0800	Runner	flutter: │               "isp": "",
默认	11:29:04.222141+0800	Runner	flutter: │               "mod": "iphone13,2",
默认	11:29:04.222189+0800	Runner	flutter: │               "brd": "apple",
默认	11:29:04.222306+0800	Runner	flutter: │               "os": "26.3.1",
默认	11:29:04.222328+0800	Runner	flutter: │               "pf": "ios",
默认	11:29:04.222385+0800	Runner	flutter: │               "slan": "zh",
默认	11:29:04.222434+0800	Runner	flutter: │               "reg": "HK",
默认	11:29:04.222485+0800	Runner	flutter: │               "cou": "HK",
默认	11:29:04.222659+0800	Runner	flutter: │               "sub": "",
默认	11:29:04.222673+0800	Runner	flutter: │               "cha": "",
默认	11:29:04.222686+0800	Runner	flutter: │               "verc": "10000",
默认	11:29:04.222726+0800	Runner	flutter: │               "ver": "1.0.0",
默认	11:29:04.222779+0800	Runner	flutter: │               "sid": "5094b07b-cc63-4868-b4ac-6bced54db906",
默认	11:29:04.222837+0800	Runner	flutter: │               "uuid": "***",
默认	11:29:04.222908+0800	Runner	flutter: │               "idfa": "***",
默认	11:29:04.222953+0800	Runner	flutter: │               "idfv": "***",
默认	11:29:04.223123+0800	Runner	flutter: │               "aid": "***",
默认	11:29:04.223135+0800	Runner	flutter: │               "gaid": "***",
默认	11:29:04.223145+0800	Runner	flutter: │               "did": "***",
默认	11:29:04.223191+0800	Runner	flutter: │               "uid": "***",
默认	11:29:04.223238+0800	Runner	flutter: │               "anm": "Truthy",
默认	11:29:04.223311+0800	Runner	flutter: │               "push_id": "",
默认	11:29:04.223359+0800	Runner	flutter: │               "push_type": "",
默认	11:29:04.223417+0800	Runner	flutter: │               "is_pro": "0",
默认	11:29:04.223469+0800	Runner	flutter: │               "page_from": "account",
默认	11:29:04.223587+0800	Runner	flutter: │               "duration_s": 6
默认	11:29:04.223602+0800	Runner	flutter: │             }
默认	11:29:04.223647+0800	Runner	flutter: │           }
默认	11:29:04.223695+0800	Runner	flutter: │         ]
默认	11:29:04.223784+0800	Runner	flutter: │       }
默认	11:29:04.223807+0800	Runner	flutter: │     }
默认	11:29:04.223855+0800	Runner	flutter: │   ]
默认	11:29:04.223912+0800	Runner	flutter: │ }
默认	11:29:04.224021+0800	Runner	flutter: └───────────────────────────────────────────────────────────────────────────────────────────────────
默认	11:29:05.783721+0800	Runner	flutter: ┌───────────────────────────────────────────────────────────────────────────────────────────────────
默认	11:29:05.783875+0800	Runner	flutter: │ [HTTP] <-- 200 POST https://api.truthy.top/gateway/invoke service=tool.event_tracking.EventTrackingService method=TrackEvents
默认	11:29:05.784038+0800	Runner	flutter: └───────────────────────────────────────────────────────────────────────────────────────────────────
默认	11:29:05.784517+0800	Runner	flutter: ┌───────────────────────────────────────────────────────────────────────────────────────────────────
默认	11:29:05.784667+0800	Runner	flutter: │ [HTTP] response:
默认	11:29:05.784948+0800	Runner	flutter: │ {
默认	11:29:05.784982+0800	Runner	flutter: │   "code": 0,
默认	11:29:05.785120+0800	Runner	flutter: │   "message": "ok",
默认	11:29:05.785213+0800	Runner	flutter: │   "request_id": "gw_req_cff13dfc67067c8561056cfe4b686d7b",
默认	11:29:05.785351+0800	Runner	flutter: │   "trace_id": "trace_db40f0d9c30b381bd9ab149ca8d23cb2",
默认	11:29:05.785471+0800	Runner	flutter: │   "responses": [
默认	11:29:05.785751+0800	Runner	flutter: │     {
默认	11:29:05.785784+0800	Runner	flutter: │       "id": "req_0",
默认	11:29:05.785906+0800	Runner	flutter: │       "success": true,
默认	11:29:05.786034+0800	Runner	flutter: │       "code": 0,
默认	11:29:05.786170+0800	Runner	flutter: │       "message": "ok",
默认	11:29:05.786293+0800	Runner	flutter: │       "data": {
默认	11:29:05.786711+0800	Runner	flutter: │         "request_id": "gw_req_cff13dfc67067c8561056cfe4b686d7b",
默认	11:29:05.786773+0800	Runner	flutter: │         "trace_id": "trace_db40f0d9c30b381bd9ab149ca8d23cb2",
默认	11:29:05.786802+0800	Runner	flutter: │         "accepted_count": 1,
默认	11:29:05.786920+0800	Runner	flutter: │         "event_name": "app_page_stay",
默认	11:29:05.787245+0800	Runner	flutter: │         "event_names": [
默认	11:29:05.787504+0800	Runner	flutter: │           "app_page_stay"
默认	11:29:05.787547+0800	Runner	flutter: │         ],
默认	11:29:05.787574+0800	Runner	flutter: │         "events": [
默认	11:29:05.787599+0800	Runner	flutter: │           {
默认	11:29:05.787729+0800	Runner	flutter: │             "index": 0,
默认	11:29:05.787997+0800	Runner	flutter: │             "event_id": "3da1b829-204b-4f47-a852-e3b446a5368d",
默认	11:29:05.788027+0800	Runner	flutter: │             "event_name": "app_page_stay",
默认	11:29:05.788129+0800	Runner	flutter: │             "status": "accepted"
默认	11:29:05.788260+0800	Runner	flutter: │           }
默认	11:29:05.788378+0800	Runner	flutter: │         ]
默认	11:29:05.788616+0800	Runner	flutter: │       }
默认	11:29:05.788655+0800	Runner	flutter: │     }
默认	11:29:05.788780+0800	Runner	flutter: │   ]
默认	11:29:05.788908+0800	Runner	flutter: │ }
默认	11:29:05.789206+0800	Runner	flutter: └───────────────────────────────────────────────────────────────────────────────────────────────────
默认	11:29:07.507889+0800	Runner	flutter: ┌───────────────────────────────────────────────────────────────────────────────────────────────────
默认	11:29:07.507905+0800	Runner	flutter: │ [EventTracking] name=home_history_click id=1fbf9caa-5b7a-4d26-a41f-9b9954ff9db9 time=1783654147503 props={}
默认	11:29:07.507930+0800	Runner	flutter: └───────────────────────────────────────────────────────────────────────────────────────────────────
默认	11:29:07.507981+0800	Runner	flutter: ┌───────────────────────────────────────────────────────────────────────────────────────────────────
默认	11:29:07.507988+0800	Runner	flutter: │ [EventTracking] name=app_page_stay id=24cb9aab-f02e-4d67-b22e-cf6361624022 time=1783654147505 props={"page_from":"home","duration_s":3}
默认	11:29:07.508002+0800	Runner	flutter: └───────────────────────────────────────────────────────────────────────────────────────────────────
默认	11:29:07.508011+0800	Runner	flutter: ┌───────────────────────────────────────────────────────────────────────────────────────────────────
默认	11:29:07.508018+0800	Runner	flutter: │ [EventTracking] name=history_pageview id=6720f866-45f8-4f26-a896-743661e761f1 time=1783654147507 props={}
默认	11:29:07.508027+0800	Runner	flutter: └───────────────────────────────────────────────────────────────────────────────────────────────────
默认	11:29:07.522722+0800	Runner	flutter: ┌───────────────────────────────────────────────────────────────────────────────────────────────────
默认	11:29:07.522773+0800	Runner	flutter: │ [HTTP] --> POST https://api.truthy.top/gateway/invoke service=tool.people_insight.SearchService method=ListViewedCandidates
默认	11:29:07.522799+0800	Runner	flutter: └───────────────────────────────────────────────────────────────────────────────────────────────────
默认	11:29:07.522897+0800	Runner	flutter: ┌───────────────────────────────────────────────────────────────────────────────────────────────────
默认	11:29:07.522931+0800	Runner	flutter: │ [HTTP] request:
默认	11:29:07.522952+0800	Runner	flutter: │ {
默认	11:29:07.522962+0800	Runner	flutter: │   "comm": {
默认	11:29:07.522973+0800	Runner	flutter: │     "auth_token": "***",
默认	11:29:07.522981+0800	Runner	flutter: │     "user_id": "user_e5f97712121ebfac3d6f6407",
默认	11:29:07.523037+0800	Runner	flutter: │     "device_id": "c5ece928-513e-4e75-a500-28479ac5102a",
默认	11:29:07.523093+0800	Runner	flutter: │     "client_request_id": "crid_1783654147508999",
默认	11:29:07.523118+0800	Runner	flutter: │     "platform": "ios",
默认	11:29:07.523169+0800	Runner	flutter: │     "app_version": "1.0.0",
默认	11:29:07.523190+0800	Runner	flutter: │     "locale": "zh-Hans-HK",
默认	11:29:07.523201+0800	Runner	flutter: │     "country": "HK",
默认	11:29:07.523298+0800	Runner	flutter: │     "timezone": "UTC+08:00"
默认	11:29:07.523313+0800	Runner	flutter: │   },
默认	11:29:07.523322+0800	Runner	flutter: │   "requests": [
默认	11:29:07.523365+0800	Runner	flutter: │     {
默认	11:29:07.523375+0800	Runner	flutter: │       "id": "req_0",
默认	11:29:07.523420+0800	Runner	flutter: │       "service_name": "tool.people_insight.SearchService",
默认	11:29:07.523495+0800	Runner	flutter: │       "method_name": "ListViewedCandidates",
默认	11:29:07.523505+0800	Runner	flutter: │       "params": {
默认	11:29:07.523550+0800	Runner	flutter: │         "page": {
默认	11:29:07.523600+0800	Runner	flutter: │           "page_size": 20,
默认	11:29:07.523646+0800	Runner	flutter: │           "page_token": ""
默认	11:29:07.523695+0800	Runner	flutter: │         }
默认	11:29:07.523741+0800	Runner	flutter: │       }
默认	11:29:07.523807+0800	Runner	flutter: │     }
默认	11:29:07.523818+0800	Runner	flutter: │   ]
默认	11:29:07.523864+0800	Runner	flutter: │ }
默认	11:29:07.523936+0800	Runner	flutter: └───────────────────────────────────────────────────────────────────────────────────────────────────
默认	11:29:07.526484+0800	Runner	flutter: ┌───────────────────────────────────────────────────────────────────────────────────────────────────
默认	11:29:07.526516+0800	Runner	flutter: │ [HTTP] --> POST https://api.truthy.top/gateway/invoke service=tool.event_tracking.EventTrackingService method=TrackEvents
默认	11:29:07.526573+0800	Runner	flutter: └───────────────────────────────────────────────────────────────────────────────────────────────────
默认	11:29:07.526840+0800	Runner	flutter: ┌───────────────────────────────────────────────────────────────────────────────────────────────────
默认	11:29:07.526855+0800	Runner	flutter: │ [HTTP] request:
默认	11:29:07.526875+0800	Runner	flutter: │ {
默认	11:29:07.526930+0800	Runner	flutter: │   "comm": {
默认	11:29:07.526943+0800	Runner	flutter: │     "auth_token": "***",
默认	11:29:07.526985+0800	Runner	flutter: │     "user_id": "user_e5f97712121ebfac3d6f6407",
默认	11:29:07.527019+0800	Runner	flutter: │     "device_id": "c5ece928-513e-4e75-a500-28479ac5102a",
默认	11:29:07.527112+0800	Runner	flutter: │     "client_request_id": "crid_1783654147521232",
默认	11:29:07.527123+0800	Runner	flutter: │     "platform": "ios",
默认	11:29:07.527159+0800	Runner	flutter: │     "app_version": "1.0.0",
默认	11:29:07.527234+0800	Runner	flutter: │     "locale": "zh-Hans-HK",
默认	11:29:07.527268+0800	Runner	flutter: │     "country": "HK",
默认	11:29:07.527308+0800	Runner	flutter: │     "timezone": "UTC+08:00"
默认	11:29:07.527348+0800	Runner	flutter: │   },
默认	11:29:07.527458+0800	Runner	flutter: │   "requests": [
默认	11:29:07.527471+0800	Runner	flutter: │     {
默认	11:29:07.527479+0800	Runner	flutter: │       "id": "req_0",
默认	11:29:07.527543+0800	Runner	flutter: │       "service_name": "tool.event_tracking.EventTrackingService",
默认	11:29:07.527586+0800	Runner	flutter: │       "method_name": "TrackEvents",
默认	11:29:07.527628+0800	Runner	flutter: │       "params": {
默认	11:29:07.527674+0800	Runner	flutter: │         "events": [
默认	11:29:07.527734+0800	Runner	flutter: │           {
默认	11:29:07.527774+0800	Runner	flutter: │             "event_id": "1fbf9caa-5b7a-4d26-a41f-9b9954ff9db9",
默认	11:29:07.527834+0800	Runner	flutter: │             "event_name": "home_history_click",
默认	11:29:07.527873+0800	Runner	flutter: │             "event_time_ms": 1783654147503,
默认	11:29:07.527935+0800	Runner	flutter: │             "properties": {
默认	11:29:07.527976+0800	Runner	flutter: │               "logtime": 1783654147503,
默认	11:29:07.528027+0800	Runner	flutter: │               "log_id": "1fbf9caa-5b7a-4d26-a41f-9b9954ff9db9",
默认	11:29:07.528141+0800	Runner	flutter: │               "net": "wifi",
默认	11:29:07.528204+0800	Runner	flutter: │               "pkg": "com.sparkjam.truthy.ios",
默认	11:29:07.528214+0800	Runner	flutter: │               "bucket": 56,
默认	11:29:07.528265+0800	Runner	flutter: │               "abslot": 21,
默认	11:29:07.528276+0800	Runner	flutter: │               "ram": "3684MB",
默认	11:29:07.528314+0800	Runner	flutter: │               "cpu": "arm64",
默认	11:29:07.528354+0800	Runner	flutter: │               "sh": 844,
默认	11:29:07.528404+0800	Runner	flutter: │               "sw": 390,
默认	11:29:07.528443+0800	Runner	flutter: │               "city": "",
默认	11:29:07.528623+0800	Runner	flutter: │               "ste": "",
默认	11:29:07.528635+0800	Runner	flutter: │               "lat": "",
默认	11:29:07.528642+0800	Runner	flutter: │               "lng": "",
默认	11:29:07.528650+0800	Runner	flutter: │               "sty": "desk",
默认	11:29:07.528661+0800	Runner	flutter: │               "isp": "",
默认	11:29:07.528805+0800	Runner	flutter: │               "mod": "iphone13,2",
默认	11:29:07.528816+0800	Runner	flutter: │               "brd": "apple",
默认	11:29:07.528825+0800	Runner	flutter: │               "os": "26.3.1",
默认	11:29:07.528861+0800	Runner	flutter: │               "pf": "ios",
默认	11:29:07.528873+0800	Runner	flutter: │               "slan": "zh",
默认	11:29:07.529022+0800	Runner	flutter: │               "reg": "HK",
默认	11:29:07.529033+0800	Runner	flutter: │               "cou": "HK",
默认	11:29:07.529042+0800	Runner	flutter: │               "sub": "",
默认	11:29:07.529103+0800	Runner	flutter: │               "cha": "",
默认	11:29:07.529113+0800	Runner	flutter: │               "verc": "10000",
默认	11:29:07.529160+0800	Runner	flutter: │               "ver": "1.0.0",
默认	11:29:07.529205+0800	Runner	flutter: │               "sid": "5094b07b-cc63-4868-b4ac-6bced54db906",
默认	11:29:07.529264+0800	Runner	flutter: │               "uuid": "***",
默认	11:29:07.529304+0800	Runner	flutter: │               "idfa": "***",
默认	11:29:07.529344+0800	Runner	flutter: │               "idfv": "***",
默认	11:29:07.529401+0800	Runner	flutter: │               "aid": "***",
默认	11:29:07.529443+0800	Runner	flutter: │               "gaid": "***",
默认	11:29:07.529484+0800	Runner	flutter: │               "did": "***",
默认	11:29:07.529577+0800	Runner	flutter: │               "uid": "***",
默认	11:29:07.529587+0800	Runner	flutter: │               "anm": "Truthy",
默认	11:29:07.529861+0800	Runner	flutter: │               "push_id": "",
默认	11:29:07.529875+0800	Runner	flutter: │               "push_type": "",
默认	11:29:07.529884+0800	Runner	flutter: │               "is_pro": "0"
默认	11:29:07.529891+0800	Runner	flutter: │             }
默认	11:29:07.529900+0800	Runner	flutter: │           }
默认	11:29:07.529907+0800	Runner	flutter: │         ]
默认	11:29:07.529916+0800	Runner	flutter: │       }
默认	11:29:07.530035+0800	Runner	flutter: │     }
默认	11:29:07.530045+0800	Runner	flutter: │   ]
默认	11:29:07.530054+0800	Runner	flutter: │ }
默认	11:29:07.530097+0800	Runner	flutter: └───────────────────────────────────────────────────────────────────────────────────────────────────
默认	11:29:07.712126+0800	Runner	flutter: ┌───────────────────────────────────────────────────────────────────────────────────────────────────
默认	11:29:07.712253+0800	Runner	flutter: │ [HTTP] <-- 200 POST https://api.truthy.top/gateway/invoke service=tool.people_insight.SearchService method=ListViewedCandidates
默认	11:29:07.712371+0800	Runner	flutter: └───────────────────────────────────────────────────────────────────────────────────────────────────
默认	11:29:07.712563+0800	Runner	flutter: ┌───────────────────────────────────────────────────────────────────────────────────────────────────
默认	11:29:07.712739+0800	Runner	flutter: │ [HTTP] response:
默认	11:29:07.712820+0800	Runner	flutter: │ {
默认	11:29:07.712901+0800	Runner	flutter: │   "code": 0,
默认	11:29:07.712955+0800	Runner	flutter: │   "message": "ok",
默认	11:29:07.713077+0800	Runner	flutter: │   "request_id": "gw_req_cffdda96b2a19406ae47172bd539daf5",
默认	11:29:07.713203+0800	Runner	flutter: │   "trace_id": "trace_1b32fe136ebc9ce10e483c3aed2cefce",
默认	11:29:07.713337+0800	Runner	flutter: │   "responses": [
默认	11:29:07.713618+0800	Runner	flutter: │     {
默认	11:29:07.713968+0800	Runner	flutter: │       "id": "req_0",
默认	11:29:07.713992+0800	Runner	flutter: │       "success": true,
默认	11:29:07.714010+0800	Runner	flutter: │       "code": 0,
默认	11:29:07.714026+0800	Runner	flutter: │       "message": "ok",
默认	11:29:07.714044+0800	Runner	flutter: │       "data": {
默认	11:29:07.714060+0800	Runner	flutter: │         "items": [],
默认	11:29:07.714086+0800	Runner	flutter: │         "page": {
默认	11:29:07.714184+0800	Runner	flutter: │           "next_page_token": "",
默认	11:29:07.714210+0800	Runner	flutter: │           "total_count": 0
默认	11:29:07.714298+0800	Runner	flutter: │         }
默认	11:29:07.714376+0800	Runner	flutter: │       }
默认	11:29:07.714461+0800	Runner	flutter: │     }
默认	11:29:07.714579+0800	Runner	flutter: │   ]
默认	11:29:07.714642+0800	Runner	flutter: │ }
默认	11:29:07.714791+0800	Runner	flutter: └───────────────────────────────────────────────────────────────────────────────────────────────────
默认	11:29:08.870100+0800	Runner	flutter: ┌───────────────────────────────────────────────────────────────────────────────────────────────────
默认	11:29:08.870208+0800	Runner	flutter: │ [EventTracking] name=app_page_stay id=9e6c00c5-502f-47a0-8cd1-d93ad452f1d0 time=1783654148869 props={"page_from":"history","duration_s":1}
默认	11:29:08.870297+0800	Runner	flutter: └───────────────────────────────────────────────────────────────────────────────────────────────────
默认	11:29:09.195628+0800	Runner	flutter: ┌───────────────────────────────────────────────────────────────────────────────────────────────────
默认	11:29:09.195698+0800	Runner	flutter: │ [HTTP] <-- 200 POST https://api.truthy.top/gateway/invoke service=tool.event_tracking.EventTrackingService method=TrackEvents
默认	11:29:09.195736+0800	Runner	flutter: └───────────────────────────────────────────────────────────────────────────────────────────────────
默认	11:29:09.195985+0800	Runner	flutter: ┌───────────────────────────────────────────────────────────────────────────────────────────────────
默认	11:29:09.196094+0800	Runner	flutter: │ [HTTP] response:
默认	11:29:09.196249+0800	Runner	flutter: │ {
默认	11:29:09.196274+0800	Runner	flutter: │   "code": 0,
默认	11:29:09.196383+0800	Runner	flutter: │   "message": "ok",
默认	11:29:09.196626+0800	Runner	flutter: │   "request_id": "gw_req_cbfdf5d5ad0b3acde44e6e0904b2c8d3",
默认	11:29:09.196674+0800	Runner	flutter: │   "trace_id": "trace_8d29e4f4634bb2bf0401e2f458e42a43",
默认	11:29:09.196862+0800	Runner	flutter: │   "responses": [
默认	11:29:09.197005+0800	Runner	flutter: │     {
默认	11:29:09.197032+0800	Runner	flutter: │       "id": "req_0",
默认	11:29:09.197052+0800	Runner	flutter: │       "success": true,
默认	11:29:09.197072+0800	Runner	flutter: │       "code": 0,
默认	11:29:09.197212+0800	Runner	flutter: │       "message": "ok",
默认	11:29:09.197246+0800	Runner	flutter: │       "data": {
默认	11:29:09.197374+0800	Runner	flutter: │         "request_id": "gw_req_cbfdf5d5ad0b3acde44e6e0904b2c8d3",
默认	11:29:09.197397+0800	Runner	flutter: │         "trace_id": "trace_8d29e4f4634bb2bf0401e2f458e42a43",
默认	11:29:09.197479+0800	Runner	flutter: │         "accepted_count": 1,
默认	11:29:09.197618+0800	Runner	flutter: │         "event_name": "home_history_click",
默认	11:29:09.197715+0800	Runner	flutter: │         "event_names": [
默认	11:29:09.197797+0800	Runner	flutter: │           "home_history_click"
默认	11:29:09.197890+0800	Runner	flutter: │         ],
默认	11:29:09.197974+0800	Runner	flutter: │         "events": [
默认	11:29:09.198060+0800	Runner	flutter: │           {
默认	11:29:09.198141+0800	Runner	flutter: │             "index": 0,
默认	11:29:09.198370+0800	Runner	flutter: │             "event_id": "1fbf9caa-5b7a-4d26-a41f-9b9954ff9db9",
默认	11:29:09.198393+0800	Runner	flutter: │             "event_name": "home_history_click",
默认	11:29:09.198474+0800	Runner	flutter: │             "status": "accepted"
默认	11:29:09.198569+0800	Runner	flutter: │           }
默认	11:29:09.198647+0800	Runner	flutter: │         ]
默认	11:29:09.198733+0800	Runner	flutter: │       }
默认	11:29:09.198832+0800	Runner	flutter: │     }
默认	11:29:09.198924+0800	Runner	flutter: │   ]
默认	11:29:09.198999+0800	Runner	flutter: │ }
默认	11:29:09.199399+0800	Runner	flutter: └───────────────────────────────────────────────────────────────────────────────────────────────────
默认	11:29:09.227560+0800	Runner	flutter: ┌───────────────────────────────────────────────────────────────────────────────────────────────────
默认	11:29:09.227638+0800	Runner	flutter: │ [HTTP] --> POST https://api.truthy.top/gateway/invoke service=tool.event_tracking.EventTrackingService method=TrackEvents
默认	11:29:09.227715+0800	Runner	flutter: └───────────────────────────────────────────────────────────────────────────────────────────────────
默认	11:29:09.228153+0800	Runner	flutter: ┌───────────────────────────────────────────────────────────────────────────────────────────────────
默认	11:29:09.228213+0800	Runner	flutter: │ [HTTP] request:
默认	11:29:09.228243+0800	Runner	flutter: │ {
默认	11:29:09.228295+0800	Runner	flutter: │   "comm": {
默认	11:29:09.228348+0800	Runner	flutter: │     "auth_token": "***",
默认	11:29:09.228389+0800	Runner	flutter: │     "user_id": "user_e5f97712121ebfac3d6f6407",
默认	11:29:09.228426+0800	Runner	flutter: │     "device_id": "c5ece928-513e-4e75-a500-28479ac5102a",
默认	11:29:09.228476+0800	Runner	flutter: │     "client_request_id": "crid_1783654149222763",
默认	11:29:09.228523+0800	Runner	flutter: │     "platform": "ios",
默认	11:29:09.228594+0800	Runner	flutter: │     "app_version": "1.0.0",
默认	11:29:09.228631+0800	Runner	flutter: │     "locale": "zh-Hans-HK",
默认	11:29:09.228677+0800	Runner	flutter: │     "country": "HK",
默认	11:29:09.228802+0800	Runner	flutter: │     "timezone": "UTC+08:00"
默认	11:29:09.228815+0800	Runner	flutter: │   },
默认	11:29:09.228825+0800	Runner	flutter: │   "requests": [
默认	11:29:09.228848+0800	Runner	flutter: │     {
默认	11:29:09.228904+0800	Runner	flutter: │       "id": "req_0",
默认	11:29:09.228960+0800	Runner	flutter: │       "service_name": "tool.event_tracking.EventTrackingService",
默认	11:29:09.229038+0800	Runner	flutter: │       "method_name": "TrackEvents",
默认	11:29:09.229139+0800	Runner	flutter: │       "params": {
默认	11:29:09.229150+0800	Runner	flutter: │         "events": [
默认	11:29:09.229160+0800	Runner	flutter: │           {
默认	11:29:09.229197+0800	Runner	flutter: │             "event_id": "24cb9aab-f02e-4d67-b22e-cf6361624022",
默认	11:29:09.229239+0800	Runner	flutter: │             "event_name": "app_page_stay",
默认	11:29:09.229312+0800	Runner	flutter: │             "event_time_ms": 1783654147505,
默认	11:29:09.229321+0800	Runner	flutter: │             "properties": {
默认	11:29:09.229422+0800	Runner	flutter: │               "logtime": 1783654147505,
默认	11:29:09.229490+0800	Runner	flutter: │               "log_id": "24cb9aab-f02e-4d67-b22e-cf6361624022",
默认	11:29:09.229500+0800	Runner	flutter: │               "net": "wifi",
默认	11:29:09.229509+0800	Runner	flutter: │               "pkg": "com.sparkjam.truthy.ios",
默认	11:29:09.229558+0800	Runner	flutter: │               "bucket": 56,
默认	11:29:09.229626+0800	Runner	flutter: │               "abslot": 21,
默认	11:29:09.229693+0800	Runner	flutter: │               "ram": "3684MB",
默认	11:29:09.229706+0800	Runner	flutter: │               "cpu": "arm64",
默认	11:29:09.229741+0800	Runner	flutter: │               "sh": 844,
默认	11:29:09.229830+0800	Runner	flutter: │               "sw": 390,
默认	11:29:09.229861+0800	Runner	flutter: │               "city": "",
默认	11:29:09.229921+0800	Runner	flutter: │               "ste": "",
默认	11:29:09.229935+0800	Runner	flutter: │               "lat": "",
默认	11:29:09.230006+0800	Runner	flutter: │               "lng": "",
默认	11:29:09.230026+0800	Runner	flutter: │               "sty": "desk",
默认	11:29:09.230127+0800	Runner	flutter: │               "isp": "",
默认	11:29:09.230139+0800	Runner	flutter: │               "mod": "iphone13,2",
默认	11:29:09.230215+0800	Runner	flutter: │               "brd": "apple",
默认	11:29:09.230223+0800	Runner	flutter: │               "os": "26.3.1",
默认	11:29:09.230288+0800	Runner	flutter: │               "pf": "ios",
默认	11:29:09.230298+0800	Runner	flutter: │               "slan": "zh",
默认	11:29:09.230338+0800	Runner	flutter: │               "reg": "HK",
默认	11:29:09.230379+0800	Runner	flutter: │               "cou": "HK",
默认	11:29:09.230468+0800	Runner	flutter: │               "sub": "",
默认	11:29:09.230480+0800	Runner	flutter: │               "cha": "",
默认	11:29:09.230521+0800	Runner	flutter: │               "verc": "10000",
默认	11:29:09.230568+0800	Runner	flutter: │               "ver": "1.0.0",
默认	11:29:09.230633+0800	Runner	flutter: │               "sid": "5094b07b-cc63-4868-b4ac-6bced54db906",
默认	11:29:09.230669+0800	Runner	flutter: │               "uuid": "***",
默认	11:29:09.230715+0800	Runner	flutter: │               "idfa": "***",
默认	11:29:09.230762+0800	Runner	flutter: │               "idfv": "***",
默认	11:29:09.230837+0800	Runner	flutter: │               "aid": "***",
默认	11:29:09.230855+0800	Runner	flutter: │               "gaid": "***",
默认	11:29:09.230916+0800	Runner	flutter: │               "did": "***",
默认	11:29:09.230989+0800	Runner	flutter: │               "uid": "***",
默认	11:29:09.231002+0800	Runner	flutter: │               "anm": "Truthy",
默认	11:29:09.231045+0800	Runner	flutter: │               "push_id": "",
默认	11:29:09.231103+0800	Runner	flutter: │               "push_type": "",
默认	11:29:09.231173+0800	Runner	flutter: │               "is_pro": "0",
默认	11:29:09.231185+0800	Runner	flutter: │               "page_from": "home",
默认	11:29:09.231223+0800	Runner	flutter: │               "duration_s": 3
默认	11:29:09.231287+0800	Runner	flutter: │             }
默认	11:29:09.231360+0800	Runner	flutter: │           },
默认	11:29:09.231375+0800	Runner	flutter: │           {
默认	11:29:09.231432+0800	Runner	flutter: │             "event_id": "6720f866-45f8-4f26-a896-743661e761f1",
默认	11:29:09.231471+0800	Runner	flutter: │             "event_name": "history_pageview",
默认	11:29:09.231508+0800	Runner	flutter: │             "event_time_ms": 1783654147507,
默认	11:29:09.231549+0800	Runner	flutter: │             "properties": {
默认	11:29:09.231611+0800	Runner	flutter: │               "logtime": 1783654147507,
默认	11:29:09.231654+0800	Runner	flutter: │               "log_id": "6720f866-45f8-4f26-a896-743661e761f1",
默认	11:29:09.231735+0800	Runner	flutter: │               "net": "wifi",
默认	11:29:09.231745+0800	Runner	flutter: │               "pkg": "com.sparkjam.truthy.ios",
默认	11:29:09.231859+0800	Runner	flutter: │               "bucket": 56,
默认	11:29:09.231954+0800	Runner	flutter: │               "abslot": 21,
默认	11:29:09.231982+0800	Runner	flutter: │               "ram": "3684MB",
默认	11:29:09.231997+0800	Runner	flutter: │               "cpu": "arm64",
默认	11:29:09.232009+0800	Runner	flutter: │               "sh": 844,
默认	11:29:09.232043+0800	Runner	flutter: │               "sw": 390,
默认	11:29:09.232084+0800	Runner	flutter: │               "city": "",
默认	11:29:09.232126+0800	Runner	flutter: │               "ste": "",
默认	11:29:09.232208+0800	Runner	flutter: │               "lat": "",
默认	11:29:09.232249+0800	Runner	flutter: │               "lng": "",
默认	11:29:09.232326+0800	Runner	flutter: │               "sty": "desk",
默认	11:29:09.232345+0800	Runner	flutter: │               "isp": "",
默认	11:29:09.232414+0800	Runner	flutter: │               "mod": "iphone13,2",
默认	11:29:09.232426+0800	Runner	flutter: │               "brd": "apple",
默认	11:29:09.232490+0800	Runner	flutter: │               "os": "26.3.1",
默认	11:29:09.232501+0800	Runner	flutter: │               "pf": "ios",
默认	11:29:09.232542+0800	Runner	flutter: │               "slan": "zh",
默认	11:29:09.232592+0800	Runner	flutter: │               "reg": "HK",
默认	11:29:09.232634+0800	Runner	flutter: │               "cou": "HK",
默认	11:29:09.232680+0800	Runner	flutter: │               "sub": "",
默认	11:29:09.232744+0800	Runner	flutter: │               "cha": "",
默认	11:29:09.232810+0800	Runner	flutter: │               "verc": "10000",
默认	11:29:09.232824+0800	Runner	flutter: │               "ver": "1.0.0",
默认	11:29:09.232908+0800	Runner	flutter: │               "sid": "5094b07b-cc63-4868-b4ac-6bced54db906",
默认	11:29:09.232924+0800	Runner	flutter: │               "uuid": "***",
默认	11:29:09.232986+0800	Runner	flutter: │               "idfa": "***",
默认	11:29:09.232999+0800	Runner	flutter: │               "idfv": "***",
默认	11:29:09.233041+0800	Runner	flutter: │               "aid": "***",
默认	11:29:09.233086+0800	Runner	flutter: │               "gaid": "***",
默认	11:29:09.233131+0800	Runner	flutter: │               "did": "***",
默认	11:29:09.233205+0800	Runner	flutter: │               "uid": "***",
默认	11:29:09.233302+0800	Runner	flutter: │               "anm": "Truthy",
默认	11:29:09.233314+0800	Runner	flutter: │               "push_id": "",
默认	11:29:09.233325+0800	Runner	flutter: │               "push_type": "",
默认	11:29:09.233376+0800	Runner	flutter: │               "is_pro": "0"
默认	11:29:09.233413+0800	Runner	flutter: │             }
默认	11:29:09.233457+0800	Runner	flutter: │           },
默认	11:29:09.233494+0800	Runner	flutter: │           {
默认	11:29:09.233563+0800	Runner	flutter: │             "event_id": "9e6c00c5-502f-47a0-8cd1-d93ad452f1d0",
默认	11:29:09.233627+0800	Runner	flutter: │             "event_name": "app_page_stay",
默认	11:29:09.233680+0800	Runner	flutter: │             "event_time_ms": 1783654148869,
默认	11:29:09.233692+0800	Runner	flutter: │             "properties": {
默认	11:29:09.233752+0800	Runner	flutter: │               "logtime": 1783654148869,
默认	11:29:09.233809+0800	Runner	flutter: │               "log_id": "9e6c00c5-502f-47a0-8cd1-d93ad452f1d0",
默认	11:29:09.233853+0800	Runner	flutter: │               "net": "wifi",
默认	11:29:09.233887+0800	Runner	flutter: │               "pkg": "com.sparkjam.truthy.ios",
默认	11:29:09.233938+0800	Runner	flutter: │               "bucket": 56,
默认	11:29:09.233978+0800	Runner	flutter: │               "abslot": 21,
默认	11:29:09.234047+0800	Runner	flutter: │               "ram": "3684MB",
默认	11:29:09.234096+0800	Runner	flutter: │               "cpu": "arm64",
默认	11:29:09.234168+0800	Runner	flutter: │               "sh": 844,
默认	11:29:09.234180+0800	Runner	flutter: │               "sw": 390,
默认	11:29:09.234241+0800	Runner	flutter: │               "city": "",
默认	11:29:09.234289+0800	Runner	flutter: │               "ste": "",
默认	11:29:09.234358+0800	Runner	flutter: │               "lat": "",
默认	11:29:09.234371+0800	Runner	flutter: │               "lng": "",
默认	11:29:09.234441+0800	Runner	flutter: │               "sty": "desk",
默认	11:29:09.234457+0800	Runner	flutter: │               "isp": "",
默认	11:29:09.234533+0800	Runner	flutter: │               "mod": "iphone13,2",
默认	11:29:09.234544+0800	Runner	flutter: │               "brd": "apple",
默认	11:29:09.234584+0800	Runner	flutter: │               "os": "26.3.1",
默认	11:29:09.234630+0800	Runner	flutter: │               "pf": "ios",
默认	11:29:09.234724+0800	Runner	flutter: │               "slan": "zh",
默认	11:29:09.234740+0800	Runner	flutter: │               "reg": "HK",
默认	11:29:09.234812+0800	Runner	flutter: │               "cou": "HK",
默认	11:29:09.234823+0800	Runner	flutter: │               "sub": "",
默认	11:29:09.234865+0800	Runner	flutter: │               "cha": "",
默认	11:29:09.234905+0800	Runner	flutter: │               "verc": "10000",
默认	11:29:09.234970+0800	Runner	flutter: │               "ver": "1.0.0",
默认	11:29:09.235039+0800	Runner	flutter: │               "sid": "5094b07b-cc63-4868-b4ac-6bced54db906",
默认	11:29:09.235058+0800	Runner	flutter: │               "uuid": "***",
默认	11:29:09.235131+0800	Runner	flutter: │               "idfa": "***",
默认	11:29:09.235146+0800	Runner	flutter: │               "idfv": "***",
默认	11:29:09.235213+0800	Runner	flutter: │               "aid": "***",
默认	11:29:09.235259+0800	Runner	flutter: │               "gaid": "***",
默认	11:29:09.235306+0800	Runner	flutter: │               "did": "***",
默认	11:29:09.235315+0800	Runner	flutter: │               "uid": "***",
默认	11:29:09.235362+0800	Runner	flutter: │               "anm": "Truthy",
默认	11:29:09.235403+0800	Runner	flutter: │               "push_id": "",
默认	11:29:09.235450+0800	Runner	flutter: │               "push_type": "",
默认	11:29:09.235496+0800	Runner	flutter: │               "is_pro": "0",
默认	11:29:09.235544+0800	Runner	flutter: │               "page_from": "history",
默认	11:29:09.235616+0800	Runner	flutter: │               "duration_s": 1
默认	11:29:09.235656+0800	Runner	flutter: │             }
默认	11:29:09.235697+0800	Runner	flutter: │           }
默认	11:29:09.235747+0800	Runner	flutter: │         ]
默认	11:29:09.235785+0800	Runner	flutter: │       }
默认	11:29:09.235851+0800	Runner	flutter: │     }
默认	11:29:09.235893+0800	Runner	flutter: │   ]
默认	11:29:09.235929+0800	Runner	flutter: │ }
默认	11:29:09.236042+0800	Runner	flutter: └───────────────────────────────────────────────────────────────────────────────────────────────────
默认	11:29:09.604892+0800	Runner	flutter: ┌───────────────────────────────────────────────────────────────────────────────────────────────────
默认	11:29:09.605361+0800	Runner	flutter: │ [HTTP] <-- 200 POST https://api.truthy.top/gateway/invoke service=tool.event_tracking.EventTrackingService method=TrackEvents
默认	11:29:09.605444+0800	Runner	flutter: └───────────────────────────────────────────────────────────────────────────────────────────────────
默认	11:29:09.608371+0800	Runner	flutter: ┌───────────────────────────────────────────────────────────────────────────────────────────────────
默认	11:29:09.608428+0800	Runner	flutter: │ [HTTP] response:
默认	11:29:09.608553+0800	Runner	flutter: │ {
默认	11:29:09.608716+0800	Runner	flutter: │   "code": 0,
默认	11:29:09.608757+0800	Runner	flutter: │   "message": "ok",
默认	11:29:09.609087+0800	Runner	flutter: │   "request_id": "gw_req_56409d61afad631823f627d58aaf0107",
默认	11:29:09.609157+0800	Runner	flutter: │   "trace_id": "trace_40bf15a35866e91e0113696805c64b08",
默认	11:29:09.609217+0800	Runner	flutter: │   "responses": [
默认	11:29:09.609611+0800	Runner	flutter: │     {
默认	11:29:09.609673+0800	Runner	flutter: │       "id": "req_0",
默认	11:29:09.610407+0800	Runner	flutter: │       "success": true,
默认	11:29:09.610724+0800	Runner	flutter: │       "code": 0,
默认	11:29:09.611176+0800	Runner	flutter: │       "message": "ok",
默认	11:29:09.611201+0800	Runner	flutter: │       "data": {
默认	11:29:09.611557+0800	Runner	flutter: │         "request_id": "gw_req_56409d61afad631823f627d58aaf0107",
默认	11:29:09.611582+0800	Runner	flutter: │         "trace_id": "trace_40bf15a35866e91e0113696805c64b08",
默认	11:29:09.611639+0800	Runner	flutter: │         "accepted_count": 3,
默认	11:29:09.611752+0800	Runner	flutter: │         "event_name": "app_page_stay",
默认	11:29:09.611901+0800	Runner	flutter: │         "event_names": [
默认	11:29:09.611946+0800	Runner	flutter: │           "app_page_stay",
默认	11:29:09.611979+0800	Runner	flutter: │           "history_pageview",
默认	11:29:09.612013+0800	Runner	flutter: │           "app_page_stay"
默认	11:29:09.612046+0800	Runner	flutter: │         ],
默认	11:29:09.612078+0800	Runner	flutter: │         "events": [
默认	11:29:09.612226+0800	Runner	flutter: │           {
默认	11:29:09.612271+0800	Runner	flutter: │             "index": 0,
默认	11:29:09.612339+0800	Runner	flutter: │             "event_id": "24cb9aab-f02e-4d67-b22e-cf6361624022",
默认	11:29:09.612355+0800	Runner	flutter: │             "event_name": "app_page_stay",
默认	11:29:09.612390+0800	Runner	flutter: │             "status": "accepted"
默认	11:29:09.612436+0800	Runner	flutter: │           },
默认	11:29:09.612457+0800	Runner	flutter: │           {
默认	11:29:09.612478+0800	Runner	flutter: │             "index": 1,
默认	11:29:09.612499+0800	Runner	flutter: │             "event_id": "6720f866-45f8-4f26-a896-743661e761f1",
默认	11:29:09.612550+0800	Runner	flutter: │             "event_name": "history_pageview",
默认	11:29:09.612662+0800	Runner	flutter: │             "status": "accepted"
默认	11:29:09.612736+0800	Runner	flutter: │           },
默认	11:29:09.612775+0800	Runner	flutter: │           {
默认	11:29:09.612838+0800	Runner	flutter: │             "index": 2,
默认	11:29:09.612870+0800	Runner	flutter: │             "event_id": "9e6c00c5-502f-47a0-8cd1-d93ad452f1d0",
默认	11:29:09.612915+0800	Runner	flutter: │             "event_name": "app_page_stay",
默认	11:29:09.612932+0800	Runner	flutter: │             "status": "accepted"
默认	11:29:09.612948+0800	Runner	flutter: │           }
默认	11:29:09.612965+0800	Runner	flutter: │         ]
默认	11:29:09.612993+0800	Runner	flutter: │       }
默认	11:29:09.613012+0800	Runner	flutter: │     }
默认	11:29:09.613095+0800	Runner	flutter: │   ]
默认	11:29:09.613111+0800	Runner	flutter: │ }
默认	11:29:09.613133+0800	Runner	flutter: └───────────────────────────────────────────────────────────────────────────────────────────────────
默认	11:29:12.751713+0800	Runner	flutter: ┌───────────────────────────────────────────────────────────────────────────────────────────────────
默认	11:29:12.751738+0800	Runner	flutter: │ [EventTracking] name=home_pro_click id=5bc31ef8-5012-4aaf-8339-d85347edbe2d time=1783654152750 props={}
默认	11:29:12.751766+0800	Runner	flutter: └───────────────────────────────────────────────────────────────────────────────────────────────────
默认	11:29:12.751797+0800	Runner	flutter: ┌───────────────────────────────────────────────────────────────────────────────────────────────────
默认	11:29:12.751951+0800	Runner	flutter: │ [EventTracking] name=app_page_stay id=1ba2a387-9f99-4e1c-99bb-77f2c187bd77 time=1783654152751 props={"page_from":"home","duration_s":3}
默认	11:29:12.751970+0800	Runner	flutter: └───────────────────────────────────────────────────────────────────────────────────────────────────
默认	11:29:12.752574+0800	Runner	flutter: ┌───────────────────────────────────────────────────────────────────────────────────────────────────
默认	11:29:12.752584+0800	Runner	flutter: │ [EventTracking] name=paywall_pageview id=553f9454-83ae-43c2-a4ed-267e9f6f18bd time=1783654152752 props={"page_from":"home"}
默认	11:29:12.752593+0800	Runner	flutter: └───────────────────────────────────────────────────────────────────────────────────────────────────
默认	11:29:12.752625+0800	Runner	flutter: ┌───────────────────────────────────────────────────────────────────────────────────────────────────
默认	11:29:12.752670+0800	Runner	flutter: │ [AdjustEvent] Adjust event tracked: paywall_pageview
默认	11:29:12.752681+0800	Runner	flutter: └───────────────────────────────────────────────────────────────────────────────────────────────────
默认	11:29:12.754751+0800	Runner	flutter: ┌───────────────────────────────────────────────────────────────────────────────────────────────────
默认	11:29:12.754770+0800	Runner	flutter: │ [EventTracking] name=paywall_product_load_start id=dd62d4ee-f4be-44ee-a32a-3596aaf9faf0 time=1783654152754 props={"page_from":"home"}
默认	11:29:12.754789+0800	Runner	flutter: └───────────────────────────────────────────────────────────────────────────────────────────────────
默认	11:29:12.759996+0800	Runner	flutter: ┌───────────────────────────────────────────────────────────────────────────────────────────────────
默认	11:29:12.760011+0800	Runner	flutter: │ [FirebaseAnalytics] Firebase event logged: paywall_pageview
默认	11:29:12.760025+0800	Runner	flutter: └───────────────────────────────────────────────────────────────────────────────────────────────────
默认	11:29:12.760042+0800	Runner	flutter: ┌───────────────────────────────────────────────────────────────────────────────────────────────────
默认	11:29:12.760169+0800	Runner	flutter: │ [FacebookAppEvents] Facebook App Events logged: paywall_pageview
默认	11:29:12.760199+0800	Runner	flutter: └───────────────────────────────────────────────────────────────────────────────────────────────────
默认	11:29:12.766480+0800	Runner	flutter: ┌───────────────────────────────────────────────────────────────────────────────────────────────────
默认	11:29:12.766521+0800	Runner	flutter: │ [HTTP] --> POST https://api.truthy.top/gateway/invoke service=tool.subscription.SubscriptionService method=ListSubscriptionProducts
默认	11:29:12.766540+0800	Runner	flutter: └───────────────────────────────────────────────────────────────────────────────────────────────────
默认	11:29:12.766551+0800	Runner	flutter: ┌───────────────────────────────────────────────────────────────────────────────────────────────────
默认	11:29:12.766565+0800	Runner	flutter: │ [HTTP] request:
默认	11:29:12.766582+0800	Runner	flutter: │ {
默认	11:29:12.766592+0800	Runner	flutter: │   "comm": {
默认	11:29:12.766602+0800	Runner	flutter: │     "auth_token": "***",
默认	11:29:12.766612+0800	Runner	flutter: │     "user_id": "user_e5f97712121ebfac3d6f6407",
默认	11:29:12.766633+0800	Runner	flutter: │     "device_id": "c5ece928-513e-4e75-a500-28479ac5102a",
默认	11:29:12.766647+0800	Runner	flutter: │     "client_request_id": "crid_1783654152754888",
默认	11:29:12.766655+0800	Runner	flutter: │     "platform": "ios",
默认	11:29:12.766673+0800	Runner	flutter: │     "app_version": "1.0.0",
默认	11:29:12.766681+0800	Runner	flutter: │     "locale": "zh-Hans-HK",
默认	11:29:12.766697+0800	Runner	flutter: │     "country": "HK",
默认	11:29:12.766778+0800	Runner	flutter: │     "timezone": "UTC+08:00"
默认	11:29:12.766844+0800	Runner	flutter: │   },
默认	11:29:12.766864+0800	Runner	flutter: │   "requests": [
默认	11:29:12.766872+0800	Runner	flutter: │     {
默认	11:29:12.766906+0800	Runner	flutter: │       "id": "req_0",
默认	11:29:12.766917+0800	Runner	flutter: │       "service_name": "tool.subscription.SubscriptionService",
默认	11:29:12.766926+0800	Runner	flutter: │       "method_name": "ListSubscriptionProducts",
默认	11:29:12.766933+0800	Runner	flutter: │       "params": {
默认	11:29:12.766941+0800	Runner	flutter: │         "platform": "ios",
默认	11:29:12.766947+0800	Runner	flutter: │         "region_code": "US",
默认	11:29:12.766956+0800	Runner	flutter: │         "product_code": "people_insight"
默认	11:29:12.766963+0800	Runner	flutter: │       }
默认	11:29:12.767118+0800	Runner	flutter: │     }
默认	11:29:12.767143+0800	Runner	flutter: │   ]
默认	11:29:12.767153+0800	Runner	flutter: │ }
默认	11:29:12.767172+0800	Runner	flutter: └───────────────────────────────────────────────────────────────────────────────────────────────────
默认	11:29:12.771090+0800	Runner	flutter: ┌───────────────────────────────────────────────────────────────────────────────────────────────────
默认	11:29:12.771116+0800	Runner	flutter: │ [HTTP] --> POST https://api.truthy.top/gateway/invoke service=tool.event_tracking.EventTrackingService method=TrackEvents
默认	11:29:12.771138+0800	Runner	flutter: └───────────────────────────────────────────────────────────────────────────────────────────────────
默认	11:29:12.771151+0800	Runner	flutter: ┌───────────────────────────────────────────────────────────────────────────────────────────────────
默认	11:29:12.771163+0800	Runner	flutter: │ [HTTP] request:
默认	11:29:12.771174+0800	Runner	flutter: │ {
默认	11:29:12.771183+0800	Runner	flutter: │   "comm": {
默认	11:29:12.771193+0800	Runner	flutter: │     "auth_token": "***",
默认	11:29:12.771203+0800	Runner	flutter: │     "user_id": "user_e5f97712121ebfac3d6f6407",
默认	11:29:12.771212+0800	Runner	flutter: │     "device_id": "c5ece928-513e-4e75-a500-28479ac5102a",
默认	11:29:12.771222+0800	Runner	flutter: │     "client_request_id": "crid_1783654152763671",
默认	11:29:12.771357+0800	Runner	flutter: │     "platform": "ios",
默认	11:29:12.771368+0800	Runner	flutter: │     "app_version": "1.0.0",
默认	11:29:12.771378+0800	Runner	flutter: │     "locale": "zh-Hans-HK",
默认	11:29:12.771385+0800	Runner	flutter: │     "country": "HK",
默认	11:29:12.771394+0800	Runner	flutter: │     "timezone": "UTC+08:00"
默认	11:29:12.771403+0800	Runner	flutter: │   },
默认	11:29:12.771410+0800	Runner	flutter: │   "requests": [
默认	11:29:12.771419+0800	Runner	flutter: │     {
默认	11:29:12.771428+0800	Runner	flutter: │       "id": "req_0",
默认	11:29:12.771435+0800	Runner	flutter: │       "service_name": "tool.event_tracking.EventTrackingService",
默认	11:29:12.771450+0800	Runner	flutter: │       "method_name": "TrackEvents",
默认	11:29:12.771532+0800	Runner	flutter: │       "params": {
默认	11:29:12.771642+0800	Runner	flutter: │         "events": [
默认	11:29:12.771681+0800	Runner	flutter: │           {
默认	11:29:12.771691+0800	Runner	flutter: │             "event_id": "5bc31ef8-5012-4aaf-8339-d85347edbe2d",
默认	11:29:12.771716+0800	Runner	flutter: │             "event_name": "home_pro_click",
默认	11:29:12.771734+0800	Runner	flutter: │             "event_time_ms": 1783654152750,
默认	11:29:12.771750+0800	Runner	flutter: │             "properties": {
默认	11:29:12.771836+0800	Runner	flutter: │               "logtime": 1783654152750,
默认	11:29:12.771881+0800	Runner	flutter: │               "log_id": "5bc31ef8-5012-4aaf-8339-d85347edbe2d",
默认	11:29:12.771980+0800	Runner	flutter: │               "net": "wifi",
默认	11:29:12.772008+0800	Runner	flutter: │               "pkg": "com.sparkjam.truthy.ios",
默认	11:29:12.772020+0800	Runner	flutter: │               "bucket": 56,
默认	11:29:12.772028+0800	Runner	flutter: │               "abslot": 21,
默认	11:29:12.772037+0800	Runner	flutter: │               "ram": "3684MB",
默认	11:29:12.772046+0800	Runner	flutter: │               "cpu": "arm64",
默认	11:29:12.772053+0800	Runner	flutter: │               "sh": 844,
默认	11:29:12.772062+0800	Runner	flutter: │               "sw": 390,
默认	11:29:12.772171+0800	Runner	flutter: │               "city": "",
默认	11:29:12.772193+0800	Runner	flutter: │               "ste": "",
默认	11:29:12.772213+0800	Runner	flutter: │               "lat": "",
默认	11:29:12.772233+0800	Runner	flutter: │               "lng": "",
默认	11:29:12.772241+0800	Runner	flutter: │               "sty": "desk",
默认	11:29:12.772298+0800	Runner	flutter: │               "isp": "",
默认	11:29:12.772331+0800	Runner	flutter: │               "mod": "iphone13,2",
默认	11:29:12.772341+0800	Runner	flutter: │               "brd": "apple",
默认	11:29:12.772351+0800	Runner	flutter: │               "os": "26.3.1",
默认	11:29:12.772372+0800	Runner	flutter: │               "pf": "ios",
默认	11:29:12.772388+0800	Runner	flutter: │               "slan": "zh",
默认	11:29:12.772397+0800	Runner	flutter: │               "reg": "HK",
默认	11:29:12.772407+0800	Runner	flutter: │               "cou": "HK",
默认	11:29:12.772469+0800	Runner	flutter: │               "sub": "",
默认	11:29:12.772480+0800	Runner	flutter: │               "cha": "",
默认	11:29:12.772489+0800	Runner	flutter: │               "verc": "10000",
默认	11:29:12.772497+0800	Runner	flutter: │               "ver": "1.0.0",
默认	11:29:12.772516+0800	Runner	flutter: │               "sid": "5094b07b-cc63-4868-b4ac-6bced54db906",
默认	11:29:12.772528+0800	Runner	flutter: │               "uuid": "***",
默认	11:29:12.772546+0800	Runner	flutter: │               "idfa": "***",
默认	11:29:12.772555+0800	Runner	flutter: │               "idfv": "***",
默认	11:29:12.772582+0800	Runner	flutter: │               "aid": "***",
默认	11:29:12.772593+0800	Runner	flutter: │               "gaid": "***",
默认	11:29:12.772605+0800	Runner	flutter: │               "did": "***",
默认	11:29:12.772614+0800	Runner	flutter: │               "uid": "***",
默认	11:29:12.772623+0800	Runner	flutter: │               "anm": "Truthy",
默认	11:29:12.772629+0800	Runner	flutter: │               "push_id": "",
默认	11:29:12.772690+0800	Runner	flutter: │               "push_type": "",
默认	11:29:12.772700+0800	Runner	flutter: │               "is_pro": "0"
默认	11:29:12.772708+0800	Runner	flutter: │             }
默认	11:29:12.772718+0800	Runner	flutter: │           }
默认	11:29:12.772727+0800	Runner	flutter: │         ]
默认	11:29:12.772737+0800	Runner	flutter: │       }
默认	11:29:12.772744+0800	Runner	flutter: │     }
默认	11:29:12.772753+0800	Runner	flutter: │   ]
默认	11:29:12.772761+0800	Runner	flutter: │ }
默认	11:29:12.772954+0800	Runner	flutter: └───────────────────────────────────────────────────────────────────────────────────────────────────
默认	11:29:14.188735+0800	Runner	flutter: ┌───────────────────────────────────────────────────────────────────────────────────────────────────
默认	11:29:14.188805+0800	Runner	flutter: │ [HTTP] <-- 200 POST https://api.truthy.top/gateway/invoke service=tool.event_tracking.EventTrackingService method=TrackEvents
默认	11:29:14.189189+0800	Runner	flutter: └───────────────────────────────────────────────────────────────────────────────────────────────────
默认	11:29:14.189214+0800	Runner	flutter: ┌───────────────────────────────────────────────────────────────────────────────────────────────────
默认	11:29:14.189234+0800	Runner	flutter: │ [HTTP] response:
默认	11:29:14.189399+0800	Runner	flutter: │ {
默认	11:29:14.189416+0800	Runner	flutter: │   "code": 0,
默认	11:29:14.189433+0800	Runner	flutter: │   "message": "ok",
默认	11:29:14.189445+0800	Runner	flutter: │   "request_id": "gw_req_c10c8c60edac16c1a097c7c054beae6f",
默认	11:29:14.189456+0800	Runner	flutter: │   "trace_id": "trace_3224f30a8f08fac996da05a0e91e3ed3",
默认	11:29:14.189465+0800	Runner	flutter: │   "responses": [
默认	11:29:14.189472+0800	Runner	flutter: │     {
默认	11:29:14.189482+0800	Runner	flutter: │       "id": "req_0",
默认	11:29:14.189491+0800	Runner	flutter: │       "success": true,
默认	11:29:14.189498+0800	Runner	flutter: │       "code": 0,
默认	11:29:14.189506+0800	Runner	flutter: │       "message": "ok",
默认	11:29:14.189513+0800	Runner	flutter: │       "data": {
默认	11:29:14.189522+0800	Runner	flutter: │         "request_id": "gw_req_c10c8c60edac16c1a097c7c054beae6f",
默认	11:29:14.189547+0800	Runner	flutter: │         "trace_id": "trace_3224f30a8f08fac996da05a0e91e3ed3",
默认	11:29:14.189557+0800	Runner	flutter: │         "accepted_count": 1,
默认	11:29:14.189615+0800	Runner	flutter: │         "event_name": "home_pro_click",
默认	11:29:14.189800+0800	Runner	flutter: │         "event_names": [
默认	11:29:14.189812+0800	Runner	flutter: │           "home_pro_click"
默认	11:29:14.189824+0800	Runner	flutter: │         ],
默认	11:29:14.189832+0800	Runner	flutter: │         "events": [
默认	11:29:14.189923+0800	Runner	flutter: │           {
默认	11:29:14.189934+0800	Runner	flutter: │             "index": 0,
默认	11:29:14.189943+0800	Runner	flutter: │             "event_id": "5bc31ef8-5012-4aaf-8339-d85347edbe2d",
默认	11:29:14.189985+0800	Runner	flutter: │             "event_name": "home_pro_click",
默认	11:29:14.190021+0800	Runner	flutter: │             "status": "accepted"
默认	11:29:14.190068+0800	Runner	flutter: │           }
默认	11:29:14.190105+0800	Runner	flutter: │         ]
默认	11:29:14.190150+0800	Runner	flutter: │       }
默认	11:29:14.190201+0800	Runner	flutter: │     }
默认	11:29:14.190239+0800	Runner	flutter: │   ]
默认	11:29:14.190293+0800	Runner	flutter: │ }
默认	11:29:14.190371+0800	Runner	flutter: └───────────────────────────────────────────────────────────────────────────────────────────────────
默认	11:29:14.217741+0800	Runner	flutter: ┌───────────────────────────────────────────────────────────────────────────────────────────────────
默认	11:29:14.217853+0800	Runner	flutter: │ [HTTP] --> POST https://api.truthy.top/gateway/invoke service=tool.event_tracking.EventTrackingService method=TrackEvents
默认	11:29:14.217905+0800	Runner	flutter: └───────────────────────────────────────────────────────────────────────────────────────────────────
默认	11:29:14.218534+0800	Runner	flutter: ┌───────────────────────────────────────────────────────────────────────────────────────────────────
默认	11:29:14.218559+0800	Runner	flutter: │ [HTTP] request:
默认	11:29:14.218581+0800	Runner	flutter: │ {
默认	11:29:14.218590+0800	Runner	flutter: │   "comm": {
默认	11:29:14.218621+0800	Runner	flutter: │     "auth_token": "***",
默认	11:29:14.218636+0800	Runner	flutter: │     "user_id": "user_e5f97712121ebfac3d6f6407",
默认	11:29:14.218684+0800	Runner	flutter: │     "device_id": "c5ece928-513e-4e75-a500-28479ac5102a",
默认	11:29:14.218728+0800	Runner	flutter: │     "client_request_id": "crid_1783654154213561",
默认	11:29:14.218770+0800	Runner	flutter: │     "platform": "ios",
默认	11:29:14.218856+0800	Runner	flutter: │     "app_version": "1.0.0",
默认	11:29:14.218869+0800	Runner	flutter: │     "locale": "zh-Hans-HK",
默认	11:29:14.218914+0800	Runner	flutter: │     "country": "HK",
默认	11:29:14.218955+0800	Runner	flutter: │     "timezone": "UTC+08:00"
默认	11:29:14.218995+0800	Runner	flutter: │   },
默认	11:29:14.219058+0800	Runner	flutter: │   "requests": [
默认	11:29:14.219098+0800	Runner	flutter: │     {
默认	11:29:14.219141+0800	Runner	flutter: │       "id": "req_0",
默认	11:29:14.219388+0800	Runner	flutter: │       "service_name": "tool.event_tracking.EventTrackingService",
默认	11:29:14.219722+0800	Runner	flutter: │       "method_name": "TrackEvents",
默认	11:29:14.219743+0800	Runner	flutter: │       "params": {
默认	11:29:14.219753+0800	Runner	flutter: │         "events": [
默认	11:29:14.219762+0800	Runner	flutter: │           {
默认	11:29:14.219773+0800	Runner	flutter: │             "event_id": "1ba2a387-9f99-4e1c-99bb-77f2c187bd77",
默认	11:29:14.219780+0800	Runner	flutter: │             "event_name": "app_page_stay",
默认	11:29:14.219789+0800	Runner	flutter: │             "event_time_ms": 1783654152751,
默认	11:29:14.219798+0800	Runner	flutter: │             "properties": {
默认	11:29:14.219805+0800	Runner	flutter: │               "logtime": 1783654152751,
默认	11:29:14.219813+0800	Runner	flutter: │               "log_id": "1ba2a387-9f99-4e1c-99bb-77f2c187bd77",
默认	11:29:14.219820+0800	Runner	flutter: │               "net": "wifi",
默认	11:29:14.219841+0800	Runner	flutter: │               "pkg": "com.sparkjam.truthy.ios",
默认	11:29:14.219877+0800	Runner	flutter: │               "bucket": 56,
默认	11:29:14.219892+0800	Runner	flutter: │               "abslot": 21,
默认	11:29:14.219902+0800	Runner	flutter: │               "ram": "3684MB",
默认	11:29:14.219933+0800	Runner	flutter: │               "cpu": "arm64",
默认	11:29:14.219970+0800	Runner	flutter: │               "sh": 844,
默认	11:29:14.220180+0800	Runner	flutter: │               "sw": 390,
默认	11:29:14.220191+0800	Runner	flutter: │               "city": "",
默认	11:29:14.220201+0800	Runner	flutter: │               "ste": "",
默认	11:29:14.220221+0800	Runner	flutter: │               "lat": "",
默认	11:29:14.220231+0800	Runner	flutter: │               "lng": "",
默认	11:29:14.220269+0800	Runner	flutter: │               "sty": "desk",
默认	11:29:14.220328+0800	Runner	flutter: │               "isp": "",
默认	11:29:14.220427+0800	Runner	flutter: │               "mod": "iphone13,2",
默认	11:29:14.220439+0800	Runner	flutter: │               "brd": "apple",
默认	11:29:14.220448+0800	Runner	flutter: │               "os": "26.3.1",
默认	11:29:14.220513+0800	Runner	flutter: │               "pf": "ios",
默认	11:29:14.220524+0800	Runner	flutter: │               "slan": "zh",
默认	11:29:14.220562+0800	Runner	flutter: │               "reg": "HK",
默认	11:29:14.220601+0800	Runner	flutter: │               "cou": "HK",
默认	11:29:14.220643+0800	Runner	flutter: │               "sub": "",
默认	11:29:14.220695+0800	Runner	flutter: │               "cha": "",
默认	11:29:14.220743+0800	Runner	flutter: │               "verc": "10000",
默认	11:29:14.220784+0800	Runner	flutter: │               "ver": "1.0.0",
默认	11:29:14.220968+0800	Runner	flutter: │               "sid": "5094b07b-cc63-4868-b4ac-6bced54db906",
默认	11:29:14.220988+0800	Runner	flutter: │               "uuid": "***",
默认	11:29:14.221009+0800	Runner	flutter: │               "idfa": "***",
默认	11:29:14.221023+0800	Runner	flutter: │               "idfv": "***",
默认	11:29:14.221127+0800	Runner	flutter: │               "aid": "***",
默认	11:29:14.221146+0800	Runner	flutter: │               "gaid": "***",
默认	11:29:14.221273+0800	Runner	flutter: │               "did": "***",
默认	11:29:14.221287+0800	Runner	flutter: │               "uid": "***",
默认	11:29:14.221297+0800	Runner	flutter: │               "anm": "Truthy",
默认	11:29:14.221307+0800	Runner	flutter: │               "push_id": "",
默认	11:29:14.221322+0800	Runner	flutter: │               "push_type": "",
默认	11:29:14.221375+0800	Runner	flutter: │               "is_pro": "0",
默认	11:29:14.221386+0800	Runner	flutter: │               "page_from": "home",
默认	11:29:14.221426+0800	Runner	flutter: │               "duration_s": 3
默认	11:29:14.221466+0800	Runner	flutter: │             }
默认	11:29:14.221690+0800	Runner	flutter: │           },
默认	11:29:14.221714+0800	Runner	flutter: │           {
默认	11:29:14.221760+0800	Runner	flutter: │             "event_id": "553f9454-83ae-43c2-a4ed-267e9f6f18bd",
默认	11:29:14.221786+0800	Runner	flutter: │             "event_name": "paywall_pageview",
默认	11:29:14.221818+0800	Runner	flutter: │             "event_time_ms": 1783654152752,
默认	11:29:14.221860+0800	Runner	flutter: │             "properties": {
默认	11:29:14.221940+0800	Runner	flutter: │               "logtime": 1783654152752,
默认	11:29:14.221980+0800	Runner	flutter: │               "log_id": "553f9454-83ae-43c2-a4ed-267e9f6f18bd",
默认	11:29:14.222019+0800	Runner	flutter: │               "net": "wifi",
默认	11:29:14.222089+0800	Runner	flutter: │               "pkg": "com.sparkjam.truthy.ios",
默认	11:29:14.222129+0800	Runner	flutter: │               "bucket": 56,
默认	11:29:14.222172+0800	Runner	flutter: │               "abslot": 21,
默认	11:29:14.222214+0800	Runner	flutter: │               "ram": "3684MB",
默认	11:29:14.222278+0800	Runner	flutter: │               "cpu": "arm64",
默认	11:29:14.222323+0800	Runner	flutter: │               "sh": 844,
默认	11:29:14.222362+0800	Runner	flutter: │               "sw": 390,
默认	11:29:14.222398+0800	Runner	flutter: │               "city": "",
默认	11:29:14.222446+0800	Runner	flutter: │               "ste": "",
默认	11:29:14.222510+0800	Runner	flutter: │               "lat": "",
默认	11:29:14.222544+0800	Runner	flutter: │               "lng": "",
默认	11:29:14.222588+0800	Runner	flutter: │               "sty": "desk",
默认	11:29:14.222631+0800	Runner	flutter: │               "isp": "",
默认	11:29:14.222695+0800	Runner	flutter: │               "mod": "iphone13,2",
默认	11:29:14.222728+0800	Runner	flutter: │               "brd": "apple",
默认	11:29:14.222764+0800	Runner	flutter: │               "os": "26.3.1",
默认	11:29:14.222826+0800	Runner	flutter: │               "pf": "ios",
默认	11:29:14.222902+0800	Runner	flutter: │               "slan": "zh",
默认	11:29:14.222923+0800	Runner	flutter: │               "reg": "HK",
默认	11:29:14.222985+0800	Runner	flutter: │               "cou": "HK",
默认	11:29:14.223061+0800	Runner	flutter: │               "sub": "",
默认	11:29:14.223113+0800	Runner	flutter: │               "cha": "",
默认	11:29:14.223135+0800	Runner	flutter: │               "verc": "10000",
默认	11:29:14.223145+0800	Runner	flutter: │               "ver": "1.0.0",
默认	11:29:14.223212+0800	Runner	flutter: │               "sid": "5094b07b-cc63-4868-b4ac-6bced54db906",
默认	11:29:14.223231+0800	Runner	flutter: │               "uuid": "***",
默认	11:29:14.223268+0800	Runner	flutter: │               "idfa": "***",
默认	11:29:14.223304+0800	Runner	flutter: │               "idfv": "***",
默认	11:29:14.223368+0800	Runner	flutter: │               "aid": "***",
默认	11:29:14.223402+0800	Runner	flutter: │               "gaid": "***",
默认	11:29:14.223436+0800	Runner	flutter: │               "did": "***",
默认	11:29:14.223501+0800	Runner	flutter: │               "uid": "***",
默认	11:29:14.223536+0800	Runner	flutter: │               "anm": "Truthy",
默认	11:29:14.223575+0800	Runner	flutter: │               "push_id": "",
默认	11:29:14.223637+0800	Runner	flutter: │               "push_type": "",
默认	11:29:14.223720+0800	Runner	flutter: │               "is_pro": "0",
默认	11:29:14.223747+0800	Runner	flutter: │               "page_from": "home"
默认	11:29:14.223762+0800	Runner	flutter: │             }
默认	11:29:14.223803+0800	Runner	flutter: │           },
默认	11:29:14.223849+0800	Runner	flutter: │           {
默认	11:29:14.223917+0800	Runner	flutter: │             "event_id": "dd62d4ee-f4be-44ee-a32a-3596aaf9faf0",
默认	11:29:14.223959+0800	Runner	flutter: │             "event_name": "paywall_product_load_start",
默认	11:29:14.224024+0800	Runner	flutter: │             "event_time_ms": 1783654152754,
默认	11:29:14.224098+0800	Runner	flutter: │             "properties": {
默认	11:29:14.224107+0800	Runner	flutter: │               "logtime": 1783654152754,
默认	11:29:14.224143+0800	Runner	flutter: │               "log_id": "dd62d4ee-f4be-44ee-a32a-3596aaf9faf0",
默认	11:29:14.224206+0800	Runner	flutter: │               "net": "wifi",
默认	11:29:14.224250+0800	Runner	flutter: │               "pkg": "com.sparkjam.truthy.ios",
默认	11:29:14.224294+0800	Runner	flutter: │               "bucket": 56,
默认	11:29:14.224342+0800	Runner	flutter: │               "abslot": 21,
默认	11:29:14.224376+0800	Runner	flutter: │               "ram": "3684MB",
默认	11:29:14.224440+0800	Runner	flutter: │               "cpu": "arm64",
默认	11:29:14.224478+0800	Runner	flutter: │               "sh": 844,
默认	11:29:14.224610+0800	Runner	flutter: │               "sw": 390,
默认	11:29:14.224617+0800	Runner	flutter: │               "city": "",
默认	11:29:14.224625+0800	Runner	flutter: │               "ste": "",
默认	11:29:14.224658+0800	Runner	flutter: │               "lat": "",
默认	11:29:14.224716+0800	Runner	flutter: │               "lng": "",
默认	11:29:14.224863+0800	Runner	flutter: │               "sty": "desk",
默认	11:29:14.224878+0800	Runner	flutter: │               "isp": "",
默认	11:29:14.224906+0800	Runner	flutter: │               "mod": "iphone13,2",
默认	11:29:14.224921+0800	Runner	flutter: │               "brd": "apple",
默认	11:29:14.224935+0800	Runner	flutter: │               "os": "26.3.1",
默认	11:29:14.225004+0800	Runner	flutter: │               "pf": "ios",
默认	11:29:14.225018+0800	Runner	flutter: │               "slan": "zh",
默认	11:29:14.225059+0800	Runner	flutter: │               "reg": "HK",
默认	11:29:14.225100+0800	Runner	flutter: │               "cou": "HK",
默认	11:29:14.225162+0800	Runner	flutter: │               "sub": "",
默认	11:29:14.225233+0800	Runner	flutter: │               "cha": "",
默认	11:29:14.225250+0800	Runner	flutter: │               "verc": "10000",
默认	11:29:14.225332+0800	Runner	flutter: │               "ver": "1.0.0",
默认	11:29:14.225353+0800	Runner	flutter: │               "sid": "5094b07b-cc63-4868-b4ac-6bced54db906",
默认	11:29:14.225414+0800	Runner	flutter: │               "uuid": "***",
默认	11:29:14.225425+0800	Runner	flutter: │               "idfa": "***",
默认	11:29:14.225457+0800	Runner	flutter: │               "idfv": "***",
默认	11:29:14.225522+0800	Runner	flutter: │               "aid": "***",
默认	11:29:14.225600+0800	Runner	flutter: │               "gaid": "***",
默认	11:29:14.225619+0800	Runner	flutter: │               "did": "***",
默认	11:29:14.225658+0800	Runner	flutter: │               "uid": "***",
默认	11:29:14.225697+0800	Runner	flutter: │               "anm": "Truthy",
默认	11:29:14.225765+0800	Runner	flutter: │               "push_id": "",
默认	11:29:14.225784+0800	Runner	flutter: │               "push_type": "",
默认	11:29:14.225852+0800	Runner	flutter: │               "is_pro": "0",
默认	11:29:14.225863+0800	Runner	flutter: │               "page_from": "home"
默认	11:29:14.225925+0800	Runner	flutter: │             }
默认	11:29:14.225963+0800	Runner	flutter: │           }
默认	11:29:14.226003+0800	Runner	flutter: │         ]
默认	11:29:14.226043+0800	Runner	flutter: │       }
默认	11:29:14.226090+0800	Runner	flutter: │     }
默认	11:29:14.226130+0800	Runner	flutter: │   ]
默认	11:29:14.226178+0800	Runner	flutter: │ }
默认	11:29:14.226277+0800	Runner	flutter: └───────────────────────────────────────────────────────────────────────────────────────────────────
默认	11:29:14.250932+0800	Runner	flutter: ┌───────────────────────────────────────────────────────────────────────────────────────────────────
默认	11:29:14.251046+0800	Runner	flutter: │ [HTTP] <-- 200 POST https://api.truthy.top/gateway/invoke service=tool.subscription.SubscriptionService method=ListSubscriptionProducts
默认	11:29:14.251112+0800	Runner	flutter: └───────────────────────────────────────────────────────────────────────────────────────────────────
默认	11:29:14.251188+0800	Runner	flutter: ┌───────────────────────────────────────────────────────────────────────────────────────────────────
默认	11:29:14.251235+0800	Runner	flutter: │ [HTTP] response:
默认	11:29:14.251398+0800	Runner	flutter: │ {
默认	11:29:14.251415+0800	Runner	flutter: │   "code": 0,
默认	11:29:14.251435+0800	Runner	flutter: │   "message": "ok",
默认	11:29:14.251446+0800	Runner	flutter: │   "request_id": "gw_req_888d6acd37a1a0d036780b9a79c601c8",
默认	11:29:14.251461+0800	Runner	flutter: │   "trace_id": "trace_3deeb8f18c8b5a094f2ba901c9dc3548",
默认	11:29:14.251547+0800	Runner	flutter: │   "responses": [
默认	11:29:14.251559+0800	Runner	flutter: │     {
默认	11:29:14.251601+0800	Runner	flutter: │       "id": "req_0",
默认	11:29:14.251640+0800	Runner	flutter: │       "success": true,
默认	11:29:14.251702+0800	Runner	flutter: │       "code": 0,
默认	11:29:14.251746+0800	Runner	flutter: │       "message": "ok",
默认	11:29:14.251791+0800	Runner	flutter: │       "data": {
默认	11:29:14.251844+0800	Runner	flutter: │         "items": [
默认	11:29:14.251884+0800	Runner	flutter: │           {
默认	11:29:14.251925+0800	Runner	flutter: │             "benefits": [
默认	11:29:14.252048+0800	Runner	flutter: │               "Search access",
默认	11:29:14.252062+0800	Runner	flutter: │               "10 searches per month",
默认	11:29:14.252070+0800	Runner	flutter: │               "VIP level 1"
默认	11:29:14.252110+0800	Runner	flutter: │             ],
默认	11:29:14.252213+0800	Runner	flutter: │             "billing_period": "week",
默认	11:29:14.252228+0800	Runner	flutter: │             "display_name": "Weekly Access",
默认	11:29:14.252260+0800	Runner	flutter: │             "display_order": 10,
默认	11:29:14.252346+0800	Runner	flutter: │             "is_default": true,
默认	11:29:14.252360+0800	Runner	flutter: │             "is_purchasable": true,
默认	11:29:14.252509+0800	Runner	flutter: │             "metadata": {
默认	11:29:14.252521+0800	Runner	flutter: │               "seed": true,
默认	11:29:14.252531+0800	Runner	flutter: │               "source": "apple_app_store_connect"
默认	11:29:14.252543+0800	Runner	flutter: │             },
默认	11:29:14.252604+0800	Runner	flutter: │             "offer": {
默认	11:29:14.252648+0800	Runner	flutter: │               "amount_minor": 999,
默认	11:29:14.252686+0800	Runner	flutter: │               "currency": "USD",
默认	11:29:14.252724+0800	Runner	flutter: │               "currency_symbol": "$",
默认	11:29:14.253070+0800	Runner	flutter: │               "intro_amount_minor": 399,
默认	11:29:14.253163+0800	Runner	flutter: │               "intro_currency": "USD",
默认	11:29:14.253191+0800	Runner	flutter: │               "intro_currency_symbol": "$",
默认	11:29:14.253205+0800	Runner	flutter: │               "intro_period": "week"
默认	11:29:14.253215+0800	Runner	flutter: │             },
默认	11:29:14.253223+0800	Runner	flutter: │             "plan_code": "basic",
默认	11:29:14.253246+0800	Runner	flutter: │             "platform": "ios",
默认	11:29:14.253256+0800	Runner	flutter: │             "product_code": "people_insight",
默认	11:29:14.253266+0800	Runner	flutter: │             "product_id": "sku_truthy_premium_weekly_ios",
默认	11:29:14.253278+0800	Runner	flutter: │             "product_type": "subscription",
默认	11:29:14.253355+0800	Runner	flutter: │             "region_code": "",
默认	11:29:14.253401+0800	Runner	flutter: │             "store_product_id": "com.truthy.premium.w",
默认	11:29:14.253472+0800	Runner	flutter: │             "store_provider": "app_store"
默认	11:29:14.253509+0800	Runner	flutter: │           },
默认	11:29:14.253628+0800	Runner	flutter: │           {
默认	11:29:14.253648+0800	Runner	flutter: │             "benefits": [
默认	11:29:14.253684+0800	Runner	flutter: │               "Search access",
默认	11:29:14.253698+0800	Runner	flutter: │               "10 searches per month",
默认	11:29:14.253760+0800	Runner	flutter: │               "VIP level 1"
默认	11:29:14.253774+0800	Runner	flutter: │             ],
默认	11:29:14.253839+0800	Runner	flutter: │             "billing_period": "year",
默认	11:29:14.253890+0800	Runner	flutter: │             "display_name": "Annual Plan",
默认	11:29:14.253932+0800	Runner	flutter: │             "display_order": 20,
默认	11:29:14.253966+0800	Runner	flutter: │             "is_default": false,
默认	11:29:14.254005+0800	Runner	flutter: │             "is_purchasable": true,
默认	11:29:14.254070+0800	Runner	flutter: │             "metadata": {
默认	11:29:14.254105+0800	Runner	flutter: │               "seed": true,
默认	11:29:14.254165+0800	Runner	flutter: │               "source": "apple_app_store_connect"
默认	11:29:14.254236+0800	Runner	flutter: │             },
默认	11:29:14.254251+0800	Runner	flutter: │             "offer": {
默认	11:29:14.254365+0800	Runner	flutter: │               "amount_minor": 3999,
默认	11:29:14.254379+0800	Runner	flutter: │               "currency": "USD",
默认	11:29:14.254410+0800	Runner	flutter: │               "currency_symbol": "$"
默认	11:29:14.254466+0800	Runner	flutter: │             },
默认	11:29:14.254477+0800	Runner	flutter: │             "plan_code": "basic",
默认	11:29:14.254512+0800	Runner	flutter: │             "platform": "ios",
默认	11:29:14.254584+0800	Runner	flutter: │             "product_code": "people_insight",
默认	11:29:14.254654+0800	Runner	flutter: │             "product_id": "sku_truthy_premium_yearly_ios",
默认	11:29:14.254664+0800	Runner	flutter: │             "product_type": "subscription",
默认	11:29:14.254707+0800	Runner	flutter: │             "region_code": "",
默认	11:29:14.254771+0800	Runner	flutter: │             "store_product_id": "com.truthy.premium.y",
默认	11:29:14.254810+0800	Runner	flutter: │             "store_provider": "app_store"
默认	11:29:14.254842+0800	Runner	flutter: │           }
默认	11:29:14.254890+0800	Runner	flutter: │         ]
默认	11:29:14.254930+0800	Runner	flutter: │       }
默认	11:29:14.254992+0800	Runner	flutter: │     }
默认	11:29:14.255023+0800	Runner	flutter: │   ]
默认	11:29:14.255057+0800	Runner	flutter: │ }
默认	11:29:14.255146+0800	Runner	flutter: └───────────────────────────────────────────────────────────────────────────────────────────────────
默认	11:29:14.300560+0800	Runner	flutter: ┌───────────────────────────────────────────────────────────────────────────────────────────────────
默认	11:29:14.300621+0800	Runner	flutter: │ [SubPurchase] store.products.query requested=[com.truthy.premium.w, com.truthy.premium.y] found=2 notFound=[] errorCode=<none> products=[productId=com.truthy.premium.y title=Truthy Premium Annual description=Explore social profiles, verify photos, uncover risks. price=US$39.99 rawPrice=39.989999999999995 currency=USD currencySymbol=$ | productId=com.truthy.premium.w title=Truthy Premium Weekly description=Explore social profiles, verify photos, uncover risks. price=US$9.99 rawPrice=9.99 currency=USD currencySymbol=$]
默认	11:29:14.300646+0800	Runner	flutter: └───────────────────────────────────────────────────────────────────────────────────────────────────
默认	11:29:14.300736+0800	Runner	flutter: ┌───────────────────────────────────────────────────────────────────────────────────────────────────
默认	11:29:14.300750+0800	Runner	flutter: │ [SubPurchase] store.products.intro productId=com.truthy.premium.y hasOffer=false
默认	11:29:14.300776+0800	Runner	flutter: └───────────────────────────────────────────────────────────────────────────────────────────────────
默认	11:29:14.326764+0800	Runner	flutter: ┌───────────────────────────────────────────────────────────────────────────────────────────────────
默认	11:29:14.326781+0800	Runner	flutter: │ [SubPurchase] store.products.intro productId=com.truthy.premium.w hasOffer=true eligibility=true introPrice=$3.99
默认	11:29:14.326797+0800	Runner	flutter: └───────────────────────────────────────────────────────────────────────────────────────────────────
默认	11:29:14.326807+0800	Runner	flutter: ┌───────────────────────────────────────────────────────────────────────────────────────────────────
默认	11:29:14.326848+0800	Runner	flutter: │ [EventTracking] name=paywall_product_load_success id=ca042a05-b91a-4bf1-a57b-345d1eb050ed time=1783654154326 props={"page_from":"home","products_count":2}
默认	11:29:14.326867+0800	Runner	flutter: └───────────────────────────────────────────────────────────────────────────────────────────────────
默认	11:29:14.326926+0800	Runner	flutter: ┌───────────────────────────────────────────────────────────────────────────────────────────────────
默认	11:29:14.326941+0800	Runner	flutter: │ [EventTracking] name=paywall_plan_expose id=bfe7e8d2-c8da-46e6-989f-af2d3fee9359 time=1783654154326 props={"page_from":"home","product_id":"sku_truthy_premium_weekly_ios","store_product_id":"com.truthy.premium.w","billing_period":"week","price_server":"$9.99","price_apple":"US$9.99","price_actual":"$3.99","amount_minor":999,"amount_minor_currency":"USD","apple_amount_minor":999,"apple_amount_minor_currency":"USD","actual_amount_minor":399,"actual_amount_minor_currency":"USD","intro_eligible":1,"intro_price":"$3.99","price":"$9.99","selected":1}
默认	11:29:14.326960+0800	Runner	flutter: └───────────────────────────────────────────────────────────────────────────────────────────────────
默认	11:29:14.327024+0800	Runner	flutter: ┌───────────────────────────────────────────────────────────────────────────────────────────────────
默认	11:29:14.327038+0800	Runner	flutter: │ [EventTracking] name=paywall_plan_expose id=80efbd15-70e7-4ad8-ab56-13b5a0102894 time=1783654154326 props={"page_from":"home","product_id":"sku_truthy_premium_yearly_ios","store_product_id":"com.truthy.premium.y","billing_period":"year","price_server":"$39.99","price_apple":"US$39.99","price_actual":"US$39.99","amount_minor":3999,"amount_minor_currency":"USD","apple_amount_minor":3999,"apple_amount_minor_currency":"USD","actual_amount_minor":3999,"actual_amount_minor_currency":"USD","intro_eligible":0,"intro_price":"","price":"$39.99","selected":0}
默认	11:29:14.327048+0800	Runner	flutter: └───────────────────────────────────────────────────────────────────────────────────────────────────
默认	11:29:14.327114+0800	Runner	flutter: ┌───────────────────────────────────────────────────────────────────────────────────────────────────
默认	11:29:14.327126+0800	Runner	flutter: │ [SubPurchase] coordinator.recoverUnfinished.start trigger=subscription_products_loaded products=2
默认	11:29:14.327177+0800	Runner	flutter: └───────────────────────────────────────────────────────────────────────────────────────────────────
默认	11:29:14.327267+0800	Runner	flutter: ┌───────────────────────────────────────────────────────────────────────────────────────────────────
默认	11:29:14.327279+0800	Runner	flutter: │ [SubPurchase] storekitRecovery.queryUnfinishedAll.start
默认	11:29:14.327291+0800	Runner	flutter: └───────────────────────────────────────────────────────────────────────────────────────────────────
默认	11:29:14.331974+0800	Runner	flutter: ┌───────────────────────────────────────────────────────────────────────────────────────────────────
默认	11:29:14.331989+0800	Runner	flutter: │ [SubPurchase] storekitRecovery.queryUnfinishedAll.result total=0
默认	11:29:14.332000+0800	Runner	flutter: └───────────────────────────────────────────────────────────────────────────────────────────────────
默认	11:29:14.332035+0800	Runner	flutter: ┌───────────────────────────────────────────────────────────────────────────────────────────────────
默认	11:29:14.332076+0800	Runner	flutter: │ [SubPurchase] coordinator.recoverStoreKitUnfinished.results count=0
默认	11:29:14.332101+0800	Runner	flutter: └───────────────────────────────────────────────────────────────────────────────────────────────────
默认	11:29:14.332109+0800	Runner	flutter: ┌───────────────────────────────────────────────────────────────────────────────────────────────────
默认	11:29:14.332118+0800	Runner	flutter: │ [SubPurchase] coordinator.recoverUnfinished.finish
默认	11:29:14.332143+0800	Runner	flutter: └───────────────────────────────────────────────────────────────────────────────────────────────────
默认	11:29:14.555989+0800	Runner	flutter: ┌───────────────────────────────────────────────────────────────────────────────────────────────────
默认	11:29:14.556026+0800	Runner	flutter: │ [HTTP] <-- 200 POST https://api.truthy.top/gateway/invoke service=tool.event_tracking.EventTrackingService method=TrackEvents
默认	11:29:14.556046+0800	Runner	flutter: └───────────────────────────────────────────────────────────────────────────────────────────────────
默认	11:29:14.556102+0800	Runner	flutter: ┌───────────────────────────────────────────────────────────────────────────────────────────────────
默认	11:29:14.556119+0800	Runner	flutter: │ [HTTP] response:
默认	11:29:14.556184+0800	Runner	flutter: │ {
默认	11:29:14.556212+0800	Runner	flutter: │   "code": 0,
默认	11:29:14.556292+0800	Runner	flutter: │   "message": "ok",
默认	11:29:14.556304+0800	Runner	flutter: │   "request_id": "gw_req_a136de304a03cff2a78dd45388dd4db9",
默认	11:29:14.556359+0800	Runner	flutter: │   "trace_id": "trace_5813f2f657005bb53549ad65bc51b749",
默认	11:29:14.556374+0800	Runner	flutter: │   "responses": [
默认	11:29:14.556432+0800	Runner	flutter: │     {
默认	11:29:14.556505+0800	Runner	flutter: │       "id": "req_0",
默认	11:29:14.556518+0800	Runner	flutter: │       "success": true,
默认	11:29:14.556570+0800	Runner	flutter: │       "code": 0,
默认	11:29:14.556643+0800	Runner	flutter: │       "message": "ok",
默认	11:29:14.556652+0800	Runner	flutter: │       "data": {
默认	11:29:14.556673+0800	Runner	flutter: │         "request_id": "gw_req_a136de304a03cff2a78dd45388dd4db9",
默认	11:29:14.556678+0800	Runner	flutter: │         "trace_id": "trace_5813f2f657005bb53549ad65bc51b749",
默认	11:29:14.556741+0800	Runner	flutter: │         "accepted_count": 3,
默认	11:29:14.556759+0800	Runner	flutter: │         "event_name": "app_page_stay",
默认	11:29:14.556768+0800	Runner	flutter: │         "event_names": [
默认	11:29:14.556777+0800	Runner	flutter: │           "app_page_stay",
默认	11:29:14.556790+0800	Runner	flutter: │           "paywall_pageview",
默认	11:29:14.556876+0800	Runner	flutter: │           "paywall_product_load_start"
默认	11:29:14.556890+0800	Runner	flutter: │         ],
默认	11:29:14.556900+0800	Runner	flutter: │         "events": [
默认	11:29:14.556909+0800	Runner	flutter: │           {
默认	11:29:14.557003+0800	Runner	flutter: │             "index": 0,
默认	11:29:14.557014+0800	Runner	flutter: │             "event_id": "1ba2a387-9f99-4e1c-99bb-77f2c187bd77",
默认	11:29:14.557024+0800	Runner	flutter: │             "event_name": "app_page_stay",
默认	11:29:14.557032+0800	Runner	flutter: │             "status": "accepted"
默认	11:29:14.557040+0800	Runner	flutter: │           },
默认	11:29:14.557050+0800	Runner	flutter: │           {
默认	11:29:14.557060+0800	Runner	flutter: │             "index": 1,
默认	11:29:14.557094+0800	Runner	flutter: │             "event_id": "553f9454-83ae-43c2-a4ed-267e9f6f18bd",
默认	11:29:14.557104+0800	Runner	flutter: │             "event_name": "paywall_pageview",
默认	11:29:14.557113+0800	Runner	flutter: │             "status": "accepted"
默认	11:29:14.557123+0800	Runner	flutter: │           },
默认	11:29:14.557132+0800	Runner	flutter: │           {
默认	11:29:14.557141+0800	Runner	flutter: │             "index": 2,
默认	11:29:14.557148+0800	Runner	flutter: │             "event_id": "dd62d4ee-f4be-44ee-a32a-3596aaf9faf0",
默认	11:29:14.557157+0800	Runner	flutter: │             "event_name": "paywall_product_load_start",
默认	11:29:14.557168+0800	Runner	flutter: │             "status": "accepted"
默认	11:29:14.557177+0800	Runner	flutter: │           }
默认	11:29:14.557185+0800	Runner	flutter: │         ]
默认	11:29:14.557194+0800	Runner	flutter: │       }
默认	11:29:14.557223+0800	Runner	flutter: │     }
默认	11:29:14.557235+0800	Runner	flutter: │   ]
默认	11:29:14.557245+0800	Runner	flutter: │ }
默认	11:29:14.557264+0800	Runner	flutter: └───────────────────────────────────────────────────────────────────────────────────────────────────
默认	11:29:14.563543+0800	Runner	flutter: ┌───────────────────────────────────────────────────────────────────────────────────────────────────
默认	11:29:14.563561+0800	Runner	flutter: │ [HTTP] --> POST https://api.truthy.top/gateway/invoke service=tool.event_tracking.EventTrackingService method=TrackEvents
默认	11:29:14.563579+0800	Runner	flutter: └───────────────────────────────────────────────────────────────────────────────────────────────────
默认	11:29:14.563776+0800	Runner	flutter: ┌───────────────────────────────────────────────────────────────────────────────────────────────────
默认	11:29:14.563781+0800	Runner	flutter: │ [HTTP] request:
默认	11:29:14.563786+0800	Runner	flutter: │ {
默认	11:29:14.563867+0800	Runner	flutter: │   "comm": {
默认	11:29:14.563884+0800	Runner	flutter: │     "auth_token": "***",
默认	11:29:14.563894+0800	Runner	flutter: │     "user_id": "user_e5f97712121ebfac3d6f6407",
默认	11:29:14.563905+0800	Runner	flutter: │     "device_id": "c5ece928-513e-4e75-a500-28479ac5102a",
默认	11:29:14.563914+0800	Runner	flutter: │     "client_request_id": "crid_1783654154561903",
默认	11:29:14.563922+0800	Runner	flutter: │     "platform": "ios",
默认	11:29:14.563930+0800	Runner	flutter: │     "app_version": "1.0.0",
默认	11:29:14.563941+0800	Runner	flutter: │     "locale": "zh-Hans-HK",
默认	11:29:14.563951+0800	Runner	flutter: │     "country": "HK",
默认	11:29:14.563960+0800	Runner	flutter: │     "timezone": "UTC+08:00"
默认	11:29:14.564043+0800	Runner	flutter: │   },
默认	11:29:14.564055+0800	Runner	flutter: │   "requests": [
默认	11:29:14.564064+0800	Runner	flutter: │     {
默认	11:29:14.564073+0800	Runner	flutter: │       "id": "req_0",
默认	11:29:14.564101+0800	Runner	flutter: │       "service_name": "tool.event_tracking.EventTrackingService",
默认	11:29:14.564114+0800	Runner	flutter: │       "method_name": "TrackEvents",
默认	11:29:14.564122+0800	Runner	flutter: │       "params": {
默认	11:29:14.564131+0800	Runner	flutter: │         "events": [
默认	11:29:14.564140+0800	Runner	flutter: │           {
默认	11:29:14.564147+0800	Runner	flutter: │             "event_id": "ca042a05-b91a-4bf1-a57b-345d1eb050ed",
默认	11:29:14.564155+0800	Runner	flutter: │             "event_name": "paywall_product_load_success",
默认	11:29:14.564167+0800	Runner	flutter: │             "event_time_ms": 1783654154326,
默认	11:29:14.564218+0800	Runner	flutter: │             "properties": {
默认	11:29:14.564229+0800	Runner	flutter: │               "logtime": 1783654154326,
默认	11:29:14.564238+0800	Runner	flutter: │               "log_id": "ca042a05-b91a-4bf1-a57b-345d1eb050ed",
默认	11:29:14.564248+0800	Runner	flutter: │               "net": "wifi",
默认	11:29:14.564258+0800	Runner	flutter: │               "pkg": "com.sparkjam.truthy.ios",
默认	11:29:14.564265+0800	Runner	flutter: │               "bucket": 56,
默认	11:29:14.564357+0800	Runner	flutter: │               "abslot": 21,
默认	11:29:14.564369+0800	Runner	flutter: │               "ram": "3684MB",
默认	11:29:14.564378+0800	Runner	flutter: │               "cpu": "arm64",
默认	11:29:14.564387+0800	Runner	flutter: │               "sh": 844,
默认	11:29:14.564394+0800	Runner	flutter: │               "sw": 390,
默认	11:29:14.564403+0800	Runner	flutter: │               "city": "",
默认	11:29:14.564409+0800	Runner	flutter: │               "ste": "",
默认	11:29:14.564418+0800	Runner	flutter: │               "lat": "",
默认	11:29:14.564425+0800	Runner	flutter: │               "lng": "",
默认	11:29:14.564475+0800	Runner	flutter: │               "sty": "desk",
默认	11:29:14.564485+0800	Runner	flutter: │               "isp": "",
默认	11:29:14.564492+0800	Runner	flutter: │               "mod": "iphone13,2",
默认	11:29:14.564546+0800	Runner	flutter: │               "brd": "apple",
默认	11:29:14.564620+0800	Runner	flutter: │               "os": "26.3.1",
默认	11:29:14.564630+0800	Runner	flutter: │               "pf": "ios",
默认	11:29:14.564640+0800	Runner	flutter: │               "slan": "zh",
默认	11:29:14.564647+0800	Runner	flutter: │               "reg": "HK",
默认	11:29:14.564656+0800	Runner	flutter: │               "cou": "HK",
默认	11:29:14.564663+0800	Runner	flutter: │               "sub": "",
默认	11:29:14.564682+0800	Runner	flutter: │               "cha": "",
默认	11:29:14.564692+0800	Runner	flutter: │               "verc": "10000",
默认	11:29:14.564699+0800	Runner	flutter: │               "ver": "1.0.0",
默认	11:29:14.564707+0800	Runner	flutter: │               "sid": "5094b07b-cc63-4868-b4ac-6bced54db906",
默认	11:29:14.564733+0800	Runner	flutter: │               "uuid": "***",
默认	11:29:14.564743+0800	Runner	flutter: │               "idfa": "***",
默认	11:29:14.564776+0800	Runner	flutter: │               "idfv": "***",
默认	11:29:14.564789+0800	Runner	flutter: │               "aid": "***",
默认	11:29:14.564798+0800	Runner	flutter: │               "gaid": "***",
默认	11:29:14.564805+0800	Runner	flutter: │               "did": "***",
默认	11:29:14.564814+0800	Runner	flutter: │               "uid": "***",
默认	11:29:14.564821+0800	Runner	flutter: │               "anm": "Truthy",
默认	11:29:14.564830+0800	Runner	flutter: │               "push_id": "",
默认	11:29:14.564837+0800	Runner	flutter: │               "push_type": "",
默认	11:29:14.564845+0800	Runner	flutter: │               "is_pro": "0",
默认	11:29:14.564853+0800	Runner	flutter: │               "page_from": "home",
默认	11:29:14.564908+0800	Runner	flutter: │               "products_count": 2
默认	11:29:14.564918+0800	Runner	flutter: │             }
默认	11:29:14.564928+0800	Runner	flutter: │           },
默认	11:29:14.564937+0800	Runner	flutter: │           {
默认	11:29:14.564946+0800	Runner	flutter: │             "event_id": "bfe7e8d2-c8da-46e6-989f-af2d3fee9359",
默认	11:29:14.564956+0800	Runner	flutter: │             "event_name": "paywall_plan_expose",
默认	11:29:14.565076+0800	Runner	flutter: │             "event_time_ms": 1783654154326,
默认	11:29:14.565088+0800	Runner	flutter: │             "properties": {
默认	11:29:14.565097+0800	Runner	flutter: │               "logtime": 1783654154326,
默认	11:29:14.565104+0800	Runner	flutter: │               "log_id": "bfe7e8d2-c8da-46e6-989f-af2d3fee9359",
默认	11:29:14.565113+0800	Runner	flutter: │               "net": "wifi",
默认	11:29:14.565119+0800	Runner	flutter: │               "pkg": "com.sparkjam.truthy.ios",
默认	11:29:14.565128+0800	Runner	flutter: │               "bucket": 56,
默认	11:29:14.565135+0800	Runner	flutter: │               "abslot": 21,
默认	11:29:14.565144+0800	Runner	flutter: │               "ram": "3684MB",
默认	11:29:14.565150+0800	Runner	flutter: │               "cpu": "arm64",
默认	11:29:14.565159+0800	Runner	flutter: │               "sh": 844,
默认	11:29:14.565196+0800	Runner	flutter: │               "sw": 390,
默认	11:29:14.565206+0800	Runner	flutter: │               "city": "",
默认	11:29:14.565215+0800	Runner	flutter: │               "ste": "",
默认	11:29:14.565224+0800	Runner	flutter: │               "lat": "",
默认	11:29:14.565236+0800	Runner	flutter: │               "lng": "",
默认	11:29:14.565244+0800	Runner	flutter: │               "sty": "desk",
默认	11:29:14.565289+0800	Runner	flutter: │               "isp": "",
默认	11:29:14.565303+0800	Runner	flutter: │               "mod": "iphone13,2",
默认	11:29:14.565311+0800	Runner	flutter: │               "brd": "apple",
默认	11:29:14.565320+0800	Runner	flutter: │               "os": "26.3.1",
默认	11:29:14.565352+0800	Runner	flutter: │               "pf": "ios",
默认	11:29:14.565449+0800	Runner	flutter: │               "slan": "zh",
默认	11:29:14.565462+0800	Runner	flutter: │               "reg": "HK",
默认	11:29:14.565470+0800	Runner	flutter: │               "cou": "HK",
默认	11:29:14.565479+0800	Runner	flutter: │               "sub": "",
默认	11:29:14.565490+0800	Runner	flutter: │               "cha": "",
默认	11:29:14.565500+0800	Runner	flutter: │               "verc": "10000",
默认	11:29:14.565510+0800	Runner	flutter: │               "ver": "1.0.0",
默认	11:29:14.565517+0800	Runner	flutter: │               "sid": "5094b07b-cc63-4868-b4ac-6bced54db906",
默认	11:29:14.565526+0800	Runner	flutter: │               "uuid": "***",
默认	11:29:14.565536+0800	Runner	flutter: │               "idfa": "***",
默认	11:29:14.565546+0800	Runner	flutter: │               "idfv": "***",
默认	11:29:14.565556+0800	Runner	flutter: │               "aid": "***",
默认	11:29:14.565563+0800	Runner	flutter: │               "gaid": "***",
默认	11:29:14.565572+0800	Runner	flutter: │               "did": "***",
默认	11:29:14.565607+0800	Runner	flutter: │               "uid": "***",
默认	11:29:14.565627+0800	Runner	flutter: │               "anm": "Truthy",
默认	11:29:14.565634+0800	Runner	flutter: │               "push_id": "",
默认	11:29:14.565654+0800	Runner	flutter: │               "push_type": "",
默认	11:29:14.565699+0800	Runner	flutter: │               "is_pro": "0",
默认	11:29:14.565709+0800	Runner	flutter: │               "page_from": "home",
默认	11:29:14.565717+0800	Runner	flutter: │               "product_id": "sku_truthy_premium_weekly_ios",
默认	11:29:14.565726+0800	Runner	flutter: │               "store_product_id": "com.truthy.premium.w",
默认	11:29:14.565733+0800	Runner	flutter: │               "billing_period": "week",
默认	11:29:14.565773+0800	Runner	flutter: │               "price_server": "$9.99",
默认	11:29:14.565784+0800	Runner	flutter: │               "price_apple": "US$9.99",
默认	11:29:14.565795+0800	Runner	flutter: │               "price_actual": "$3.99",
默认	11:29:14.565813+0800	Runner	flutter: │               "amount_minor": 999,
默认	11:29:14.565824+0800	Runner	flutter: │               "amount_minor_currency": "USD",
默认	11:29:14.565834+0800	Runner	flutter: │               "apple_amount_minor": 999,
默认	11:29:14.565844+0800	Runner	flutter: │               "apple_amount_minor_currency": "USD",
默认	11:29:14.565853+0800	Runner	flutter: │               "actual_amount_minor": 399,
默认	11:29:14.565861+0800	Runner	flutter: │               "actual_amount_minor_currency": "USD",
默认	11:29:14.565896+0800	Runner	flutter: │               "intro_eligible": 1,
默认	11:29:14.565902+0800	Runner	flutter: │               "intro_price": "$3.99",
默认	11:29:14.565906+0800	Runner	flutter: │               "price": "$9.99",
默认	11:29:14.565920+0800	Runner	flutter: │               "selected": 1
默认	11:29:14.565933+0800	Runner	flutter: │             }
默认	11:29:14.565953+0800	Runner	flutter: │           },
默认	11:29:14.565967+0800	Runner	flutter: │           {
默认	11:29:14.566020+0800	Runner	flutter: │             "event_id": "80efbd15-70e7-4ad8-ab56-13b5a0102894",
默认	11:29:14.566024+0800	Runner	flutter: │             "event_name": "paywall_plan_expose",
默认	11:29:14.566026+0800	Runner	flutter: │             "event_time_ms": 1783654154326,
默认	11:29:14.566040+0800	Runner	flutter: │             "properties": {
默认	11:29:14.566059+0800	Runner	flutter: │               "logtime": 1783654154326,
默认	11:29:14.566077+0800	Runner	flutter: │               "log_id": "80efbd15-70e7-4ad8-ab56-13b5a0102894",
默认	11:29:14.566092+0800	Runner	flutter: │               "net": "wifi",
默认	11:29:14.566147+0800	Runner	flutter: │               "pkg": "com.sparkjam.truthy.ios",
默认	11:29:14.566169+0800	Runner	flutter: │               "bucket": 56,
默认	11:29:14.566184+0800	Runner	flutter: │               "abslot": 21,
默认	11:29:14.566193+0800	Runner	flutter: │               "ram": "3684MB",
默认	11:29:14.566201+0800	Runner	flutter: │               "cpu": "arm64",
默认	11:29:14.566229+0800	Runner	flutter: │               "sh": 844,
默认	11:29:14.566241+0800	Runner	flutter: │               "sw": 390,
默认	11:29:14.566251+0800	Runner	flutter: │               "city": "",
默认	11:29:14.566274+0800	Runner	flutter: │               "ste": "",
默认	11:29:14.566286+0800	Runner	flutter: │               "lat": "",
默认	11:29:14.566293+0800	Runner	flutter: │               "lng": "",
默认	11:29:14.566328+0800	Runner	flutter: │               "sty": "desk",
默认	11:29:14.566333+0800	Runner	flutter: │               "isp": "",
默认	11:29:14.566335+0800	Runner	flutter: │               "mod": "iphone13,2",
默认	11:29:14.566351+0800	Runner	flutter: │               "brd": "apple",
默认	11:29:14.566354+0800	Runner	flutter: │               "os": "26.3.1",
默认	11:29:14.566401+0800	Runner	flutter: │               "pf": "ios",
默认	11:29:14.566416+0800	Runner	flutter: │               "slan": "zh",
默认	11:29:14.566420+0800	Runner	flutter: │               "reg": "HK",
默认	11:29:14.566440+0800	Runner	flutter: │               "cou": "HK",
默认	11:29:14.566442+0800	Runner	flutter: │               "sub": "",
默认	11:29:14.566524+0800	Runner	flutter: │               "cha": "",
默认	11:29:14.566538+0800	Runner	flutter: │               "verc": "10000",
默认	11:29:14.566546+0800	Runner	flutter: │               "ver": "1.0.0",
默认	11:29:14.566566+0800	Runner	flutter: │               "sid": "5094b07b-cc63-4868-b4ac-6bced54db906",
默认	11:29:14.566668+0800	Runner	flutter: │               "uuid": "***",
默认	11:29:14.566680+0800	Runner	flutter: │               "idfa": "***",
默认	11:29:14.566689+0800	Runner	flutter: │               "idfv": "***",
默认	11:29:14.566696+0800	Runner	flutter: │               "aid": "***",
默认	11:29:14.566704+0800	Runner	flutter: │               "gaid": "***",
默认	11:29:14.566713+0800	Runner	flutter: │               "did": "***",
默认	11:29:14.566720+0800	Runner	flutter: │               "uid": "***",
默认	11:29:14.566728+0800	Runner	flutter: │               "anm": "Truthy",
默认	11:29:14.566735+0800	Runner	flutter: │               "push_id": "",
默认	11:29:14.566744+0800	Runner	flutter: │               "push_type": "",
默认	11:29:14.566751+0800	Runner	flutter: │               "is_pro": "0",
默认	11:29:14.566759+0800	Runner	flutter: │               "page_from": "home",
默认	11:29:14.566766+0800	Runner	flutter: │               "product_id": "sku_truthy_premium_yearly_ios",
默认	11:29:14.566773+0800	Runner	flutter: │               "store_product_id": "com.truthy.premium.y",
默认	11:29:14.566812+0800	Runner	flutter: │               "billing_period": "year",
默认	11:29:14.566823+0800	Runner	flutter: │               "price_server": "$39.99",
默认	11:29:14.566831+0800	Runner	flutter: │               "price_apple": "US$39.99",
默认	11:29:14.566838+0800	Runner	flutter: │               "price_actual": "US$39.99",
默认	11:29:14.566845+0800	Runner	flutter: │               "amount_minor": 3999,
默认	11:29:14.566874+0800	Runner	flutter: │               "amount_minor_currency": "USD",
默认	11:29:14.566886+0800	Runner	flutter: │               "apple_amount_minor": 3999,
默认	11:29:14.566895+0800	Runner	flutter: │               "apple_amount_minor_currency": "USD",
默认	11:29:14.566905+0800	Runner	flutter: │               "actual_amount_minor": 3999,
默认	11:29:14.566953+0800	Runner	flutter: │               "actual_amount_minor_currency": "USD",
默认	11:29:14.566966+0800	Runner	flutter: │               "intro_eligible": 0,
默认	11:29:14.566973+0800	Runner	flutter: │               "intro_price": "",
默认	11:29:14.567020+0800	Runner	flutter: │               "price": "$39.99",
默认	11:29:14.567033+0800	Runner	flutter: │               "selected": 0
默认	11:29:14.567047+0800	Runner	flutter: │             }
默认	11:29:14.567054+0800	Runner	flutter: │           }
默认	11:29:14.567063+0800	Runner	flutter: │         ]
默认	11:29:14.567075+0800	Runner	flutter: │       }
默认	11:29:14.567112+0800	Runner	flutter: │     }
默认	11:29:14.567121+0800	Runner	flutter: │   ]
默认	11:29:14.567141+0800	Runner	flutter: │ }
默认	11:29:14.567164+0800	Runner	flutter: └───────────────────────────────────────────────────────────────────────────────────────────────────
默认	11:29:14.933090+0800	Runner	flutter: ┌───────────────────────────────────────────────────────────────────────────────────────────────────
默认	11:29:14.933190+0800	Runner	flutter: │ [HTTP] <-- 200 POST https://api.truthy.top/gateway/invoke service=tool.event_tracking.EventTrackingService method=TrackEvents
默认	11:29:14.933319+0800	Runner	flutter: └───────────────────────────────────────────────────────────────────────────────────────────────────
默认	11:29:14.934210+0800	Runner	flutter: ┌───────────────────────────────────────────────────────────────────────────────────────────────────
默认	11:29:14.934325+0800	Runner	flutter: │ [HTTP] response:
默认	11:29:14.934386+0800	Runner	flutter: │ {
默认	11:29:14.934495+0800	Runner	flutter: │   "code": 0,
默认	11:29:14.934531+0800	Runner	flutter: │   "message": "ok",
默认	11:29:14.934562+0800	Runner	flutter: │   "request_id": "gw_req_1f626efc619dfc2b4bc267c47a51236e",
默认	11:29:14.934714+0800	Runner	flutter: │   "trace_id": "trace_75bba258873a37d46fb7072a8b128de0",
默认	11:29:14.934851+0800	Runner	flutter: │   "responses": [
默认	11:29:14.934976+0800	Runner	flutter: │     {
默认	11:29:14.935115+0800	Runner	flutter: │       "id": "req_0",
默认	11:29:14.935242+0800	Runner	flutter: │       "success": true,
默认	11:29:14.935368+0800	Runner	flutter: │       "code": 0,
默认	11:29:14.935641+0800	Runner	flutter: │       "message": "ok",
默认	11:29:14.935673+0800	Runner	flutter: │       "data": {
默认	11:29:14.935947+0800	Runner	flutter: │         "request_id": "gw_req_1f626efc619dfc2b4bc267c47a51236e",
默认	11:29:14.936032+0800	Runner	flutter: │         "trace_id": "trace_75bba258873a37d46fb7072a8b128de0",
默认	11:29:14.936239+0800	Runner	flutter: │         "accepted_count": 3,
默认	11:29:14.936433+0800	Runner	flutter: │         "event_name": "paywall_product_load_success",
默认	11:29:14.936465+0800	Runner	flutter: │         "event_names": [
默认	11:29:14.936553+0800	Runner	flutter: │           "paywall_product_load_success",
默认	11:29:14.936789+0800	Runner	flutter: │           "paywall_plan_expose",
默认	11:29:14.936822+0800	Runner	flutter: │           "paywall_plan_expose"
默认	11:29:14.936929+0800	Runner	flutter: │         ],
默认	11:29:14.937206+0800	Runner	flutter: │         "events": [
默认	11:29:14.937271+0800	Runner	flutter: │           {
默认	11:29:14.937402+0800	Runner	flutter: │             "index": 0,
默认	11:29:14.937524+0800	Runner	flutter: │             "event_id": "ca042a05-b91a-4bf1-a57b-345d1eb050ed",
默认	11:29:14.937659+0800	Runner	flutter: │             "event_name": "paywall_product_load_success",
默认	11:29:14.937808+0800	Runner	flutter: │             "status": "accepted"
默认	11:29:14.937947+0800	Runner	flutter: │           },
默认	11:29:14.938093+0800	Runner	flutter: │           {
默认	11:29:14.938218+0800	Runner	flutter: │             "index": 1,
默认	11:29:14.938375+0800	Runner	flutter: │             "event_id": "bfe7e8d2-c8da-46e6-989f-af2d3fee9359",
默认	11:29:14.938622+0800	Runner	flutter: │             "event_name": "paywall_plan_expose",
默认	11:29:14.938657+0800	Runner	flutter: │             "status": "accepted"
默认	11:29:14.938832+0800	Runner	flutter: │           },
默认	11:29:14.938951+0800	Runner	flutter: │           {
默认	11:29:14.939109+0800	Runner	flutter: │             "index": 2,
默认	11:29:14.939349+0800	Runner	flutter: │             "event_id": "80efbd15-70e7-4ad8-ab56-13b5a0102894",
默认	11:29:14.939399+0800	Runner	flutter: │             "event_name": "paywall_plan_expose",
默认	11:29:14.939508+0800	Runner	flutter: │             "status": "accepted"
默认	11:29:14.939582+0800	Runner	flutter: │           }
默认	11:29:14.939630+0800	Runner	flutter: │         ]
默认	11:29:14.939713+0800	Runner	flutter: │       }
默认	11:29:14.939834+0800	Runner	flutter: │     }
默认	11:29:14.939918+0800	Runner	flutter: │   ]
默认	11:29:14.940006+0800	Runner	flutter: │ }
默认	11:29:14.940129+0800	Runner	flutter: └───────────────────────────────────────────────────────────────────────────────────────────────────
默认	11:29:16.277220+0800	Runner	flutter: ┌───────────────────────────────────────────────────────────────────────────────────────────────────
默认	11:29:16.277367+0800	Runner	flutter: │ [EventTracking] name=app_page_stay id=dc6db618-d81b-4a5f-aaf5-6560e792f098 time=1783654156276 props={"page_from":"paywall","duration_s":3}
默认	11:29:16.277642+0800	Runner	flutter: └───────────────────────────────────────────────────────────────────────────────────────────────────
默认	11:29:16.301769+0800	Runner	flutter: ┌───────────────────────────────────────────────────────────────────────────────────────────────────
默认	11:29:16.301857+0800	Runner	flutter: │ [HTTP] --> POST https://api.truthy.top/gateway/invoke service=tool.event_tracking.EventTrackingService method=TrackEvents
默认	11:29:16.301903+0800	Runner	flutter: └───────────────────────────────────────────────────────────────────────────────────────────────────
默认	11:29:16.302309+0800	Runner	flutter: ┌───────────────────────────────────────────────────────────────────────────────────────────────────
默认	11:29:16.302329+0800	Runner	flutter: │ [HTTP] request:
默认	11:29:16.302359+0800	Runner	flutter: │ {
默认	11:29:16.302418+0800	Runner	flutter: │   "comm": {
默认	11:29:16.302489+0800	Runner	flutter: │     "auth_token": "***",
默认	11:29:16.302575+0800	Runner	flutter: │     "user_id": "user_e5f97712121ebfac3d6f6407",
默认	11:29:16.302640+0800	Runner	flutter: │     "device_id": "c5ece928-513e-4e75-a500-28479ac5102a",
默认	11:29:16.302707+0800	Runner	flutter: │     "client_request_id": "crid_1783654156295603",
默认	11:29:16.302773+0800	Runner	flutter: │     "platform": "ios",
默认	11:29:16.302896+0800	Runner	flutter: │     "app_version": "1.0.0",
默认	11:29:16.302913+0800	Runner	flutter: │     "locale": "zh-Hans-HK",
默认	11:29:16.303163+0800	Runner	flutter: │     "country": "HK",
默认	11:29:16.303199+0800	Runner	flutter: │     "timezone": "UTC+08:00"
默认	11:29:16.303212+0800	Runner	flutter: │   },
默认	11:29:16.303226+0800	Runner	flutter: │   "requests": [
默认	11:29:16.303239+0800	Runner	flutter: │     {
默认	11:29:16.303433+0800	Runner	flutter: │       "id": "req_0",
默认	11:29:16.303505+0800	Runner	flutter: │       "service_name": "tool.event_tracking.EventTrackingService",
默认	11:29:16.303534+0800	Runner	flutter: │       "method_name": "TrackEvents",
默认	11:29:16.303626+0800	Runner	flutter: │       "params": {
默认	11:29:16.303642+0800	Runner	flutter: │         "events": [
默认	11:29:16.303807+0800	Runner	flutter: │           {
默认	11:29:16.303832+0800	Runner	flutter: │             "event_id": "dc6db618-d81b-4a5f-aaf5-6560e792f098",
默认	11:29:16.303898+0800	Runner	flutter: │             "event_name": "app_page_stay",
默认	11:29:16.303953+0800	Runner	flutter: │             "event_time_ms": 1783654156276,
默认	11:29:16.304020+0800	Runner	flutter: │             "properties": {
默认	11:29:16.304084+0800	Runner	flutter: │               "logtime": 1783654156276,
默认	11:29:16.304151+0800	Runner	flutter: │               "log_id": "dc6db618-d81b-4a5f-aaf5-6560e792f098",
默认	11:29:16.304234+0800	Runner	flutter: │               "net": "wifi",
默认	11:29:16.304305+0800	Runner	flutter: │               "pkg": "com.sparkjam.truthy.ios",
默认	11:29:16.304363+0800	Runner	flutter: │               "bucket": 56,
默认	11:29:16.304450+0800	Runner	flutter: │               "abslot": 21,
默认	11:29:16.304516+0800	Runner	flutter: │               "ram": "3684MB",
默认	11:29:16.304574+0800	Runner	flutter: │               "cpu": "arm64",
默认	11:29:16.304640+0800	Runner	flutter: │               "sh": 844,
默认	11:29:16.304708+0800	Runner	flutter: │               "sw": 390,
默认	11:29:16.304780+0800	Runner	flutter: │               "city": "",
默认	11:29:16.304999+0800	Runner	flutter: │               "ste": "",
默认	11:29:16.305016+0800	Runner	flutter: │               "lat": "",
默认	11:29:16.305030+0800	Runner	flutter: │               "lng": "",
默认	11:29:16.305068+0800	Runner	flutter: │               "sty": "desk",
默认	11:29:16.305165+0800	Runner	flutter: │               "isp": "",
默认	11:29:16.305181+0800	Runner	flutter: │               "mod": "iphone13,2",
默认	11:29:16.305278+0800	Runner	flutter: │               "brd": "apple",
默认	11:29:16.305341+0800	Runner	flutter: │               "os": "26.3.1",
默认	11:29:16.305402+0800	Runner	flutter: │               "pf": "ios",
默认	11:29:16.305461+0800	Runner	flutter: │               "slan": "zh",
默认	11:29:16.305548+0800	Runner	flutter: │               "reg": "HK",
默认	11:29:16.305619+0800	Runner	flutter: │               "cou": "HK",
默认	11:29:16.305682+0800	Runner	flutter: │               "sub": "",
默认	11:29:16.305773+0800	Runner	flutter: │               "cha": "",
默认	11:29:16.306020+0800	Runner	flutter: │               "verc": "10000",
默认	11:29:16.306035+0800	Runner	flutter: │               "ver": "1.0.0",
默认	11:29:16.306046+0800	Runner	flutter: │               "sid": "5094b07b-cc63-4868-b4ac-6bced54db906",
默认	11:29:16.306062+0800	Runner	flutter: │               "uuid": "***",
默认	11:29:16.306071+0800	Runner	flutter: │               "idfa": "***",
默认	11:29:16.306082+0800	Runner	flutter: │               "idfv": "***",
默认	11:29:16.306171+0800	Runner	flutter: │               "aid": "***",
默认	11:29:16.306248+0800	Runner	flutter: │               "gaid": "***",
默认	11:29:16.306262+0800	Runner	flutter: │               "did": "***",
默认	11:29:16.306303+0800	Runner	flutter: │               "uid": "***",
默认	11:29:16.306351+0800	Runner	flutter: │               "anm": "Truthy",
默认	11:29:16.306401+0800	Runner	flutter: │               "push_id": "",
默认	11:29:16.306456+0800	Runner	flutter: │               "push_type": "",
默认	11:29:16.306540+0800	Runner	flutter: │               "is_pro": "0",
默认	11:29:16.306593+0800	Runner	flutter: │               "page_from": "paywall",
默认	11:29:16.306716+0800	Runner	flutter: │               "duration_s": 3
默认	11:29:16.306735+0800	Runner	flutter: │             }
默认	11:29:16.306782+0800	Runner	flutter: │           }
默认	11:29:16.306828+0800	Runner	flutter: │         ]
默认	11:29:16.306879+0800	Runner	flutter: │       }
默认	11:29:16.306994+0800	Runner	flutter: │     }
默认	11:29:16.307013+0800	Runner	flutter: │   ]
默认	11:29:16.307056+0800	Runner	flutter: │ }
默认	11:29:16.307207+0800	Runner	flutter: └───────────────────────────────────────────────────────────────────────────────────────────────────
默认	11:29:16.654859+0800	Runner	flutter: ┌───────────────────────────────────────────────────────────────────────────────────────────────────
默认	11:29:16.654927+0800	Runner	flutter: │ [HTTP] <-- 200 POST https://api.truthy.top/gateway/invoke service=tool.event_tracking.EventTrackingService method=TrackEvents
默认	11:29:16.654967+0800	Runner	flutter: └───────────────────────────────────────────────────────────────────────────────────────────────────
默认	11:29:16.655373+0800	Runner	flutter: ┌───────────────────────────────────────────────────────────────────────────────────────────────────
默认	11:29:16.655406+0800	Runner	flutter: │ [HTTP] response:
默认	11:29:16.655443+0800	Runner	flutter: │ {
默认	11:29:16.655745+0800	Runner	flutter: │   "code": 0,
默认	11:29:16.655776+0800	Runner	flutter: │   "message": "ok",
默认	11:29:16.655805+0800	Runner	flutter: │   "request_id": "gw_req_e7ed262007fb6491fb6c8365b969c574",
默认	11:29:16.655913+0800	Runner	flutter: │   "trace_id": "trace_e628bfc40b692c5b94d238ed6fc916fe",
默认	11:29:16.656052+0800	Runner	flutter: │   "responses": [
默认	11:29:16.656307+0800	Runner	flutter: │     {
默认	11:29:16.656337+0800	Runner	flutter: │       "id": "req_0",
默认	11:29:16.657058+0800	Runner	flutter: │       "success": true,
默认	11:29:16.657084+0800	Runner	flutter: │       "code": 0,
默认	11:29:16.657100+0800	Runner	flutter: │       "message": "ok",
默认	11:29:16.657116+0800	Runner	flutter: │       "data": {
默认	11:29:16.657134+0800	Runner	flutter: │         "request_id": "gw_req_e7ed262007fb6491fb6c8365b969c574",
默认	11:29:16.657149+0800	Runner	flutter: │         "trace_id": "trace_e628bfc40b692c5b94d238ed6fc916fe",
默认	11:29:16.657165+0800	Runner	flutter: │         "accepted_count": 1,
默认	11:29:16.657180+0800	Runner	flutter: │         "event_name": "app_page_stay",
默认	11:29:16.657955+0800	Runner	flutter: │         "event_names": [
默认	11:29:16.658154+0800	Runner	flutter: │           "app_page_stay"
默认	11:29:16.658204+0800	Runner	flutter: │         ],
默认	11:29:16.658471+0800	Runner	flutter: │         "events": [
默认	11:29:16.658510+0800	Runner	flutter: │           {
默认	11:29:16.658529+0800	Runner	flutter: │             "index": 0,
默认	11:29:16.658548+0800	Runner	flutter: │             "event_id": "dc6db618-d81b-4a5f-aaf5-6560e792f098",
默认	11:29:16.658598+0800	Runner	flutter: │             "event_name": "app_page_stay",
默认	11:29:16.658620+0800	Runner	flutter: │             "status": "accepted"
默认	11:29:16.658636+0800	Runner	flutter: │           }
默认	11:29:16.658652+0800	Runner	flutter: │         ]
默认	11:29:16.658668+0800	Runner	flutter: │       }
默认	11:29:16.658701+0800	Runner	flutter: │     }
默认	11:29:16.658823+0800	Runner	flutter: │   ]
默认	11:29:16.658859+0800	Runner	flutter: │ }
默认	11:29:16.658890+0800	Runner	flutter: └───────────────────────────────────────────────────────────────────────────────────────────────────
默认	11:29:17.549161+0800	Runner	flutter: ┌───────────────────────────────────────────────────────────────────────────────────────────────────
默认	11:29:17.549231+0800	Runner	flutter: │ [EventTracking] name=home_searchbox_click id=cad23246-fc0b-4961-8b98-334a5f1a90ef time=1783654157543 props={}
默认	11:29:17.549252+0800	Runner	flutter: └───────────────────────────────────────────────────────────────────────────────────────────────────
默认	11:29:17.549273+0800	Runner	flutter: ┌───────────────────────────────────────────────────────────────────────────────────────────────────
默认	11:29:17.549289+0800	Runner	flutter: │ [AdjustEvent] Adjust event tracked: home_searchbox_click
默认	11:29:17.549305+0800	Runner	flutter: └───────────────────────────────────────────────────────────────────────────────────────────────────
默认	11:29:17.554574+0800	Runner	flutter: ┌───────────────────────────────────────────────────────────────────────────────────────────────────
默认	11:29:17.554601+0800	Runner	flutter: │ [FirebaseAnalytics] Firebase event logged: home_searchbox_click
默认	11:29:17.554661+0800	Runner	flutter: └───────────────────────────────────────────────────────────────────────────────────────────────────
默认	11:29:17.555038+0800	Runner	flutter: ┌───────────────────────────────────────────────────────────────────────────────────────────────────
默认	11:29:17.555066+0800	Runner	flutter: │ [FacebookAppEvents] Facebook App Events logged: home_searchbox_click
默认	11:29:17.555080+0800	Runner	flutter: └───────────────────────────────────────────────────────────────────────────────────────────────────
默认	11:29:17.566978+0800	Runner	flutter: ┌───────────────────────────────────────────────────────────────────────────────────────────────────
默认	11:29:17.567020+0800	Runner	flutter: │ [EventTracking] name=app_page_stay id=d71ebc68-5ec8-4093-a0ba-991c467164b9 time=1783654157563 props={"page_from":"home","duration_s":1}
默认	11:29:17.567045+0800	Runner	flutter: └───────────────────────────────────────────────────────────────────────────────────────────────────
默认	11:29:17.567059+0800	Runner	flutter: ┌───────────────────────────────────────────────────────────────────────────────────────────────────
默认	11:29:17.567073+0800	Runner	flutter: │ [EventTracking] name=lead_pageview id=cb8bc35d-9196-44ec-aad8-5b12dbb53f35 time=1783654157564 props={"page_from":"home","has_name":0}
默认	11:29:17.567291+0800	Runner	flutter: └───────────────────────────────────────────────────────────────────────────────────────────────────
默认	11:29:17.577951+0800	Runner	flutter: ┌───────────────────────────────────────────────────────────────────────────────────────────────────
默认	11:29:17.578016+0800	Runner	flutter: │ [HTTP] --> POST https://api.truthy.top/gateway/invoke service=tool.event_tracking.EventTrackingService method=TrackEvents
默认	11:29:17.578108+0800	Runner	flutter: └───────────────────────────────────────────────────────────────────────────────────────────────────
默认	11:29:17.578569+0800	Runner	flutter: ┌───────────────────────────────────────────────────────────────────────────────────────────────────
默认	11:29:17.578584+0800	Runner	flutter: │ [HTTP] request:
默认	11:29:17.578599+0800	Runner	flutter: │ {
默认	11:29:17.578608+0800	Runner	flutter: │   "comm": {
默认	11:29:17.578619+0800	Runner	flutter: │     "auth_token": "***",
默认	11:29:17.578628+0800	Runner	flutter: │     "user_id": "user_e5f97712121ebfac3d6f6407",
默认	11:29:17.578824+0800	Runner	flutter: │     "device_id": "c5ece928-513e-4e75-a500-28479ac5102a",
默认	11:29:17.578850+0800	Runner	flutter: │     "client_request_id": "crid_1783654157574382",
默认	11:29:17.578876+0800	Runner	flutter: │     "platform": "ios",
默认	11:29:17.578891+0800	Runner	flutter: │     "app_version": "1.0.0",
默认	11:29:17.578900+0800	Runner	flutter: │     "locale": "zh-Hans-HK",
默认	11:29:17.578958+0800	Runner	flutter: │     "country": "HK",
默认	11:29:17.578970+0800	Runner	flutter: │     "timezone": "UTC+08:00"
默认	11:29:17.578979+0800	Runner	flutter: │   },
默认	11:29:17.579106+0800	Runner	flutter: │   "requests": [
默认	11:29:17.579770+0800	Runner	flutter: │     {
默认	11:29:17.579806+0800	Runner	flutter: │       "id": "req_0",
默认	11:29:17.579833+0800	Runner	flutter: │       "service_name": "tool.event_tracking.EventTrackingService",
默认	11:29:17.579843+0800	Runner	flutter: │       "method_name": "TrackEvents",
默认	11:29:17.579853+0800	Runner	flutter: │       "params": {
默认	11:29:17.579860+0800	Runner	flutter: │         "events": [
默认	11:29:17.579869+0800	Runner	flutter: │           {
默认	11:29:17.579878+0800	Runner	flutter: │             "event_id": "cad23246-fc0b-4961-8b98-334a5f1a90ef",
默认	11:29:17.579885+0800	Runner	flutter: │             "event_name": "home_searchbox_click",
默认	11:29:17.579894+0800	Runner	flutter: │             "event_time_ms": 1783654157543,
默认	11:29:17.579901+0800	Runner	flutter: │             "properties": {
默认	11:29:17.579919+0800	Runner	flutter: │               "logtime": 1783654157543,
默认	11:29:17.579952+0800	Runner	flutter: │               "log_id": "cad23246-fc0b-4961-8b98-334a5f1a90ef",
默认	11:29:17.580106+0800	Runner	flutter: │               "net": "wifi",
默认	11:29:17.580176+0800	Runner	flutter: │               "pkg": "com.sparkjam.truthy.ios",
默认	11:29:17.580306+0800	Runner	flutter: │               "bucket": 56,
默认	11:29:17.580328+0800	Runner	flutter: │               "abslot": 21,
默认	11:29:17.580338+0800	Runner	flutter: │               "ram": "3684MB",
默认	11:29:17.580346+0800	Runner	flutter: │               "cpu": "arm64",
默认	11:29:17.580353+0800	Runner	flutter: │               "sh": 844,
默认	11:29:17.580421+0800	Runner	flutter: │               "sw": 390,
默认	11:29:17.580434+0800	Runner	flutter: │               "city": "",
默认	11:29:17.580442+0800	Runner	flutter: │               "ste": "",
默认	11:29:17.580451+0800	Runner	flutter: │               "lat": "",
默认	11:29:17.580459+0800	Runner	flutter: │               "lng": "",
默认	11:29:17.580466+0800	Runner	flutter: │               "sty": "desk",
默认	11:29:17.580476+0800	Runner	flutter: │               "isp": "",
默认	11:29:17.580483+0800	Runner	flutter: │               "mod": "iphone13,2",
默认	11:29:17.580569+0800	Runner	flutter: │               "brd": "apple",
默认	11:29:17.580641+0800	Runner	flutter: │               "os": "26.3.1",
默认	11:29:17.580651+0800	Runner	flutter: │               "pf": "ios",
默认	11:29:17.580673+0800	Runner	flutter: │               "slan": "zh",
默认	11:29:17.580684+0800	Runner	flutter: │               "reg": "HK",
默认	11:29:17.580693+0800	Runner	flutter: │               "cou": "HK",
默认	11:29:17.580715+0800	Runner	flutter: │               "sub": "",
默认	11:29:17.580725+0800	Runner	flutter: │               "cha": "",
默认	11:29:17.580750+0800	Runner	flutter: │               "verc": "10000",
默认	11:29:17.580804+0800	Runner	flutter: │               "ver": "1.0.0",
默认	11:29:17.580961+0800	Runner	flutter: │               "sid": "5094b07b-cc63-4868-b4ac-6bced54db906",
默认	11:29:17.580976+0800	Runner	flutter: │               "uuid": "***",
默认	11:29:17.580986+0800	Runner	flutter: │               "idfa": "***",
默认	11:29:17.580995+0800	Runner	flutter: │               "idfv": "***",
默认	11:29:17.581078+0800	Runner	flutter: │               "aid": "***",
默认	11:29:17.581331+0800	Runner	flutter: │               "gaid": "***",
默认	11:29:17.581362+0800	Runner	flutter: │               "did": "***",
默认	11:29:17.581371+0800	Runner	flutter: │               "uid": "***",
默认	11:29:17.581379+0800	Runner	flutter: │               "anm": "Truthy",
默认	11:29:17.581506+0800	Runner	flutter: │               "push_id": "",
默认	11:29:17.581516+0800	Runner	flutter: │               "push_type": "",
默认	11:29:17.581525+0800	Runner	flutter: │               "is_pro": "0"
默认	11:29:17.581547+0800	Runner	flutter: │             }
默认	11:29:17.581557+0800	Runner	flutter: │           }
默认	11:29:17.581566+0800	Runner	flutter: │         ]
默认	11:29:17.581573+0800	Runner	flutter: │       }
默认	11:29:17.581624+0800	Runner	flutter: │     }
默认	11:29:17.581650+0800	Runner	flutter: │   ]
默认	11:29:17.581679+0800	Runner	flutter: │ }
默认	11:29:17.581823+0800	Runner	flutter: └───────────────────────────────────────────────────────────────────────────────────────────────────
默认	11:29:17.615147+0800	Runner	Reloading input views for key-window scene responder: <FlutterTextInputView: 0x115dd8800; frame = (0 0; 1 1); > force:N
默认	11:29:17.615329+0800	Runner	_inputViewsForResponder: <FlutterTextInputView: 0x115dd8800; frame = (0 0; 1 1); >, automaticKeyboard: 1, force: 0
默认	11:29:17.618413+0800	Runner	-_teardownExistingDelegate:(nil) forSetDelegate:<FlutterTextInputView: 0x115dd8800> force:NO delayEndInputSession:YES
默认	11:29:17.795031+0800	Runner	flutter: ┌───────────────────────────────────────────────────────────────────────────────────────────────────
默认	11:29:17.795043+0800	Runner	flutter: │ [HTTP] <-- 200 POST https://api.truthy.top/gateway/invoke service=tool.event_tracking.EventTrackingService method=TrackEvents
默认	11:29:17.795053+0800	Runner	flutter: └───────────────────────────────────────────────────────────────────────────────────────────────────
默认	11:29:17.795106+0800	Runner	flutter: ┌───────────────────────────────────────────────────────────────────────────────────────────────────
默认	11:29:17.795130+0800	Runner	flutter: │ [HTTP] response:
默认	11:29:17.795140+0800	Runner	flutter: │ {
默认	11:29:17.795161+0800	Runner	flutter: │   "code": 0,
默认	11:29:17.795170+0800	Runner	flutter: │   "message": "ok",
默认	11:29:17.795177+0800	Runner	flutter: │   "request_id": "gw_req_0778ca74a12e7746b46997ffd825a5f6",
默认	11:29:17.795186+0800	Runner	flutter: │   "trace_id": "trace_f316463ea83b18b67796585ff9038df3",
默认	11:29:17.795286+0800	Runner	flutter: │   "responses": [
默认	11:29:17.795301+0800	Runner	flutter: │     {
默认	11:29:17.795453+0800	Runner	flutter: │       "id": "req_0",
默认	11:29:17.795474+0800	Runner	flutter: │       "success": true,
默认	11:29:17.795490+0800	Runner	flutter: │       "code": 0,
默认	11:29:17.795516+0800	Runner	flutter: │       "message": "ok",
默认	11:29:17.795694+0800	Runner	flutter: │       "data": {
默认	11:29:17.795710+0800	Runner	flutter: │         "request_id": "gw_req_0778ca74a12e7746b46997ffd825a5f6",
默认	11:29:17.795718+0800	Runner	flutter: │         "trace_id": "trace_f316463ea83b18b67796585ff9038df3",
默认	11:29:17.795871+0800	Runner	flutter: │         "accepted_count": 1,
默认	11:29:17.795887+0800	Runner	flutter: │         "event_name": "home_searchbox_click",
默认	11:29:17.795897+0800	Runner	flutter: │         "event_names": [
默认	11:29:17.795906+0800	Runner	flutter: │           "home_searchbox_click"
默认	11:29:17.795913+0800	Runner	flutter: │         ],
默认	11:29:17.795922+0800	Runner	flutter: │         "events": [
默认	11:29:17.795932+0800	Runner	flutter: │           {
默认	11:29:17.795967+0800	Runner	flutter: │             "index": 0,
默认	11:29:17.796005+0800	Runner	flutter: │             "event_id": "cad23246-fc0b-4961-8b98-334a5f1a90ef",
默认	11:29:17.796015+0800	Runner	flutter: │             "event_name": "home_searchbox_click",
默认	11:29:17.796047+0800	Runner	flutter: │             "status": "accepted"
默认	11:29:17.796101+0800	Runner	flutter: │           }
默认	11:29:17.796201+0800	Runner	flutter: │         ]
默认	11:29:17.796964+0800	Runner	flutter: │       }
默认	11:29:17.797003+0800	Runner	flutter: │     }
默认	11:29:17.797013+0800	Runner	flutter: │   ]
默认	11:29:17.797035+0800	Runner	flutter: │ }
默认	11:29:17.797048+0800	Runner	flutter: └───────────────────────────────────────────────────────────────────────────────────────────────────
默认	11:29:17.807535+0800	Runner	flutter: ┌───────────────────────────────────────────────────────────────────────────────────────────────────
默认	11:29:17.807589+0800	Runner	flutter: │ [HTTP] --> POST https://api.truthy.top/gateway/invoke service=tool.event_tracking.EventTrackingService method=TrackEvents
默认	11:29:17.807611+0800	Runner	flutter: └───────────────────────────────────────────────────────────────────────────────────────────────────
默认	11:29:17.807849+0800	Runner	flutter: ┌───────────────────────────────────────────────────────────────────────────────────────────────────
默认	11:29:17.807859+0800	Runner	flutter: │ [HTTP] request:
默认	11:29:17.807878+0800	Runner	flutter: │ {
默认	11:29:17.807887+0800	Runner	flutter: │   "comm": {
默认	11:29:17.807993+0800	Runner	flutter: │     "auth_token": "***",
默认	11:29:17.808016+0800	Runner	flutter: │     "user_id": "user_e5f97712121ebfac3d6f6407",
默认	11:29:17.808024+0800	Runner	flutter: │     "device_id": "c5ece928-513e-4e75-a500-28479ac5102a",
默认	11:29:17.808043+0800	Runner	flutter: │     "client_request_id": "crid_1783654157802381",
默认	11:29:17.808104+0800	Runner	flutter: │     "platform": "ios",
默认	11:29:17.808192+0800	Runner	flutter: │     "app_version": "1.0.0",
默认	11:29:17.808252+0800	Runner	flutter: │     "locale": "zh-Hans-HK",
默认	11:29:17.808270+0800	Runner	flutter: │     "country": "HK",
默认	11:29:17.808290+0800	Runner	flutter: │     "timezone": "UTC+08:00"
默认	11:29:17.808314+0800	Runner	flutter: │   },
默认	11:29:17.808326+0800	Runner	flutter: │   "requests": [
默认	11:29:17.808334+0800	Runner	flutter: │     {
默认	11:29:17.808341+0800	Runner	flutter: │       "id": "req_0",
默认	11:29:17.808350+0800	Runner	flutter: │       "service_name": "tool.event_tracking.EventTrackingService",
默认	11:29:17.808358+0800	Runner	flutter: │       "method_name": "TrackEvents",
默认	11:29:17.808367+0800	Runner	flutter: │       "params": {
默认	11:29:17.808490+0800	Runner	flutter: │         "events": [
默认	11:29:17.808511+0800	Runner	flutter: │           {
默认	11:29:17.808521+0800	Runner	flutter: │             "event_id": "d71ebc68-5ec8-4093-a0ba-991c467164b9",
默认	11:29:17.808535+0800	Runner	flutter: │             "event_name": "app_page_stay",
默认	11:29:17.808552+0800	Runner	flutter: │             "event_time_ms": 1783654157563,
默认	11:29:17.808604+0800	Runner	flutter: │             "properties": {
默认	11:29:17.808620+0800	Runner	flutter: │               "logtime": 1783654157563,
默认	11:29:17.808716+0800	Runner	flutter: │               "log_id": "d71ebc68-5ec8-4093-a0ba-991c467164b9",
默认	11:29:17.808725+0800	Runner	flutter: │               "net": "wifi",
默认	11:29:17.808732+0800	Runner	flutter: │               "pkg": "com.sparkjam.truthy.ios",
默认	11:29:17.808748+0800	Runner	flutter: │               "bucket": 56,
默认	11:29:17.808756+0800	Runner	flutter: │               "abslot": 21,
默认	11:29:17.808764+0800	Runner	flutter: │               "ram": "3684MB",
默认	11:29:17.808773+0800	Runner	flutter: │               "cpu": "arm64",
默认	11:29:17.808780+0800	Runner	flutter: │               "sh": 844,
默认	11:29:17.808789+0800	Runner	flutter: │               "sw": 390,
默认	11:29:17.808796+0800	Runner	flutter: │               "city": "",
默认	11:29:17.808808+0800	Runner	flutter: │               "ste": "",
默认	11:29:17.808815+0800	Runner	flutter: │               "lat": "",
默认	11:29:17.808828+0800	Runner	flutter: │               "lng": "",
默认	11:29:17.808840+0800	Runner	flutter: │               "sty": "desk",
默认	11:29:17.808847+0800	Runner	flutter: │               "isp": "",
默认	11:29:17.808856+0800	Runner	flutter: │               "mod": "iphone13,2",
默认	11:29:17.808924+0800	Runner	flutter: │               "brd": "apple",
默认	11:29:17.808934+0800	Runner	flutter: │               "os": "26.3.1",
默认	11:29:17.808942+0800	Runner	flutter: │               "pf": "ios",
默认	11:29:17.808954+0800	Runner	flutter: │               "slan": "zh",
默认	11:29:17.808962+0800	Runner	flutter: │               "reg": "HK",
默认	11:29:17.809009+0800	Runner	flutter: │               "cou": "HK",
默认	11:29:17.809019+0800	Runner	flutter: │               "sub": "",
默认	11:29:17.809026+0800	Runner	flutter: │               "cha": "",
默认	11:29:17.809072+0800	Runner	flutter: │               "verc": "10000",
默认	11:29:17.809146+0800	Runner	flutter: │               "ver": "1.0.0",
默认	11:29:17.809197+0800	Runner	flutter: │               "sid": "5094b07b-cc63-4868-b4ac-6bced54db906",
默认	11:29:17.809242+0800	Runner	flutter: │               "uuid": "***",
默认	11:29:17.809263+0800	Runner	flutter: │               "idfa": "***",
默认	11:29:17.809300+0800	Runner	flutter: │               "idfv": "***",
默认	11:29:17.809340+0800	Runner	flutter: │               "aid": "***",
默认	11:29:17.809353+0800	Runner	flutter: │               "gaid": "***",
默认	11:29:17.809391+0800	Runner	flutter: │               "did": "***",
默认	11:29:17.809423+0800	Runner	flutter: │               "uid": "***",
默认	11:29:17.809457+0800	Runner	flutter: │               "anm": "Truthy",
默认	11:29:17.809484+0800	Runner	flutter: │               "push_id": "",
默认	11:29:17.809505+0800	Runner	flutter: │               "push_type": "",
默认	11:29:17.809526+0800	Runner	flutter: │               "is_pro": "0",
默认	11:29:17.809613+0800	Runner	flutter: │               "page_from": "home",
默认	11:29:17.809681+0800	Runner	flutter: │               "duration_s": 1
默认	11:29:17.809737+0800	Runner	flutter: │             }
默认	11:29:17.809791+0800	Runner	flutter: │           },
默认	11:29:17.809807+0800	Runner	flutter: │           {
默认	11:29:17.809849+0800	Runner	flutter: │             "event_id": "cb8bc35d-9196-44ec-aad8-5b12dbb53f35",
默认	11:29:17.809866+0800	Runner	flutter: │             "event_name": "lead_pageview",
默认	11:29:17.809900+0800	Runner	flutter: │             "event_time_ms": 1783654157564,
默认	11:29:17.809920+0800	Runner	flutter: │             "properties": {
默认	11:29:17.809947+0800	Runner	flutter: │               "logtime": 1783654157564,
默认	11:29:17.809964+0800	Runner	flutter: │               "log_id": "cb8bc35d-9196-44ec-aad8-5b12dbb53f35",
默认	11:29:17.809973+0800	Runner	flutter: │               "net": "wifi",
默认	11:29:17.810036+0800	Runner	flutter: │               "pkg": "com.sparkjam.truthy.ios",
默认	11:29:17.810046+0800	Runner	flutter: │               "bucket": 56,
默认	11:29:17.810095+0800	Runner	flutter: │               "abslot": 21,
默认	11:29:17.810108+0800	Runner	flutter: │               "ram": "3684MB",
默认	11:29:17.810117+0800	Runner	flutter: │               "cpu": "arm64",
默认	11:29:17.810125+0800	Runner	flutter: │               "sh": 844,
默认	11:29:17.810142+0800	Runner	flutter: │               "sw": 390,
默认	11:29:17.810158+0800	Runner	flutter: │               "city": "",
默认	11:29:17.810165+0800	Runner	flutter: │               "ste": "",
默认	11:29:17.810198+0800	Runner	flutter: │               "lat": "",
默认	11:29:17.810218+0800	Runner	flutter: │               "lng": "",
默认	11:29:17.810234+0800	Runner	flutter: │               "sty": "desk",
默认	11:29:17.810251+0800	Runner	flutter: │               "isp": "",
默认	11:29:17.810267+0800	Runner	flutter: │               "mod": "iphone13,2",
默认	11:29:17.810308+0800	Runner	flutter: │               "brd": "apple",
默认	11:29:17.810317+0800	Runner	flutter: │               "os": "26.3.1",
默认	11:29:17.810323+0800	Runner	flutter: │               "pf": "ios",
默认	11:29:17.810332+0800	Runner	flutter: │               "slan": "zh",
默认	11:29:17.810339+0800	Runner	flutter: │               "reg": "HK",
默认	11:29:17.810360+0800	Runner	flutter: │               "cou": "HK",
默认	11:29:17.810393+0800	Runner	flutter: │               "sub": "",
默认	11:29:17.810462+0800	Runner	flutter: │               "cha": "",
默认	11:29:17.810498+0800	Runner	flutter: │               "verc": "10000",
默认	11:29:17.810514+0800	Runner	flutter: │               "ver": "1.0.0",
默认	11:29:17.810554+0800	Runner	flutter: │               "sid": "5094b07b-cc63-4868-b4ac-6bced54db906",
默认	11:29:17.810561+0800	Runner	flutter: │               "uuid": "***",
默认	11:29:17.810580+0800	Runner	flutter: │               "idfa": "***",
默认	11:29:17.810604+0800	Runner	flutter: │               "idfv": "***",
默认	11:29:17.810612+0800	Runner	flutter: │               "aid": "***",
默认	11:29:17.810620+0800	Runner	flutter: │               "gaid": "***",
默认	11:29:17.810627+0800	Runner	flutter: │               "did": "***",
默认	11:29:17.810636+0800	Runner	flutter: │               "uid": "***",
默认	11:29:17.810643+0800	Runner	flutter: │               "anm": "Truthy",
默认	11:29:17.810651+0800	Runner	flutter: │               "push_id": "",
默认	11:29:17.810671+0800	Runner	flutter: │               "push_type": "",
默认	11:29:17.810679+0800	Runner	flutter: │               "is_pro": "0",
默认	11:29:17.810688+0800	Runner	flutter: │               "page_from": "home",
默认	11:29:17.810695+0800	Runner	flutter: │               "has_name": 0
默认	11:29:17.810703+0800	Runner	flutter: │             }
默认	11:29:17.810714+0800	Runner	flutter: │           }
默认	11:29:17.810723+0800	Runner	flutter: │         ]
默认	11:29:17.810772+0800	Runner	flutter: │       }
默认	11:29:17.810782+0800	Runner	flutter: │     }
默认	11:29:17.810791+0800	Runner	flutter: │   ]
默认	11:29:17.810800+0800	Runner	flutter: │ }
默认	11:29:17.810808+0800	Runner	flutter: └───────────────────────────────────────────────────────────────────────────────────────────────────
默认	11:29:18.117373+0800	Runner	flutter: ┌───────────────────────────────────────────────────────────────────────────────────────────────────
默认	11:29:18.117389+0800	Runner	flutter: │ [HTTP] <-- 200 POST https://api.truthy.top/gateway/invoke service=tool.event_tracking.EventTrackingService method=TrackEvents
默认	11:29:18.117530+0800	Runner	flutter: └───────────────────────────────────────────────────────────────────────────────────────────────────
默认	11:29:18.117705+0800	Runner	flutter: ┌───────────────────────────────────────────────────────────────────────────────────────────────────
默认	11:29:18.117717+0800	Runner	flutter: │ [HTTP] response:
默认	11:29:18.117727+0800	Runner	flutter: │ {
默认	11:29:18.117794+0800	Runner	flutter: │   "code": 0,
默认	11:29:18.117873+0800	Runner	flutter: │   "message": "ok",
默认	11:29:18.117899+0800	Runner	flutter: │   "request_id": "gw_req_6e93827adeffa481f56c29263b8fe463",
默认	11:29:18.118042+0800	Runner	flutter: │   "trace_id": "trace_a5c2e8f2108fabfd292f0c689736327f",
默认	11:29:18.118086+0800	Runner	flutter: │   "responses": [
默认	11:29:18.118105+0800	Runner	flutter: │     {
默认	11:29:18.118114+0800	Runner	flutter: │       "id": "req_0",
默认	11:29:18.118136+0800	Runner	flutter: │       "success": true,
默认	11:29:18.118184+0800	Runner	flutter: │       "code": 0,
默认	11:29:18.118225+0800	Runner	flutter: │       "message": "ok",
默认	11:29:18.118264+0800	Runner	flutter: │       "data": {
默认	11:29:18.118366+0800	Runner	flutter: │         "request_id": "gw_req_6e93827adeffa481f56c29263b8fe463",
默认	11:29:18.118377+0800	Runner	flutter: │         "trace_id": "trace_a5c2e8f2108fabfd292f0c689736327f",
默认	11:29:18.118416+0800	Runner	flutter: │         "accepted_count": 2,
默认	11:29:18.118499+0800	Runner	flutter: │         "event_name": "app_page_stay",
默认	11:29:18.118522+0800	Runner	flutter: │         "event_names": [
默认	11:29:18.118546+0800	Runner	flutter: │           "app_page_stay",
默认	11:29:18.118674+0800	Runner	flutter: │           "lead_pageview"
默认	11:29:18.118686+0800	Runner	flutter: │         ],
默认	11:29:18.118756+0800	Runner	flutter: │         "events": [
默认	11:29:18.118777+0800	Runner	flutter: │           {
默认	11:29:18.118784+0800	Runner	flutter: │             "index": 0,
默认	11:29:18.118839+0800	Runner	flutter: │             "event_id": "d71ebc68-5ec8-4093-a0ba-991c467164b9",
默认	11:29:18.118860+0800	Runner	flutter: │             "event_name": "app_page_stay",
默认	11:29:18.119048+0800	Runner	flutter: │             "status": "accepted"
默认	11:29:18.119065+0800	Runner	flutter: │           },
默认	11:29:18.119074+0800	Runner	flutter: │           {
默认	11:29:18.119081+0800	Runner	flutter: │             "index": 1,
默认	11:29:18.119110+0800	Runner	flutter: │             "event_id": "cb8bc35d-9196-44ec-aad8-5b12dbb53f35",
默认	11:29:18.119138+0800	Runner	flutter: │             "event_name": "lead_pageview",
默认	11:29:18.119246+0800	Runner	flutter: │             "status": "accepted"
默认	11:29:18.119278+0800	Runner	flutter: │           }
默认	11:29:18.119287+0800	Runner	flutter: │         ]
默认	11:29:18.119321+0800	Runner	flutter: │       }
默认	11:29:18.119359+0800	Runner	flutter: │     }
默认	11:29:18.119402+0800	Runner	flutter: │   ]
默认	11:29:18.119448+0800	Runner	flutter: │ }
默认	11:29:18.119609+0800	Runner	flutter: └───────────────────────────────────────────────────────────────────────────────────────────────────
