默认	11:30:05.188730+0800	Runner	flutter: ┌───────────────────────────────────────────────────────────────────────────────────────────────────
默认	11:30:05.188766+0800	Runner	flutter: │ [EventTracking] name=lead_name_input_start id=a22c9525-23fc-4f5a-8d0c-bf3ac5023cc7 time=1783654205188 props={}
默认	11:30:05.188785+0800	Runner	flutter: └───────────────────────────────────────────────────────────────────────────────────────────────────
默认	11:30:05.201010+0800	Runner	flutter: ┌───────────────────────────────────────────────────────────────────────────────────────────────────
默认	11:30:05.201064+0800	Runner	flutter: │ [HTTP] --> POST https://api.truthy.top/gateway/invoke service=tool.event_tracking.EventTrackingService method=TrackEvents
默认	11:30:05.201117+0800	Runner	flutter: └───────────────────────────────────────────────────────────────────────────────────────────────────
默认	11:30:05.201416+0800	Runner	flutter: ┌───────────────────────────────────────────────────────────────────────────────────────────────────
默认	11:30:05.201436+0800	Runner	flutter: │ [HTTP] request:
默认	11:30:05.201476+0800	Runner	flutter: │ {
默认	11:30:05.201509+0800	Runner	flutter: │   "comm": {
默认	11:30:05.201523+0800	Runner	flutter: │     "auth_token": "***",
默认	11:30:05.201590+0800	Runner	flutter: │     "user_id": "user_e5f97712121ebfac3d6f6407",
默认	11:30:05.201605+0800	Runner	flutter: │     "device_id": "c5ece928-513e-4e75-a500-28479ac5102a",
默认	11:30:05.202204+0800	Runner	flutter: │     "client_request_id": "crid_1783654205196622",
默认	11:30:05.202361+0800	Runner	flutter: │     "platform": "ios",
默认	11:30:05.202385+0800	Runner	flutter: │     "app_version": "1.0.0",
默认	11:30:05.202434+0800	Runner	flutter: │     "locale": "zh-Hans-HK",
默认	11:30:05.202486+0800	Runner	flutter: │     "country": "HK",
默认	11:30:05.202505+0800	Runner	flutter: │     "timezone": "UTC+08:00"
默认	11:30:05.202521+0800	Runner	flutter: │   },
默认	11:30:05.202538+0800	Runner	flutter: │   "requests": [
默认	11:30:05.202558+0800	Runner	flutter: │     {
默认	11:30:05.202589+0800	Runner	flutter: │       "id": "req_0",
默认	11:30:05.202609+0800	Runner	flutter: │       "service_name": "tool.event_tracking.EventTrackingService",
默认	11:30:05.202630+0800	Runner	flutter: │       "method_name": "TrackEvents",
默认	11:30:05.202646+0800	Runner	flutter: │       "params": {
默认	11:30:05.202724+0800	Runner	flutter: │         "events": [
默认	11:30:05.202734+0800	Runner	flutter: │           {
默认	11:30:05.202745+0800	Runner	flutter: │             "event_id": "a22c9525-23fc-4f5a-8d0c-bf3ac5023cc7",
默认	11:30:05.202814+0800	Runner	flutter: │             "event_name": "lead_name_input_start",
默认	11:30:05.202826+0800	Runner	flutter: │             "event_time_ms": 1783654205188,
默认	11:30:05.202842+0800	Runner	flutter: │             "properties": {
默认	11:30:05.202852+0800	Runner	flutter: │               "logtime": 1783654205188,
默认	11:30:05.202862+0800	Runner	flutter: │               "log_id": "a22c9525-23fc-4f5a-8d0c-bf3ac5023cc7",
默认	11:30:05.203350+0800	Runner	flutter: │               "net": "wifi",
默认	11:30:05.203357+0800	Runner	flutter: │               "pkg": "com.sparkjam.truthy.ios",
默认	11:30:05.203408+0800	Runner	flutter: │               "bucket": 56,
默认	11:30:05.203417+0800	Runner	flutter: │               "abslot": 21,
默认	11:30:05.203424+0800	Runner	flutter: │               "ram": "3684MB",
默认	11:30:05.203433+0800	Runner	flutter: │               "cpu": "arm64",
默认	11:30:05.203440+0800	Runner	flutter: │               "sh": 844,
默认	11:30:05.203448+0800	Runner	flutter: │               "sw": 390,
默认	11:30:05.203455+0800	Runner	flutter: │               "city": "",
默认	11:30:05.203464+0800	Runner	flutter: │               "ste": "",
默认	11:30:05.203470+0800	Runner	flutter: │               "lat": "",
默认	11:30:05.203563+0800	Runner	flutter: │               "lng": "",
默认	11:30:05.203572+0800	Runner	flutter: │               "sty": "desk",
默认	11:30:05.203579+0800	Runner	flutter: │               "isp": "",
默认	11:30:05.203587+0800	Runner	flutter: │               "mod": "iphone13,2",
默认	11:30:05.203644+0800	Runner	flutter: │               "brd": "apple",
默认	11:30:05.203716+0800	Runner	flutter: │               "os": "26.3.1",
默认	11:30:05.203736+0800	Runner	flutter: │               "pf": "ios",
默认	11:30:05.203744+0800	Runner	flutter: │               "slan": "zh",
默认	11:30:05.203811+0800	Runner	flutter: │               "reg": "HK",
默认	11:30:05.203824+0800	Runner	flutter: │               "cou": "HK",
默认	11:30:05.203831+0800	Runner	flutter: │               "sub": "",
默认	11:30:05.203883+0800	Runner	flutter: │               "cha": "",
默认	11:30:05.203895+0800	Runner	flutter: │               "verc": "10000",
默认	11:30:05.203975+0800	Runner	flutter: │               "ver": "1.0.0",
默认	11:30:05.203989+0800	Runner	flutter: │               "sid": "5094b07b-cc63-4868-b4ac-6bced54db906",
默认	11:30:05.204029+0800	Runner	flutter: │               "uuid": "***",
默认	11:30:05.204067+0800	Runner	flutter: │               "idfa": "***",
默认	11:30:05.204158+0800	Runner	flutter: │               "idfv": "***",
默认	11:30:05.204169+0800	Runner	flutter: │               "aid": "***",
默认	11:30:05.204206+0800	Runner	flutter: │               "gaid": "***",
默认	11:30:05.204292+0800	Runner	flutter: │               "did": "***",
默认	11:30:05.204303+0800	Runner	flutter: │               "uid": "***",
默认	11:30:05.204339+0800	Runner	flutter: │               "anm": "Truthy",
默认	11:30:05.204482+0800	Runner	flutter: │               "push_id": "",
默认	11:30:05.204494+0800	Runner	flutter: │               "push_type": "",
默认	11:30:05.204504+0800	Runner	flutter: │               "is_pro": "0"
默认	11:30:05.204540+0800	Runner	flutter: │             }
默认	11:30:05.204582+0800	Runner	flutter: │           }
默认	11:30:05.204684+0800	Runner	flutter: │         ]
默认	11:30:05.204696+0800	Runner	flutter: │       }
默认	11:30:05.204704+0800	Runner	flutter: │     }
默认	11:30:05.204766+0800	Runner	flutter: │   ]
默认	11:30:05.204804+0800	Runner	flutter: │ }
默认	11:30:05.204942+0800	Runner	flutter: └───────────────────────────────────────────────────────────────────────────────────────────────────
默认	11:30:06.695569+0800	Runner	flutter: ┌───────────────────────────────────────────────────────────────────────────────────────────────────
默认	11:30:06.695663+0800	Runner	flutter: │ [HTTP] <-- 200 POST https://api.truthy.top/gateway/invoke service=tool.event_tracking.EventTrackingService method=TrackEvents
默认	11:30:06.695736+0800	Runner	flutter: └───────────────────────────────────────────────────────────────────────────────────────────────────
默认	11:30:06.696017+0800	Runner	flutter: ┌───────────────────────────────────────────────────────────────────────────────────────────────────
默认	11:30:06.696029+0800	Runner	flutter: │ [HTTP] response:
默认	11:30:06.696054+0800	Runner	flutter: │ {
默认	11:30:06.696118+0800	Runner	flutter: │   "code": 0,
默认	11:30:06.696132+0800	Runner	flutter: │   "message": "ok",
默认	11:30:06.696177+0800	Runner	flutter: │   "request_id": "gw_req_32b93f3956c34dfaa7b582600cd02237",
默认	11:30:06.696238+0800	Runner	flutter: │   "trace_id": "trace_1279a092bb67d78ea4a924433edb3250",
默认	11:30:06.696285+0800	Runner	flutter: │   "responses": [
默认	11:30:06.696361+0800	Runner	flutter: │     {
默认	11:30:06.696412+0800	Runner	flutter: │       "id": "req_0",
默认	11:30:06.696460+0800	Runner	flutter: │       "success": true,
默认	11:30:06.696507+0800	Runner	flutter: │       "code": 0,
默认	11:30:06.696554+0800	Runner	flutter: │       "message": "ok",
默认	11:30:06.696695+0800	Runner	flutter: │       "data": {
默认	11:30:06.696759+0800	Runner	flutter: │         "request_id": "gw_req_32b93f3956c34dfaa7b582600cd02237",
默认	11:30:06.696773+0800	Runner	flutter: │         "trace_id": "trace_1279a092bb67d78ea4a924433edb3250",
默认	11:30:06.696818+0800	Runner	flutter: │         "accepted_count": 1,
默认	11:30:06.696863+0800	Runner	flutter: │         "event_name": "lead_name_input_start",
默认	11:30:06.697072+0800	Runner	flutter: │         "event_names": [
默认	11:30:06.697084+0800	Runner	flutter: │           "lead_name_input_start"
默认	11:30:06.697093+0800	Runner	flutter: │         ],
默认	11:30:06.697101+0800	Runner	flutter: │         "events": [
默认	11:30:06.697150+0800	Runner	flutter: │           {
默认	11:30:06.697161+0800	Runner	flutter: │             "index": 0,
默认	11:30:06.697197+0800	Runner	flutter: │             "event_id": "a22c9525-23fc-4f5a-8d0c-bf3ac5023cc7",
默认	11:30:06.697242+0800	Runner	flutter: │             "event_name": "lead_name_input_start",
默认	11:30:06.697298+0800	Runner	flutter: │             "status": "accepted"
默认	11:30:06.697340+0800	Runner	flutter: │           }
默认	11:30:06.697377+0800	Runner	flutter: │         ]
默认	11:30:06.697436+0800	Runner	flutter: │       }
默认	11:30:06.697474+0800	Runner	flutter: │     }
默认	11:30:06.697513+0800	Runner	flutter: │   ]
默认	11:30:06.698553+0800	Runner	flutter: │ }
默认	11:30:06.698584+0800	Runner	flutter: └───────────────────────────────────────────────────────────────────────────────────────────────────
默认	11:30:12.611243+0800	Runner	flutter: ┌───────────────────────────────────────────────────────────────────────────────────────────────────
默认	11:30:12.611252+0800	Runner	flutter: │ [HTTP] --> POST https://api.truthy.top/gateway/invoke service=tool.identity.IdentityService method=GetMe
默认	11:30:12.611260+0800	Runner	flutter: └───────────────────────────────────────────────────────────────────────────────────────────────────
默认	11:30:12.611268+0800	Runner	flutter: ┌───────────────────────────────────────────────────────────────────────────────────────────────────
默认	11:30:12.611277+0800	Runner	flutter: │ [HTTP] request:
默认	11:30:12.611284+0800	Runner	flutter: │ {
默认	11:30:12.611293+0800	Runner	flutter: │   "comm": {
默认	11:30:12.611367+0800	Runner	flutter: │     "auth_token": "***",
默认	11:30:12.611377+0800	Runner	flutter: │     "user_id": "user_e5f97712121ebfac3d6f6407",
默认	11:30:12.611388+0800	Runner	flutter: │     "device_id": "c5ece928-513e-4e75-a500-28479ac5102a",
默认	11:30:12.611434+0800	Runner	flutter: │     "client_request_id": "crid_1783654212599582",
默认	11:30:12.611443+0800	Runner	flutter: │     "platform": "ios",
默认	11:30:12.611452+0800	Runner	flutter: │     "app_version": "1.0.0",
默认	11:30:12.611460+0800	Runner	flutter: │     "locale": "zh-Hans-HK",
默认	11:30:12.611469+0800	Runner	flutter: │     "country": "HK",
默认	11:30:12.611476+0800	Runner	flutter: │     "timezone": "UTC+08:00"
默认	11:30:12.611485+0800	Runner	flutter: │   },
默认	11:30:12.611493+0800	Runner	flutter: │   "requests": [
默认	11:30:12.611536+0800	Runner	flutter: │     {
默认	11:30:12.611546+0800	Runner	flutter: │       "id": "req_0",
默认	11:30:12.611555+0800	Runner	flutter: │       "service_name": "tool.identity.IdentityService",
默认	11:30:12.611563+0800	Runner	flutter: │       "method_name": "GetMe",
默认	11:30:12.611572+0800	Runner	flutter: │       "params": {}
默认	11:30:12.611579+0800	Runner	flutter: │     }
默认	11:30:12.611588+0800	Runner	flutter: │   ]
默认	11:30:12.611596+0800	Runner	flutter: │ }
默认	11:30:12.611603+0800	Runner	flutter: └───────────────────────────────────────────────────────────────────────────────────────────────────
默认	11:30:14.136842+0800	Runner	flutter: ┌───────────────────────────────────────────────────────────────────────────────────────────────────
默认	11:30:14.136928+0800	Runner	flutter: │ [HTTP] <-- 200 POST https://api.truthy.top/gateway/invoke service=tool.identity.IdentityService method=GetMe
默认	11:30:14.136970+0800	Runner	flutter: └───────────────────────────────────────────────────────────────────────────────────────────────────
默认	11:30:14.137432+0800	Runner	flutter: ┌───────────────────────────────────────────────────────────────────────────────────────────────────
默认	11:30:14.137455+0800	Runner	flutter: │ [HTTP] response:
默认	11:30:14.137473+0800	Runner	flutter: │ {
默认	11:30:14.137481+0800	Runner	flutter: │   "code": 0,
默认	11:30:14.137494+0800	Runner	flutter: │   "message": "ok",
默认	11:30:14.137501+0800	Runner	flutter: │   "request_id": "gw_req_e49275f1941f36c5686a70984fb96a2c",
默认	11:30:14.137583+0800	Runner	flutter: │   "trace_id": "trace_6c487811e4bec434b51834466b65ab37",
默认	11:30:14.137594+0800	Runner	flutter: │   "responses": [
默认	11:30:14.137603+0800	Runner	flutter: │     {
默认	11:30:14.137612+0800	Runner	flutter: │       "id": "req_0",
默认	11:30:14.137660+0800	Runner	flutter: │       "success": true,
默认	11:30:14.137670+0800	Runner	flutter: │       "code": 0,
默认	11:30:14.137710+0800	Runner	flutter: │       "message": "ok",
默认	11:30:14.137748+0800	Runner	flutter: │       "data": {
默认	11:30:14.138219+0800	Runner	flutter: │         "acquisition_summary": {
默认	11:30:14.138250+0800	Runner	flutter: │           "channel": "",
默认	11:30:14.138274+0800	Runner	flutter: │           "channel_code": "",
默认	11:30:14.138319+0800	Runner	flutter: │           "report_time": null,
默认	11:30:14.138581+0800	Runner	flutter: │           "source": "",
默认	11:30:14.138602+0800	Runner	flutter: │           "sub_channel": "",
默认	11:30:14.138609+0800	Runner	flutter: │           "sub_channel_code": ""
默认	11:30:14.138618+0800	Runner	flutter: │         },
默认	11:30:14.138633+0800	Runner	flutter: │         "consent_policy_version": "2026-06-08",
默认	11:30:14.138642+0800	Runner	flutter: │         "create_time": 1783653750704,
默认	11:30:14.138649+0800	Runner	flutter: │         "device_id": "c5ece928-513e-4e75-a500-28479ac5102a",
默认	11:30:14.138658+0800	Runner	flutter: │         "profile_summary": {
默认	11:30:14.138665+0800	Runner	flutter: │           "bucket": "bucket_76",
默认	11:30:14.138674+0800	Runner	flutter: │           "country": "HK",
默认	11:30:14.138681+0800	Runner	flutter: │           "last_app_version": "1.0.0",
默认	11:30:14.138689+0800	Runner	flutter: │           "last_ip": "43.173.72.75",
默认	11:30:14.138873+0800	Runner	flutter: │           "last_platform": "ios",
默认	11:30:14.138885+0800	Runner	flutter: │           "last_seen_time": 1783653750704,
默认	11:30:14.138892+0800	Runner	flutter: │           "recharge_cnt": 0,
默认	11:30:14.138979+0800	Runner	flutter: │           "recharge_total_micros": 0
默认	11:30:14.138991+0800	Runner	flutter: │         },
默认	11:30:14.139002+0800	Runner	flutter: │         "subscription_summary": {
默认	11:30:14.139096+0800	Runner	flutter: │           "expires_time": null,
默认	11:30:14.139106+0800	Runner	flutter: │           "plan_code": "free",
默认	11:30:14.139429+0800	Runner	flutter: │           "product_code": "people_insight",
默认	11:30:14.139445+0800	Runner	flutter: │           "subscription_status": "inactive"
默认	11:30:14.139455+0800	Runner	flutter: │         },
默认	11:30:14.139463+0800	Runner	flutter: │         "user_id": "user_e5f97712121ebfac3d6f6407",
默认	11:30:14.139472+0800	Runner	flutter: │         "user_type": "anonymous"
默认	11:30:14.139481+0800	Runner	flutter: │       }
默认	11:30:14.139488+0800	Runner	flutter: │     }
默认	11:30:14.139497+0800	Runner	flutter: │   ]
默认	11:30:14.139563+0800	Runner	flutter: │ }
默认	11:30:14.139575+0800	Runner	flutter: └───────────────────────────────────────────────────────────────────────────────────────────────────
默认	11:30:14.145948+0800	Runner	flutter: ┌───────────────────────────────────────────────────────────────────────────────────────────────────
默认	11:30:14.145962+0800	Runner	flutter: │ [HTTP] --> POST https://api.truthy.top/gateway/invoke service=tool.subscription.SubscriptionService method=GetSubscriptionStatus
默认	11:30:14.145972+0800	Runner	flutter: └───────────────────────────────────────────────────────────────────────────────────────────────────
默认	11:30:14.145982+0800	Runner	flutter: ┌───────────────────────────────────────────────────────────────────────────────────────────────────
默认	11:30:14.145991+0800	Runner	flutter: │ [HTTP] request:
默认	11:30:14.146075+0800	Runner	flutter: │ {
默认	11:30:14.146084+0800	Runner	flutter: │   "comm": {
默认	11:30:14.146099+0800	Runner	flutter: │     "auth_token": "***",
默认	11:30:14.146115+0800	Runner	flutter: │     "user_id": "user_e5f97712121ebfac3d6f6407",
默认	11:30:14.146131+0800	Runner	flutter: │     "device_id": "c5ece928-513e-4e75-a500-28479ac5102a",
默认	11:30:14.146137+0800	Runner	flutter: │     "client_request_id": "crid_1783654214139645",
默认	11:30:14.146146+0800	Runner	flutter: │     "platform": "ios",
默认	11:30:14.146155+0800	Runner	flutter: │     "app_version": "1.0.0",
默认	11:30:14.146162+0800	Runner	flutter: │     "locale": "zh-Hans-HK",
默认	11:30:14.146169+0800	Runner	flutter: │     "country": "HK",
默认	11:30:14.146177+0800	Runner	flutter: │     "timezone": "UTC+08:00"
默认	11:30:14.146198+0800	Runner	flutter: │   },
默认	11:30:14.146215+0800	Runner	flutter: │   "requests": [
默认	11:30:14.146246+0800	Runner	flutter: │     {
默认	11:30:14.146266+0800	Runner	flutter: │       "id": "req_0",
默认	11:30:14.146291+0800	Runner	flutter: │       "service_name": "tool.subscription.SubscriptionService",
默认	11:30:14.146320+0800	Runner	flutter: │       "method_name": "GetSubscriptionStatus",
默认	11:30:14.146708+0800	Runner	flutter: │       "params": {
默认	11:30:14.146722+0800	Runner	flutter: │         "product_code": "people_insight",
默认	11:30:14.146730+0800	Runner	flutter: │         "scenario": "app_resume"
默认	11:30:14.146739+0800	Runner	flutter: │       }
默认	11:30:14.146747+0800	Runner	flutter: │     }
默认	11:30:14.146754+0800	Runner	flutter: │   ]
默认	11:30:14.146761+0800	Runner	flutter: │ }
默认	11:30:14.146801+0800	Runner	flutter: └───────────────────────────────────────────────────────────────────────────────────────────────────
默认	11:30:14.504904+0800	Runner	flutter: ┌───────────────────────────────────────────────────────────────────────────────────────────────────
默认	11:30:14.504924+0800	Runner	flutter: │ [HTTP] <-- 200 POST https://api.truthy.top/gateway/invoke service=tool.subscription.SubscriptionService method=GetSubscriptionStatus
默认	11:30:14.505121+0800	Runner	flutter: └───────────────────────────────────────────────────────────────────────────────────────────────────
默认	11:30:14.505208+0800	Runner	flutter: ┌───────────────────────────────────────────────────────────────────────────────────────────────────
默认	11:30:14.505254+0800	Runner	flutter: │ [HTTP] response:
默认	11:30:14.505359+0800	Runner	flutter: │ {
默认	11:30:14.505371+0800	Runner	flutter: │   "code": 0,
默认	11:30:14.505379+0800	Runner	flutter: │   "message": "ok",
默认	11:30:14.505423+0800	Runner	flutter: │   "request_id": "gw_req_a367e4c8fa578def4890bd6eb31389e0",
默认	11:30:14.505937+0800	Runner	flutter: │   "trace_id": "trace_504b561fcfeceb46389755a5aee50cc4",
默认	11:30:14.505945+0800	Runner	flutter: │   "responses": [
默认	11:30:14.505954+0800	Runner	flutter: │     {
默认	11:30:14.505963+0800	Runner	flutter: │       "id": "req_0",
默认	11:30:14.506875+0800	Runner	flutter: │       "success": true,
默认	11:30:14.507175+0800	Runner	flutter: │       "code": 0,
默认	11:30:14.507194+0800	Runner	flutter: │       "message": "ok",
默认	11:30:14.507221+0800	Runner	flutter: │       "data": {
默认	11:30:14.507246+0800	Runner	flutter: │         "entitlement": {
默认	11:30:14.507257+0800	Runner	flutter: │           "can_start_search": false,
默认	11:30:14.507266+0800	Runner	flutter: │           "concurrency_remaining": 0,
默认	11:30:14.507273+0800	Runner	flutter: │           "decision": "REQUIRE_SUBSCRIPTION",
默认	11:30:14.507282+0800	Runner	flutter: │           "expires_time": null,
默认	11:30:14.507291+0800	Runner	flutter: │           "plan_code": "free",
默认	11:30:14.507298+0800	Runner	flutter: │           "product_code": "people_insight",
默认	11:30:14.507308+0800	Runner	flutter: │           "quota_remaining": 0,
默认	11:30:14.507316+0800	Runner	flutter: │           "subscription_status": "inactive",
默认	11:30:14.507333+0800	Runner	flutter: │           "vip_level": 0
默认	11:30:14.507340+0800	Runner	flutter: │         },
默认	11:30:14.507349+0800	Runner	flutter: │         "expires_time": null,
默认	11:30:14.507380+0800	Runner	flutter: │         "has_active_subscription": false,
默认	11:30:14.507404+0800	Runner	flutter: │         "plan_code": "free",
默认	11:30:14.507412+0800	Runner	flutter: │         "product_code": "people_insight",
默认	11:30:14.507421+0800	Runner	flutter: │         "subscription_status": "inactive",
默认	11:30:14.507428+0800	Runner	flutter: │         "tier_code": "",
默认	11:30:14.507440+0800	Runner	flutter: │         "unavailable_reason": "not_subscribed",
默认	11:30:14.507492+0800	Runner	flutter: │         "vip_level": 0
默认	11:30:14.507529+0800	Runner	flutter: │       }
默认	11:30:14.507539+0800	Runner	flutter: │     }
默认	11:30:14.507548+0800	Runner	flutter: │   ]
默认	11:30:14.507555+0800	Runner	flutter: │ }
默认	11:30:14.507565+0800	Runner	flutter: └───────────────────────────────────────────────────────────────────────────────────────────────────
默认	11:30:14.512207+0800	Runner	flutter: ┌───────────────────────────────────────────────────────────────────────────────────────────────────
默认	11:30:14.512478+0800	Runner	flutter: │ [SubPurchase] coordinator.recoverUnfinished.start trigger=app_resume products=0
默认	11:30:14.512563+0800	Runner	flutter: └───────────────────────────────────────────────────────────────────────────────────────────────────
默认	11:30:14.512586+0800	Runner	flutter: ┌───────────────────────────────────────────────────────────────────────────────────────────────────
默认	11:30:14.512602+0800	Runner	flutter: │ [SubPurchase] storekitRecovery.queryUnfinishedAll.start
默认	11:30:14.512619+0800	Runner	flutter: └───────────────────────────────────────────────────────────────────────────────────────────────────
默认	11:30:14.545974+0800	Runner	flutter: ┌───────────────────────────────────────────────────────────────────────────────────────────────────
默认	11:30:14.546051+0800	Runner	flutter: │ [SubPurchase] storekitRecovery.queryUnfinishedAll.result total=0
默认	11:30:14.551502+0800	Runner	flutter: └───────────────────────────────────────────────────────────────────────────────────────────────────
默认	11:30:14.551536+0800	Runner	flutter: ┌───────────────────────────────────────────────────────────────────────────────────────────────────
默认	11:30:14.555598+0800	Runner	flutter: │ [SubPurchase] coordinator.recoverStoreKitUnfinished.results count=0
默认	11:30:14.555612+0800	Runner	flutter: └───────────────────────────────────────────────────────────────────────────────────────────────────
默认	11:30:14.555620+0800	Runner	flutter: ┌───────────────────────────────────────────────────────────────────────────────────────────────────
默认	11:30:14.555629+0800	Runner	flutter: │ [SubPurchase] coordinator.recoverUnfinished.finish
默认	11:30:14.555638+0800	Runner	flutter: └───────────────────────────────────────────────────────────────────────────────────────────────────
默认	11:30:15.935662+0800	Runner	flutter: ┌───────────────────────────────────────────────────────────────────────────────────────────────────
默认	11:30:15.935772+0800	Runner	flutter: │ [EventTracking] name=lead_search_submit_click id=37c366ae-fe6d-46ab-aaae-1ef0a3a9a6ed time=1783654215935 props={"clue":{"match_strategy":"UNION","clues":[{"type":"FULL_NAME","full_name_query":{"full_name":"joe lynn"}}],"additional_details":[]}}
默认	11:30:15.935791+0800	Runner	flutter: └───────────────────────────────────────────────────────────────────────────────────────────────────
默认	11:30:15.935986+0800	Runner	flutter: ┌───────────────────────────────────────────────────────────────────────────────────────────────────
默认	11:30:15.936002+0800	Runner	flutter: │ [AdjustEvent] Adjust event tracked: lead_search_submit_click
默认	11:30:15.936067+0800	Runner	flutter: └───────────────────────────────────────────────────────────────────────────────────────────────────
默认	11:30:15.936636+0800	Runner	flutter: ┌───────────────────────────────────────────────────────────────────────────────────────────────────
默认	11:30:15.936659+0800	Runner	flutter: │ [EventTracking] name=app_page_stay id=e5aa892e-080e-4189-b492-f8e1df3ffc42 time=1783654215936 props={"page_from":"lead","duration_s":58}
默认	11:30:15.936670+0800	Runner	flutter: └───────────────────────────────────────────────────────────────────────────────────────────────────
默认	11:30:15.947843+0800	Runner	-_teardownExistingDelegate:<FlutterTextInputView: 0x115dd8800> forSetDelegate:(nil) force:NO delayEndInputSession:NO
默认	11:30:15.989546+0800	Runner	flutter: ┌───────────────────────────────────────────────────────────────────────────────────────────────────
默认	11:30:15.989584+0800	Runner	flutter: │ [FirebaseAnalytics] Firebase event logged: lead_search_submit_click
默认	11:30:15.989597+0800	Runner	flutter: └───────────────────────────────────────────────────────────────────────────────────────────────────
默认	11:30:15.989605+0800	Runner	flutter: ┌───────────────────────────────────────────────────────────────────────────────────────────────────
默认	11:30:15.989650+0800	Runner	flutter: │ [FacebookAppEvents] Facebook App Events logged: lead_search_submit_click
默认	11:30:15.989658+0800	Runner	flutter: └───────────────────────────────────────────────────────────────────────────────────────────────────
默认	11:30:15.996330+0800	Runner	flutter: ┌───────────────────────────────────────────────────────────────────────────────────────────────────
默认	11:30:15.996351+0800	Runner	flutter: │ [HTTP] --> POST https://api.truthy.top/gateway/invoke service=tool.subscription.SubscriptionService method=GetEntitlement
默认	11:30:15.996373+0800	Runner	flutter: └───────────────────────────────────────────────────────────────────────────────────────────────────
默认	11:30:15.996391+0800	Runner	flutter: ┌───────────────────────────────────────────────────────────────────────────────────────────────────
默认	11:30:15.996606+0800	Runner	flutter: │ [HTTP] request:
默认	11:30:15.996627+0800	Runner	flutter: │ {
默认	11:30:15.996682+0800	Runner	flutter: │   "comm": {
默认	11:30:15.996692+0800	Runner	flutter: │     "auth_token": "***",
默认	11:30:15.996735+0800	Runner	flutter: │     "user_id": "user_e5f97712121ebfac3d6f6407",
默认	11:30:15.996743+0800	Runner	flutter: │     "device_id": "c5ece928-513e-4e75-a500-28479ac5102a",
默认	11:30:15.996752+0800	Runner	flutter: │     "client_request_id": "crid_1783654215936682",
默认	11:30:15.996761+0800	Runner	flutter: │     "platform": "ios",
默认	11:30:15.996768+0800	Runner	flutter: │     "app_version": "1.0.0",
默认	11:30:15.996778+0800	Runner	flutter: │     "locale": "zh-Hans-HK",
默认	11:30:15.996786+0800	Runner	flutter: │     "country": "HK",
默认	11:30:15.996803+0800	Runner	flutter: │     "timezone": "UTC+08:00"
默认	11:30:15.996812+0800	Runner	flutter: │   },
默认	11:30:15.996824+0800	Runner	flutter: │   "requests": [
默认	11:30:15.996831+0800	Runner	flutter: │     {
默认	11:30:15.996840+0800	Runner	flutter: │       "id": "req_0",
默认	11:30:15.996901+0800	Runner	flutter: │       "service_name": "tool.subscription.SubscriptionService",
默认	11:30:15.997013+0800	Runner	flutter: │       "method_name": "GetEntitlement",
默认	11:30:15.997026+0800	Runner	flutter: │       "params": {
默认	11:30:15.997035+0800	Runner	flutter: │         "product_code": "people_insight"
默认	11:30:15.997045+0800	Runner	flutter: │       }
默认	11:30:15.997054+0800	Runner	flutter: │     }
默认	11:30:16.001305+0800	Runner	flutter: │   ]
默认	11:30:16.002598+0800	Runner	flutter: │ }
默认	11:30:16.002608+0800	Runner	flutter: └───────────────────────────────────────────────────────────────────────────────────────────────────
默认	11:30:16.003135+0800	Runner	flutter: ┌───────────────────────────────────────────────────────────────────────────────────────────────────
默认	11:30:16.003150+0800	Runner	flutter: │ [HTTP] --> POST https://api.truthy.top/gateway/invoke service=tool.event_tracking.EventTrackingService method=TrackEvents
默认	11:30:16.003165+0800	Runner	flutter: └───────────────────────────────────────────────────────────────────────────────────────────────────
默认	11:30:16.003268+0800	Runner	flutter: ┌───────────────────────────────────────────────────────────────────────────────────────────────────
默认	11:30:16.003277+0800	Runner	flutter: │ [HTTP] request:
默认	11:30:16.003328+0800	Runner	flutter: │ {
默认	11:30:16.003350+0800	Runner	flutter: │   "comm": {
默认	11:30:16.003381+0800	Runner	flutter: │     "auth_token": "***",
默认	11:30:16.003401+0800	Runner	flutter: │     "user_id": "user_e5f97712121ebfac3d6f6407",
默认	11:30:16.003492+0800	Runner	flutter: │     "device_id": "c5ece928-513e-4e75-a500-28479ac5102a",
默认	11:30:16.003539+0800	Runner	flutter: │     "client_request_id": "crid_1783654215983924",
默认	11:30:16.003568+0800	Runner	flutter: │     "platform": "ios",
默认	11:30:16.003637+0800	Runner	flutter: │     "app_version": "1.0.0",
默认	11:30:16.003654+0800	Runner	flutter: │     "locale": "zh-Hans-HK",
默认	11:30:16.003673+0800	Runner	flutter: │     "country": "HK",
默认	11:30:16.003680+0800	Runner	flutter: │     "timezone": "UTC+08:00"
默认	11:30:16.003814+0800	Runner	flutter: │   },
默认	11:30:16.003835+0800	Runner	flutter: │   "requests": [
默认	11:30:16.003901+0800	Runner	flutter: │     {
默认	11:30:16.003938+0800	Runner	flutter: │       "id": "req_0",
默认	11:30:16.003978+0800	Runner	flutter: │       "service_name": "tool.event_tracking.EventTrackingService",
默认	11:30:16.004009+0800	Runner	flutter: │       "method_name": "TrackEvents",
默认	11:30:16.004076+0800	Runner	flutter: │       "params": {
默认	11:30:16.004086+0800	Runner	flutter: │         "events": [
默认	11:30:16.004095+0800	Runner	flutter: │           {
默认	11:30:16.004102+0800	Runner	flutter: │             "event_id": "37c366ae-fe6d-46ab-aaae-1ef0a3a9a6ed",
默认	11:30:16.004116+0800	Runner	flutter: │             "event_name": "lead_search_submit_click",
默认	11:30:16.004125+0800	Runner	flutter: │             "event_time_ms": 1783654215935,
默认	11:30:16.004132+0800	Runner	flutter: │             "properties": {
默认	11:30:16.004158+0800	Runner	flutter: │               "logtime": 1783654215935,
默认	11:30:16.004192+0800	Runner	flutter: │               "log_id": "37c366ae-fe6d-46ab-aaae-1ef0a3a9a6ed",
默认	11:30:16.004218+0800	Runner	flutter: │               "net": "wifi",
默认	11:30:16.004307+0800	Runner	flutter: │               "pkg": "com.sparkjam.truthy.ios",
默认	11:30:16.004323+0800	Runner	flutter: │               "bucket": 56,
默认	11:30:16.004348+0800	Runner	flutter: │               "abslot": 21,
默认	11:30:16.004364+0800	Runner	flutter: │               "ram": "3684MB",
默认	11:30:16.004400+0800	Runner	flutter: │               "cpu": "arm64",
默认	11:30:16.004419+0800	Runner	flutter: │               "sh": 844,
默认	11:30:16.004513+0800	Runner	flutter: │               "sw": 390,
默认	11:30:16.004547+0800	Runner	flutter: │               "city": "",
默认	11:30:16.004555+0800	Runner	flutter: │               "ste": "",
默认	11:30:16.004564+0800	Runner	flutter: │               "lat": "",
默认	11:30:16.004571+0800	Runner	flutter: │               "lng": "",
默认	11:30:16.004580+0800	Runner	flutter: │               "sty": "desk",
默认	11:30:16.004587+0800	Runner	flutter: │               "isp": "",
默认	11:30:16.004600+0800	Runner	flutter: │               "mod": "iphone13,2",
默认	11:30:16.004609+0800	Runner	flutter: │               "brd": "apple",
默认	11:30:16.004616+0800	Runner	flutter: │               "os": "26.3.1",
默认	11:30:16.004635+0800	Runner	flutter: │               "pf": "ios",
默认	11:30:16.004652+0800	Runner	flutter: │               "slan": "zh",
默认	11:30:16.004673+0800	Runner	flutter: │               "reg": "HK",
默认	11:30:16.004693+0800	Runner	flutter: │               "cou": "HK",
默认	11:30:16.004700+0800	Runner	flutter: │               "sub": "",
默认	11:30:16.004709+0800	Runner	flutter: │               "cha": "",
默认	11:30:16.004719+0800	Runner	flutter: │               "verc": "10000",
默认	11:30:16.004786+0800	Runner	flutter: │               "ver": "1.0.0",
默认	11:30:16.004803+0800	Runner	flutter: │               "sid": "5094b07b-cc63-4868-b4ac-6bced54db906",
默认	11:30:16.004829+0800	Runner	flutter: │               "uuid": "***",
默认	11:30:16.004858+0800	Runner	flutter: │               "idfa": "***",
默认	11:30:16.004875+0800	Runner	flutter: │               "idfv": "***",
默认	11:30:16.004905+0800	Runner	flutter: │               "aid": "***",
默认	11:30:16.004941+0800	Runner	flutter: │               "gaid": "***",
默认	11:30:16.005042+0800	Runner	flutter: │               "did": "***",
默认	11:30:16.005053+0800	Runner	flutter: │               "uid": "***",
默认	11:30:16.005062+0800	Runner	flutter: │               "anm": "Truthy",
默认	11:30:16.005137+0800	Runner	flutter: │               "push_id": "",
默认	11:30:16.005148+0800	Runner	flutter: │               "push_type": "",
默认	11:30:16.005156+0800	Runner	flutter: │               "is_pro": "0",
默认	11:30:16.005182+0800	Runner	flutter: │               "clue": {
默认	11:30:16.005211+0800	Runner	flutter: │                 "match_strategy": "UNION",
默认	11:30:16.005220+0800	Runner	flutter: │                 "clues": [
默认	11:30:16.005229+0800	Runner	flutter: │                   {
默认	11:30:16.005251+0800	Runner	flutter: │                     "type": "FULL_NAME",
默认	11:30:16.005260+0800	Runner	flutter: │                     "full_name_query": {
默认	11:30:16.005269+0800	Runner	flutter: │                       "full_name": "joe lynn"
默认	11:30:16.005276+0800	Runner	flutter: │                     }
默认	11:30:16.005285+0800	Runner	flutter: │                   }
默认	11:30:16.005304+0800	Runner	flutter: │                 ],
默认	11:30:16.005317+0800	Runner	flutter: │                 "additional_details": []
默认	11:30:16.005326+0800	Runner	flutter: │               }
默认	11:30:16.005343+0800	Runner	flutter: │             }
默认	11:30:16.005352+0800	Runner	flutter: │           }
默认	11:30:16.005402+0800	Runner	flutter: │         ]
默认	11:30:16.005410+0800	Runner	flutter: │       }
默认	11:30:16.005532+0800	Runner	flutter: │     }
默认	11:30:16.005546+0800	Runner	flutter: │   ]
默认	11:30:16.005554+0800	Runner	flutter: │ }
默认	11:30:16.005568+0800	Runner	flutter: └───────────────────────────────────────────────────────────────────────────────────────────────────
默认	11:30:16.313179+0800	Runner	flutter: ┌───────────────────────────────────────────────────────────────────────────────────────────────────
默认	11:30:16.313230+0800	Runner	flutter: │ [HTTP] <-- 200 POST https://api.truthy.top/gateway/invoke service=tool.subscription.SubscriptionService method=GetEntitlement
默认	11:30:16.313375+0800	Runner	flutter: └───────────────────────────────────────────────────────────────────────────────────────────────────
默认	11:30:16.313391+0800	Runner	flutter: ┌───────────────────────────────────────────────────────────────────────────────────────────────────
默认	11:30:16.313402+0800	Runner	flutter: │ [HTTP] response:
默认	11:30:16.313417+0800	Runner	flutter: │ {
默认	11:30:16.313437+0800	Runner	flutter: │   "code": 0,
默认	11:30:16.313502+0800	Runner	flutter: │   "message": "ok",
默认	11:30:16.313514+0800	Runner	flutter: │   "request_id": "gw_req_fb05ccbcd7c516c0240948f432e3b928",
默认	11:30:16.313621+0800	Runner	flutter: │   "trace_id": "trace_e99ec1d9a766c5bddd831ef1f9b04c66",
默认	11:30:16.313631+0800	Runner	flutter: │   "responses": [
默认	11:30:16.313683+0800	Runner	flutter: │     {
默认	11:30:16.313724+0800	Runner	flutter: │       "id": "req_0",
默认	11:30:16.313837+0800	Runner	flutter: │       "success": true,
默认	11:30:16.313854+0800	Runner	flutter: │       "code": 0,
默认	11:30:16.313869+0800	Runner	flutter: │       "message": "ok",
默认	11:30:16.313903+0800	Runner	flutter: │       "data": {
默认	11:30:16.314002+0800	Runner	flutter: │         "can_start_search": false,
默认	11:30:16.314105+0800	Runner	flutter: │         "concurrency_remaining": 0,
默认	11:30:16.314126+0800	Runner	flutter: │         "decision": "REQUIRE_SUBSCRIPTION",
默认	11:30:16.314136+0800	Runner	flutter: │         "expires_time": null,
默认	11:30:16.314270+0800	Runner	flutter: │         "plan_code": "free",
默认	11:30:16.314325+0800	Runner	flutter: │         "product_code": "people_insight",
默认	11:30:16.314340+0800	Runner	flutter: │         "quota_remaining": 0,
默认	11:30:16.314351+0800	Runner	flutter: │         "subscription_status": "inactive",
默认	11:30:16.314361+0800	Runner	flutter: │         "vip_level": 0
默认	11:30:16.314444+0800	Runner	flutter: │       }
默认	11:30:16.314456+0800	Runner	flutter: │     }
默认	11:30:16.314502+0800	Runner	flutter: │   ]
默认	11:30:16.314552+0800	Runner	flutter: │ }
默认	11:30:16.314636+0800	Runner	flutter: └───────────────────────────────────────────────────────────────────────────────────────────────────
默认	11:30:16.318198+0800	Runner	Reloading input views for key-window scene responder: <FlutterTextInputView: 0x115dd8400; frame = (0 0; 1 1); > force:N
默认	11:30:16.318334+0800	Runner	_inputViewsForResponder: <FlutterTextInputView: 0x115dd8400; frame = (0 0; 1 1); >, automaticKeyboard: 1, force: 0
默认	11:30:16.320502+0800	Runner	-_teardownExistingDelegate:(nil) forSetDelegate:<FlutterTextInputView: 0x115dd8400> force:NO delayEndInputSession:YES
默认	11:30:16.397986+0800	Runner	flutter: ┌───────────────────────────────────────────────────────────────────────────────────────────────────
默认	11:30:16.397998+0800	Runner	flutter: │ [EventTracking] name=app_page_stay id=5bcea80c-5623-4c84-b3f5-d1d52bb69a96 time=1783654216390 props={"page_from":"lead","duration_s":0}
默认	11:30:16.398006+0800	Runner	flutter: └───────────────────────────────────────────────────────────────────────────────────────────────────
默认	11:30:16.398025+0800	Runner	flutter: ┌───────────────────────────────────────────────────────────────────────────────────────────────────
默认	11:30:16.398034+0800	Runner	flutter: │ [EventTracking] name=search_fake_pageview id=594a5e31-3d3e-4fef-a7db-504b4c46e9fd time=1783654216391 props={}
默认	11:30:16.398041+0800	Runner	flutter: └───────────────────────────────────────────────────────────────────────────────────────────────────
默认	11:30:16.403599+0800	Runner	-_teardownExistingDelegate:<FlutterTextInputView: 0x115dd8400> forSetDelegate:(nil) force:NO delayEndInputSession:NO
默认	11:30:17.506277+0800	Runner	flutter: ┌───────────────────────────────────────────────────────────────────────────────────────────────────
默认	11:30:17.506324+0800	Runner	flutter: │ [HTTP] <-- 200 POST https://api.truthy.top/gateway/invoke service=tool.event_tracking.EventTrackingService method=TrackEvents
默认	11:30:17.506393+0800	Runner	flutter: └───────────────────────────────────────────────────────────────────────────────────────────────────
默认	11:30:17.506541+0800	Runner	flutter: ┌───────────────────────────────────────────────────────────────────────────────────────────────────
默认	11:30:17.506591+0800	Runner	flutter: │ [HTTP] response:
默认	11:30:17.506633+0800	Runner	flutter: │ {
默认	11:30:17.506676+0800	Runner	flutter: │   "code": 0,
默认	11:30:17.506725+0800	Runner	flutter: │   "message": "ok",
默认	11:30:17.506776+0800	Runner	flutter: │   "request_id": "gw_req_0f5d5591ed15c83bfd2720e302cea6a2",
默认	11:30:17.506824+0800	Runner	flutter: │   "trace_id": "trace_824ea208d9e67e9889a8fa26b70da3a9",
默认	11:30:17.506870+0800	Runner	flutter: │   "responses": [
默认	11:30:17.506927+0800	Runner	flutter: │     {
默认	11:30:17.506956+0800	Runner	flutter: │       "id": "req_0",
默认	11:30:17.507009+0800	Runner	flutter: │       "success": true,
默认	11:30:17.507107+0800	Runner	flutter: │       "code": 0,
默认	11:30:17.507663+0800	Runner	flutter: │       "message": "ok",
默认	11:30:17.507723+0800	Runner	flutter: │       "data": {
默认	11:30:17.507764+0800	Runner	flutter: │         "request_id": "gw_req_0f5d5591ed15c83bfd2720e302cea6a2",
默认	11:30:17.507792+0800	Runner	flutter: │         "trace_id": "trace_824ea208d9e67e9889a8fa26b70da3a9",
默认	11:30:17.507817+0800	Runner	flutter: │         "accepted_count": 1,
默认	11:30:17.507827+0800	Runner	flutter: │         "event_name": "lead_search_submit_click",
默认	11:30:17.507834+0800	Runner	flutter: │         "event_names": [
默认	11:30:17.507843+0800	Runner	flutter: │           "lead_search_submit_click"
默认	11:30:17.507850+0800	Runner	flutter: │         ],
默认	11:30:17.507858+0800	Runner	flutter: │         "events": [
默认	11:30:17.507865+0800	Runner	flutter: │           {
默认	11:30:17.507936+0800	Runner	flutter: │             "index": 0,
默认	11:30:17.507950+0800	Runner	flutter: │             "event_id": "37c366ae-fe6d-46ab-aaae-1ef0a3a9a6ed",
默认	11:30:17.507971+0800	Runner	flutter: │             "event_name": "lead_search_submit_click",
默认	11:30:17.507992+0800	Runner	flutter: │             "status": "accepted"
默认	11:30:17.508001+0800	Runner	flutter: │           }
默认	11:30:17.508027+0800	Runner	flutter: │         ]
默认	11:30:17.508063+0800	Runner	flutter: │       }
默认	11:30:17.508312+0800	Runner	flutter: │     }
默认	11:30:17.508326+0800	Runner	flutter: │   ]
默认	11:30:17.508335+0800	Runner	flutter: │ }
默认	11:30:17.508439+0800	Runner	flutter: └───────────────────────────────────────────────────────────────────────────────────────────────────
默认	11:30:17.535759+0800	Runner	flutter: ┌───────────────────────────────────────────────────────────────────────────────────────────────────
默认	11:30:17.535835+0800	Runner	flutter: │ [HTTP] --> POST https://api.truthy.top/gateway/invoke service=tool.event_tracking.EventTrackingService method=TrackEvents
默认	11:30:17.536019+0800	Runner	flutter: └───────────────────────────────────────────────────────────────────────────────────────────────────
默认	11:30:17.536330+0800	Runner	flutter: ┌───────────────────────────────────────────────────────────────────────────────────────────────────
默认	11:30:17.536386+0800	Runner	flutter: │ [HTTP] request:
默认	11:30:17.536403+0800	Runner	flutter: │ {
默认	11:30:17.536428+0800	Runner	flutter: │   "comm": {
默认	11:30:17.536569+0800	Runner	flutter: │     "auth_token": "***",
默认	11:30:17.536593+0800	Runner	flutter: │     "user_id": "user_e5f97712121ebfac3d6f6407",
默认	11:30:17.536602+0800	Runner	flutter: │     "device_id": "c5ece928-513e-4e75-a500-28479ac5102a",
默认	11:30:17.536611+0800	Runner	flutter: │     "client_request_id": "crid_1783654217530738",
默认	11:30:17.536662+0800	Runner	flutter: │     "platform": "ios",
默认	11:30:17.536676+0800	Runner	flutter: │     "app_version": "1.0.0",
默认	11:30:17.536689+0800	Runner	flutter: │     "locale": "zh-Hans-HK",
默认	11:30:17.536751+0800	Runner	flutter: │     "country": "HK",
默认	11:30:17.536766+0800	Runner	flutter: │     "timezone": "UTC+08:00"
默认	11:30:17.536777+0800	Runner	flutter: │   },
默认	11:30:17.536840+0800	Runner	flutter: │   "requests": [
默认	11:30:17.536952+0800	Runner	flutter: │     {
默认	11:30:17.537030+0800	Runner	flutter: │       "id": "req_0",
默认	11:30:17.537039+0800	Runner	flutter: │       "service_name": "tool.event_tracking.EventTrackingService",
默认	11:30:17.537050+0800	Runner	flutter: │       "method_name": "TrackEvents",
默认	11:30:17.537059+0800	Runner	flutter: │       "params": {
默认	11:30:17.537086+0800	Runner	flutter: │         "events": [
默认	11:30:17.537098+0800	Runner	flutter: │           {
默认	11:30:17.537121+0800	Runner	flutter: │             "event_id": "e5aa892e-080e-4189-b492-f8e1df3ffc42",
默认	11:30:17.537183+0800	Runner	flutter: │             "event_name": "app_page_stay",
默认	11:30:17.537198+0800	Runner	flutter: │             "event_time_ms": 1783654215936,
默认	11:30:17.537239+0800	Runner	flutter: │             "properties": {
默认	11:30:17.537250+0800	Runner	flutter: │               "logtime": 1783654215936,
默认	11:30:17.537306+0800	Runner	flutter: │               "log_id": "e5aa892e-080e-4189-b492-f8e1df3ffc42",
默认	11:30:17.537326+0800	Runner	flutter: │               "net": "wifi",
默认	11:30:17.537378+0800	Runner	flutter: │               "pkg": "com.sparkjam.truthy.ios",
默认	11:30:17.537390+0800	Runner	flutter: │               "bucket": 56,
默认	11:30:17.537441+0800	Runner	flutter: │               "abslot": 21,
默认	11:30:17.537456+0800	Runner	flutter: │               "ram": "3684MB",
默认	11:30:17.537466+0800	Runner	flutter: │               "cpu": "arm64",
默认	11:30:17.537520+0800	Runner	flutter: │               "sh": 844,
默认	11:30:17.537532+0800	Runner	flutter: │               "sw": 390,
默认	11:30:17.537590+0800	Runner	flutter: │               "city": "",
默认	11:30:17.537621+0800	Runner	flutter: │               "ste": "",
默认	11:30:17.537672+0800	Runner	flutter: │               "lat": "",
默认	11:30:17.537708+0800	Runner	flutter: │               "lng": "",
默认	11:30:17.537719+0800	Runner	flutter: │               "sty": "desk",
默认	11:30:17.537775+0800	Runner	flutter: │               "isp": "",
默认	11:30:17.537798+0800	Runner	flutter: │               "mod": "iphone13,2",
默认	11:30:17.537841+0800	Runner	flutter: │               "brd": "apple",
默认	11:30:17.537857+0800	Runner	flutter: │               "os": "26.3.1",
默认	11:30:17.537961+0800	Runner	flutter: │               "pf": "ios",
默认	11:30:17.537972+0800	Runner	flutter: │               "slan": "zh",
默认	11:30:17.537981+0800	Runner	flutter: │               "reg": "HK",
默认	11:30:17.538009+0800	Runner	flutter: │               "cou": "HK",
默认	11:30:17.538027+0800	Runner	flutter: │               "sub": "",
默认	11:30:17.538053+0800	Runner	flutter: │               "cha": "",
默认	11:30:17.538122+0800	Runner	flutter: │               "verc": "10000",
默认	11:30:17.538131+0800	Runner	flutter: │               "ver": "1.0.0",
默认	11:30:17.538141+0800	Runner	flutter: │               "sid": "5094b07b-cc63-4868-b4ac-6bced54db906",
默认	11:30:17.538202+0800	Runner	flutter: │               "uuid": "***",
默认	11:30:17.538212+0800	Runner	flutter: │               "idfa": "***",
默认	11:30:17.538273+0800	Runner	flutter: │               "idfv": "***",
默认	11:30:17.538284+0800	Runner	flutter: │               "aid": "***",
默认	11:30:17.538348+0800	Runner	flutter: │               "gaid": "***",
默认	11:30:17.538362+0800	Runner	flutter: │               "did": "***",
默认	11:30:17.538415+0800	Runner	flutter: │               "uid": "***",
默认	11:30:17.538431+0800	Runner	flutter: │               "anm": "Truthy",
默认	11:30:17.538441+0800	Runner	flutter: │               "push_id": "",
默认	11:30:17.538516+0800	Runner	flutter: │               "push_type": "",
默认	11:30:17.538527+0800	Runner	flutter: │               "is_pro": "0",
默认	11:30:17.538578+0800	Runner	flutter: │               "page_from": "lead",
默认	11:30:17.538614+0800	Runner	flutter: │               "duration_s": 58
默认	11:30:17.538625+0800	Runner	flutter: │             }
默认	11:30:17.538672+0800	Runner	flutter: │           },
默认	11:30:17.538686+0800	Runner	flutter: │           {
默认	11:30:17.538754+0800	Runner	flutter: │             "event_id": "5bcea80c-5623-4c84-b3f5-d1d52bb69a96",
默认	11:30:17.538789+0800	Runner	flutter: │             "event_name": "app_page_stay",
默认	11:30:17.538800+0800	Runner	flutter: │             "event_time_ms": 1783654216390,
默认	11:30:17.538845+0800	Runner	flutter: │             "properties": {
默认	11:30:17.538889+0800	Runner	flutter: │               "logtime": 1783654216390,
默认	11:30:17.538923+0800	Runner	flutter: │               "log_id": "5bcea80c-5623-4c84-b3f5-d1d52bb69a96",
默认	11:30:17.538954+0800	Runner	flutter: │               "net": "wifi",
默认	11:30:17.538964+0800	Runner	flutter: │               "pkg": "com.sparkjam.truthy.ios",
默认	11:30:17.539062+0800	Runner	flutter: │               "bucket": 56,
默认	11:30:17.539144+0800	Runner	flutter: │               "abslot": 21,
默认	11:30:17.539156+0800	Runner	flutter: │               "ram": "3684MB",
默认	11:30:17.539170+0800	Runner	flutter: │               "cpu": "arm64",
默认	11:30:17.539181+0800	Runner	flutter: │               "sh": 844,
默认	11:30:17.539203+0800	Runner	flutter: │               "sw": 390,
默认	11:30:17.539218+0800	Runner	flutter: │               "city": "",
默认	11:30:17.539232+0800	Runner	flutter: │               "ste": "",
默认	11:30:17.539243+0800	Runner	flutter: │               "lat": "",
默认	11:30:17.539346+0800	Runner	flutter: │               "lng": "",
默认	11:30:17.539357+0800	Runner	flutter: │               "sty": "desk",
默认	11:30:17.539366+0800	Runner	flutter: │               "isp": "",
默认	11:30:17.539410+0800	Runner	flutter: │               "mod": "iphone13,2",
默认	11:30:17.539422+0800	Runner	flutter: │               "brd": "apple",
默认	11:30:17.539452+0800	Runner	flutter: │               "os": "26.3.1",
默认	11:30:17.539479+0800	Runner	flutter: │               "pf": "ios",
默认	11:30:17.539505+0800	Runner	flutter: │               "slan": "zh",
默认	11:30:17.539586+0800	Runner	flutter: │               "reg": "HK",
默认	11:30:17.539604+0800	Runner	flutter: │               "cou": "HK",
默认	11:30:17.539613+0800	Runner	flutter: │               "sub": "",
默认	11:30:17.539663+0800	Runner	flutter: │               "cha": "",
默认	11:30:17.539724+0800	Runner	flutter: │               "verc": "10000",
默认	11:30:17.539761+0800	Runner	flutter: │               "ver": "1.0.0",
默认	11:30:17.539776+0800	Runner	flutter: │               "sid": "5094b07b-cc63-4868-b4ac-6bced54db906",
默认	11:30:17.539791+0800	Runner	flutter: │               "uuid": "***",
默认	11:30:17.539835+0800	Runner	flutter: │               "idfa": "***",
默认	11:30:17.539892+0800	Runner	flutter: │               "idfv": "***",
默认	11:30:17.539928+0800	Runner	flutter: │               "aid": "***",
默认	11:30:17.539978+0800	Runner	flutter: │               "gaid": "***",
默认	11:30:17.540009+0800	Runner	flutter: │               "did": "***",
默认	11:30:17.540097+0800	Runner	flutter: │               "uid": "***",
默认	11:30:17.540124+0800	Runner	flutter: │               "anm": "Truthy",
默认	11:30:17.540234+0800	Runner	flutter: │               "push_id": "",
默认	11:30:17.540246+0800	Runner	flutter: │               "push_type": "",
默认	11:30:17.540256+0800	Runner	flutter: │               "is_pro": "0",
默认	11:30:17.540340+0800	Runner	flutter: │               "page_from": "lead",
默认	11:30:17.540359+0800	Runner	flutter: │               "duration_s": 0
默认	11:30:17.540391+0800	Runner	flutter: │             }
默认	11:30:17.540402+0800	Runner	flutter: │           },
默认	11:30:17.540457+0800	Runner	flutter: │           {
默认	11:30:17.540509+0800	Runner	flutter: │             "event_id": "594a5e31-3d3e-4fef-a7db-504b4c46e9fd",
默认	11:30:17.540563+0800	Runner	flutter: │             "event_name": "search_fake_pageview",
默认	11:30:17.540716+0800	Runner	flutter: │             "event_time_ms": 1783654216391,
默认	11:30:17.540735+0800	Runner	flutter: │             "properties": {
默认	11:30:17.540745+0800	Runner	flutter: │               "logtime": 1783654216391,
默认	11:30:17.540823+0800	Runner	flutter: │               "log_id": "594a5e31-3d3e-4fef-a7db-504b4c46e9fd",
默认	11:30:17.540893+0800	Runner	flutter: │               "net": "wifi",
默认	11:30:17.540905+0800	Runner	flutter: │               "pkg": "com.sparkjam.truthy.ios",
默认	11:30:17.540929+0800	Runner	flutter: │               "bucket": 56,
默认	11:30:17.540957+0800	Runner	flutter: │               "abslot": 21,
默认	11:30:17.541022+0800	Runner	flutter: │               "ram": "3684MB",
默认	11:30:17.541050+0800	Runner	flutter: │               "cpu": "arm64",
默认	11:30:17.541126+0800	Runner	flutter: │               "sh": 844,
默认	11:30:17.541146+0800	Runner	flutter: │               "sw": 390,
默认	11:30:17.541203+0800	Runner	flutter: │               "city": "",
默认	11:30:17.541271+0800	Runner	flutter: │               "ste": "",
默认	11:30:17.541342+0800	Runner	flutter: │               "lat": "",
默认	11:30:17.541368+0800	Runner	flutter: │               "lng": "",
默认	11:30:17.541378+0800	Runner	flutter: │               "sty": "desk",
默认	11:30:17.541450+0800	Runner	flutter: │               "isp": "",
默认	11:30:17.541495+0800	Runner	flutter: │               "mod": "iphone13,2",
默认	11:30:17.541510+0800	Runner	flutter: │               "brd": "apple",
默认	11:30:17.541591+0800	Runner	flutter: │               "os": "26.3.1",
默认	11:30:17.541600+0800	Runner	flutter: │               "pf": "ios",
默认	11:30:17.541656+0800	Runner	flutter: │               "slan": "zh",
默认	11:30:17.541702+0800	Runner	flutter: │               "reg": "HK",
默认	11:30:17.541858+0800	Runner	flutter: │               "cou": "HK",
默认	11:30:17.541872+0800	Runner	flutter: │               "sub": "",
默认	11:30:17.541886+0800	Runner	flutter: │               "cha": "",
默认	11:30:17.541914+0800	Runner	flutter: │               "verc": "10000",
默认	11:30:17.541925+0800	Runner	flutter: │               "ver": "1.0.0",
默认	11:30:17.541996+0800	Runner	flutter: │               "sid": "5094b07b-cc63-4868-b4ac-6bced54db906",
默认	11:30:17.542007+0800	Runner	flutter: │               "uuid": "***",
默认	11:30:17.542191+0800	Runner	flutter: │               "idfa": "***",
默认	11:30:17.542202+0800	Runner	flutter: │               "idfv": "***",
默认	11:30:17.542222+0800	Runner	flutter: │               "aid": "***",
默认	11:30:17.542232+0800	Runner	flutter: │               "gaid": "***",
默认	11:30:17.542239+0800	Runner	flutter: │               "did": "***",
默认	11:30:17.542267+0800	Runner	flutter: │               "uid": "***",
默认	11:30:17.542340+0800	Runner	flutter: │               "anm": "Truthy",
默认	11:30:17.542411+0800	Runner	flutter: │               "push_id": "",
默认	11:30:17.542475+0800	Runner	flutter: │               "push_type": "",
默认	11:30:17.542530+0800	Runner	flutter: │               "is_pro": "0"
默认	11:30:17.542610+0800	Runner	flutter: │             }
默认	11:30:17.542622+0800	Runner	flutter: │           }
默认	11:30:17.542669+0800	Runner	flutter: │         ]
默认	11:30:17.542742+0800	Runner	flutter: │       }
默认	11:30:17.542754+0800	Runner	flutter: │     }
默认	11:30:17.542798+0800	Runner	flutter: │   ]
默认	11:30:17.542857+0800	Runner	flutter: │ }
默认	11:30:17.542937+0800	Runner	flutter: └───────────────────────────────────────────────────────────────────────────────────────────────────
默认	11:30:17.850032+0800	Runner	flutter: ┌───────────────────────────────────────────────────────────────────────────────────────────────────
默认	11:30:17.850054+0800	Runner	flutter: │ [HTTP] <-- 200 POST https://api.truthy.top/gateway/invoke service=tool.event_tracking.EventTrackingService method=TrackEvents
默认	11:30:17.850136+0800	Runner	flutter: └───────────────────────────────────────────────────────────────────────────────────────────────────
默认	11:30:17.850301+0800	Runner	flutter: ┌───────────────────────────────────────────────────────────────────────────────────────────────────
默认	11:30:17.850351+0800	Runner	flutter: │ [HTTP] response:
默认	11:30:17.850392+0800	Runner	flutter: │ {
默认	11:30:17.850439+0800	Runner	flutter: │   "code": 0,
默认	11:30:17.850491+0800	Runner	flutter: │   "message": "ok",
默认	11:30:17.850541+0800	Runner	flutter: │   "request_id": "gw_req_d38fcdcb25ce5b75f842da2fccb431c7",
默认	11:30:17.850585+0800	Runner	flutter: │   "trace_id": "trace_a655e2d02782e223bc7e63f2d6e6f798",
默认	11:30:17.850640+0800	Runner	flutter: │   "responses": [
默认	11:30:17.850682+0800	Runner	flutter: │     {
默认	11:30:17.850725+0800	Runner	flutter: │       "id": "req_0",
默认	11:30:17.850770+0800	Runner	flutter: │       "success": true,
默认	11:30:17.850826+0800	Runner	flutter: │       "code": 0,
默认	11:30:17.850868+0800	Runner	flutter: │       "message": "ok",
默认	11:30:17.850914+0800	Runner	flutter: │       "data": {
默认	11:30:17.850965+0800	Runner	flutter: │         "request_id": "gw_req_d38fcdcb25ce5b75f842da2fccb431c7",
默认	11:30:17.851018+0800	Runner	flutter: │         "trace_id": "trace_a655e2d02782e223bc7e63f2d6e6f798",
默认	11:30:17.851099+0800	Runner	flutter: │         "accepted_count": 3,
默认	11:30:17.851162+0800	Runner	flutter: │         "event_name": "app_page_stay",
默认	11:30:17.851221+0800	Runner	flutter: │         "event_names": [
默认	11:30:17.851269+0800	Runner	flutter: │           "app_page_stay",
默认	11:30:17.851315+0800	Runner	flutter: │           "app_page_stay",
默认	11:30:17.851464+0800	Runner	flutter: │           "search_fake_pageview"
默认	11:30:17.851630+0800	Runner	flutter: │         ],
默认	11:30:17.851653+0800	Runner	flutter: │         "events": [
默认	11:30:17.851746+0800	Runner	flutter: │           {
默认	11:30:17.851768+0800	Runner	flutter: │             "index": 0,
默认	11:30:17.851874+0800	Runner	flutter: │             "event_id": "e5aa892e-080e-4189-b492-f8e1df3ffc42",
默认	11:30:17.851923+0800	Runner	flutter: │             "event_name": "app_page_stay",
默认	11:30:17.852008+0800	Runner	flutter: │             "status": "accepted"
默认	11:30:17.852016+0800	Runner	flutter: │           },
默认	11:30:17.852025+0800	Runner	flutter: │           {
默认	11:30:17.852035+0800	Runner	flutter: │             "index": 1,
默认	11:30:17.852042+0800	Runner	flutter: │             "event_id": "5bcea80c-5623-4c84-b3f5-d1d52bb69a96",
默认	11:30:17.852051+0800	Runner	flutter: │             "event_name": "app_page_stay",
默认	11:30:17.852058+0800	Runner	flutter: │             "status": "accepted"
默认	11:30:17.852067+0800	Runner	flutter: │           },
默认	11:30:17.852108+0800	Runner	flutter: │           {
默认	11:30:17.852121+0800	Runner	flutter: │             "index": 2,
默认	11:30:17.852178+0800	Runner	flutter: │             "event_id": "594a5e31-3d3e-4fef-a7db-504b4c46e9fd",
默认	11:30:17.852221+0800	Runner	flutter: │             "event_name": "search_fake_pageview",
默认	11:30:17.852273+0800	Runner	flutter: │             "status": "accepted"
默认	11:30:17.852325+0800	Runner	flutter: │           }
默认	11:30:17.852365+0800	Runner	flutter: │         ]
默认	11:30:17.852407+0800	Runner	flutter: │       }
默认	11:30:17.852452+0800	Runner	flutter: │     }
默认	11:30:17.852550+0800	Runner	flutter: │   ]
默认	11:30:17.852592+0800	Runner	flutter: │ }
默认	11:30:17.852668+0800	Runner	flutter: └───────────────────────────────────────────────────────────────────────────────────────────────────
默认	11:30:23.962991+0800	Runner	flutter: ┌───────────────────────────────────────────────────────────────────────────────────────────────────
默认	11:30:23.963164+0800	Runner	flutter: │ [EventTracking] name=app_page_stay id=66becc69-86ea-435e-877f-3cd8fab2d248 time=1783654223962 props={"page_from":"search_fake","duration_s":7}
默认	11:30:23.963315+0800	Runner	flutter: └───────────────────────────────────────────────────────────────────────────────────────────────────
默认	11:30:23.966636+0800	Runner	flutter: ┌───────────────────────────────────────────────────────────────────────────────────────────────────
默认	11:30:23.966690+0800	Runner	flutter: │ [EventTracking] name=app_page_stay id=e5b04b1e-82c0-4874-b9bb-5bc8125ab5fe time=1783654223965 props={"page_from":"lead","duration_s":0}
默认	11:30:23.966716+0800	Runner	flutter: └───────────────────────────────────────────────────────────────────────────────────────────────────
默认	11:30:23.967155+0800	Runner	flutter: ┌───────────────────────────────────────────────────────────────────────────────────────────────────
默认	11:30:23.967196+0800	Runner	flutter: │ [EventTracking] name=paywall_pageview id=5b9092a0-2e77-4ba0-99a6-ed52edc3fbf9 time=1783654223966 props={"page_from":"search_fake"}
默认	11:30:23.967215+0800	Runner	flutter: └───────────────────────────────────────────────────────────────────────────────────────────────────
默认	11:30:23.967293+0800	Runner	flutter: ┌───────────────────────────────────────────────────────────────────────────────────────────────────
默认	11:30:23.967310+0800	Runner	flutter: │ [AdjustEvent] Adjust event tracked: paywall_pageview
默认	11:30:23.967458+0800	Runner	flutter: └───────────────────────────────────────────────────────────────────────────────────────────────────
默认	11:30:23.974515+0800	Runner	flutter: ┌───────────────────────────────────────────────────────────────────────────────────────────────────
默认	11:30:23.974560+0800	Runner	flutter: │ [EventTracking] name=paywall_product_load_start id=a04f8305-9c16-4a17-8d31-faf31f19ef79 time=1783654223973 props={"page_from":"search_fake"}
默认	11:30:23.974596+0800	Runner	flutter: └───────────────────────────────────────────────────────────────────────────────────────────────────
默认	11:30:23.977492+0800	Runner	Reloading input views for key-window scene responder: <FlutterTextInputView: 0x115dd9000; frame = (0 0; 1 1); > force:N
默认	11:30:23.977747+0800	Runner	_inputViewsForResponder: <FlutterTextInputView: 0x115dd9000; frame = (0 0; 1 1); >, automaticKeyboard: 1, force: 0
默认	11:30:23.983341+0800	Runner	-_teardownExistingDelegate:(nil) forSetDelegate:<FlutterTextInputView: 0x115dd9000> force:NO delayEndInputSession:YES
默认	11:30:24.023073+0800	Runner	-_teardownExistingDelegate:<FlutterTextInputView: 0x115dd9000> forSetDelegate:(nil) force:NO delayEndInputSession:NO
默认	11:30:24.098493+0800	Runner	flutter: ┌───────────────────────────────────────────────────────────────────────────────────────────────────
默认	11:30:24.098505+0800	Runner	flutter: │ [FirebaseAnalytics] Firebase event logged: paywall_pageview
默认	11:30:24.098545+0800	Runner	flutter: └───────────────────────────────────────────────────────────────────────────────────────────────────
默认	11:30:24.098563+0800	Runner	flutter: ┌───────────────────────────────────────────────────────────────────────────────────────────────────
默认	11:30:24.098680+0800	Runner	flutter: │ [FacebookAppEvents] Facebook App Events logged: paywall_pageview
默认	11:30:24.098758+0800	Runner	flutter: └───────────────────────────────────────────────────────────────────────────────────────────────────
默认	11:30:24.108441+0800	Runner	flutter: ┌───────────────────────────────────────────────────────────────────────────────────────────────────
默认	11:30:24.108550+0800	Runner	flutter: │ [HTTP] --> POST https://api.truthy.top/gateway/invoke service=tool.subscription.SubscriptionService method=ListSubscriptionProducts
默认	11:30:24.108570+0800	Runner	flutter: └───────────────────────────────────────────────────────────────────────────────────────────────────
默认	11:30:24.108578+0800	Runner	flutter: ┌───────────────────────────────────────────────────────────────────────────────────────────────────
默认	11:30:24.108618+0800	Runner	flutter: │ [HTTP] request:
默认	11:30:24.108648+0800	Runner	flutter: │ {
默认	11:30:24.108656+0800	Runner	flutter: │   "comm": {
默认	11:30:24.108684+0800	Runner	flutter: │     "auth_token": "***",
默认	11:30:24.108732+0800	Runner	flutter: │     "user_id": "user_e5f97712121ebfac3d6f6407",
默认	11:30:24.108750+0800	Runner	flutter: │     "device_id": "c5ece928-513e-4e75-a500-28479ac5102a",
默认	11:30:24.108814+0800	Runner	flutter: │     "client_request_id": "crid_1783654223974233",
默认	11:30:24.108830+0800	Runner	flutter: │     "platform": "ios",
默认	11:30:24.108839+0800	Runner	flutter: │     "app_version": "1.0.0",
默认	11:30:24.108848+0800	Runner	flutter: │     "locale": "zh-Hans-HK",
默认	11:30:24.108856+0800	Runner	flutter: │     "country": "HK",
默认	11:30:24.108865+0800	Runner	flutter: │     "timezone": "UTC+08:00"
默认	11:30:24.108872+0800	Runner	flutter: │   },
默认	11:30:24.108880+0800	Runner	flutter: │   "requests": [
默认	11:30:24.108907+0800	Runner	flutter: │     {
默认	11:30:24.108916+0800	Runner	flutter: │       "id": "req_0",
默认	11:30:24.108923+0800	Runner	flutter: │       "service_name": "tool.subscription.SubscriptionService",
默认	11:30:24.108932+0800	Runner	flutter: │       "method_name": "ListSubscriptionProducts",
默认	11:30:24.108941+0800	Runner	flutter: │       "params": {
默认	11:30:24.108999+0800	Runner	flutter: │         "platform": "ios",
默认	11:30:24.109158+0800	Runner	flutter: │         "region_code": "US",
默认	11:30:24.109185+0800	Runner	flutter: │         "product_code": "people_insight"
默认	11:30:24.110758+0800	Runner	flutter: │       }
默认	11:30:24.110908+0800	Runner	flutter: │     }
默认	11:30:24.110925+0800	Runner	flutter: │   ]
默认	11:30:24.110938+0800	Runner	flutter: │ }
默认	11:30:24.110958+0800	Runner	flutter: └───────────────────────────────────────────────────────────────────────────────────────────────────
默认	11:30:24.113639+0800	Runner	flutter: ┌───────────────────────────────────────────────────────────────────────────────────────────────────
默认	11:30:24.113656+0800	Runner	flutter: │ [HTTP] --> POST https://api.truthy.top/gateway/invoke service=tool.event_tracking.EventTrackingService method=TrackEvents
默认	11:30:24.113673+0800	Runner	flutter: └───────────────────────────────────────────────────────────────────────────────────────────────────
默认	11:30:24.113682+0800	Runner	flutter: ┌───────────────────────────────────────────────────────────────────────────────────────────────────
默认	11:30:24.113708+0800	Runner	flutter: │ [HTTP] request:
默认	11:30:24.113723+0800	Runner	flutter: │ {
默认	11:30:24.113740+0800	Runner	flutter: │   "comm": {
默认	11:30:24.113789+0800	Runner	flutter: │     "auth_token": "***",
默认	11:30:24.113857+0800	Runner	flutter: │     "user_id": "user_e5f97712121ebfac3d6f6407",
默认	11:30:24.113878+0800	Runner	flutter: │     "device_id": "c5ece928-513e-4e75-a500-28479ac5102a",
默认	11:30:24.113919+0800	Runner	flutter: │     "client_request_id": "crid_1783654224073024",
默认	11:30:24.113972+0800	Runner	flutter: │     "platform": "ios",
默认	11:30:24.114017+0800	Runner	flutter: │     "app_version": "1.0.0",
默认	11:30:24.114056+0800	Runner	flutter: │     "locale": "zh-Hans-HK",
默认	11:30:24.114074+0800	Runner	flutter: │     "country": "HK",
默认	11:30:24.114120+0800	Runner	flutter: │     "timezone": "UTC+08:00"
默认	11:30:24.114128+0800	Runner	flutter: │   },
默认	11:30:24.114162+0800	Runner	flutter: │   "requests": [
默认	11:30:24.114191+0800	Runner	flutter: │     {
默认	11:30:24.114265+0800	Runner	flutter: │       "id": "req_0",
默认	11:30:24.114289+0800	Runner	flutter: │       "service_name": "tool.event_tracking.EventTrackingService",
默认	11:30:24.114308+0800	Runner	flutter: │       "method_name": "TrackEvents",
默认	11:30:24.114325+0800	Runner	flutter: │       "params": {
默认	11:30:24.114429+0800	Runner	flutter: │         "events": [
默认	11:30:24.114464+0800	Runner	flutter: │           {
默认	11:30:24.114552+0800	Runner	flutter: │             "event_id": "66becc69-86ea-435e-877f-3cd8fab2d248",
默认	11:30:24.114571+0800	Runner	flutter: │             "event_name": "app_page_stay",
默认	11:30:24.114720+0800	Runner	flutter: │             "event_time_ms": 1783654223962,
默认	11:30:24.114749+0800	Runner	flutter: │             "properties": {
默认	11:30:24.114765+0800	Runner	flutter: │               "logtime": 1783654223962,
默认	11:30:24.114795+0800	Runner	flutter: │               "log_id": "66becc69-86ea-435e-877f-3cd8fab2d248",
默认	11:30:24.114830+0800	Runner	flutter: │               "net": "wifi",
默认	11:30:24.114898+0800	Runner	flutter: │               "pkg": "com.sparkjam.truthy.ios",
默认	11:30:24.114911+0800	Runner	flutter: │               "bucket": 56,
默认	11:30:24.115499+0800	Runner	flutter: │               "abslot": 21,
默认	11:30:24.115617+0800	Runner	flutter: │               "ram": "3684MB",
默认	11:30:24.115725+0800	Runner	flutter: │               "cpu": "arm64",
默认	11:30:24.115925+0800	Runner	flutter: │               "sh": 844,
默认	11:30:24.115957+0800	Runner	flutter: │               "sw": 390,
默认	11:30:24.115993+0800	Runner	flutter: │               "city": "",
默认	11:30:24.116003+0800	Runner	flutter: │               "ste": "",
默认	11:30:24.116012+0800	Runner	flutter: │               "lat": "",
默认	11:30:24.116029+0800	Runner	flutter: │               "lng": "",
默认	11:30:24.116036+0800	Runner	flutter: │               "sty": "desk",
默认	11:30:24.116044+0800	Runner	flutter: │               "isp": "",
默认	11:30:24.116060+0800	Runner	flutter: │               "mod": "iphone13,2",
默认	11:30:24.116072+0800	Runner	flutter: │               "brd": "apple",
默认	11:30:24.116080+0800	Runner	flutter: │               "os": "26.3.1",
默认	11:30:24.116111+0800	Runner	flutter: │               "pf": "ios",
默认	11:30:24.116162+0800	Runner	flutter: │               "slan": "zh",
默认	11:30:24.116169+0800	Runner	flutter: │               "reg": "HK",
默认	11:30:24.116178+0800	Runner	flutter: │               "cou": "HK",
默认	11:30:24.116185+0800	Runner	flutter: │               "sub": "",
默认	11:30:24.116229+0800	Runner	flutter: │               "cha": "",
默认	11:30:24.116256+0800	Runner	flutter: │               "verc": "10000",
默认	11:30:24.116265+0800	Runner	flutter: │               "ver": "1.0.0",
默认	11:30:24.116272+0800	Runner	flutter: │               "sid": "5094b07b-cc63-4868-b4ac-6bced54db906",
默认	11:30:24.116344+0800	Runner	flutter: │               "uuid": "***",
默认	11:30:24.116354+0800	Runner	flutter: │               "idfa": "***",
默认	11:30:24.116415+0800	Runner	flutter: │               "idfv": "***",
默认	11:30:24.116461+0800	Runner	flutter: │               "aid": "***",
默认	11:30:24.116471+0800	Runner	flutter: │               "gaid": "***",
默认	11:30:24.116487+0800	Runner	flutter: │               "did": "***",
默认	11:30:24.116507+0800	Runner	flutter: │               "uid": "***",
默认	11:30:24.116533+0800	Runner	flutter: │               "anm": "Truthy",
默认	11:30:24.116573+0800	Runner	flutter: │               "push_id": "",
默认	11:30:24.116585+0800	Runner	flutter: │               "push_type": "",
默认	11:30:24.116607+0800	Runner	flutter: │               "is_pro": "0",
默认	11:30:24.116955+0800	Runner	flutter: │               "page_from": "search_fake",
默认	11:30:24.116971+0800	Runner	flutter: │               "duration_s": 7
默认	11:30:24.116982+0800	Runner	flutter: │             }
默认	11:30:24.117002+0800	Runner	flutter: │           }
默认	11:30:24.117347+0800	Runner	flutter: │         ]
默认	11:30:24.117374+0800	Runner	flutter: │       }
默认	11:30:24.117383+0800	Runner	flutter: │     }
默认	11:30:24.117449+0800	Runner	flutter: │   ]
默认	11:30:24.117469+0800	Runner	flutter: │ }
默认	11:30:24.117494+0800	Runner	flutter: └───────────────────────────────────────────────────────────────────────────────────────────────────
默认	11:30:25.617451+0800	Runner	flutter: ┌───────────────────────────────────────────────────────────────────────────────────────────────────
默认	11:30:25.617474+0800	Runner	flutter: │ [HTTP] <-- 200 POST https://api.truthy.top/gateway/invoke service=tool.subscription.SubscriptionService method=ListSubscriptionProducts
默认	11:30:25.617495+0800	Runner	flutter: └───────────────────────────────────────────────────────────────────────────────────────────────────
默认	11:30:25.617753+0800	Runner	flutter: ┌───────────────────────────────────────────────────────────────────────────────────────────────────
默认	11:30:25.617769+0800	Runner	flutter: │ [HTTP] response:
默认	11:30:25.617809+0800	Runner	flutter: │ {
默认	11:30:25.617851+0800	Runner	flutter: │   "code": 0,
默认	11:30:25.618033+0800	Runner	flutter: │   "message": "ok",
默认	11:30:25.618122+0800	Runner	flutter: │   "request_id": "gw_req_fedc5f3d6bec9c305316d8e74ef5856a",
默认	11:30:25.618136+0800	Runner	flutter: │   "trace_id": "trace_bcb34492659f2e2f4fea6ac2a9e4ec8c",
默认	11:30:25.618148+0800	Runner	flutter: │   "responses": [
默认	11:30:25.618158+0800	Runner	flutter: │     {
默认	11:30:25.618228+0800	Runner	flutter: │       "id": "req_0",
默认	11:30:25.618246+0800	Runner	flutter: │       "success": true,
默认	11:30:25.618278+0800	Runner	flutter: │       "code": 0,
默认	11:30:25.618333+0800	Runner	flutter: │       "message": "ok",
默认	11:30:25.618396+0800	Runner	flutter: │       "data": {
默认	11:30:25.618442+0800	Runner	flutter: │         "items": [
默认	11:30:25.618544+0800	Runner	flutter: │           {
默认	11:30:25.618552+0800	Runner	flutter: │             "benefits": [
默认	11:30:25.618592+0800	Runner	flutter: │               "Search access",
默认	11:30:25.618635+0800	Runner	flutter: │               "10 searches per month",
默认	11:30:25.618675+0800	Runner	flutter: │               "VIP level 1"
默认	11:30:25.618720+0800	Runner	flutter: │             ],
默认	11:30:25.618767+0800	Runner	flutter: │             "billing_period": "week",
默认	11:30:25.618830+0800	Runner	flutter: │             "display_name": "Weekly Access",
默认	11:30:25.618875+0800	Runner	flutter: │             "display_order": 10,
默认	11:30:25.618921+0800	Runner	flutter: │             "is_default": true,
默认	11:30:25.618973+0800	Runner	flutter: │             "is_purchasable": true,
默认	11:30:25.619021+0800	Runner	flutter: │             "metadata": {
默认	11:30:25.619180+0800	Runner	flutter: │               "seed": true,
默认	11:30:25.619193+0800	Runner	flutter: │               "source": "apple_app_store_connect"
默认	11:30:25.619200+0800	Runner	flutter: │             },
默认	11:30:25.619271+0800	Runner	flutter: │             "offer": {
默认	11:30:25.619280+0800	Runner	flutter: │               "amount_minor": 999,
默认	11:30:25.619316+0800	Runner	flutter: │               "currency": "USD",
默认	11:30:25.619354+0800	Runner	flutter: │               "currency_symbol": "$",
默认	11:30:25.619394+0800	Runner	flutter: │               "intro_amount_minor": 399,
默认	11:30:25.619465+0800	Runner	flutter: │               "intro_currency": "USD",
默认	11:30:25.619505+0800	Runner	flutter: │               "intro_currency_symbol": "$",
默认	11:30:25.619544+0800	Runner	flutter: │               "intro_period": "week"
默认	11:30:25.619597+0800	Runner	flutter: │             },
默认	11:30:25.619848+0800	Runner	flutter: │             "plan_code": "basic",
默认	11:30:25.619868+0800	Runner	flutter: │             "platform": "ios",
默认	11:30:25.619878+0800	Runner	flutter: │             "product_code": "people_insight",
默认	11:30:25.619889+0800	Runner	flutter: │             "product_id": "sku_truthy_premium_weekly_ios",
默认	11:30:25.619896+0800	Runner	flutter: │             "product_type": "subscription",
默认	11:30:25.619904+0800	Runner	flutter: │             "region_code": "",
默认	11:30:25.619952+0800	Runner	flutter: │             "store_product_id": "com.truthy.premium.w",
默认	11:30:25.619997+0800	Runner	flutter: │             "store_provider": "app_store"
默认	11:30:25.620011+0800	Runner	flutter: │           },
默认	11:30:25.620182+0800	Runner	flutter: │           {
默认	11:30:25.620194+0800	Runner	flutter: │             "benefits": [
默认	11:30:25.620203+0800	Runner	flutter: │               "Search access",
默认	11:30:25.620228+0800	Runner	flutter: │               "10 searches per month",
默认	11:30:25.620237+0800	Runner	flutter: │               "VIP level 1"
默认	11:30:25.620336+0800	Runner	flutter: │             ],
默认	11:30:25.620424+0800	Runner	flutter: │             "billing_period": "year",
默认	11:30:25.620470+0800	Runner	flutter: │             "display_name": "Annual Plan",
默认	11:30:25.620481+0800	Runner	flutter: │             "display_order": 20,
默认	11:30:25.620532+0800	Runner	flutter: │             "is_default": false,
默认	11:30:25.620595+0800	Runner	flutter: │             "is_purchasable": true,
默认	11:30:25.620654+0800	Runner	flutter: │             "metadata": {
默认	11:30:25.620707+0800	Runner	flutter: │               "seed": true,
默认	11:30:25.620750+0800	Runner	flutter: │               "source": "apple_app_store_connect"
默认	11:30:25.620862+0800	Runner	flutter: │             },
默认	11:30:25.620873+0800	Runner	flutter: │             "offer": {
默认	11:30:25.620917+0800	Runner	flutter: │               "amount_minor": 3999,
默认	11:30:25.620929+0800	Runner	flutter: │               "currency": "USD",
默认	11:30:25.621021+0800	Runner	flutter: │               "currency_symbol": "$"
默认	11:30:25.621078+0800	Runner	flutter: │             },
默认	11:30:25.621124+0800	Runner	flutter: │             "plan_code": "basic",
默认	11:30:25.621136+0800	Runner	flutter: │             "platform": "ios",
默认	11:30:25.621182+0800	Runner	flutter: │             "product_code": "people_insight",
默认	11:30:25.621225+0800	Runner	flutter: │             "product_id": "sku_truthy_premium_yearly_ios",
默认	11:30:25.621269+0800	Runner	flutter: │             "product_type": "subscription",
默认	11:30:25.621309+0800	Runner	flutter: │             "region_code": "",
默认	11:30:25.621433+0800	Runner	flutter: │             "store_product_id": "com.truthy.premium.y",
默认	11:30:25.621445+0800	Runner	flutter: │             "store_provider": "app_store"
默认	11:30:25.621454+0800	Runner	flutter: │           }
默认	11:30:25.621542+0800	Runner	flutter: │         ]
默认	11:30:25.621568+0800	Runner	flutter: │       }
默认	11:30:25.621625+0800	Runner	flutter: │     }
默认	11:30:25.621637+0800	Runner	flutter: │   ]
默认	11:30:25.621675+0800	Runner	flutter: │ }
默认	11:30:25.621818+0800	Runner	flutter: └───────────────────────────────────────────────────────────────────────────────────────────────────
默认	11:30:25.634310+0800	Runner	flutter: ┌───────────────────────────────────────────────────────────────────────────────────────────────────
默认	11:30:25.634375+0800	Runner	flutter: │ [HTTP] <-- 200 POST https://api.truthy.top/gateway/invoke service=tool.event_tracking.EventTrackingService method=TrackEvents
默认	11:30:25.634422+0800	Runner	flutter: └───────────────────────────────────────────────────────────────────────────────────────────────────
默认	11:30:25.634789+0800	Runner	flutter: ┌───────────────────────────────────────────────────────────────────────────────────────────────────
默认	11:30:25.634840+0800	Runner	flutter: │ [HTTP] response:
默认	11:30:25.634865+0800	Runner	flutter: │ {
默认	11:30:25.634876+0800	Runner	flutter: │   "code": 0,
默认	11:30:25.634891+0800	Runner	flutter: │   "message": "ok",
默认	11:30:25.634932+0800	Runner	flutter: │   "request_id": "gw_req_3c7176d9246652016924b9bb326e5c9d",
默认	11:30:25.634973+0800	Runner	flutter: │   "trace_id": "trace_47d74b9aba11c80f7ed26128620ed232",
默认	11:30:25.634987+0800	Runner	flutter: │   "responses": [
默认	11:30:25.635027+0800	Runner	flutter: │     {
默认	11:30:25.635068+0800	Runner	flutter: │       "id": "req_0",
默认	11:30:25.635917+0800	Runner	flutter: │       "success": true,
默认	11:30:25.635945+0800	Runner	flutter: │       "code": 0,
默认	11:30:25.635955+0800	Runner	flutter: │       "message": "ok",
默认	11:30:25.635962+0800	Runner	flutter: │       "data": {
默认	11:30:25.636104+0800	Runner	flutter: │         "request_id": "gw_req_3c7176d9246652016924b9bb326e5c9d",
默认	11:30:25.636117+0800	Runner	flutter: │         "trace_id": "trace_47d74b9aba11c80f7ed26128620ed232",
默认	11:30:25.636127+0800	Runner	flutter: │         "accepted_count": 1,
默认	11:30:25.636137+0800	Runner	flutter: │         "event_name": "app_page_stay",
默认	11:30:25.636146+0800	Runner	flutter: │         "event_names": [
默认	11:30:25.636153+0800	Runner	flutter: │           "app_page_stay"
默认	11:30:25.636162+0800	Runner	flutter: │         ],
默认	11:30:25.636177+0800	Runner	flutter: │         "events": [
默认	11:30:25.636184+0800	Runner	flutter: │           {
默认	11:30:25.636193+0800	Runner	flutter: │             "index": 0,
默认	11:30:25.636202+0800	Runner	flutter: │             "event_id": "66becc69-86ea-435e-877f-3cd8fab2d248",
默认	11:30:25.636209+0800	Runner	flutter: │             "event_name": "app_page_stay",
默认	11:30:25.636267+0800	Runner	flutter: │             "status": "accepted"
默认	11:30:25.636280+0800	Runner	flutter: │           }
默认	11:30:25.636293+0800	Runner	flutter: │         ]
默认	11:30:25.636303+0800	Runner	flutter: │       }
默认	11:30:25.636315+0800	Runner	flutter: │     }
默认	11:30:25.636334+0800	Runner	flutter: │   ]
默认	11:30:25.636385+0800	Runner	flutter: │ }
默认	11:30:25.636406+0800	Runner	flutter: └───────────────────────────────────────────────────────────────────────────────────────────────────
默认	11:30:25.658387+0800	Runner	flutter: ┌───────────────────────────────────────────────────────────────────────────────────────────────────
默认	11:30:25.658436+0800	Runner	flutter: │ [HTTP] --> POST https://api.truthy.top/gateway/invoke service=tool.event_tracking.EventTrackingService method=TrackEvents
默认	11:30:25.658476+0800	Runner	flutter: └───────────────────────────────────────────────────────────────────────────────────────────────────
默认	11:30:25.658710+0800	Runner	flutter: ┌───────────────────────────────────────────────────────────────────────────────────────────────────
默认	11:30:25.658730+0800	Runner	flutter: │ [HTTP] request:
默认	11:30:25.658746+0800	Runner	flutter: │ {
默认	11:30:25.658808+0800	Runner	flutter: │   "comm": {
默认	11:30:25.658833+0800	Runner	flutter: │     "auth_token": "***",
默认	11:30:25.658843+0800	Runner	flutter: │     "user_id": "user_e5f97712121ebfac3d6f6407",
默认	11:30:25.658854+0800	Runner	flutter: │     "device_id": "c5ece928-513e-4e75-a500-28479ac5102a",
默认	11:30:25.658910+0800	Runner	flutter: │     "client_request_id": "crid_1783654225655753",
默认	11:30:25.658924+0800	Runner	flutter: │     "platform": "ios",
默认	11:30:25.658932+0800	Runner	flutter: │     "app_version": "1.0.0",
默认	11:30:25.658945+0800	Runner	flutter: │     "locale": "zh-Hans-HK",
默认	11:30:25.658972+0800	Runner	flutter: │     "country": "HK",
默认	11:30:25.659008+0800	Runner	flutter: │     "timezone": "UTC+08:00"
默认	11:30:25.659017+0800	Runner	flutter: │   },
默认	11:30:25.659106+0800	Runner	flutter: │   "requests": [
默认	11:30:25.659117+0800	Runner	flutter: │     {
默认	11:30:25.659126+0800	Runner	flutter: │       "id": "req_0",
默认	11:30:25.659135+0800	Runner	flutter: │       "service_name": "tool.event_tracking.EventTrackingService",
默认	11:30:25.659203+0800	Runner	flutter: │       "method_name": "TrackEvents",
默认	11:30:25.659216+0800	Runner	flutter: │       "params": {
默认	11:30:25.659226+0800	Runner	flutter: │         "events": [
默认	11:30:25.659306+0800	Runner	flutter: │           {
默认	11:30:25.659356+0800	Runner	flutter: │             "event_id": "e5b04b1e-82c0-4874-b9bb-5bc8125ab5fe",
默认	11:30:25.659383+0800	Runner	flutter: │             "event_name": "app_page_stay",
默认	11:30:25.659392+0800	Runner	flutter: │             "event_time_ms": 1783654223965,
默认	11:30:25.659399+0800	Runner	flutter: │             "properties": {
默认	11:30:25.659408+0800	Runner	flutter: │               "logtime": 1783654223965,
默认	11:30:25.659415+0800	Runner	flutter: │               "log_id": "e5b04b1e-82c0-4874-b9bb-5bc8125ab5fe",
默认	11:30:25.659424+0800	Runner	flutter: │               "net": "wifi",
默认	11:30:25.659499+0800	Runner	flutter: │               "pkg": "com.sparkjam.truthy.ios",
默认	11:30:25.659511+0800	Runner	flutter: │               "bucket": 56,
默认	11:30:25.659518+0800	Runner	flutter: │               "abslot": 21,
默认	11:30:25.659554+0800	Runner	flutter: │               "ram": "3684MB",
默认	11:30:25.659565+0800	Runner	flutter: │               "cpu": "arm64",
默认	11:30:25.659586+0800	Runner	flutter: │               "sh": 844,
默认	11:30:25.659599+0800	Runner	flutter: │               "sw": 390,
默认	11:30:25.659663+0800	Runner	flutter: │               "city": "",
默认	11:30:25.659674+0800	Runner	flutter: │               "ste": "",
默认	11:30:25.659863+0800	Runner	flutter: │               "lat": "",
默认	11:30:25.659919+0800	Runner	flutter: │               "lng": "",
默认	11:30:25.659929+0800	Runner	flutter: │               "sty": "desk",
默认	11:30:25.659946+0800	Runner	flutter: │               "isp": "",
默认	11:30:25.659955+0800	Runner	flutter: │               "mod": "iphone13,2",
默认	11:30:25.659965+0800	Runner	flutter: │               "brd": "apple",
默认	11:30:25.659972+0800	Runner	flutter: │               "os": "26.3.1",
默认	11:30:25.659981+0800	Runner	flutter: │               "pf": "ios",
默认	11:30:25.659989+0800	Runner	flutter: │               "slan": "zh",
默认	11:30:25.659996+0800	Runner	flutter: │               "reg": "HK",
默认	11:30:25.660033+0800	Runner	flutter: │               "cou": "HK",
默认	11:30:25.660053+0800	Runner	flutter: │               "sub": "",
默认	11:30:25.660093+0800	Runner	flutter: │               "cha": "",
默认	11:30:25.660104+0800	Runner	flutter: │               "verc": "10000",
默认	11:30:25.660171+0800	Runner	flutter: │               "ver": "1.0.0",
默认	11:30:25.660195+0800	Runner	flutter: │               "sid": "5094b07b-cc63-4868-b4ac-6bced54db906",
默认	11:30:25.660203+0800	Runner	flutter: │               "uuid": "***",
默认	11:30:25.660263+0800	Runner	flutter: │               "idfa": "***",
默认	11:30:25.660286+0800	Runner	flutter: │               "idfv": "***",
默认	11:30:25.660295+0800	Runner	flutter: │               "aid": "***",
默认	11:30:25.660337+0800	Runner	flutter: │               "gaid": "***",
默认	11:30:25.660351+0800	Runner	flutter: │               "did": "***",
默认	11:30:25.660361+0800	Runner	flutter: │               "uid": "***",
默认	11:30:25.660417+0800	Runner	flutter: │               "anm": "Truthy",
默认	11:30:25.660479+0800	Runner	flutter: │               "push_id": "",
默认	11:30:25.660487+0800	Runner	flutter: │               "push_type": "",
默认	11:30:25.660496+0800	Runner	flutter: │               "is_pro": "0",
默认	11:30:25.660512+0800	Runner	flutter: │               "page_from": "lead",
默认	11:30:25.660536+0800	Runner	flutter: │               "duration_s": 0
默认	11:30:25.660543+0800	Runner	flutter: │             }
默认	11:30:25.660552+0800	Runner	flutter: │           },
默认	11:30:25.660614+0800	Runner	flutter: │           {
默认	11:30:25.660685+0800	Runner	flutter: │             "event_id": "5b9092a0-2e77-4ba0-99a6-ed52edc3fbf9",
默认	11:30:25.660705+0800	Runner	flutter: │             "event_name": "paywall_pageview",
默认	11:30:25.660715+0800	Runner	flutter: │             "event_time_ms": 1783654223966,
默认	11:30:25.660723+0800	Runner	flutter: │             "properties": {
默认	11:30:25.660744+0800	Runner	flutter: │               "logtime": 1783654223966,
默认	11:30:25.660814+0800	Runner	flutter: │               "log_id": "5b9092a0-2e77-4ba0-99a6-ed52edc3fbf9",
默认	11:30:25.660826+0800	Runner	flutter: │               "net": "wifi",
默认	11:30:25.660883+0800	Runner	flutter: │               "pkg": "com.sparkjam.truthy.ios",
默认	11:30:25.660895+0800	Runner	flutter: │               "bucket": 56,
默认	11:30:25.660959+0800	Runner	flutter: │               "abslot": 21,
默认	11:30:25.660970+0800	Runner	flutter: │               "ram": "3684MB",
默认	11:30:25.661026+0800	Runner	flutter: │               "cpu": "arm64",
默认	11:30:25.661086+0800	Runner	flutter: │               "sh": 844,
默认	11:30:25.661212+0800	Runner	flutter: │               "sw": 390,
默认	11:30:25.661225+0800	Runner	flutter: │               "city": "",
默认	11:30:25.661303+0800	Runner	flutter: │               "ste": "",
默认	11:30:25.661317+0800	Runner	flutter: │               "lat": "",
默认	11:30:25.661329+0800	Runner	flutter: │               "lng": "",
默认	11:30:25.661340+0800	Runner	flutter: │               "sty": "desk",
默认	11:30:25.661350+0800	Runner	flutter: │               "isp": "",
默认	11:30:25.661374+0800	Runner	flutter: │               "mod": "iphone13,2",
默认	11:30:25.661382+0800	Runner	flutter: │               "brd": "apple",
默认	11:30:25.661422+0800	Runner	flutter: │               "os": "26.3.1",
默认	11:30:25.661437+0800	Runner	flutter: │               "pf": "ios",
默认	11:30:25.661447+0800	Runner	flutter: │               "slan": "zh",
默认	11:30:25.661546+0800	Runner	flutter: │               "reg": "HK",
默认	11:30:25.661557+0800	Runner	flutter: │               "cou": "HK",
默认	11:30:25.661566+0800	Runner	flutter: │               "sub": "",
默认	11:30:25.661573+0800	Runner	flutter: │               "cha": "",
默认	11:30:25.661662+0800	Runner	flutter: │               "verc": "10000",
默认	11:30:25.661695+0800	Runner	flutter: │               "ver": "1.0.0",
默认	11:30:25.661747+0800	Runner	flutter: │               "sid": "5094b07b-cc63-4868-b4ac-6bced54db906",
默认	11:30:25.661765+0800	Runner	flutter: │               "uuid": "***",
默认	11:30:25.661773+0800	Runner	flutter: │               "idfa": "***",
默认	11:30:25.661782+0800	Runner	flutter: │               "idfv": "***",
默认	11:30:25.661791+0800	Runner	flutter: │               "aid": "***",
默认	11:30:25.661830+0800	Runner	flutter: │               "gaid": "***",
默认	11:30:25.661842+0800	Runner	flutter: │               "did": "***",
默认	11:30:25.661895+0800	Runner	flutter: │               "uid": "***",
默认	11:30:25.661906+0800	Runner	flutter: │               "anm": "Truthy",
默认	11:30:25.661940+0800	Runner	flutter: │               "push_id": "",
默认	11:30:25.662004+0800	Runner	flutter: │               "push_type": "",
默认	11:30:25.662015+0800	Runner	flutter: │               "is_pro": "0",
默认	11:30:25.662076+0800	Runner	flutter: │               "page_from": "search_fake"
默认	11:30:25.662087+0800	Runner	flutter: │             }
默认	11:30:25.662153+0800	Runner	flutter: │           },
默认	11:30:25.662163+0800	Runner	flutter: │           {
默认	11:30:25.662235+0800	Runner	flutter: │             "event_id": "a04f8305-9c16-4a17-8d31-faf31f19ef79",
默认	11:30:25.662247+0800	Runner	flutter: │             "event_name": "paywall_product_load_start",
默认	11:30:25.662256+0800	Runner	flutter: │             "event_time_ms": 1783654223973,
默认	11:30:25.662321+0800	Runner	flutter: │             "properties": {
默认	11:30:25.662333+0800	Runner	flutter: │               "logtime": 1783654223973,
默认	11:30:25.662379+0800	Runner	flutter: │               "log_id": "a04f8305-9c16-4a17-8d31-faf31f19ef79",
默认	11:30:25.662478+0800	Runner	flutter: │               "net": "wifi",
默认	11:30:25.662825+0800	Runner	flutter: │               "pkg": "com.sparkjam.truthy.ios",
默认	11:30:25.662839+0800	Runner	flutter: │               "bucket": 56,
默认	11:30:25.662847+0800	Runner	flutter: │               "abslot": 21,
默认	11:30:25.662856+0800	Runner	flutter: │               "ram": "3684MB",
默认	11:30:25.662864+0800	Runner	flutter: │               "cpu": "arm64",
默认	11:30:25.662873+0800	Runner	flutter: │               "sh": 844,
默认	11:30:25.662880+0800	Runner	flutter: │               "sw": 390,
默认	11:30:25.662889+0800	Runner	flutter: │               "city": "",
默认	11:30:25.662897+0800	Runner	flutter: │               "ste": "",
默认	11:30:25.662904+0800	Runner	flutter: │               "lat": "",
默认	11:30:25.662913+0800	Runner	flutter: │               "lng": "",
默认	11:30:25.662919+0800	Runner	flutter: │               "sty": "desk",
默认	11:30:25.662945+0800	Runner	flutter: │               "isp": "",
默认	11:30:25.662966+0800	Runner	flutter: │               "mod": "iphone13,2",
默认	11:30:25.662987+0800	Runner	flutter: │               "brd": "apple",
默认	11:30:25.663045+0800	Runner	flutter: │               "os": "26.3.1",
默认	11:30:25.663094+0800	Runner	flutter: │               "pf": "ios",
默认	11:30:25.663106+0800	Runner	flutter: │               "slan": "zh",
默认	11:30:25.663146+0800	Runner	flutter: │               "reg": "HK",
默认	11:30:25.663153+0800	Runner	flutter: │               "cou": "HK",
默认	11:30:25.663172+0800	Runner	flutter: │               "sub": "",
默认	11:30:25.663223+0800	Runner	flutter: │               "cha": "",
默认	11:30:25.663288+0800	Runner	flutter: │               "verc": "10000",
默认	11:30:25.663300+0800	Runner	flutter: │               "ver": "1.0.0",
默认	11:30:25.663361+0800	Runner	flutter: │               "sid": "5094b07b-cc63-4868-b4ac-6bced54db906",
默认	11:30:25.663495+0800	Runner	flutter: │               "uuid": "***",
默认	11:30:25.663503+0800	Runner	flutter: │               "idfa": "***",
默认	11:30:25.663594+0800	Runner	flutter: │               "idfv": "***",
默认	11:30:25.663724+0800	Runner	flutter: │               "aid": "***",
默认	11:30:25.663736+0800	Runner	flutter: │               "gaid": "***",
默认	11:30:25.663855+0800	Runner	flutter: │               "did": "***",
默认	11:30:25.663877+0800	Runner	flutter: │               "uid": "***",
默认	11:30:25.663885+0800	Runner	flutter: │               "anm": "Truthy",
默认	11:30:25.663892+0800	Runner	flutter: │               "push_id": "",
默认	11:30:25.663901+0800	Runner	flutter: │               "push_type": "",
默认	11:30:25.663908+0800	Runner	flutter: │               "is_pro": "0",
默认	11:30:25.663917+0800	Runner	flutter: │               "page_from": "search_fake"
默认	11:30:25.663924+0800	Runner	flutter: │             }
默认	11:30:25.663933+0800	Runner	flutter: │           }
默认	11:30:25.663940+0800	Runner	flutter: │         ]
默认	11:30:25.664107+0800	Runner	flutter: │       }
默认	11:30:25.664134+0800	Runner	flutter: │     }
默认	11:30:25.664155+0800	Runner	flutter: │   ]
默认	11:30:25.664165+0800	Runner	flutter: │ }
默认	11:30:25.664189+0800	Runner	flutter: └───────────────────────────────────────────────────────────────────────────────────────────────────
默认	11:30:25.688621+0800	Runner	flutter: ┌───────────────────────────────────────────────────────────────────────────────────────────────────
默认	11:30:25.688676+0800	Runner	flutter: │ [SubPurchase] store.products.query requested=[com.truthy.premium.w, com.truthy.premium.y] found=2 notFound=[] errorCode=<none> products=[productId=com.truthy.premium.w title=Truthy Premium Weekly description=Explore social profiles, verify photos, uncover risks. price=US$9.99 rawPrice=9.99 currency=USD currencySymbol=$ | productId=com.truthy.premium.y title=Truthy Premium Annual description=Explore social profiles, verify photos, uncover risks. price=US$39.99 rawPrice=39.989999999999995 currency=USD currencySymbol=$]
默认	11:30:25.688695+0800	Runner	flutter: └───────────────────────────────────────────────────────────────────────────────────────────────────
默认	11:30:25.688704+0800	Runner	flutter: ┌───────────────────────────────────────────────────────────────────────────────────────────────────
默认	11:30:25.688714+0800	Runner	flutter: │ [SubPurchase] store.products.intro productId=com.truthy.premium.y hasOffer=false
默认	11:30:25.688851+0800	Runner	flutter: └───────────────────────────────────────────────────────────────────────────────────────────────────
默认	11:30:25.715939+0800	Runner	flutter: ┌───────────────────────────────────────────────────────────────────────────────────────────────────
默认	11:30:25.715961+0800	Runner	flutter: │ [SubPurchase] store.products.intro productId=com.truthy.premium.w hasOffer=true eligibility=true introPrice=$3.99
默认	11:30:25.715979+0800	Runner	flutter: └───────────────────────────────────────────────────────────────────────────────────────────────────
默认	11:30:25.716020+0800	Runner	flutter: ┌───────────────────────────────────────────────────────────────────────────────────────────────────
默认	11:30:25.716037+0800	Runner	flutter: │ [EventTracking] name=paywall_product_load_success id=703696dc-62e1-44c7-9637-9be842af8fa0 time=1783654225715 props={"page_from":"search_fake","products_count":2}
默认	11:30:25.716057+0800	Runner	flutter: └───────────────────────────────────────────────────────────────────────────────────────────────────
默认	11:30:25.716160+0800	Runner	flutter: ┌───────────────────────────────────────────────────────────────────────────────────────────────────
默认	11:30:25.716171+0800	Runner	flutter: │ [EventTracking] name=paywall_plan_expose id=6d3866f2-1946-4f30-a843-d8e4072c2f13 time=1783654225716 props={"page_from":"search_fake","product_id":"sku_truthy_premium_weekly_ios","store_product_id":"com.truthy.premium.w","billing_period":"week","price_server":"$9.99","price_apple":"US$9.99","price_actual":"$3.99","amount_minor":999,"amount_minor_currency":"USD","apple_amount_minor":999,"apple_amount_minor_currency":"USD","actual_amount_minor":399,"actual_amount_minor_currency":"USD","intro_eligible":1,"intro_price":"$3.99","price":"$9.99","selected":1}
默认	11:30:25.716186+0800	Runner	flutter: └───────────────────────────────────────────────────────────────────────────────────────────────────
默认	11:30:25.716278+0800	Runner	flutter: ┌───────────────────────────────────────────────────────────────────────────────────────────────────
默认	11:30:25.716404+0800	Runner	flutter: │ [EventTracking] name=paywall_plan_expose id=93951f42-453a-4c10-b81b-47b57b2a816b time=1783654225716 props={"page_from":"search_fake","product_id":"sku_truthy_premium_yearly_ios","store_product_id":"com.truthy.premium.y","billing_period":"year","price_server":"$39.99","price_apple":"US$39.99","price_actual":"US$39.99","amount_minor":3999,"amount_minor_currency":"USD","apple_amount_minor":3999,"apple_amount_minor_currency":"USD","actual_amount_minor":3999,"actual_amount_minor_currency":"USD","intro_eligible":0,"intro_price":"","price":"$39.99","selected":0}
默认	11:30:25.716453+0800	Runner	flutter: └───────────────────────────────────────────────────────────────────────────────────────────────────
默认	11:30:25.716490+0800	Runner	flutter: ┌───────────────────────────────────────────────────────────────────────────────────────────────────
默认	11:30:25.716504+0800	Runner	flutter: │ [SubPurchase] coordinator.recoverUnfinished.start trigger=subscription_products_loaded products=2
默认	11:30:25.716517+0800	Runner	flutter: └───────────────────────────────────────────────────────────────────────────────────────────────────
默认	11:30:25.716528+0800	Runner	flutter: ┌───────────────────────────────────────────────────────────────────────────────────────────────────
默认	11:30:25.716540+0800	Runner	flutter: │ [SubPurchase] storekitRecovery.queryUnfinishedAll.start
默认	11:30:25.716557+0800	Runner	flutter: └───────────────────────────────────────────────────────────────────────────────────────────────────
默认	11:30:25.721251+0800	Runner	flutter: ┌───────────────────────────────────────────────────────────────────────────────────────────────────
默认	11:30:25.721352+0800	Runner	flutter: │ [SubPurchase] storekitRecovery.queryUnfinishedAll.result total=0
默认	11:30:25.721370+0800	Runner	flutter: └───────────────────────────────────────────────────────────────────────────────────────────────────
默认	11:30:25.721407+0800	Runner	flutter: ┌───────────────────────────────────────────────────────────────────────────────────────────────────
默认	11:30:25.721419+0800	Runner	flutter: │ [SubPurchase] coordinator.recoverStoreKitUnfinished.results count=0
默认	11:30:25.721429+0800	Runner	flutter: └───────────────────────────────────────────────────────────────────────────────────────────────────
默认	11:30:25.721466+0800	Runner	flutter: ┌───────────────────────────────────────────────────────────────────────────────────────────────────
默认	11:30:25.721476+0800	Runner	flutter: │ [SubPurchase] coordinator.recoverUnfinished.finish
默认	11:30:25.721479+0800	Runner	flutter: └───────────────────────────────────────────────────────────────────────────────────────────────────
默认	11:30:25.971965+0800	Runner	flutter: ┌───────────────────────────────────────────────────────────────────────────────────────────────────
默认	11:30:25.971982+0800	Runner	flutter: │ [HTTP] <-- 200 POST https://api.truthy.top/gateway/invoke service=tool.event_tracking.EventTrackingService method=TrackEvents
默认	11:30:25.972002+0800	Runner	flutter: └───────────────────────────────────────────────────────────────────────────────────────────────────
默认	11:30:25.972012+0800	Runner	flutter: ┌───────────────────────────────────────────────────────────────────────────────────────────────────
默认	11:30:25.972029+0800	Runner	flutter: │ [HTTP] response:
默认	11:30:25.972157+0800	Runner	flutter: │ {
默认	11:30:25.972166+0800	Runner	flutter: │   "code": 0,
默认	11:30:25.972177+0800	Runner	flutter: │   "message": "ok",
默认	11:30:25.972187+0800	Runner	flutter: │   "request_id": "gw_req_e6cfb0f0acecb934cb27d737eb37790a",
默认	11:30:25.972196+0800	Runner	flutter: │   "trace_id": "trace_efbee0c66e5761d9dd36e42b3f5d7254",
默认	11:30:25.972204+0800	Runner	flutter: │   "responses": [
默认	11:30:25.972213+0800	Runner	flutter: │     {
默认	11:30:25.972223+0800	Runner	flutter: │       "id": "req_0",
默认	11:30:25.972356+0800	Runner	flutter: │       "success": true,
默认	11:30:25.972448+0800	Runner	flutter: │       "code": 0,
默认	11:30:25.972477+0800	Runner	flutter: │       "message": "ok",
默认	11:30:25.972846+0800	Runner	flutter: │       "data": {
默认	11:30:25.972881+0800	Runner	flutter: │         "request_id": "gw_req_e6cfb0f0acecb934cb27d737eb37790a",
默认	11:30:25.972909+0800	Runner	flutter: │         "trace_id": "trace_efbee0c66e5761d9dd36e42b3f5d7254",
默认	11:30:25.973071+0800	Runner	flutter: │         "accepted_count": 3,
默认	11:30:25.973104+0800	Runner	flutter: │         "event_name": "app_page_stay",
默认	11:30:25.973123+0800	Runner	flutter: │         "event_names": [
默认	11:30:25.973145+0800	Runner	flutter: │           "app_page_stay",
默认	11:30:25.973165+0800	Runner	flutter: │           "paywall_pageview",
默认	11:30:25.973189+0800	Runner	flutter: │           "paywall_product_load_start"
默认	11:30:25.973206+0800	Runner	flutter: │         ],
默认	11:30:25.973220+0800	Runner	flutter: │         "events": [
默认	11:30:25.973247+0800	Runner	flutter: │           {
默认	11:30:25.973264+0800	Runner	flutter: │             "index": 0,
默认	11:30:25.973284+0800	Runner	flutter: │             "event_id": "e5b04b1e-82c0-4874-b9bb-5bc8125ab5fe",
默认	11:30:25.973459+0800	Runner	flutter: │             "event_name": "app_page_stay",
默认	11:30:25.973478+0800	Runner	flutter: │             "status": "accepted"
默认	11:30:25.973519+0800	Runner	flutter: │           },
默认	11:30:25.973531+0800	Runner	flutter: │           {
默认	11:30:25.973540+0800	Runner	flutter: │             "index": 1,
默认	11:30:25.973548+0800	Runner	flutter: │             "event_id": "5b9092a0-2e77-4ba0-99a6-ed52edc3fbf9",
默认	11:30:25.973556+0800	Runner	flutter: │             "event_name": "paywall_pageview",
默认	11:30:25.973565+0800	Runner	flutter: │             "status": "accepted"
默认	11:30:25.973573+0800	Runner	flutter: │           },
默认	11:30:25.973582+0800	Runner	flutter: │           {
默认	11:30:25.973588+0800	Runner	flutter: │             "index": 2,
默认	11:30:25.973597+0800	Runner	flutter: │             "event_id": "a04f8305-9c16-4a17-8d31-faf31f19ef79",
默认	11:30:25.973642+0800	Runner	flutter: │             "event_name": "paywall_product_load_start",
默认	11:30:25.973655+0800	Runner	flutter: │             "status": "accepted"
默认	11:30:25.973665+0800	Runner	flutter: │           }
默认	11:30:25.973711+0800	Runner	flutter: │         ]
默认	11:30:25.973721+0800	Runner	flutter: │       }
默认	11:30:25.973795+0800	Runner	flutter: │     }
默认	11:30:25.973843+0800	Runner	flutter: │   ]
默认	11:30:25.973887+0800	Runner	flutter: │ }
默认	11:30:25.973944+0800	Runner	flutter: └───────────────────────────────────────────────────────────────────────────────────────────────────
默认	11:30:25.999133+0800	Runner	flutter: ┌───────────────────────────────────────────────────────────────────────────────────────────────────
默认	11:30:25.999212+0800	Runner	flutter: │ [HTTP] --> POST https://api.truthy.top/gateway/invoke service=tool.event_tracking.EventTrackingService method=TrackEvents
默认	11:30:25.999233+0800	Runner	flutter: └───────────────────────────────────────────────────────────────────────────────────────────────────
默认	11:30:26.999942+0800	Runner	flutter: ┌───────────────────────────────────────────────────────────────────────────────────────────────────
默认	11:30:26.999952+0800	Runner	flutter: │ [HTTP] request:
默认	11:30:26.999962+0800	Runner	flutter: │ {
默认	11:30:26.999970+0800	Runner	flutter: │   "comm": {
默认	11:30:26.000020+0800	Runner	flutter: │     "auth_token": "***",
默认	11:30:26.000030+0800	Runner	flutter: │     "user_id": "user_e5f97712121ebfac3d6f6407",
默认	11:30:26.000072+0800	Runner	flutter: │     "device_id": "c5ece928-513e-4e75-a500-28479ac5102a",
默认	11:30:26.000111+0800	Runner	flutter: │     "client_request_id": "crid_1783654225995036",
默认	11:30:26.000329+0800	Runner	flutter: │     "platform": "ios",
默认	11:30:26.000375+0800	Runner	flutter: │     "app_version": "1.0.0",
默认	11:30:26.000417+0800	Runner	flutter: │     "locale": "zh-Hans-HK",
默认	11:30:26.000427+0800	Runner	flutter: │     "country": "HK",
默认	11:30:26.000436+0800	Runner	flutter: │     "timezone": "UTC+08:00"
默认	11:30:26.000475+0800	Runner	flutter: │   },
默认	11:30:26.000498+0800	Runner	flutter: │   "requests": [
默认	11:30:26.000508+0800	Runner	flutter: │     {
默认	11:30:26.000557+0800	Runner	flutter: │       "id": "req_0",
默认	11:30:26.000602+0800	Runner	flutter: │       "service_name": "tool.event_tracking.EventTrackingService",
默认	11:30:26.000614+0800	Runner	flutter: │       "method_name": "TrackEvents",
默认	11:30:26.000658+0800	Runner	flutter: │       "params": {
默认	11:30:26.000755+0800	Runner	flutter: │         "events": [
默认	11:30:26.000791+0800	Runner	flutter: │           {
默认	11:30:26.000857+0800	Runner	flutter: │             "event_id": "703696dc-62e1-44c7-9637-9be842af8fa0",
默认	11:30:26.000921+0800	Runner	flutter: │             "event_name": "paywall_product_load_success",
默认	11:30:26.000955+0800	Runner	flutter: │             "event_time_ms": 1783654225715,
默认	11:30:26.001028+0800	Runner	flutter: │             "properties": {
默认	11:30:26.001106+0800	Runner	flutter: │               "logtime": 1783654225715,
默认	11:30:26.001115+0800	Runner	flutter: │               "log_id": "703696dc-62e1-44c7-9637-9be842af8fa0",
默认	11:30:26.001171+0800	Runner	flutter: │               "net": "wifi",
默认	11:30:26.001244+0800	Runner	flutter: │               "pkg": "com.sparkjam.truthy.ios",
默认	11:30:26.001255+0800	Runner	flutter: │               "bucket": 56,
默认	11:30:26.001291+0800	Runner	flutter: │               "abslot": 21,
默认	11:30:26.001343+0800	Runner	flutter: │               "ram": "3684MB",
默认	11:30:26.001389+0800	Runner	flutter: │               "cpu": "arm64",
默认	11:30:26.001429+0800	Runner	flutter: │               "sh": 844,
默认	11:30:26.001584+0800	Runner	flutter: │               "sw": 390,
默认	11:30:26.001595+0800	Runner	flutter: │               "city": "",
默认	11:30:26.001606+0800	Runner	flutter: │               "ste": "",
默认	11:30:26.001624+0800	Runner	flutter: │               "lat": "",
默认	11:30:26.001666+0800	Runner	flutter: │               "lng": "",
默认	11:30:26.001712+0800	Runner	flutter: │               "sty": "desk",
默认	11:30:26.001758+0800	Runner	flutter: │               "isp": "",
默认	11:30:26.001805+0800	Runner	flutter: │               "mod": "iphone13,2",
默认	11:30:26.001842+0800	Runner	flutter: │               "brd": "apple",
默认	11:30:26.001931+0800	Runner	flutter: │               "os": "26.3.1",
默认	11:30:26.001986+0800	Runner	flutter: │               "pf": "ios",
默认	11:30:26.001996+0800	Runner	flutter: │               "slan": "zh",
默认	11:30:26.002037+0800	Runner	flutter: │               "reg": "HK",
默认	11:30:26.002079+0800	Runner	flutter: │               "cou": "HK",
默认	11:30:26.002123+0800	Runner	flutter: │               "sub": "",
默认	11:30:26.002171+0800	Runner	flutter: │               "cha": "",
默认	11:30:26.002212+0800	Runner	flutter: │               "verc": "10000",
默认	11:30:26.002259+0800	Runner	flutter: │               "ver": "1.0.0",
默认	11:30:26.002322+0800	Runner	flutter: │               "sid": "5094b07b-cc63-4868-b4ac-6bced54db906",
默认	11:30:26.002357+0800	Runner	flutter: │               "uuid": "***",
默认	11:30:26.002396+0800	Runner	flutter: │               "idfa": "***",
默认	11:30:26.002445+0800	Runner	flutter: │               "idfv": "***",
默认	11:30:26.002490+0800	Runner	flutter: │               "aid": "***",
默认	11:30:26.002641+0800	Runner	flutter: │               "gaid": "***",
默认	11:30:26.002655+0800	Runner	flutter: │               "did": "***",
默认	11:30:26.002664+0800	Runner	flutter: │               "uid": "***",
默认	11:30:26.002717+0800	Runner	flutter: │               "anm": "Truthy",
默认	11:30:26.002727+0800	Runner	flutter: │               "push_id": "",
默认	11:30:26.002772+0800	Runner	flutter: │               "push_type": "",
默认	11:30:26.002815+0800	Runner	flutter: │               "is_pro": "0",
默认	11:30:26.002893+0800	Runner	flutter: │               "page_from": "search_fake",
默认	11:30:26.002928+0800	Runner	flutter: │               "products_count": 2
默认	11:30:26.002968+0800	Runner	flutter: │             }
默认	11:30:26.003038+0800	Runner	flutter: │           },
默认	11:30:26.003169+0800	Runner	flutter: │           {
默认	11:30:26.003185+0800	Runner	flutter: │             "event_id": "6d3866f2-1946-4f30-a843-d8e4072c2f13",
默认	11:30:26.003194+0800	Runner	flutter: │             "event_name": "paywall_plan_expose",
默认	11:30:26.003288+0800	Runner	flutter: │             "event_time_ms": 1783654225716,
默认	11:30:26.003299+0800	Runner	flutter: │             "properties": {
默认	11:30:26.003339+0800	Runner	flutter: │               "logtime": 1783654225716,
默认	11:30:26.003465+0800	Runner	flutter: │               "log_id": "6d3866f2-1946-4f30-a843-d8e4072c2f13",
默认	11:30:26.003479+0800	Runner	flutter: │               "net": "wifi",
默认	11:30:26.003488+0800	Runner	flutter: │               "pkg": "com.sparkjam.truthy.ios",
默认	11:30:26.003534+0800	Runner	flutter: │               "bucket": 56,
默认	11:30:26.003591+0800	Runner	flutter: │               "abslot": 21,
默认	11:30:26.003633+0800	Runner	flutter: │               "ram": "3684MB",
默认	11:30:26.003669+0800	Runner	flutter: │               "cpu": "arm64",
默认	11:30:26.003803+0800	Runner	flutter: │               "sh": 844,
默认	11:30:26.003818+0800	Runner	flutter: │               "sw": 390,
默认	11:30:26.003827+0800	Runner	flutter: │               "city": "",
默认	11:30:26.003835+0800	Runner	flutter: │               "ste": "",
默认	11:30:26.003932+0800	Runner	flutter: │               "lat": "",
默认	11:30:26.003945+0800	Runner	flutter: │               "lng": "",
默认	11:30:26.003976+0800	Runner	flutter: │               "sty": "desk",
默认	11:30:26.004019+0800	Runner	flutter: │               "isp": "",
默认	11:30:26.004082+0800	Runner	flutter: │               "mod": "iphone13,2",
默认	11:30:26.004142+0800	Runner	flutter: │               "brd": "apple",
默认	11:30:26.004153+0800	Runner	flutter: │               "os": "26.3.1",
默认	11:30:26.004287+0800	Runner	flutter: │               "pf": "ios",
默认	11:30:26.004322+0800	Runner	flutter: │               "slan": "zh",
默认	11:30:26.004348+0800	Runner	flutter: │               "reg": "HK",
默认	11:30:26.004357+0800	Runner	flutter: │               "cou": "HK",
默认	11:30:26.004379+0800	Runner	flutter: │               "sub": "",
默认	11:30:26.004431+0800	Runner	flutter: │               "cha": "",
默认	11:30:26.004479+0800	Runner	flutter: │               "verc": "10000",
默认	11:30:26.004560+0800	Runner	flutter: │               "ver": "1.0.0",
默认	11:30:26.004580+0800	Runner	flutter: │               "sid": "5094b07b-cc63-4868-b4ac-6bced54db906",
默认	11:30:26.004621+0800	Runner	flutter: │               "uuid": "***",
默认	11:30:26.004667+0800	Runner	flutter: │               "idfa": "***",
默认	11:30:26.004786+0800	Runner	flutter: │               "idfv": "***",
默认	11:30:26.004796+0800	Runner	flutter: │               "aid": "***",
默认	11:30:26.004844+0800	Runner	flutter: │               "gaid": "***",
默认	11:30:26.004854+0800	Runner	flutter: │               "did": "***",
默认	11:30:26.004928+0800	Runner	flutter: │               "uid": "***",
默认	11:30:26.004966+0800	Runner	flutter: │               "anm": "Truthy",
默认	11:30:26.005003+0800	Runner	flutter: │               "push_id": "",
默认	11:30:26.005045+0800	Runner	flutter: │               "push_type": "",
默认	11:30:26.005137+0800	Runner	flutter: │               "is_pro": "0",
默认	11:30:26.005151+0800	Runner	flutter: │               "page_from": "search_fake",
默认	11:30:26.005287+0800	Runner	flutter: │               "product_id": "sku_truthy_premium_weekly_ios",
默认	11:30:26.005400+0800	Runner	flutter: │               "store_product_id": "com.truthy.premium.w",
默认	11:30:26.005414+0800	Runner	flutter: │               "billing_period": "week",
默认	11:30:26.005489+0800	Runner	flutter: │               "price_server": "$9.99",
默认	11:30:26.005533+0800	Runner	flutter: │               "price_apple": "US$9.99",
默认	11:30:26.005613+0800	Runner	flutter: │               "price_actual": "$3.99",
默认	11:30:26.005630+0800	Runner	flutter: │               "amount_minor": 999,
默认	11:30:26.005670+0800	Runner	flutter: │               "amount_minor_currency": "USD",
默认	11:30:26.005719+0800	Runner	flutter: │               "apple_amount_minor": 999,
默认	11:30:26.005769+0800	Runner	flutter: │               "apple_amount_minor_currency": "USD",
默认	11:30:26.005841+0800	Runner	flutter: │               "actual_amount_minor": 399,
默认	11:30:26.005877+0800	Runner	flutter: │               "actual_amount_minor_currency": "USD",
默认	11:30:26.005925+0800	Runner	flutter: │               "intro_eligible": 1,
默认	11:30:26.006001+0800	Runner	flutter: │               "intro_price": "$3.99",
默认	11:30:26.006014+0800	Runner	flutter: │               "price": "$9.99",
默认	11:30:26.006109+0800	Runner	flutter: │               "selected": 1
默认	11:30:26.006166+0800	Runner	flutter: │             }
默认	11:30:26.006177+0800	Runner	flutter: │           },
默认	11:30:26.006191+0800	Runner	flutter: │           {
默认	11:30:26.006278+0800	Runner	flutter: │             "event_id": "93951f42-453a-4c10-b81b-47b57b2a816b",
默认	11:30:26.006321+0800	Runner	flutter: │             "event_name": "paywall_plan_expose",
默认	11:30:26.006336+0800	Runner	flutter: │             "event_time_ms": 1783654225716,
默认	11:30:26.006386+0800	Runner	flutter: │             "properties": {
默认	11:30:26.006441+0800	Runner	flutter: │               "logtime": 1783654225716,
默认	11:30:26.006496+0800	Runner	flutter: │               "log_id": "93951f42-453a-4c10-b81b-47b57b2a816b",
默认	11:30:26.006570+0800	Runner	flutter: │               "net": "wifi",
默认	11:30:26.006580+0800	Runner	flutter: │               "pkg": "com.sparkjam.truthy.ios",
默认	11:30:26.006649+0800	Runner	flutter: │               "bucket": 56,
默认	11:30:26.006697+0800	Runner	flutter: │               "abslot": 21,
默认	11:30:26.006711+0800	Runner	flutter: │               "ram": "3684MB",
默认	11:30:26.006764+0800	Runner	flutter: │               "cpu": "arm64",
默认	11:30:26.006882+0800	Runner	flutter: │               "sh": 844,
默认	11:30:26.006918+0800	Runner	flutter: │               "sw": 390,
默认	11:30:26.006930+0800	Runner	flutter: │               "city": "",
默认	11:30:26.006972+0800	Runner	flutter: │               "ste": "",
默认	11:30:26.006985+0800	Runner	flutter: │               "lat": "",
默认	11:30:26.007031+0800	Runner	flutter: │               "lng": "",
默认	11:30:26.007080+0800	Runner	flutter: │               "sty": "desk",
默认	11:30:26.007133+0800	Runner	flutter: │               "isp": "",
默认	11:30:26.007235+0800	Runner	flutter: │               "mod": "iphone13,2",
默认	11:30:26.007246+0800	Runner	flutter: │               "brd": "apple",
默认	11:30:26.007301+0800	Runner	flutter: │               "os": "26.3.1",
默认	11:30:26.007313+0800	Runner	flutter: │               "pf": "ios",
默认	11:30:26.007353+0800	Runner	flutter: │               "slan": "zh",
默认	11:30:26.007399+0800	Runner	flutter: │               "reg": "HK",
默认	11:30:26.007481+0800	Runner	flutter: │               "cou": "HK",
默认	11:30:26.007497+0800	Runner	flutter: │               "sub": "",
默认	11:30:26.007549+0800	Runner	flutter: │               "cha": "",
默认	11:30:26.007608+0800	Runner	flutter: │               "verc": "10000",
默认	11:30:26.007653+0800	Runner	flutter: │               "ver": "1.0.0",
默认	11:30:26.007690+0800	Runner	flutter: │               "sid": "5094b07b-cc63-4868-b4ac-6bced54db906",
默认	11:30:26.007723+0800	Runner	flutter: │               "uuid": "***",
默认	11:30:26.007785+0800	Runner	flutter: │               "idfa": "***",
默认	11:30:26.007817+0800	Runner	flutter: │               "idfv": "***",
默认	11:30:26.007854+0800	Runner	flutter: │               "aid": "***",
默认	11:30:26.007919+0800	Runner	flutter: │               "gaid": "***",
默认	11:30:26.007993+0800	Runner	flutter: │               "did": "***",
默认	11:30:26.008009+0800	Runner	flutter: │               "uid": "***",
默认	11:30:26.008076+0800	Runner	flutter: │               "anm": "Truthy",
默认	11:30:26.008137+0800	Runner	flutter: │               "push_id": "",
默认	11:30:26.008152+0800	Runner	flutter: │               "push_type": "",
默认	11:30:26.008238+0800	Runner	flutter: │               "is_pro": "0",
默认	11:30:26.008249+0800	Runner	flutter: │               "page_from": "search_fake",
默认	11:30:26.008282+0800	Runner	flutter: │               "product_id": "sku_truthy_premium_yearly_ios",
默认	11:30:26.008326+0800	Runner	flutter: │               "store_product_id": "com.truthy.premium.y",
默认	11:30:26.008363+0800	Runner	flutter: │               "billing_period": "year",
默认	11:30:26.008389+0800	Runner	flutter: │               "price_server": "$39.99",
默认	11:30:26.008423+0800	Runner	flutter: │               "price_apple": "US$39.99",
默认	11:30:26.008516+0800	Runner	flutter: │               "price_actual": "US$39.99",
默认	11:30:26.008558+0800	Runner	flutter: │               "amount_minor": 3999,
默认	11:30:26.008569+0800	Runner	flutter: │               "amount_minor_currency": "USD",
默认	11:30:26.008625+0800	Runner	flutter: │               "apple_amount_minor": 3999,
默认	11:30:26.008655+0800	Runner	flutter: │               "apple_amount_minor_currency": "USD",
默认	11:30:26.008665+0800	Runner	flutter: │               "actual_amount_minor": 3999,
默认	11:30:26.008718+0800	Runner	flutter: │               "actual_amount_minor_currency": "USD",
默认	11:30:26.008728+0800	Runner	flutter: │               "intro_eligible": 0,
默认	11:30:26.008753+0800	Runner	flutter: │               "intro_price": "",
默认	11:30:26.008776+0800	Runner	flutter: │               "price": "$39.99",
默认	11:30:26.008855+0800	Runner	flutter: │               "selected": 0
默认	11:30:26.008862+0800	Runner	flutter: │             }
默认	11:30:26.008893+0800	Runner	flutter: │           }
默认	11:30:26.008920+0800	Runner	flutter: │         ]
默认	11:30:26.009021+0800	Runner	flutter: │       }
默认	11:30:26.009040+0800	Runner	flutter: │     }
默认	11:30:26.009047+0800	Runner	flutter: │   ]
默认	11:30:26.009078+0800	Runner	flutter: │ }
默认	11:30:26.009145+0800	Runner	flutter: └───────────────────────────────────────────────────────────────────────────────────────────────────
默认	11:30:26.408726+0800	Runner	flutter: ┌───────────────────────────────────────────────────────────────────────────────────────────────────
默认	11:30:26.408762+0800	Runner	flutter: │ [HTTP] <-- 200 POST https://api.truthy.top/gateway/invoke service=tool.event_tracking.EventTrackingService method=TrackEvents
默认	11:30:26.408827+0800	Runner	flutter: └───────────────────────────────────────────────────────────────────────────────────────────────────
默认	11:30:26.408931+0800	Runner	flutter: ┌───────────────────────────────────────────────────────────────────────────────────────────────────
默认	11:30:26.408941+0800	Runner	flutter: │ [HTTP] response:
默认	11:30:26.409003+0800	Runner	flutter: │ {
默认	11:30:26.409030+0800	Runner	flutter: │   "code": 0,
默认	11:30:26.409178+0800	Runner	flutter: │   "message": "ok",
默认	11:30:26.409188+0800	Runner	flutter: │   "request_id": "gw_req_580d41b69c344b12c88133a71681a347",
默认	11:30:26.409195+0800	Runner	flutter: │   "trace_id": "trace_7d50a35d020646579d25b9de189da475",
默认	11:30:26.409293+0800	Runner	flutter: │   "responses": [
默认	11:30:26.409310+0800	Runner	flutter: │     {
默认	11:30:26.409384+0800	Runner	flutter: │       "id": "req_0",
默认	11:30:26.409394+0800	Runner	flutter: │       "success": true,
默认	11:30:26.409430+0800	Runner	flutter: │       "code": 0,
默认	11:30:26.409518+0800	Runner	flutter: │       "message": "ok",
默认	11:30:26.409538+0800	Runner	flutter: │       "data": {
默认	11:30:26.409578+0800	Runner	flutter: │         "request_id": "gw_req_580d41b69c344b12c88133a71681a347",
默认	11:30:26.409621+0800	Runner	flutter: │         "trace_id": "trace_7d50a35d020646579d25b9de189da475",
默认	11:30:26.409806+0800	Runner	flutter: │         "accepted_count": 3,
默认	11:30:26.409832+0800	Runner	flutter: │         "event_name": "paywall_product_load_success",
默认	11:30:26.409842+0800	Runner	flutter: │         "event_names": [
默认	11:30:26.409849+0800	Runner	flutter: │           "paywall_product_load_success",
默认	11:30:26.409857+0800	Runner	flutter: │           "paywall_plan_expose",
默认	11:30:26.410069+0800	Runner	flutter: │           "paywall_plan_expose"
默认	11:30:26.410125+0800	Runner	flutter: │         ],
默认	11:30:26.410135+0800	Runner	flutter: │         "events": [
默认	11:30:26.410144+0800	Runner	flutter: │           {
默认	11:30:26.410151+0800	Runner	flutter: │             "index": 0,
默认	11:30:26.410161+0800	Runner	flutter: │             "event_id": "703696dc-62e1-44c7-9637-9be842af8fa0",
默认	11:30:26.410198+0800	Runner	flutter: │             "event_name": "paywall_product_load_success",
默认	11:30:26.410240+0800	Runner	flutter: │             "status": "accepted"
默认	11:30:26.410293+0800	Runner	flutter: │           },
默认	11:30:26.410335+0800	Runner	flutter: │           {
默认	11:30:26.410479+0800	Runner	flutter: │             "index": 1,
默认	11:30:26.410494+0800	Runner	flutter: │             "event_id": "6d3866f2-1946-4f30-a843-d8e4072c2f13",
默认	11:30:26.410502+0800	Runner	flutter: │             "event_name": "paywall_plan_expose",
默认	11:30:26.410545+0800	Runner	flutter: │             "status": "accepted"
默认	11:30:26.410557+0800	Runner	flutter: │           },
默认	11:30:26.410645+0800	Runner	flutter: │           {
默认	11:30:26.410657+0800	Runner	flutter: │             "index": 2,
默认	11:30:26.410700+0800	Runner	flutter: │             "event_id": "93951f42-453a-4c10-b81b-47b57b2a816b",
默认	11:30:26.410751+0800	Runner	flutter: │             "event_name": "paywall_plan_expose",
默认	11:30:26.410795+0800	Runner	flutter: │             "status": "accepted"
默认	11:30:26.410844+0800	Runner	flutter: │           }
默认	11:30:26.410923+0800	Runner	flutter: │         ]
默认	11:30:26.410933+0800	Runner	flutter: │       }
默认	11:30:26.411053+0800	Runner	flutter: │     }
默认	11:30:26.411062+0800	Runner	flutter: │   ]
默认	11:30:26.411128+0800	Runner	flutter: │ }
默认	11:30:26.411143+0800	Runner	flutter: └───────────────────────────────────────────────────────────────────────────────────────────────────
默认	11:30:28.135885+0800	Runner	flutter: ┌───────────────────────────────────────────────────────────────────────────────────────────────────
默认	11:30:28.135902+0800	Runner	flutter: │ [EventTracking] name=paywall_purchase_click id=9aa5d8b7-becb-4ae3-bb82-444f11197e9a time=1783654228135 props={"page_from":"search_fake","product_id":"sku_truthy_premium_weekly_ios","store_product_id":"com.truthy.premium.w","billing_period":"week","price_server":"$9.99","price_apple":"US$9.99","price_actual":"$3.99","amount_minor":999,"amount_minor_currency":"USD","apple_amount_minor":999,"apple_amount_minor_currency":"USD","actual_amount_minor":399,"actual_amount_minor_currency":"USD","intro_eligible":1,"intro_price":"$3.99","price":"$9.99"}
默认	11:30:28.135924+0800	Runner	flutter: └───────────────────────────────────────────────────────────────────────────────────────────────────
默认	11:30:28.136245+0800	Runner	flutter: ┌───────────────────────────────────────────────────────────────────────────────────────────────────
默认	11:30:28.136256+0800	Runner	flutter: │ [AdjustEvent] Adjust event tracked: paywall_purchase_click
默认	11:30:28.136270+0800	Runner	flutter: └───────────────────────────────────────────────────────────────────────────────────────────────────
默认	11:30:28.136885+0800	Runner	flutter: ┌───────────────────────────────────────────────────────────────────────────────────────────────────
默认	11:30:28.136902+0800	Runner	flutter: │ [EventTracking] name=paywall_purchase_start id=0c3f4b9c-4bb9-4d83-abbe-be505257bb4c time=1783654228136 props={"page_from":"search_fake","product_id":"sku_truthy_premium_weekly_ios","store_product_id":"com.truthy.premium.w","billing_period":"week","price_server":"$9.99","price_apple":"US$9.99","price_actual":"$3.99","amount_minor":999,"amount_minor_currency":"USD","apple_amount_minor":999,"apple_amount_minor_currency":"USD","actual_amount_minor":399,"actual_amount_minor_currency":"USD","intro_eligible":1,"intro_price":"$3.99","price":"$9.99","purchase_stage":"create_order"}
默认	11:30:28.136914+0800	Runner	flutter: └───────────────────────────────────────────────────────────────────────────────────────────────────
默认	11:30:28.137259+0800	Runner	flutter: ┌───────────────────────────────────────────────────────────────────────────────────────────────────
默认	11:30:28.137271+0800	Runner	flutter: │ [EventTracking] name=app_page_stay id=ded1ea22-2e01-4ad3-aa4d-acaf0bca952f time=1783654228136 props={"page_from":"paywall","duration_s":4}
默认	11:30:28.137387+0800	Runner	flutter: └───────────────────────────────────────────────────────────────────────────────────────────────────
默认	11:30:28.145874+0800	Runner	flutter: ┌───────────────────────────────────────────────────────────────────────────────────────────────────
默认	11:30:28.145886+0800	Runner	flutter: │ [FirebaseAnalytics] Firebase event logged: paywall_purchase_click
默认	11:30:28.145896+0800	Runner	flutter: └───────────────────────────────────────────────────────────────────────────────────────────────────
默认	11:30:28.145926+0800	Runner	flutter: ┌───────────────────────────────────────────────────────────────────────────────────────────────────
默认	11:30:28.145935+0800	Runner	flutter: │ [FacebookAppEvents] Facebook App Events logged: paywall_purchase_click
默认	11:30:28.146014+0800	Runner	flutter: └───────────────────────────────────────────────────────────────────────────────────────────────────
默认	11:30:28.162043+0800	Runner	flutter: ┌───────────────────────────────────────────────────────────────────────────────────────────────────
默认	11:30:28.162062+0800	Runner	flutter: │ [HTTP] --> POST https://api.truthy.top/gateway/invoke service=tool.subscription.SubscriptionService method=CreateSubscriptionOrder
默认	11:30:28.162079+0800	Runner	flutter: └───────────────────────────────────────────────────────────────────────────────────────────────────
默认	11:30:28.162087+0800	Runner	flutter: ┌───────────────────────────────────────────────────────────────────────────────────────────────────
默认	11:30:28.162102+0800	Runner	flutter: │ [HTTP] request:
默认	11:30:28.162111+0800	Runner	flutter: │ {
默认	11:30:28.162122+0800	Runner	flutter: │   "comm": {
默认	11:30:28.162210+0800	Runner	flutter: │     "auth_token": "***",
默认	11:30:28.162229+0800	Runner	flutter: │     "user_id": "user_e5f97712121ebfac3d6f6407",
默认	11:30:28.162345+0800	Runner	flutter: │     "device_id": "c5ece928-513e-4e75-a500-28479ac5102a",
默认	11:30:28.162357+0800	Runner	flutter: │     "client_request_id": "crid_1783654228136721",
默认	11:30:28.162430+0800	Runner	flutter: │     "platform": "ios",
默认	11:30:28.162444+0800	Runner	flutter: │     "app_version": "1.0.0",
默认	11:30:28.162453+0800	Runner	flutter: │     "locale": "zh-Hans-HK",
默认	11:30:28.162462+0800	Runner	flutter: │     "country": "HK",
默认	11:30:28.162472+0800	Runner	flutter: │     "timezone": "UTC+08:00"
默认	11:30:28.162662+0800	Runner	flutter: │   },
默认	11:30:28.162672+0800	Runner	flutter: │   "requests": [
默认	11:30:28.162688+0800	Runner	flutter: │     {
默认	11:30:28.164184+0800	Runner	flutter: │       "id": "req_0",
默认	11:30:28.164239+0800	Runner	flutter: │       "service_name": "tool.subscription.SubscriptionService",
默认	11:30:28.164252+0800	Runner	flutter: │       "method_name": "CreateSubscriptionOrder",
默认	11:30:28.164261+0800	Runner	flutter: │       "params": {
默认	11:30:28.164269+0800	Runner	flutter: │         "product_id": "sku_truthy_premium_weekly_ios",
默认	11:30:28.164278+0800	Runner	flutter: │         "store_product_id": "com.truthy.premium.w",
默认	11:30:28.164285+0800	Runner	flutter: │         "platform": "ios"
默认	11:30:28.164294+0800	Runner	flutter: │       }
默认	11:30:28.164302+0800	Runner	flutter: │     }
默认	11:30:28.165427+0800	Runner	flutter: │   ]
默认	11:30:28.165457+0800	Runner	flutter: │ }
默认	11:30:28.165468+0800	Runner	flutter: └───────────────────────────────────────────────────────────────────────────────────────────────────
默认	11:30:28.166028+0800	Runner	flutter: ┌───────────────────────────────────────────────────────────────────────────────────────────────────
默认	11:30:28.166043+0800	Runner	flutter: │ [HTTP] --> POST https://api.truthy.top/gateway/invoke service=tool.event_tracking.EventTrackingService method=TrackEvents
默认	11:30:28.166057+0800	Runner	flutter: └───────────────────────────────────────────────────────────────────────────────────────────────────
默认	11:30:28.166066+0800	Runner	flutter: ┌───────────────────────────────────────────────────────────────────────────────────────────────────
默认	11:30:28.166076+0800	Runner	flutter: │ [HTTP] request:
默认	11:30:28.166085+0800	Runner	flutter: │ {
默认	11:30:28.166095+0800	Runner	flutter: │   "comm": {
默认	11:30:28.166465+0800	Runner	flutter: │     "auth_token": "***",
默认	11:30:28.166475+0800	Runner	flutter: │     "user_id": "user_e5f97712121ebfac3d6f6407",
默认	11:30:28.166484+0800	Runner	flutter: │     "device_id": "c5ece928-513e-4e75-a500-28479ac5102a",
默认	11:30:28.166491+0800	Runner	flutter: │     "client_request_id": "crid_1783654228157138",
默认	11:30:28.166501+0800	Runner	flutter: │     "platform": "ios",
默认	11:30:28.166507+0800	Runner	flutter: │     "app_version": "1.0.0",
默认	11:30:28.166516+0800	Runner	flutter: │     "locale": "zh-Hans-HK",
默认	11:30:28.166523+0800	Runner	flutter: │     "country": "HK",
默认	11:30:28.166531+0800	Runner	flutter: │     "timezone": "UTC+08:00"
默认	11:30:28.166583+0800	Runner	flutter: │   },
默认	11:30:28.166591+0800	Runner	flutter: │   "requests": [
默认	11:30:28.166749+0800	Runner	flutter: │     {
默认	11:30:28.166949+0800	Runner	flutter: │       "id": "req_0",
默认	11:30:28.166996+0800	Runner	flutter: │       "service_name": "tool.event_tracking.EventTrackingService",
默认	11:30:28.167152+0800	Runner	flutter: │       "method_name": "TrackEvents",
默认	11:30:28.167201+0800	Runner	flutter: │       "params": {
默认	11:30:28.167269+0800	Runner	flutter: │         "events": [
默认	11:30:28.167335+0800	Runner	flutter: │           {
默认	11:30:28.167357+0800	Runner	flutter: │             "event_id": "9aa5d8b7-becb-4ae3-bb82-444f11197e9a",
默认	11:30:28.167373+0800	Runner	flutter: │             "event_name": "paywall_purchase_click",
默认	11:30:28.167391+0800	Runner	flutter: │             "event_time_ms": 1783654228135,
默认	11:30:28.167422+0800	Runner	flutter: │             "properties": {
默认	11:30:28.167438+0800	Runner	flutter: │               "logtime": 1783654228135,
默认	11:30:28.167617+0800	Runner	flutter: │               "log_id": "9aa5d8b7-becb-4ae3-bb82-444f11197e9a",
默认	11:30:28.167638+0800	Runner	flutter: │               "net": "wifi",
默认	11:30:28.167661+0800	Runner	flutter: │               "pkg": "com.sparkjam.truthy.ios",
默认	11:30:28.167738+0800	Runner	flutter: │               "bucket": 56,
默认	11:30:28.167762+0800	Runner	flutter: │               "abslot": 21,
默认	11:30:28.167783+0800	Runner	flutter: │               "ram": "3684MB",
默认	11:30:28.167810+0800	Runner	flutter: │               "cpu": "arm64",
默认	11:30:28.167872+0800	Runner	flutter: │               "sh": 844,
默认	11:30:28.167896+0800	Runner	flutter: │               "sw": 390,
默认	11:30:28.167905+0800	Runner	flutter: │               "city": "",
默认	11:30:28.167915+0800	Runner	flutter: │               "ste": "",
默认	11:30:28.167923+0800	Runner	flutter: │               "lat": "",
默认	11:30:28.167932+0800	Runner	flutter: │               "lng": "",
默认	11:30:28.168041+0800	Runner	flutter: │               "sty": "desk",
默认	11:30:28.168062+0800	Runner	flutter: │               "isp": "",
默认	11:30:28.168176+0800	Runner	flutter: │               "mod": "iphone13,2",
默认	11:30:28.168199+0800	Runner	flutter: │               "brd": "apple",
默认	11:30:28.168215+0800	Runner	flutter: │               "os": "26.3.1",
默认	11:30:28.168221+0800	Runner	flutter: │               "pf": "ios",
默认	11:30:28.168276+0800	Runner	flutter: │               "slan": "zh",
默认	11:30:28.168472+0800	Runner	flutter: │               "reg": "HK",
默认	11:30:28.168488+0800	Runner	flutter: │               "cou": "HK",
默认	11:30:28.168498+0800	Runner	flutter: │               "sub": "",
默认	11:30:28.168509+0800	Runner	flutter: │               "cha": "",
默认	11:30:28.168518+0800	Runner	flutter: │               "verc": "10000",
默认	11:30:28.168526+0800	Runner	flutter: │               "ver": "1.0.0",
默认	11:30:28.168952+0800	Runner	flutter: │               "sid": "5094b07b-cc63-4868-b4ac-6bced54db906",
默认	11:30:28.169015+0800	Runner	flutter: │               "uuid": "***",
默认	11:30:28.169035+0800	Runner	flutter: │               "idfa": "***",
默认	11:30:28.169054+0800	Runner	flutter: │               "idfv": "***",
默认	11:30:28.169090+0800	Runner	flutter: │               "aid": "***",
默认	11:30:28.169100+0800	Runner	flutter: │               "gaid": "***",
默认	11:30:28.169107+0800	Runner	flutter: │               "did": "***",
默认	11:30:28.169116+0800	Runner	flutter: │               "uid": "***",
默认	11:30:28.169123+0800	Runner	flutter: │               "anm": "Truthy",
默认	11:30:28.169182+0800	Runner	flutter: │               "push_id": "",
默认	11:30:28.169348+0800	Runner	flutter: │               "push_type": "",
默认	11:30:28.169363+0800	Runner	flutter: │               "is_pro": "0",
默认	11:30:28.169400+0800	Runner	flutter: │               "page_from": "search_fake",
默认	11:30:28.169496+0800	Runner	flutter: │               "product_id": "sku_truthy_premium_weekly_ios",
默认	11:30:28.169512+0800	Runner	flutter: │               "store_product_id": "com.truthy.premium.w",
默认	11:30:28.169632+0800	Runner	flutter: │               "billing_period": "week",
默认	11:30:28.169830+0800	Runner	flutter: │               "price_server": "$9.99",
默认	11:30:28.169838+0800	Runner	flutter: │               "price_apple": "US$9.99",
默认	11:30:28.169847+0800	Runner	flutter: │               "price_actual": "$3.99",
默认	11:30:28.169856+0800	Runner	flutter: │               "amount_minor": 999,
默认	11:30:28.169863+0800	Runner	flutter: │               "amount_minor_currency": "USD",
默认	11:30:28.169872+0800	Runner	flutter: │               "apple_amount_minor": 999,
默认	11:30:28.169879+0800	Runner	flutter: │               "apple_amount_minor_currency": "USD",
默认	11:30:28.169888+0800	Runner	flutter: │               "actual_amount_minor": 399,
默认	11:30:28.169903+0800	Runner	flutter: │               "actual_amount_minor_currency": "USD",
默认	11:30:28.169948+0800	Runner	flutter: │               "intro_eligible": 1,
默认	11:30:28.169956+0800	Runner	flutter: │               "intro_price": "$3.99",
默认	11:30:28.169981+0800	Runner	flutter: │               "price": "$9.99"
默认	11:30:28.169995+0800	Runner	flutter: │             }
默认	11:30:28.170079+0800	Runner	flutter: │           }
默认	11:30:28.170170+0800	Runner	flutter: │         ]
默认	11:30:28.170614+0800	Runner	flutter: │       }
默认	11:30:28.170782+0800	Runner	flutter: │     }
默认	11:30:28.170792+0800	Runner	flutter: │   ]
默认	11:30:28.170839+0800	Runner	flutter: │ }
默认	11:30:28.170900+0800	Runner	flutter: └───────────────────────────────────────────────────────────────────────────────────────────────────
默认	11:30:28.384193+0800	Runner	flutter: ┌───────────────────────────────────────────────────────────────────────────────────────────────────
默认	11:30:28.384255+0800	Runner	flutter: │ [HTTP] <-- 200 POST https://api.truthy.top/gateway/invoke service=tool.event_tracking.EventTrackingService method=TrackEvents
默认	11:30:28.384294+0800	Runner	flutter: └───────────────────────────────────────────────────────────────────────────────────────────────────
默认	11:30:28.384305+0800	Runner	flutter: ┌───────────────────────────────────────────────────────────────────────────────────────────────────
默认	11:30:28.384320+0800	Runner	flutter: │ [HTTP] response:
默认	11:30:28.384335+0800	Runner	flutter: │ {
默认	11:30:28.384346+0800	Runner	flutter: │   "code": 0,
默认	11:30:28.384361+0800	Runner	flutter: │   "message": "ok",
默认	11:30:28.384368+0800	Runner	flutter: │   "request_id": "gw_req_d59936ed17d45999b6f1303848c7dffd",
默认	11:30:28.384377+0800	Runner	flutter: │   "trace_id": "trace_1b10778706b3e8b93a97589e7d117521",
默认	11:30:28.384423+0800	Runner	flutter: │   "responses": [
默认	11:30:28.384469+0800	Runner	flutter: │     {
默认	11:30:28.384562+0800	Runner	flutter: │       "id": "req_0",
默认	11:30:28.384577+0800	Runner	flutter: │       "success": true,
默认	11:30:28.384638+0800	Runner	flutter: │       "code": 0,
默认	11:30:28.384650+0800	Runner	flutter: │       "message": "ok",
默认	11:30:28.384695+0800	Runner	flutter: │       "data": {
默认	11:30:28.384740+0800	Runner	flutter: │         "request_id": "gw_req_d59936ed17d45999b6f1303848c7dffd",
默认	11:30:28.384790+0800	Runner	flutter: │         "trace_id": "trace_1b10778706b3e8b93a97589e7d117521",
默认	11:30:28.384830+0800	Runner	flutter: │         "accepted_count": 1,
默认	11:30:28.385072+0800	Runner	flutter: │         "event_name": "paywall_purchase_click",
默认	11:30:28.385090+0800	Runner	flutter: │         "event_names": [
默认	11:30:28.385099+0800	Runner	flutter: │           "paywall_purchase_click"
默认	11:30:28.385109+0800	Runner	flutter: │         ],
默认	11:30:28.385118+0800	Runner	flutter: │         "events": [
默认	11:30:28.385127+0800	Runner	flutter: │           {
默认	11:30:28.385135+0800	Runner	flutter: │             "index": 0,
默认	11:30:28.385361+0800	Runner	flutter: │             "event_id": "9aa5d8b7-becb-4ae3-bb82-444f11197e9a",
默认	11:30:28.385380+0800	Runner	flutter: │             "event_name": "paywall_purchase_click",
默认	11:30:28.385391+0800	Runner	flutter: │             "status": "accepted"
默认	11:30:28.385401+0800	Runner	flutter: │           }
默认	11:30:28.385413+0800	Runner	flutter: │         ]
默认	11:30:28.385446+0800	Runner	flutter: │       }
默认	11:30:28.385457+0800	Runner	flutter: │     }
默认	11:30:28.385586+0800	Runner	flutter: │   ]
默认	11:30:28.385598+0800	Runner	flutter: │ }
默认	11:30:28.385642+0800	Runner	flutter: └───────────────────────────────────────────────────────────────────────────────────────────────────
默认	11:30:28.404138+0800	Runner	flutter: ┌───────────────────────────────────────────────────────────────────────────────────────────────────
默认	11:30:28.404230+0800	Runner	flutter: │ [HTTP] --> POST https://api.truthy.top/gateway/invoke service=tool.event_tracking.EventTrackingService method=TrackEvents
默认	11:30:28.404289+0800	Runner	flutter: └───────────────────────────────────────────────────────────────────────────────────────────────────
默认	11:30:28.404712+0800	Runner	flutter: ┌───────────────────────────────────────────────────────────────────────────────────────────────────
默认	11:30:28.404730+0800	Runner	flutter: │ [HTTP] request:
默认	11:30:28.404860+0800	Runner	flutter: │ {
默认	11:30:28.404896+0800	Runner	flutter: │   "comm": {
默认	11:30:28.404910+0800	Runner	flutter: │     "auth_token": "***",
默认	11:30:28.404918+0800	Runner	flutter: │     "user_id": "user_e5f97712121ebfac3d6f6407",
默认	11:30:28.404984+0800	Runner	flutter: │     "device_id": "c5ece928-513e-4e75-a500-28479ac5102a",
默认	11:30:28.405030+0800	Runner	flutter: │     "client_request_id": "crid_1783654228401317",
默认	11:30:28.405081+0800	Runner	flutter: │     "platform": "ios",
默认	11:30:28.405153+0800	Runner	flutter: │     "app_version": "1.0.0",
默认	11:30:28.405164+0800	Runner	flutter: │     "locale": "zh-Hans-HK",
默认	11:30:28.405220+0800	Runner	flutter: │     "country": "HK",
默认	11:30:28.405272+0800	Runner	flutter: │     "timezone": "UTC+08:00"
默认	11:30:28.405313+0800	Runner	flutter: │   },
默认	11:30:28.405363+0800	Runner	flutter: │   "requests": [
默认	11:30:28.405409+0800	Runner	flutter: │     {
默认	11:30:28.405455+0800	Runner	flutter: │       "id": "req_0",
默认	11:30:28.405503+0800	Runner	flutter: │       "service_name": "tool.event_tracking.EventTrackingService",
默认	11:30:28.405644+0800	Runner	flutter: │       "method_name": "TrackEvents",
默认	11:30:28.405657+0800	Runner	flutter: │       "params": {
默认	11:30:28.405704+0800	Runner	flutter: │         "events": [
默认	11:30:28.405755+0800	Runner	flutter: │           {
默认	11:30:28.405805+0800	Runner	flutter: │             "event_id": "0c3f4b9c-4bb9-4d83-abbe-be505257bb4c",
默认	11:30:28.405855+0800	Runner	flutter: │             "event_name": "paywall_purchase_start",
默认	11:30:28.405901+0800	Runner	flutter: │             "event_time_ms": 1783654228136,
默认	11:30:28.405950+0800	Runner	flutter: │             "properties": {
默认	11:30:28.406035+0800	Runner	flutter: │               "logtime": 1783654228136,
默认	11:30:28.406106+0800	Runner	flutter: │               "log_id": "0c3f4b9c-4bb9-4d83-abbe-be505257bb4c",
默认	11:30:28.406119+0800	Runner	flutter: │               "net": "wifi",
默认	11:30:28.406191+0800	Runner	flutter: │               "pkg": "com.sparkjam.truthy.ios",
默认	11:30:28.406234+0800	Runner	flutter: │               "bucket": 56,
默认	11:30:28.406245+0800	Runner	flutter: │               "abslot": 21,
默认	11:30:28.406341+0800	Runner	flutter: │               "ram": "3684MB",
默认	11:30:28.406457+0800	Runner	flutter: │               "cpu": "arm64",
默认	11:30:28.406529+0800	Runner	flutter: │               "sh": 844,
默认	11:30:28.406549+0800	Runner	flutter: │               "sw": 390,
默认	11:30:28.406614+0800	Runner	flutter: │               "city": "",
默认	11:30:28.406627+0800	Runner	flutter: │               "ste": "",
默认	11:30:28.406706+0800	Runner	flutter: │               "lat": "",
默认	11:30:28.406721+0800	Runner	flutter: │               "lng": "",
默认	11:30:28.406769+0800	Runner	flutter: │               "sty": "desk",
默认	11:30:28.406853+0800	Runner	flutter: │               "isp": "",
默认	11:30:28.406923+0800	Runner	flutter: │               "mod": "iphone13,2",
默认	11:30:28.406934+0800	Runner	flutter: │               "brd": "apple",
默认	11:30:28.406982+0800	Runner	flutter: │               "os": "26.3.1",
默认	11:30:28.406996+0800	Runner	flutter: │               "pf": "ios",
默认	11:30:28.407038+0800	Runner	flutter: │               "slan": "zh",
默认	11:30:28.407078+0800	Runner	flutter: │               "reg": "HK",
默认	11:30:28.407166+0800	Runner	flutter: │               "cou": "HK",
默认	11:30:28.407176+0800	Runner	flutter: │               "sub": "",
默认	11:30:28.407222+0800	Runner	flutter: │               "cha": "",
默认	11:30:28.407263+0800	Runner	flutter: │               "verc": "10000",
默认	11:30:28.407314+0800	Runner	flutter: │               "ver": "1.0.0",
默认	11:30:28.407386+0800	Runner	flutter: │               "sid": "5094b07b-cc63-4868-b4ac-6bced54db906",
默认	11:30:28.407452+0800	Runner	flutter: │               "uuid": "***",
默认	11:30:28.407470+0800	Runner	flutter: │               "idfa": "***",
默认	11:30:28.407553+0800	Runner	flutter: │               "idfv": "***",
默认	11:30:28.407566+0800	Runner	flutter: │               "aid": "***",
默认	11:30:28.407646+0800	Runner	flutter: │               "gaid": "***",
默认	11:30:28.407663+0800	Runner	flutter: │               "did": "***",
默认	11:30:28.407732+0800	Runner	flutter: │               "uid": "***",
默认	11:30:28.407743+0800	Runner	flutter: │               "anm": "Truthy",
默认	11:30:28.407793+0800	Runner	flutter: │               "push_id": "",
默认	11:30:28.407845+0800	Runner	flutter: │               "push_type": "",
默认	11:30:28.407891+0800	Runner	flutter: │               "is_pro": "0",
默认	11:30:28.407943+0800	Runner	flutter: │               "page_from": "search_fake",
默认	11:30:28.407994+0800	Runner	flutter: │               "product_id": "sku_truthy_premium_weekly_ios",
默认	11:30:28.408041+0800	Runner	flutter: │               "store_product_id": "com.truthy.premium.w",
默认	11:30:28.408092+0800	Runner	flutter: │               "billing_period": "week",
默认	11:30:28.408194+0800	Runner	flutter: │               "price_server": "$9.99",
默认	11:30:28.408206+0800	Runner	flutter: │               "price_apple": "US$9.99",
默认	11:30:28.408256+0800	Runner	flutter: │               "price_actual": "$3.99",
默认	11:30:28.408359+0800	Runner	flutter: │               "amount_minor": 999,
默认	11:30:28.408370+0800	Runner	flutter: │               "amount_minor_currency": "USD",
默认	11:30:28.408382+0800	Runner	flutter: │               "apple_amount_minor": 999,
默认	11:30:28.408452+0800	Runner	flutter: │               "apple_amount_minor_currency": "USD",
默认	11:30:28.408500+0800	Runner	flutter: │               "actual_amount_minor": 399,
默认	11:30:28.408548+0800	Runner	flutter: │               "actual_amount_minor_currency": "USD",
默认	11:30:28.408595+0800	Runner	flutter: │               "intro_eligible": 1,
默认	11:30:28.408643+0800	Runner	flutter: │               "intro_price": "$3.99",
默认	11:30:28.408689+0800	Runner	flutter: │               "price": "$9.99",
默认	11:30:28.408746+0800	Runner	flutter: │               "purchase_stage": "create_order"
默认	11:30:28.408776+0800	Runner	flutter: │             }
默认	11:30:28.408821+0800	Runner	flutter: │           },
默认	11:30:28.408868+0800	Runner	flutter: │           {
默认	11:30:28.408993+0800	Runner	flutter: │             "event_id": "ded1ea22-2e01-4ad3-aa4d-acaf0bca952f",
默认	11:30:28.409056+0800	Runner	flutter: │             "event_name": "app_page_stay",
默认	11:30:28.409207+0800	Runner	flutter: │             "event_time_ms": 1783654228136,
默认	11:30:28.409224+0800	Runner	flutter: │             "properties": {
默认	11:30:28.409274+0800	Runner	flutter: │               "logtime": 1783654228136,
默认	11:30:28.409327+0800	Runner	flutter: │               "log_id": "ded1ea22-2e01-4ad3-aa4d-acaf0bca952f",
默认	11:30:28.409373+0800	Runner	flutter: │               "net": "wifi",
默认	11:30:28.409424+0800	Runner	flutter: │               "pkg": "com.sparkjam.truthy.ios",
默认	11:30:28.409535+0800	Runner	flutter: │               "bucket": 56,
默认	11:30:28.409589+0800	Runner	flutter: │               "abslot": 21,
默认	11:30:28.409636+0800	Runner	flutter: │               "ram": "3684MB",
默认	11:30:28.409722+0800	Runner	flutter: │               "cpu": "arm64",
默认	11:30:28.409739+0800	Runner	flutter: │               "sh": 844,
默认	11:30:28.409789+0800	Runner	flutter: │               "sw": 390,
默认	11:30:28.409801+0800	Runner	flutter: │               "city": "",
默认	11:30:28.409836+0800	Runner	flutter: │               "ste": "",
默认	11:30:28.409936+0800	Runner	flutter: │               "lat": "",
默认	11:30:28.409953+0800	Runner	flutter: │               "lng": "",
默认	11:30:28.410001+0800	Runner	flutter: │               "sty": "desk",
默认	11:30:28.410013+0800	Runner	flutter: │               "isp": "",
默认	11:30:28.410052+0800	Runner	flutter: │               "mod": "iphone13,2",
默认	11:30:28.410064+0800	Runner	flutter: │               "brd": "apple",
默认	11:30:28.410110+0800	Runner	flutter: │               "os": "26.3.1",
默认	11:30:28.410170+0800	Runner	flutter: │               "pf": "ios",
默认	11:30:28.410238+0800	Runner	flutter: │               "slan": "zh",
默认	11:30:28.410250+0800	Runner	flutter: │               "reg": "HK",
默认	11:30:28.410296+0800	Runner	flutter: │               "cou": "HK",
默认	11:30:28.410309+0800	Runner	flutter: │               "sub": "",
默认	11:30:28.410365+0800	Runner	flutter: │               "cha": "",
默认	11:30:28.410430+0800	Runner	flutter: │               "verc": "10000",
默认	11:30:28.410449+0800	Runner	flutter: │               "ver": "1.0.0",
默认	11:30:28.410460+0800	Runner	flutter: │               "sid": "5094b07b-cc63-4868-b4ac-6bced54db906",
默认	11:30:28.410536+0800	Runner	flutter: │               "uuid": "***",
默认	11:30:28.410547+0800	Runner	flutter: │               "idfa": "***",
默认	11:30:28.410557+0800	Runner	flutter: │               "idfv": "***",
默认	11:30:28.410684+0800	Runner	flutter: │               "aid": "***",
默认	11:30:28.410787+0800	Runner	flutter: │               "gaid": "***",
默认	11:30:28.410797+0800	Runner	flutter: │               "did": "***",
默认	11:30:28.410805+0800	Runner	flutter: │               "uid": "***",
默认	11:30:28.410831+0800	Runner	flutter: │               "anm": "Truthy",
默认	11:30:28.410892+0800	Runner	flutter: │               "push_id": "",
默认	11:30:28.410903+0800	Runner	flutter: │               "push_type": "",
默认	11:30:28.410967+0800	Runner	flutter: │               "is_pro": "0",
默认	11:30:28.410976+0800	Runner	flutter: │               "page_from": "paywall",
默认	11:30:28.411037+0800	Runner	flutter: │               "duration_s": 4
默认	11:30:28.411048+0800	Runner	flutter: │             }
默认	11:30:28.411132+0800	Runner	flutter: │           }
默认	11:30:28.411143+0800	Runner	flutter: │         ]
默认	11:30:28.411158+0800	Runner	flutter: │       }
默认	11:30:28.411238+0800	Runner	flutter: │     }
默认	11:30:28.411252+0800	Runner	flutter: │   ]
默认	11:30:28.411261+0800	Runner	flutter: │ }
默认	11:30:28.411312+0800	Runner	flutter: └───────────────────────────────────────────────────────────────────────────────────────────────────
默认	11:30:28.491761+0800	Runner	flutter: ┌───────────────────────────────────────────────────────────────────────────────────────────────────
默认	11:30:28.491882+0800	Runner	flutter: │ [HTTP] <-- 200 POST https://api.truthy.top/gateway/invoke service=tool.subscription.SubscriptionService method=CreateSubscriptionOrder
默认	11:30:28.491906+0800	Runner	flutter: └───────────────────────────────────────────────────────────────────────────────────────────────────
默认	11:30:28.492000+0800	Runner	flutter: ┌───────────────────────────────────────────────────────────────────────────────────────────────────
默认	11:30:28.492012+0800	Runner	flutter: │ [HTTP] response:
默认	11:30:28.492034+0800	Runner	flutter: │ {
默认	11:30:28.492049+0800	Runner	flutter: │   "code": 0,
默认	11:30:28.492095+0800	Runner	flutter: │   "message": "ok",
默认	11:30:28.492149+0800	Runner	flutter: │   "request_id": "gw_req_1a502568fa7b2cc0c654755f4919a70b",
默认	11:30:28.492192+0800	Runner	flutter: │   "trace_id": "trace_79f80adbb87068ae02a9bf5f48937b88",
默认	11:30:28.492233+0800	Runner	flutter: │   "responses": [
默认	11:30:28.492274+0800	Runner	flutter: │     {
默认	11:30:28.492326+0800	Runner	flutter: │       "id": "req_0",
默认	11:30:28.492427+0800	Runner	flutter: │       "success": true,
默认	11:30:28.492438+0800	Runner	flutter: │       "code": 0,
默认	11:30:28.492476+0800	Runner	flutter: │       "message": "ok",
默认	11:30:28.492643+0800	Runner	flutter: │       "data": {
默认	11:30:28.492661+0800	Runner	flutter: │         "expires_time": 1783655128396,
默认	11:30:28.492753+0800	Runner	flutter: │         "order_id": "order_c9e8563a4aa197bc",
默认	11:30:28.492852+0800	Runner	flutter: │         "order_status": "pending",
默认	11:30:28.492974+0800	Runner	flutter: │         "plan_code": "basic",
默认	11:30:28.492988+0800	Runner	flutter: │         "platform": "ios",
默认	11:30:28.493000+0800	Runner	flutter: │         "product_code": "people_insight",
默认	11:30:28.493011+0800	Runner	flutter: │         "product_id": "sku_truthy_premium_weekly_ios",
默认	11:30:28.493025+0800	Runner	flutter: │         "provider_payload": null,
默认	11:30:28.493091+0800	Runner	flutter: │         "store_product_id": "com.truthy.premium.w",
默认	11:30:28.493153+0800	Runner	flutter: │         "store_provider": "app_store"
默认	11:30:28.493211+0800	Runner	flutter: │       }
默认	11:30:28.493269+0800	Runner	flutter: │     }
默认	11:30:28.493355+0800	Runner	flutter: │   ]
默认	11:30:28.493417+0800	Runner	flutter: │ }
默认	11:30:28.493629+0800	Runner	flutter: └───────────────────────────────────────────────────────────────────────────────────────────────────
默认	11:30:28.494298+0800	Runner	flutter: ┌───────────────────────────────────────────────────────────────────────────────────────────────────
默认	11:30:28.494357+0800	Runner	flutter: │ [SubPurchase] coordinator.trackOrderContext orderId=order_c9e8563a4aa197bc orderStatus=pending productId=sku_truthy_premium_weekly_ios storeProductId=com.truthy.premium.w platform=ios productId=sku_truthy_premium_weekly_ios storeProductId=com.truthy.premium.w productCode=people_insight platform=ios
默认	11:30:28.494369+0800	Runner	flutter: └───────────────────────────────────────────────────────────────────────────────────────────────────
默认	11:30:28.494376+0800	Runner	flutter: ┌───────────────────────────────────────────────────────────────────────────────────────────────────
默认	11:30:28.494436+0800	Runner	flutter: │ [SubPurchase] coordinator.trackRecoverableProducts count=1 storeProductIds=com.truthy.premium.w
默认	11:30:28.494458+0800	Runner	flutter: └───────────────────────────────────────────────────────────────────────────────────────────────────
默认	11:30:28.494467+0800	Runner	flutter: ┌───────────────────────────────────────────────────────────────────────────────────────────────────
默认	11:30:28.494477+0800	Runner	flutter: │ [SubPurchase] store.buy.start productId=com.truthy.premium.w title=Truthy Premium Weekly price=US$9.99 currency=USD
默认	11:30:28.494488+0800	Runner	flutter: └───────────────────────────────────────────────────────────────────────────────────────────────────
默认	11:30:28.729633+0800	Runner	flutter: ┌───────────────────────────────────────────────────────────────────────────────────────────────────
默认	11:30:28.729649+0800	Runner	flutter: │ [HTTP] <-- 200 POST https://api.truthy.top/gateway/invoke service=tool.event_tracking.EventTrackingService method=TrackEvents
默认	11:30:28.729665+0800	Runner	flutter: └───────────────────────────────────────────────────────────────────────────────────────────────────
默认	11:30:28.729806+0800	Runner	flutter: ┌───────────────────────────────────────────────────────────────────────────────────────────────────
默认	11:30:28.729820+0800	Runner	flutter: │ [HTTP] response:
默认	11:30:28.729835+0800	Runner	flutter: │ {
默认	11:30:28.729844+0800	Runner	flutter: │   "code": 0,
默认	11:30:28.729855+0800	Runner	flutter: │   "message": "ok",
默认	11:30:28.729903+0800	Runner	flutter: │   "request_id": "gw_req_47f4726332358fa9f16a18b0fce730f7",
默认	11:30:28.729916+0800	Runner	flutter: │   "trace_id": "trace_fe7362afb090520fe6e79c1271775afd",
默认	11:30:28.729924+0800	Runner	flutter: │   "responses": [
默认	11:30:28.729933+0800	Runner	flutter: │     {
默认	11:30:28.729943+0800	Runner	flutter: │       "id": "req_0",
默认	11:30:28.729952+0800	Runner	flutter: │       "success": true,
默认	11:30:28.729976+0800	Runner	flutter: │       "code": 0,
默认	11:30:28.729999+0800	Runner	flutter: │       "message": "ok",
默认	11:30:28.730037+0800	Runner	flutter: │       "data": {
默认	11:30:28.730047+0800	Runner	flutter: │         "request_id": "gw_req_47f4726332358fa9f16a18b0fce730f7",
默认	11:30:28.730057+0800	Runner	flutter: │         "trace_id": "trace_fe7362afb090520fe6e79c1271775afd",
默认	11:30:28.730065+0800	Runner	flutter: │         "accepted_count": 2,
默认	11:30:28.730073+0800	Runner	flutter: │         "event_name": "paywall_purchase_start",
默认	11:30:28.730082+0800	Runner	flutter: │         "event_names": [
默认	11:30:28.730089+0800	Runner	flutter: │           "paywall_purchase_start",
默认	11:30:28.730098+0800	Runner	flutter: │           "app_page_stay"
默认	11:30:28.730106+0800	Runner	flutter: │         ],
默认	11:30:28.730113+0800	Runner	flutter: │         "events": [
默认	11:30:28.730598+0800	Runner	flutter: │           {
默认	11:30:28.730616+0800	Runner	flutter: │             "index": 0,
默认	11:30:28.730626+0800	Runner	flutter: │             "event_id": "0c3f4b9c-4bb9-4d83-abbe-be505257bb4c",
默认	11:30:28.730634+0800	Runner	flutter: │             "event_name": "paywall_purchase_start",
默认	11:30:28.730643+0800	Runner	flutter: │             "status": "accepted"
默认	11:30:28.730650+0800	Runner	flutter: │           },
默认	11:30:28.730674+0800	Runner	flutter: │           {
默认	11:30:28.730701+0800	Runner	flutter: │             "index": 1,
默认	11:30:28.730714+0800	Runner	flutter: │             "event_id": "ded1ea22-2e01-4ad3-aa4d-acaf0bca952f",
默认	11:30:28.730721+0800	Runner	flutter: │             "event_name": "app_page_stay",
默认	11:30:28.730731+0800	Runner	flutter: │             "status": "accepted"
默认	11:30:28.730740+0800	Runner	flutter: │           }
默认	11:30:28.730747+0800	Runner	flutter: │         ]
默认	11:30:28.730756+0800	Runner	flutter: │       }
默认	11:30:28.730763+0800	Runner	flutter: │     }
默认	11:30:28.730771+0800	Runner	flutter: │   ]
默认	11:30:28.730778+0800	Runner	flutter: │ }
默认	11:30:28.730787+0800	Runner	flutter: └───────────────────────────────────────────────────────────────────────────────────────────────────
默认	11:30:57.184546+0800	Runner	flutter: ┌───────────────────────────────────────────────────────────────────────────────────────────────────
默认	11:30:57.184580+0800	Runner	flutter: │ [HTTP] --> POST https://api.truthy.top/gateway/invoke service=tool.identity.IdentityService method=GetMe
默认	11:30:57.184598+0800	Runner	flutter: └───────────────────────────────────────────────────────────────────────────────────────────────────
默认	11:30:57.184654+0800	Runner	flutter: ┌───────────────────────────────────────────────────────────────────────────────────────────────────
默认	11:30:57.184684+0800	Runner	flutter: │ [HTTP] request:
默认	11:30:57.184776+0800	Runner	flutter: │ {
默认	11:30:57.184798+0800	Runner	flutter: │   "comm": {
默认	11:30:57.184807+0800	Runner	flutter: │     "auth_token": "***",
默认	11:30:57.184839+0800	Runner	flutter: │     "user_id": "user_e5f97712121ebfac3d6f6407",
默认	11:30:57.184854+0800	Runner	flutter: │     "device_id": "c5ece928-513e-4e75-a500-28479ac5102a",
默认	11:30:57.184899+0800	Runner	flutter: │     "client_request_id": "crid_1783654257181721",
默认	11:30:57.184909+0800	Runner	flutter: │     "platform": "ios",
默认	11:30:57.184931+0800	Runner	flutter: │     "app_version": "1.0.0",
默认	11:30:57.184973+0800	Runner	flutter: │     "locale": "zh-Hans-HK",
默认	11:30:57.185019+0800	Runner	flutter: │     "country": "HK",
默认	11:30:57.185102+0800	Runner	flutter: │     "timezone": "UTC+08:00"
默认	11:30:57.185158+0800	Runner	flutter: │   },
默认	11:30:57.185178+0800	Runner	flutter: │   "requests": [
默认	11:30:57.185197+0800	Runner	flutter: │     {
默认	11:30:57.185214+0800	Runner	flutter: │       "id": "req_0",
默认	11:30:57.185317+0800	Runner	flutter: │       "service_name": "tool.identity.IdentityService",
默认	11:30:57.185338+0800	Runner	flutter: │       "method_name": "GetMe",
默认	11:30:57.185420+0800	Runner	flutter: │       "params": {}
默认	11:30:57.185429+0800	Runner	flutter: │     }
默认	11:30:57.185456+0800	Runner	flutter: │   ]
默认	11:30:57.185476+0800	Runner	flutter: │ }
默认	11:30:57.185503+0800	Runner	flutter: └───────────────────────────────────────────────────────────────────────────────────────────────────
默认	11:30:58.544061+0800	Runner	flutter: ┌───────────────────────────────────────────────────────────────────────────────────────────────────
默认	11:30:58.544110+0800	Runner	flutter: │ [HTTP] <-- 200 POST https://api.truthy.top/gateway/invoke service=tool.identity.IdentityService method=GetMe
默认	11:30:58.544188+0800	Runner	flutter: └───────────────────────────────────────────────────────────────────────────────────────────────────
默认	11:30:58.544416+0800	Runner	flutter: ┌───────────────────────────────────────────────────────────────────────────────────────────────────
默认	11:30:58.544434+0800	Runner	flutter: │ [HTTP] response:
默认	11:30:58.544455+0800	Runner	flutter: │ {
默认	11:30:58.544517+0800	Runner	flutter: │   "code": 0,
默认	11:30:58.544536+0800	Runner	flutter: │   "message": "ok",
默认	11:30:58.544595+0800	Runner	flutter: │   "request_id": "gw_req_c44b282e1511c64ceefaf56d192923da",
默认	11:30:58.544606+0800	Runner	flutter: │   "trace_id": "trace_fa1e3857bdbea6174dcc04429058a7cc",
默认	11:30:58.544646+0800	Runner	flutter: │   "responses": [
默认	11:30:58.544740+0800	Runner	flutter: │     {
默认	11:30:58.544837+0800	Runner	flutter: │       "id": "req_0",
默认	11:30:58.544851+0800	Runner	flutter: │       "success": true,
默认	11:30:58.544858+0800	Runner	flutter: │       "code": 0,
默认	11:30:58.544998+0800	Runner	flutter: │       "message": "ok",
默认	11:30:58.545017+0800	Runner	flutter: │       "data": {
默认	11:30:58.545027+0800	Runner	flutter: │         "acquisition_summary": {
默认	11:30:58.545059+0800	Runner	flutter: │           "channel": "",
默认	11:30:58.545109+0800	Runner	flutter: │           "channel_code": "",
默认	11:30:58.545232+0800	Runner	flutter: │           "report_time": null,
默认	11:30:58.545265+0800	Runner	flutter: │           "source": "",
默认	11:30:58.545279+0800	Runner	flutter: │           "sub_channel": "",
默认	11:30:58.545300+0800	Runner	flutter: │           "sub_channel_code": ""
默认	11:30:58.545382+0800	Runner	flutter: │         },
默认	11:30:58.545423+0800	Runner	flutter: │         "consent_policy_version": "2026-06-08",
默认	11:30:58.545461+0800	Runner	flutter: │         "create_time": 1783653750704,
默认	11:30:58.545512+0800	Runner	flutter: │         "device_id": "c5ece928-513e-4e75-a500-28479ac5102a",
默认	11:30:58.545557+0800	Runner	flutter: │         "profile_summary": {
默认	11:30:58.545598+0800	Runner	flutter: │           "bucket": "bucket_76",
默认	11:30:58.545641+0800	Runner	flutter: │           "country": "HK",
默认	11:30:58.545681+0800	Runner	flutter: │           "last_app_version": "1.0.0",
默认	11:30:58.545846+0800	Runner	flutter: │           "last_ip": "43.173.72.75",
默认	11:30:58.545859+0800	Runner	flutter: │           "last_platform": "ios",
默认	11:30:58.545867+0800	Runner	flutter: │           "last_seen_time": 1783653750704,
默认	11:30:58.545912+0800	Runner	flutter: │           "recharge_cnt": 0,
默认	11:30:58.545968+0800	Runner	flutter: │           "recharge_total_micros": 0
默认	11:30:58.545984+0800	Runner	flutter: │         },
默认	11:30:58.546024+0800	Runner	flutter: │         "subscription_summary": {
默认	11:30:58.546063+0800	Runner	flutter: │           "expires_time": null,
默认	11:30:58.546174+0800	Runner	flutter: │           "plan_code": "free",
默认	11:30:58.546291+0800	Runner	flutter: │           "product_code": "people_insight",
默认	11:30:58.546415+0800	Runner	flutter: │           "subscription_status": "inactive"
默认	11:30:58.546452+0800	Runner	flutter: │         },
默认	11:30:58.546483+0800	Runner	flutter: │         "user_id": "user_e5f97712121ebfac3d6f6407",
默认	11:30:58.546555+0800	Runner	flutter: │         "user_type": "anonymous"
默认	11:30:58.546570+0800	Runner	flutter: │       }
默认	11:30:58.546643+0800	Runner	flutter: │     }
默认	11:30:58.546739+0800	Runner	flutter: │   ]
默认	11:30:58.546854+0800	Runner	flutter: │ }
默认	11:30:58.546865+0800	Runner	flutter: └───────────────────────────────────────────────────────────────────────────────────────────────────
默认	11:30:58.547061+0800	Runner	flutter: ┌───────────────────────────────────────────────────────────────────────────────────────────────────
默认	11:30:58.547102+0800	Runner	flutter: │ [SubPurchase] coordinator.recoverUnfinished.start trigger=app_resume products=0
默认	11:30:58.547122+0800	Runner	flutter: └───────────────────────────────────────────────────────────────────────────────────────────────────
默认	11:30:58.547208+0800	Runner	flutter: ┌───────────────────────────────────────────────────────────────────────────────────────────────────
默认	11:30:58.547247+0800	Runner	flutter: │ [SubPurchase] storekitRecovery.queryUnfinishedAll.start
默认	11:30:58.547321+0800	Runner	flutter: └───────────────────────────────────────────────────────────────────────────────────────────────────
默认	11:30:58.556283+0800	Runner	flutter: ┌───────────────────────────────────────────────────────────────────────────────────────────────────
默认	11:30:58.556333+0800	Runner	flutter: │ [SubPurchase] storekitRecovery.queryUnfinishedAll.result total=0
默认	11:30:58.556390+0800	Runner	flutter: └───────────────────────────────────────────────────────────────────────────────────────────────────
默认	11:30:58.556452+0800	Runner	flutter: ┌───────────────────────────────────────────────────────────────────────────────────────────────────
默认	11:30:58.556463+0800	Runner	flutter: │ [SubPurchase] coordinator.recoverStoreKitUnfinished.results count=0
默认	11:30:58.556516+0800	Runner	flutter: └───────────────────────────────────────────────────────────────────────────────────────────────────
默认	11:30:58.556592+0800	Runner	flutter: ┌───────────────────────────────────────────────────────────────────────────────────────────────────
默认	11:30:58.556605+0800	Runner	flutter: │ [SubPurchase] coordinator.recoverUnfinished.finish
默认	11:30:58.556684+0800	Runner	flutter: └───────────────────────────────────────────────────────────────────────────────────────────────────
默认	11:31:34.236609+0800	Runner	flutter: ┌───────────────────────────────────────────────────────────────────────────────────────────────────
默认	11:31:34.236618+0800	Runner	flutter: │ [HTTP] --> POST https://api.truthy.top/gateway/invoke service=tool.identity.IdentityService method=GetMe
默认	11:31:34.236629+0800	Runner	flutter: └───────────────────────────────────────────────────────────────────────────────────────────────────
默认	11:31:34.236638+0800	Runner	flutter: ┌───────────────────────────────────────────────────────────────────────────────────────────────────
默认	11:31:34.236660+0800	Runner	flutter: │ [HTTP] request:
默认	11:31:34.236669+0800	Runner	flutter: │ {
默认	11:31:34.236677+0800	Runner	flutter: │   "comm": {
默认	11:31:34.236700+0800	Runner	flutter: │     "auth_token": "***",
默认	11:31:34.236717+0800	Runner	flutter: │     "user_id": "user_e5f97712121ebfac3d6f6407",
默认	11:31:34.236732+0800	Runner	flutter: │     "device_id": "c5ece928-513e-4e75-a500-28479ac5102a",
默认	11:31:34.236752+0800	Runner	flutter: │     "client_request_id": "crid_1783654294221302",
默认	11:31:34.236769+0800	Runner	flutter: │     "platform": "ios",
默认	11:31:34.236864+0800	Runner	flutter: │     "app_version": "1.0.0",
默认	11:31:34.236884+0800	Runner	flutter: │     "locale": "zh-Hans-HK",
默认	11:31:34.236916+0800	Runner	flutter: │     "country": "HK",
默认	11:31:34.236942+0800	Runner	flutter: │     "timezone": "UTC+08:00"
默认	11:31:34.236951+0800	Runner	flutter: │   },
默认	11:31:34.236965+0800	Runner	flutter: │   "requests": [
默认	11:31:34.236975+0800	Runner	flutter: │     {
默认	11:31:34.236984+0800	Runner	flutter: │       "id": "req_0",
默认	11:31:34.236993+0800	Runner	flutter: │       "service_name": "tool.identity.IdentityService",
默认	11:31:34.237003+0800	Runner	flutter: │       "method_name": "GetMe",
默认	11:31:34.237010+0800	Runner	flutter: │       "params": {}
默认	11:31:34.237020+0800	Runner	flutter: │     }
默认	11:31:34.237030+0800	Runner	flutter: │   ]
默认	11:31:34.237039+0800	Runner	flutter: │ }
默认	11:31:34.237047+0800	Runner	flutter: └───────────────────────────────────────────────────────────────────────────────────────────────────
默认	11:31:35.695909+0800	Runner	flutter: ┌───────────────────────────────────────────────────────────────────────────────────────────────────
默认	11:31:35.695962+0800	Runner	flutter: │ [HTTP] <-- 200 POST https://api.truthy.top/gateway/invoke service=tool.identity.IdentityService method=GetMe
默认	11:31:35.695993+0800	Runner	flutter: └───────────────────────────────────────────────────────────────────────────────────────────────────
默认	11:31:35.696758+0800	Runner	flutter: ┌───────────────────────────────────────────────────────────────────────────────────────────────────
默认	11:31:35.696780+0800	Runner	flutter: │ [HTTP] response:
默认	11:31:35.696806+0800	Runner	flutter: │ {
默认	11:31:35.696816+0800	Runner	flutter: │   "code": 0,
默认	11:31:35.696835+0800	Runner	flutter: │   "message": "ok",
默认	11:31:35.696845+0800	Runner	flutter: │   "request_id": "gw_req_35f98f4e36a43bd1cec88fcbaae56841",
默认	11:31:35.696854+0800	Runner	flutter: │   "trace_id": "trace_f4a34534385886c1dc8a383df22a33d2",
默认	11:31:35.696861+0800	Runner	flutter: │   "responses": [
默认	11:31:35.696870+0800	Runner	flutter: │     {
默认	11:31:35.696877+0800	Runner	flutter: │       "id": "req_0",
默认	11:31:35.696886+0800	Runner	flutter: │       "success": true,
默认	11:31:35.696892+0800	Runner	flutter: │       "code": 0,
默认	11:31:35.696922+0800	Runner	flutter: │       "message": "ok",
默认	11:31:35.696929+0800	Runner	flutter: │       "data": {
默认	11:31:35.696938+0800	Runner	flutter: │         "acquisition_summary": {
默认	11:31:35.696945+0800	Runner	flutter: │           "channel": "",
默认	11:31:35.696985+0800	Runner	flutter: │           "channel_code": "",
默认	11:31:35.697029+0800	Runner	flutter: │           "report_time": null,
默认	11:31:35.697072+0800	Runner	flutter: │           "source": "",
默认	11:31:35.697115+0800	Runner	flutter: │           "sub_channel": "",
默认	11:31:35.697156+0800	Runner	flutter: │           "sub_channel_code": ""
默认	11:31:35.697196+0800	Runner	flutter: │         },
默认	11:31:35.697385+0800	Runner	flutter: │         "consent_policy_version": "2026-06-08",
默认	11:31:35.697398+0800	Runner	flutter: │         "create_time": 1783653750704,
默认	11:31:35.697408+0800	Runner	flutter: │         "device_id": "c5ece928-513e-4e75-a500-28479ac5102a",
默认	11:31:35.697417+0800	Runner	flutter: │         "profile_summary": {
默认	11:31:35.697426+0800	Runner	flutter: │           "bucket": "bucket_76",
默认	11:31:35.697552+0800	Runner	flutter: │           "country": "HK",
默认	11:31:35.697947+0800	Runner	flutter: │           "last_app_version": "1.0.0",
默认	11:31:35.697958+0800	Runner	flutter: │           "last_ip": "43.173.72.75",
默认	11:31:35.697968+0800	Runner	flutter: │           "last_platform": "ios",
默认	11:31:35.697985+0800	Runner	flutter: │           "last_seen_time": 1783653750704,
默认	11:31:35.698012+0800	Runner	flutter: │           "recharge_cnt": 0,
默认	11:31:35.698117+0800	Runner	flutter: │           "recharge_total_micros": 0
默认	11:31:35.698129+0800	Runner	flutter: │         },
默认	11:31:35.698184+0800	Runner	flutter: │         "subscription_summary": {
默认	11:31:35.698208+0800	Runner	flutter: │           "expires_time": null,
默认	11:31:35.698230+0800	Runner	flutter: │           "plan_code": "free",
默认	11:31:35.698240+0800	Runner	flutter: │           "product_code": "people_insight",
默认	11:31:35.698319+0800	Runner	flutter: │           "subscription_status": "inactive"
默认	11:31:35.698335+0800	Runner	flutter: │         },
默认	11:31:35.698369+0800	Runner	flutter: │         "user_id": "user_e5f97712121ebfac3d6f6407",
默认	11:31:35.698529+0800	Runner	flutter: │         "user_type": "anonymous"
默认	11:31:35.698554+0800	Runner	flutter: │       }
默认	11:31:35.698565+0800	Runner	flutter: │     }
默认	11:31:35.698581+0800	Runner	flutter: │   ]
默认	11:31:35.698606+0800	Runner	flutter: │ }
默认	11:31:35.698975+0800	Runner	flutter: └───────────────────────────────────────────────────────────────────────────────────────────────────
默认	11:31:35.713314+0800	Runner	flutter: ┌───────────────────────────────────────────────────────────────────────────────────────────────────
默认	11:31:35.713362+0800	Runner	flutter: │ [HTTP] --> POST https://api.truthy.top/gateway/invoke service=tool.subscription.SubscriptionService method=GetSubscriptionStatus
默认	11:31:35.713428+0800	Runner	flutter: └───────────────────────────────────────────────────────────────────────────────────────────────────
默认	11:31:35.713761+0800	Runner	flutter: ┌───────────────────────────────────────────────────────────────────────────────────────────────────
默认	11:31:35.713788+0800	Runner	flutter: │ [HTTP] request:
默认	11:31:35.713807+0800	Runner	flutter: │ {
默认	11:31:35.713823+0800	Runner	flutter: │   "comm": {
默认	11:31:35.713833+0800	Runner	flutter: │     "auth_token": "***",
默认	11:31:35.713841+0800	Runner	flutter: │     "user_id": "user_e5f97712121ebfac3d6f6407",
默认	11:31:35.713908+0800	Runner	flutter: │     "device_id": "c5ece928-513e-4e75-a500-28479ac5102a",
默认	11:31:35.713922+0800	Runner	flutter: │     "client_request_id": "crid_1783654295698617",
默认	11:31:35.713964+0800	Runner	flutter: │     "platform": "ios",
默认	11:31:35.714008+0800	Runner	flutter: │     "app_version": "1.0.0",
默认	11:31:35.714055+0800	Runner	flutter: │     "locale": "zh-Hans-HK",
默认	11:31:35.714095+0800	Runner	flutter: │     "country": "HK",
默认	11:31:35.714143+0800	Runner	flutter: │     "timezone": "UTC+08:00"
默认	11:31:35.714181+0800	Runner	flutter: │   },
默认	11:31:35.714227+0800	Runner	flutter: │   "requests": [
默认	11:31:35.714271+0800	Runner	flutter: │     {
默认	11:31:35.714319+0800	Runner	flutter: │       "id": "req_0",
默认	11:31:35.714431+0800	Runner	flutter: │       "service_name": "tool.subscription.SubscriptionService",
默认	11:31:35.714447+0800	Runner	flutter: │       "method_name": "GetSubscriptionStatus",
默认	11:31:35.714488+0800	Runner	flutter: │       "params": {
默认	11:31:35.714531+0800	Runner	flutter: │         "product_code": "people_insight",
默认	11:31:35.714572+0800	Runner	flutter: │         "scenario": "app_resume"
默认	11:31:35.714616+0800	Runner	flutter: │       }
默认	11:31:35.714654+0800	Runner	flutter: │     }
默认	11:31:35.714695+0800	Runner	flutter: │   ]
默认	11:31:35.714737+0800	Runner	flutter: │ }
默认	11:31:35.715235+0800	Runner	flutter: └───────────────────────────────────────────────────────────────────────────────────────────────────
默认	11:31:36.068563+0800	Runner	flutter: ┌───────────────────────────────────────────────────────────────────────────────────────────────────
默认	11:31:36.068630+0800	Runner	flutter: │ [HTTP] <-- 200 POST https://api.truthy.top/gateway/invoke service=tool.subscription.SubscriptionService method=GetSubscriptionStatus
默认	11:31:36.068677+0800	Runner	flutter: └───────────────────────────────────────────────────────────────────────────────────────────────────
默认	11:31:36.068850+0800	Runner	flutter: ┌───────────────────────────────────────────────────────────────────────────────────────────────────
默认	11:31:36.068875+0800	Runner	flutter: │ [HTTP] response:
默认	11:31:36.068933+0800	Runner	flutter: │ {
默认	11:31:36.068986+0800	Runner	flutter: │   "code": 0,
默认	11:31:36.069020+0800	Runner	flutter: │   "message": "ok",
默认	11:31:36.069068+0800	Runner	flutter: │   "request_id": "gw_req_580105ef4bc84d00d48c712c2ca5689c",
默认	11:31:36.069116+0800	Runner	flutter: │   "trace_id": "trace_db5341a84d12ca5b9b961144967c2ce3",
默认	11:31:36.069164+0800	Runner	flutter: │   "responses": [
默认	11:31:36.069284+0800	Runner	flutter: │     {
默认	11:31:36.069308+0800	Runner	flutter: │       "id": "req_0",
默认	11:31:36.069324+0800	Runner	flutter: │       "success": true,
默认	11:31:36.069354+0800	Runner	flutter: │       "code": 0,
默认	11:31:36.069468+0800	Runner	flutter: │       "message": "ok",
默认	11:31:36.069488+0800	Runner	flutter: │       "data": {
默认	11:31:36.069497+0800	Runner	flutter: │         "entitlement": {
默认	11:31:36.069586+0800	Runner	flutter: │           "can_start_search": false,
默认	11:31:36.069611+0800	Runner	flutter: │           "concurrency_remaining": 0,
默认	11:31:36.069619+0800	Runner	flutter: │           "decision": "REQUIRE_SUBSCRIPTION",
默认	11:31:36.069716+0800	Runner	flutter: │           "expires_time": null,
默认	11:31:36.069751+0800	Runner	flutter: │           "plan_code": "free",
默认	11:31:36.069793+0800	Runner	flutter: │           "product_code": "people_insight",
默认	11:31:36.069804+0800	Runner	flutter: │           "quota_remaining": 0,
默认	11:31:36.069863+0800	Runner	flutter: │           "subscription_status": "inactive",
默认	11:31:36.069895+0800	Runner	flutter: │           "vip_level": 0
默认	11:31:36.069958+0800	Runner	flutter: │         },
默认	11:31:36.069998+0800	Runner	flutter: │         "expires_time": null,
默认	11:31:36.070049+0800	Runner	flutter: │         "has_active_subscription": false,
默认	11:31:36.070094+0800	Runner	flutter: │         "plan_code": "free",
默认	11:31:36.070143+0800	Runner	flutter: │         "product_code": "people_insight",
默认	11:31:36.070205+0800	Runner	flutter: │         "subscription_status": "inactive",
默认	11:31:36.070249+0800	Runner	flutter: │         "tier_code": "",
默认	11:31:36.070290+0800	Runner	flutter: │         "unavailable_reason": "not_subscribed",
默认	11:31:36.070346+0800	Runner	flutter: │         "vip_level": 0
默认	11:31:36.070390+0800	Runner	flutter: │       }
默认	11:31:36.070416+0800	Runner	flutter: │     }
默认	11:31:36.070466+0800	Runner	flutter: │   ]
默认	11:31:36.070504+0800	Runner	flutter: │ }
默认	11:31:36.070585+0800	Runner	flutter: └───────────────────────────────────────────────────────────────────────────────────────────────────
默认	11:31:36.075005+0800	Runner	flutter: ┌───────────────────────────────────────────────────────────────────────────────────────────────────
默认	11:31:36.075066+0800	Runner	flutter: │ [SubPurchase] coordinator.recoverUnfinished.start trigger=app_resume products=0
默认	11:31:36.075278+0800	Runner	flutter: └───────────────────────────────────────────────────────────────────────────────────────────────────
默认	11:31:36.075639+0800	Runner	flutter: ┌───────────────────────────────────────────────────────────────────────────────────────────────────
默认	11:31:36.075649+0800	Runner	flutter: │ [SubPurchase] storekitRecovery.queryUnfinishedAll.start
默认	11:31:36.075656+0800	Runner	flutter: └───────────────────────────────────────────────────────────────────────────────────────────────────
默认	11:31:36.083250+0800	Runner	flutter: ┌───────────────────────────────────────────────────────────────────────────────────────────────────
默认	11:31:36.083268+0800	Runner	flutter: │ [SubPurchase] storekitRecovery.queryUnfinishedAll.result total=0
默认	11:31:36.083278+0800	Runner	flutter: └───────────────────────────────────────────────────────────────────────────────────────────────────
默认	11:31:36.083714+0800	Runner	flutter: ┌───────────────────────────────────────────────────────────────────────────────────────────────────
默认	11:31:36.083755+0800	Runner	flutter: │ [SubPurchase] coordinator.recoverStoreKitUnfinished.results count=0
默认	11:31:36.083766+0800	Runner	flutter: └───────────────────────────────────────────────────────────────────────────────────────────────────
默认	11:31:36.083775+0800	Runner	flutter: ┌───────────────────────────────────────────────────────────────────────────────────────────────────
默认	11:31:36.083784+0800	Runner	flutter: │ [SubPurchase] coordinator.recoverUnfinished.finish
默认	11:31:36.083801+0800	Runner	flutter: └───────────────────────────────────────────────────────────────────────────────────────────────────
默认	11:32:04.555840+0800	Runner	flutter: ┌───────────────────────────────────────────────────────────────────────────────────────────────────
默认	11:32:04.556130+0800	Runner	flutter: │ [HTTP] --> POST https://api.truthy.top/gateway/invoke service=tool.identity.IdentityService method=GetMe
默认	11:32:04.556165+0800	Runner	flutter: └───────────────────────────────────────────────────────────────────────────────────────────────────
默认	11:32:04.556185+0800	Runner	flutter: ┌───────────────────────────────────────────────────────────────────────────────────────────────────
默认	11:32:04.556202+0800	Runner	flutter: │ [HTTP] request:
默认	11:32:04.556225+0800	Runner	flutter: │ {
默认	11:32:04.556241+0800	Runner	flutter: │   "comm": {
默认	11:32:04.556251+0800	Runner	flutter: │     "auth_token": "***",
默认	11:32:04.556268+0800	Runner	flutter: │     "user_id": "user_e5f97712121ebfac3d6f6407",
默认	11:32:04.556287+0800	Runner	flutter: │     "device_id": "c5ece928-513e-4e75-a500-28479ac5102a",
默认	11:32:04.556309+0800	Runner	flutter: │     "client_request_id": "crid_1783654324532752",
默认	11:32:04.556318+0800	Runner	flutter: │     "platform": "ios",
默认	11:32:04.556335+0800	Runner	flutter: │     "app_version": "1.0.0",
默认	11:32:04.556509+0800	Runner	flutter: │     "locale": "zh-Hans-HK",
默认	11:32:04.556775+0800	Runner	flutter: │     "country": "HK",
默认	11:32:04.556816+0800	Runner	flutter: │     "timezone": "UTC+08:00"
默认	11:32:04.556849+0800	Runner	flutter: │   },
默认	11:32:04.556859+0800	Runner	flutter: │   "requests": [
默认	11:32:04.556868+0800	Runner	flutter: │     {
默认	11:32:04.556876+0800	Runner	flutter: │       "id": "req_0",
默认	11:32:04.556885+0800	Runner	flutter: │       "service_name": "tool.identity.IdentityService",
默认	11:32:04.556894+0800	Runner	flutter: │       "method_name": "GetMe",
默认	11:32:04.556902+0800	Runner	flutter: │       "params": {}
默认	11:32:04.556931+0800	Runner	flutter: │     }
默认	11:32:04.556938+0800	Runner	flutter: │   ]
默认	11:32:04.556947+0800	Runner	flutter: │ }
默认	11:32:04.556963+0800	Runner	flutter: └───────────────────────────────────────────────────────────────────────────────────────────────────
默认	11:32:06.080219+0800	Runner	flutter: ┌───────────────────────────────────────────────────────────────────────────────────────────────────
默认	11:32:06.080372+0800	Runner	flutter: │ [HTTP] <-- 200 POST https://api.truthy.top/gateway/invoke service=tool.identity.IdentityService method=GetMe
默认	11:32:06.080405+0800	Runner	flutter: └───────────────────────────────────────────────────────────────────────────────────────────────────
默认	11:32:06.080488+0800	Runner	flutter: ┌───────────────────────────────────────────────────────────────────────────────────────────────────
默认	11:32:06.080504+0800	Runner	flutter: │ [HTTP] response:
默认	11:32:06.080564+0800	Runner	flutter: │ {
默认	11:32:06.080647+0800	Runner	flutter: │   "code": 0,
默认	11:32:06.080667+0800	Runner	flutter: │   "message": "ok",
默认	11:32:06.080961+0800	Runner	flutter: │   "request_id": "gw_req_57f9fd532fbf9fa9d096832fb8bd2a0f",
默认	11:32:06.080976+0800	Runner	flutter: │   "trace_id": "trace_1f6c78a29865a25c9c8e3af09f509d85",
默认	11:32:06.080986+0800	Runner	flutter: │   "responses": [
默认	11:32:06.080993+0800	Runner	flutter: │     {
默认	11:32:06.081001+0800	Runner	flutter: │       "id": "req_0",
默认	11:32:06.081011+0800	Runner	flutter: │       "success": true,
默认	11:32:06.081021+0800	Runner	flutter: │       "code": 0,
默认	11:32:06.081083+0800	Runner	flutter: │       "message": "ok",
默认	11:32:06.081091+0800	Runner	flutter: │       "data": {
默认	11:32:06.081151+0800	Runner	flutter: │         "acquisition_summary": {
默认	11:32:06.081167+0800	Runner	flutter: │           "channel": "",
默认	11:32:06.081228+0800	Runner	flutter: │           "channel_code": "",
默认	11:32:06.081239+0800	Runner	flutter: │           "report_time": null,
默认	11:32:06.081279+0800	Runner	flutter: │           "source": "",
默认	11:32:06.081326+0800	Runner	flutter: │           "sub_channel": "",
默认	11:32:06.081423+0800	Runner	flutter: │           "sub_channel_code": ""
默认	11:32:06.081434+0800	Runner	flutter: │         },
默认	11:32:06.081478+0800	Runner	flutter: │         "consent_policy_version": "2026-06-08",
默认	11:32:06.081520+0800	Runner	flutter: │         "create_time": 1783653750704,
默认	11:32:06.081619+0800	Runner	flutter: │         "device_id": "c5ece928-513e-4e75-a500-28479ac5102a",
默认	11:32:06.081631+0800	Runner	flutter: │         "profile_summary": {
默认	11:32:06.081672+0800	Runner	flutter: │           "bucket": "bucket_76",
默认	11:32:06.081756+0800	Runner	flutter: │           "country": "HK",
默认	11:32:06.081768+0800	Runner	flutter: │           "last_app_version": "1.0.0",
默认	11:32:06.081806+0800	Runner	flutter: │           "last_ip": "43.173.72.75",
默认	11:32:06.081883+0800	Runner	flutter: │           "last_platform": "ios",
默认	11:32:06.081929+0800	Runner	flutter: │           "last_seen_time": 1783653750704,
默认	11:32:06.081974+0800	Runner	flutter: │           "recharge_cnt": 0,
默认	11:32:06.082144+0800	Runner	flutter: │           "recharge_total_micros": 0
默认	11:32:06.082155+0800	Runner	flutter: │         },
默认	11:32:06.082165+0800	Runner	flutter: │         "subscription_summary": {
默认	11:32:06.082173+0800	Runner	flutter: │           "expires_time": null,
默认	11:32:06.082217+0800	Runner	flutter: │           "plan_code": "free",
默认	11:32:06.082273+0800	Runner	flutter: │           "product_code": "people_insight",
默认	11:32:06.082314+0800	Runner	flutter: │           "subscription_status": "inactive"
默认	11:32:06.082359+0800	Runner	flutter: │         },
默认	11:32:06.082489+0800	Runner	flutter: │         "user_id": "user_e5f97712121ebfac3d6f6407",
默认	11:32:06.082500+0800	Runner	flutter: │         "user_type": "anonymous"
默认	11:32:06.082554+0800	Runner	flutter: │       }
默认	11:32:06.082565+0800	Runner	flutter: │     }
默认	11:32:06.082601+0800	Runner	flutter: │   ]
默认	11:32:06.082730+0800	Runner	flutter: │ }
默认	11:32:06.082741+0800	Runner	flutter: └───────────────────────────────────────────────────────────────────────────────────────────────────
默认	11:32:06.083007+0800	Runner	flutter: ┌───────────────────────────────────────────────────────────────────────────────────────────────────
默认	11:32:06.083023+0800	Runner	flutter: │ [SubPurchase] coordinator.recoverUnfinished.start trigger=app_resume products=0
默认	11:32:06.083090+0800	Runner	flutter: └───────────────────────────────────────────────────────────────────────────────────────────────────
默认	11:32:06.083244+0800	Runner	flutter: ┌───────────────────────────────────────────────────────────────────────────────────────────────────
默认	11:32:06.083255+0800	Runner	flutter: │ [SubPurchase] storekitRecovery.queryUnfinishedAll.start
默认	11:32:06.083306+0800	Runner	flutter: └───────────────────────────────────────────────────────────────────────────────────────────────────
默认	11:32:06.095040+0800	Runner	flutter: ┌───────────────────────────────────────────────────────────────────────────────────────────────────
默认	11:32:06.095060+0800	Runner	flutter: │ [SubPurchase] storekitRecovery.queryUnfinishedAll.result total=0
默认	11:32:06.095109+0800	Runner	flutter: └───────────────────────────────────────────────────────────────────────────────────────────────────
默认	11:32:06.095206+0800	Runner	flutter: ┌───────────────────────────────────────────────────────────────────────────────────────────────────
默认	11:32:06.095252+0800	Runner	flutter: │ [SubPurchase] coordinator.recoverStoreKitUnfinished.results count=0
默认	11:32:06.095299+0800	Runner	flutter: └───────────────────────────────────────────────────────────────────────────────────────────────────
默认	11:32:06.095482+0800	Runner	flutter: ┌───────────────────────────────────────────────────────────────────────────────────────────────────
默认	11:32:06.095495+0800	Runner	flutter: │ [SubPurchase] coordinator.recoverUnfinished.finish
默认	11:32:06.095568+0800	Runner	flutter: └───────────────────────────────────────────────────────────────────────────────────────────────────
默认	11:32:13.970165+0800	Runner	flutter: ┌───────────────────────────────────────────────────────────────────────────────────────────────────
默认	11:32:13.970172+0800	Runner	flutter: │ [HTTP] --> POST https://api.truthy.top/gateway/invoke service=tool.identity.IdentityService method=GetMe
默认	11:32:13.970242+0800	Runner	flutter: └───────────────────────────────────────────────────────────────────────────────────────────────────
默认	11:32:13.970279+0800	Runner	flutter: ┌───────────────────────────────────────────────────────────────────────────────────────────────────
默认	11:32:13.970341+0800	Runner	flutter: │ [HTTP] request:
默认	11:32:13.970352+0800	Runner	flutter: │ {
默认	11:32:13.970361+0800	Runner	flutter: │   "comm": {
默认	11:32:13.970370+0800	Runner	flutter: │     "auth_token": "***",
默认	11:32:13.970377+0800	Runner	flutter: │     "user_id": "user_e5f97712121ebfac3d6f6407",
默认	11:32:13.970386+0800	Runner	flutter: │     "device_id": "c5ece928-513e-4e75-a500-28479ac5102a",
默认	11:32:13.970393+0800	Runner	flutter: │     "client_request_id": "crid_1783654333962651",
默认	11:32:13.970402+0800	Runner	flutter: │     "platform": "ios",
默认	11:32:13.970410+0800	Runner	flutter: │     "app_version": "1.0.0",
默认	11:32:13.970417+0800	Runner	flutter: │     "locale": "zh-Hans-HK",
默认	11:32:13.970426+0800	Runner	flutter: │     "country": "HK",
默认	11:32:13.970433+0800	Runner	flutter: │     "timezone": "UTC+08:00"
默认	11:32:13.970441+0800	Runner	flutter: │   },
默认	11:32:13.970448+0800	Runner	flutter: │   "requests": [
默认	11:32:13.970458+0800	Runner	flutter: │     {
默认	11:32:13.970468+0800	Runner	flutter: │       "id": "req_0",
默认	11:32:13.970475+0800	Runner	flutter: │       "service_name": "tool.identity.IdentityService",
默认	11:32:13.970484+0800	Runner	flutter: │       "method_name": "GetMe",
默认	11:32:13.970491+0800	Runner	flutter: │       "params": {}
默认	11:32:13.970499+0800	Runner	flutter: │     }
默认	11:32:13.970508+0800	Runner	flutter: │   ]
默认	11:32:13.970515+0800	Runner	flutter: │ }
默认	11:32:13.970524+0800	Runner	flutter: └───────────────────────────────────────────────────────────────────────────────────────────────────
默认	11:32:14.069911+0800	Runner	flutter: ┌───────────────────────────────────────────────────────────────────────────────────────────────────
默认	11:32:14.069941+0800	Runner	flutter: │ [SubPurchase] store.buy.result started=true productId=com.truthy.premium.w
默认	11:32:14.069961+0800	Runner	flutter: └───────────────────────────────────────────────────────────────────────────────────────────────────
默认	11:32:14.070286+0800	Runner	flutter: ┌───────────────────────────────────────────────────────────────────────────────────────────────────
默认	11:32:14.070337+0800	Runner	flutter: │ [EventTracking] name=paywall_storekit_launch_success id=d42498d8-8bf0-437e-8472-ba1c2aa2d63d time=1783654334070 props={"page_from":"search_fake","product_id":"sku_truthy_premium_weekly_ios","store_product_id":"com.truthy.premium.w","billing_period":"week","price_server":"$9.99","price_apple":"US$9.99","price_actual":"$3.99","amount_minor":999,"amount_minor_currency":"USD","apple_amount_minor":999,"apple_amount_minor_currency":"USD","actual_amount_minor":399,"actual_amount_minor_currency":"USD","intro_eligible":1,"intro_price":"$3.99","price":"$9.99","purchase_stage":"launch_storekit","order_id":"order_c9e8563a4aa197bc"}
默认	11:32:14.070346+0800	Runner	flutter: └───────────────────────────────────────────────────────────────────────────────────────────────────
默认	11:32:14.072341+0800	Runner	flutter: ┌───────────────────────────────────────────────────────────────────────────────────────────────────
默认	11:32:14.072356+0800	Runner	flutter: │ [SubPurchase] store.purchaseStream count=1 events=[productId=com.truthy.premium.w status=purchased purchaseIdHash=325ef5fc65fbc7db transactionDate=2026-07-10 11:32:11 pendingCompletePurchase=true serverDataHash=-22d6ad5ce785af5f]
默认	11:32:14.072370+0800	Runner	flutter: └───────────────────────────────────────────────────────────────────────────────────────────────────
默认	11:32:14.072721+0800	Runner	flutter: ┌───────────────────────────────────────────────────────────────────────────────────────────────────
默认	11:32:14.072726+0800	Runner	flutter: │ [SubPurchase] coordinator.purchaseBatch count=1 events=[purchaseKey=purchaseId:325ef5fc65fbc7db productId=com.truthy.premium.w status=purchased purchaseIdHash=325ef5fc65fbc7db transactionDate=2026-07-10 11:32:11 needsCompletion=true hasSource=true serverDataHash=-22d6ad5ce785af5f localDataHash=-6ef846e291489ef4]
默认	11:32:14.072742+0800	Runner	flutter: └───────────────────────────────────────────────────────────────────────────────────────────────────
默认	11:32:14.072799+0800	Runner	flutter: ┌───────────────────────────────────────────────────────────────────────────────────────────────────
默认	11:32:14.072803+0800	Runner	flutter: │ [SubPurchase] coordinator.handlePurchased.start purchaseKey=purchaseId:325ef5fc65fbc7db productId=com.truthy.premium.w status=purchased purchaseIdHash=325ef5fc65fbc7db transactionDate=2026-07-10 11:32:11 needsCompletion=true hasSource=true serverDataHash=-22d6ad5ce785af5f localDataHash=-6ef846e291489ef4
默认	11:32:14.072846+0800	Runner	flutter: └───────────────────────────────────────────────────────────────────────────────────────────────────
默认	11:32:14.072909+0800	Runner	flutter: ┌───────────────────────────────────────────────────────────────────────────────────────────────────
默认	11:32:14.072915+0800	Runner	flutter: │ [SubPurchase] coordinator.knownContext.hit orderId=order_c9e8563a4aa197bc orderStatus=pending productId=sku_truthy_premium_weekly_ios storeProductId=com.truthy.premium.w platform=ios productId=sku_truthy_premium_weekly_ios storeProductId=com.truthy.premium.w productCode=people_insight platform=ios purchaseKey=purchaseId:325ef5fc65fbc7db productId=com.truthy.premium.w status=purchased purchaseIdHash=325ef5fc65fbc7db transactionDate=2026-07-10 11:32:11 needsCompletion=true hasSource=true serverDataHash=-22d6ad5ce785af5f localDataHash=-6ef846e291489ef4
默认	11:32:14.072940+0800	Runner	flutter: └───────────────────────────────────────────────────────────────────────────────────────────────────
默认	11:32:14.073000+0800	Runner	flutter: ┌───────────────────────────────────────────────────────────────────────────────────────────────────
默认	11:32:14.073005+0800	Runner	flutter: │ [SubPurchase] coordinator.verify.begin key=purchaseId:325ef5fc65fbc7db purchaseKey=purchaseId:325ef5fc65fbc7db productId=com.truthy.premium.w status=purchased purchaseIdHash=325ef5fc65fbc7db transactionDate=2026-07-10 11:32:11 needsCompletion=true hasSource=true serverDataHash=-22d6ad5ce785af5f localDataHash=-6ef846e291489ef4
默认	11:32:14.073080+0800	Runner	flutter: └───────────────────────────────────────────────────────────────────────────────────────────────────
默认	11:32:14.073137+0800	Runner	flutter: ┌───────────────────────────────────────────────────────────────────────────────────────────────────
默认	11:32:14.073156+0800	Runner	flutter: │ [SubPurchase] purchaseUseCase.handlePurchased.start orderId=order_c9e8563a4aa197bc orderStatus=pending productId=sku_truthy_premium_weekly_ios storeProductId=com.truthy.premium.w platform=ios productId=sku_truthy_premium_weekly_ios storeProductId=com.truthy.premium.w productCode=people_insight platform=ios purchaseKey=purchaseId:325ef5fc65fbc7db productId=com.truthy.premium.w status=purchased purchaseIdHash=325ef5fc65fbc7db transactionDate=2026-07-10 11:32:11 needsCompletion=true hasSource=true serverDataHash=-22d6ad5ce785af5f localDataHash=-6ef846e291489ef4
默认	11:32:14.073167+0800	Runner	flutter: └───────────────────────────────────────────────────────────────────────────────────────────────────
默认	11:32:14.073175+0800	Runner	flutter: ┌───────────────────────────────────────────────────────────────────────────────────────────────────
默认	11:32:14.073195+0800	Runner	flutter: │ [SubPurchase] purchaseUseCase.verify.start orderId=order_c9e8563a4aa197bc orderStatus=pending productId=sku_truthy_premium_weekly_ios storeProductId=com.truthy.premium.w platform=ios productId=sku_truthy_premium_weekly_ios storeProductId=com.truthy.premium.w productCode=people_insight platform=ios purchaseKey=purchaseId:325ef5fc65fbc7db productId=com.truthy.premium.w status=purchased purchaseIdHash=325ef5fc65fbc7db transactionDate=2026-07-10 11:32:11 needsCompletion=true hasSource=true serverDataHash=-22d6ad5ce785af5f localDataHash=-6ef846e291489ef4
默认	11:32:14.073245+0800	Runner	flutter: └───────────────────────────────────────────────────────────────────────────────────────────────────
默认	11:32:14.073307+0800	Runner	flutter: ┌───────────────────────────────────────────────────────────────────────────────────────────────────
默认	11:32:14.073319+0800	Runner	flutter: │ [EventTracking] name=paywall_verify_start id=94a9b121-7d2c-4084-9998-a9ba3418c5fa time=1783654334073 props={"page_from":"search_fake","product_id":"sku_truthy_premium_weekly_ios","store_product_id":"com.truthy.premium.w","billing_period":"week","price_server":"$9.99","price_apple":"US$9.99","price_actual":"$3.99","amount_minor":999,"amount_minor_currency":"USD","apple_amount_minor":999,"apple_amount_minor_currency":"USD","actual_amount_minor":399,"actual_amount_minor_currency":"USD","intro_eligible":1,"intro_price":"$3.99","price":"$9.99","purchase_stage":"verify","order_id":"order_c9e8563a4aa197bc","transaction_id":"2000001202704240","original_transaction_id":"2000001202704240"}
默认	11:32:14.073343+0800	Runner	flutter: └───────────────────────────────────────────────────────────────────────────────────────────────────
默认	11:32:14.075578+0800	Runner	flutter: ┌───────────────────────────────────────────────────────────────────────────────────────────────────
默认	11:32:14.075599+0800	Runner	flutter: │ [HTTP] --> POST https://api.truthy.top/gateway/invoke service=tool.subscription.SubscriptionService method=VerifySubscriptionPurchase
默认	11:32:14.075617+0800	Runner	flutter: └───────────────────────────────────────────────────────────────────────────────────────────────────
默认	11:32:14.075642+0800	Runner	flutter: ┌───────────────────────────────────────────────────────────────────────────────────────────────────
默认	11:32:14.075654+0800	Runner	flutter: │ [HTTP] request:
默认	11:32:14.075720+0800	Runner	flutter: │ {
默认	11:32:14.075736+0800	Runner	flutter: │   "comm": {
默认	11:32:14.075746+0800	Runner	flutter: │     "auth_token": "***",
默认	11:32:14.075754+0800	Runner	flutter: │     "user_id": "user_e5f97712121ebfac3d6f6407",
默认	11:32:14.075763+0800	Runner	flutter: │     "device_id": "c5ece928-513e-4e75-a500-28479ac5102a",
默认	11:32:14.075968+0800	Runner	flutter: │     "client_request_id": "crid_1783654334073312",
默认	11:32:14.075982+0800	Runner	flutter: │     "platform": "ios",
默认	11:32:14.075997+0800	Runner	flutter: │     "app_version": "1.0.0",
默认	11:32:14.076005+0800	Runner	flutter: │     "locale": "zh-Hans-HK",
默认	11:32:14.076014+0800	Runner	flutter: │     "country": "HK",
默认	11:32:14.076118+0800	Runner	flutter: │     "timezone": "UTC+08:00"
默认	11:32:14.076133+0800	Runner	flutter: │   },
默认	11:32:14.076147+0800	Runner	flutter: │   "requests": [
默认	11:32:14.076293+0800	Runner	flutter: │     {
默认	11:32:14.076308+0800	Runner	flutter: │       "id": "req_0",
默认	11:32:14.076318+0800	Runner	flutter: │       "service_name": "tool.subscription.SubscriptionService",
默认	11:32:14.076327+0800	Runner	flutter: │       "method_name": "VerifySubscriptionPurchase",
默认	11:32:14.076334+0800	Runner	flutter: │       "params": {
默认	11:32:14.076344+0800	Runner	flutter: │         "order_id": "order_c9e8563a4aa197bc",
默认	11:32:14.076351+0800	Runner	flutter: │         "product_id": "sku_truthy_premium_weekly_ios",
默认	11:32:14.076376+0800	Runner	flutter: │         "store_product_id": "com.truthy.premium.w",
默认	11:32:14.076385+0800	Runner	flutter: │         "platform": "ios",
默认	11:32:14.076402+0800	Runner	flutter: │         "transaction_id": "2000001202704240",
默认	11:32:14.076412+0800	Runner	flutter: │         "original_transaction_id": "2000001202704240",
默认	11:32:14.076425+0800	Runner	flutter: │         "purchase_token": "***",
默认	11:32:14.076432+0800	Runner	flutter: │         "package_name": "com.sparkjam.truthy.ios",
默认	11:32:14.076442+0800	Runner	flutter: │         "receipt": "***",
默认	11:32:14.076451+0800	Runner	flutter: │         "store_provider": "app_store"
默认	11:32:14.076464+0800	Runner	flutter: │       }
默认	11:32:14.076478+0800	Runner	flutter: │     }
默认	11:32:14.076512+0800	Runner	flutter: │   ]
默认	11:32:14.076524+0800	Runner	flutter: │ }
默认	11:32:14.076534+0800	Runner	flutter: └───────────────────────────────────────────────────────────────────────────────────────────────────
默认	11:32:14.086152+0800	Runner	flutter: ┌───────────────────────────────────────────────────────────────────────────────────────────────────
默认	11:32:14.086167+0800	Runner	flutter: │ [HTTP] --> POST https://api.truthy.top/gateway/invoke service=tool.event_tracking.EventTrackingService method=TrackEvents
默认	11:32:14.086175+0800	Runner	flutter: └───────────────────────────────────────────────────────────────────────────────────────────────────
默认	11:32:14.086294+0800	Runner	flutter: ┌───────────────────────────────────────────────────────────────────────────────────────────────────
默认	11:32:14.086299+0800	Runner	flutter: │ [HTTP] request:
默认	11:32:14.086303+0800	Runner	flutter: │ {
默认	11:32:14.086335+0800	Runner	flutter: │   "comm": {
默认	11:32:14.086339+0800	Runner	flutter: │     "auth_token": "***",
默认	11:32:14.086374+0800	Runner	flutter: │     "user_id": "user_e5f97712121ebfac3d6f6407",
默认	11:32:14.086416+0800	Runner	flutter: │     "device_id": "c5ece928-513e-4e75-a500-28479ac5102a",
默认	11:32:14.086477+0800	Runner	flutter: │     "client_request_id": "crid_1783654334074929",
默认	11:32:14.086518+0800	Runner	flutter: │     "platform": "ios",
默认	11:32:14.086601+0800	Runner	flutter: │     "app_version": "1.0.0",
默认	11:32:14.086613+0800	Runner	flutter: │     "locale": "zh-Hans-HK",
默认	11:32:14.086630+0800	Runner	flutter: │     "country": "HK",
默认	11:32:14.086667+0800	Runner	flutter: │     "timezone": "UTC+08:00"
默认	11:32:14.086711+0800	Runner	flutter: │   },
默认	11:32:14.086734+0800	Runner	flutter: │   "requests": [
默认	11:32:14.086755+0800	Runner	flutter: │     {
默认	11:32:14.086836+0800	Runner	flutter: │       "id": "req_0",
默认	11:32:14.086857+0800	Runner	flutter: │       "service_name": "tool.event_tracking.EventTrackingService",
默认	11:32:14.086885+0800	Runner	flutter: │       "method_name": "TrackEvents",
默认	11:32:14.086899+0800	Runner	flutter: │       "params": {
默认	11:32:14.086910+0800	Runner	flutter: │         "events": [
默认	11:32:14.086918+0800	Runner	flutter: │           {
默认	11:32:14.087064+0800	Runner	flutter: │             "event_id": "d42498d8-8bf0-437e-8472-ba1c2aa2d63d",
默认	11:32:14.087079+0800	Runner	flutter: │             "event_name": "paywall_storekit_launch_success",
默认	11:32:14.087090+0800	Runner	flutter: │             "event_time_ms": 1783654334070,
默认	11:32:14.087156+0800	Runner	flutter: │             "properties": {
默认	11:32:14.087193+0800	Runner	flutter: │               "logtime": 1783654334070,
默认	11:32:14.087202+0800	Runner	flutter: │               "log_id": "d42498d8-8bf0-437e-8472-ba1c2aa2d63d",
默认	11:32:14.087209+0800	Runner	flutter: │               "net": "wifi",
默认	11:32:14.087218+0800	Runner	flutter: │               "pkg": "com.sparkjam.truthy.ios",
默认	11:32:14.087228+0800	Runner	flutter: │               "bucket": 56,
默认	11:32:14.087265+0800	Runner	flutter: │               "abslot": 21,
默认	11:32:14.087275+0800	Runner	flutter: │               "ram": "3684MB",
默认	11:32:14.087282+0800	Runner	flutter: │               "cpu": "arm64",
默认	11:32:14.087291+0800	Runner	flutter: │               "sh": 844,
默认	11:32:14.087301+0800	Runner	flutter: │               "sw": 390,
默认	11:32:14.087311+0800	Runner	flutter: │               "city": "",
默认	11:32:14.087331+0800	Runner	flutter: │               "ste": "",
默认	11:32:14.087340+0800	Runner	flutter: │               "lat": "",
默认	11:32:14.087347+0800	Runner	flutter: │               "lng": "",
默认	11:32:14.087356+0800	Runner	flutter: │               "sty": "desk",
默认	11:32:14.087363+0800	Runner	flutter: │               "isp": "",
默认	11:32:14.087409+0800	Runner	flutter: │               "mod": "iphone13,2",
默认	11:32:14.087424+0800	Runner	flutter: │               "brd": "apple",
默认	11:32:14.087435+0800	Runner	flutter: │               "os": "26.3.1",
默认	11:32:14.087446+0800	Runner	flutter: │               "pf": "ios",
默认	11:32:14.087456+0800	Runner	flutter: │               "slan": "zh",
默认	11:32:14.087465+0800	Runner	flutter: │               "reg": "HK",
默认	11:32:14.087512+0800	Runner	flutter: │               "cou": "HK",
默认	11:32:14.087523+0800	Runner	flutter: │               "sub": "",
默认	11:32:14.087533+0800	Runner	flutter: │               "cha": "",
默认	11:32:14.087542+0800	Runner	flutter: │               "verc": "10000",
默认	11:32:14.087549+0800	Runner	flutter: │               "ver": "1.0.0",
默认	11:32:14.087558+0800	Runner	flutter: │               "sid": "5094b07b-cc63-4868-b4ac-6bced54db906",
默认	11:32:14.087568+0800	Runner	flutter: │               "uuid": "***",
默认	11:32:14.087578+0800	Runner	flutter: │               "idfa": "***",
默认	11:32:14.087589+0800	Runner	flutter: │               "idfv": "***",
默认	11:32:14.087598+0800	Runner	flutter: │               "aid": "***",
默认	11:32:14.087608+0800	Runner	flutter: │               "gaid": "***",
默认	11:32:14.087616+0800	Runner	flutter: │               "did": "***",
默认	11:32:14.087625+0800	Runner	flutter: │               "uid": "***",
默认	11:32:14.087677+0800	Runner	flutter: │               "anm": "Truthy",
默认	11:32:14.087697+0800	Runner	flutter: │               "push_id": "",
默认	11:32:14.087707+0800	Runner	flutter: │               "push_type": "",
默认	11:32:14.087716+0800	Runner	flutter: │               "is_pro": "0",
默认	11:32:14.087726+0800	Runner	flutter: │               "page_from": "search_fake",
默认	11:32:14.087735+0800	Runner	flutter: │               "product_id": "sku_truthy_premium_weekly_ios",
默认	11:32:14.087804+0800	Runner	flutter: │               "store_product_id": "com.truthy.premium.w",
默认	11:32:14.087821+0800	Runner	flutter: │               "billing_period": "week",
默认	11:32:14.087831+0800	Runner	flutter: │               "price_server": "$9.99",
默认	11:32:14.088113+0800	Runner	flutter: │               "price_apple": "US$9.99",
默认	11:32:14.088126+0800	Runner	flutter: │               "price_actual": "$3.99",
默认	11:32:14.088135+0800	Runner	flutter: │               "amount_minor": 999,
默认	11:32:14.088144+0800	Runner	flutter: │               "amount_minor_currency": "USD",
默认	11:32:14.088156+0800	Runner	flutter: │               "apple_amount_minor": 999,
默认	11:32:14.088166+0800	Runner	flutter: │               "apple_amount_minor_currency": "USD",
默认	11:32:14.088176+0800	Runner	flutter: │               "actual_amount_minor": 399,
默认	11:32:14.088184+0800	Runner	flutter: │               "actual_amount_minor_currency": "USD",
默认	11:32:14.088192+0800	Runner	flutter: │               "intro_eligible": 1,
默认	11:32:14.088201+0800	Runner	flutter: │               "intro_price": "$3.99",
默认	11:32:14.088208+0800	Runner	flutter: │               "price": "$9.99",
默认	11:32:14.088217+0800	Runner	flutter: │               "purchase_stage": "launch_storekit",
默认	11:32:14.088224+0800	Runner	flutter: │               "order_id": "order_c9e8563a4aa197bc"
默认	11:32:14.088246+0800	Runner	flutter: │             }
默认	11:32:14.088260+0800	Runner	flutter: │           }
默认	11:32:14.088270+0800	Runner	flutter: │         ]
默认	11:32:14.088284+0800	Runner	flutter: │       }
默认	11:32:14.088310+0800	Runner	flutter: │     }
默认	11:32:14.088319+0800	Runner	flutter: │   ]
默认	11:32:14.088327+0800	Runner	flutter: │ }
默认	11:32:14.088336+0800	Runner	flutter: └───────────────────────────────────────────────────────────────────────────────────────────────────
默认	11:32:15.460557+0800	Runner	flutter: ┌───────────────────────────────────────────────────────────────────────────────────────────────────
默认	11:32:15.460917+0800	Runner	flutter: │ [HTTP] <-- 200 POST https://api.truthy.top/gateway/invoke service=tool.identity.IdentityService method=GetMe
默认	11:32:15.460971+0800	Runner	flutter: └───────────────────────────────────────────────────────────────────────────────────────────────────
默认	11:32:15.462040+0800	Runner	flutter: ┌───────────────────────────────────────────────────────────────────────────────────────────────────
默认	11:32:15.462543+0800	Runner	flutter: │ [HTTP] response:
默认	11:32:15.462589+0800	Runner	flutter: │ {
默认	11:32:15.462620+0800	Runner	flutter: │   "code": 0,
默认	11:32:15.462646+0800	Runner	flutter: │   "message": "ok",
默认	11:32:15.462677+0800	Runner	flutter: │   "request_id": "gw_req_ebe00365250abd5f79f5e71b26f0d2d3",
默认	11:32:15.462701+0800	Runner	flutter: │   "trace_id": "trace_e32e3da45daac27c63baf030ef4b851a",
默认	11:32:15.462726+0800	Runner	flutter: │   "responses": [
默认	11:32:15.462872+0800	Runner	flutter: │     {
默认	11:32:15.463012+0800	Runner	flutter: │       "id": "req_0",
默认	11:32:15.463071+0800	Runner	flutter: │       "success": true,
默认	11:32:15.463237+0800	Runner	flutter: │       "code": 0,
默认	11:32:15.463535+0800	Runner	flutter: │       "message": "ok",
默认	11:32:15.463584+0800	Runner	flutter: │       "data": {
默认	11:32:15.463819+0800	Runner	flutter: │         "acquisition_summary": {
默认	11:32:15.463865+0800	Runner	flutter: │           "channel": "",
默认	11:32:15.463983+0800	Runner	flutter: │           "channel_code": "",
默认	11:32:15.464106+0800	Runner	flutter: │           "report_time": null,
默认	11:32:15.464226+0800	Runner	flutter: │           "source": "",
默认	11:32:15.464948+0800	Runner	flutter: │           "sub_channel": "",
默认	11:32:15.465080+0800	Runner	flutter: │           "sub_channel_code": ""
默认	11:32:15.465259+0800	Runner	flutter: │         },
默认	11:32:15.465329+0800	Runner	flutter: │         "consent_policy_version": "2026-06-08",
默认	11:32:15.465358+0800	Runner	flutter: │         "create_time": 1783653750704,
默认	11:32:15.465385+0800	Runner	flutter: │         "device_id": "c5ece928-513e-4e75-a500-28479ac5102a",
默认	11:32:15.465462+0800	Runner	flutter: │         "profile_summary": {
默认	11:32:15.465491+0800	Runner	flutter: │           "bucket": "bucket_76",
默认	11:32:15.465514+0800	Runner	flutter: │           "country": "HK",
默认	11:32:15.465665+0800	Runner	flutter: │           "last_app_version": "1.0.0",
默认	11:32:15.465773+0800	Runner	flutter: │           "last_ip": "43.173.72.75",
默认	11:32:15.465914+0800	Runner	flutter: │           "last_platform": "ios",
默认	11:32:15.466073+0800	Runner	flutter: │           "last_seen_time": 1783653750704,
默认	11:32:15.466236+0800	Runner	flutter: │           "recharge_cnt": 0,
默认	11:32:15.466357+0800	Runner	flutter: │           "recharge_total_micros": 0
默认	11:32:15.466476+0800	Runner	flutter: │         },
默认	11:32:15.466626+0800	Runner	flutter: │         "subscription_summary": {
默认	11:32:15.466749+0800	Runner	flutter: │           "expires_time": null,
默认	11:32:15.466958+0800	Runner	flutter: │           "plan_code": "free",
默认	11:32:15.467088+0800	Runner	flutter: │           "product_code": "people_insight",
默认	11:32:15.467181+0800	Runner	flutter: │           "subscription_status": "inactive"
默认	11:32:15.467262+0800	Runner	flutter: │         },
默认	11:32:15.467382+0800	Runner	flutter: │         "user_id": "user_e5f97712121ebfac3d6f6407",
默认	11:32:15.467463+0800	Runner	flutter: │         "user_type": "anonymous"
默认	11:32:15.467545+0800	Runner	flutter: │       }
默认	11:32:15.467622+0800	Runner	flutter: │     }
默认	11:32:15.467818+0800	Runner	flutter: │   ]
默认	11:32:15.467840+0800	Runner	flutter: │ }
默认	11:32:15.468081+0800	Runner	flutter: └───────────────────────────────────────────────────────────────────────────────────────────────────
默认	11:32:15.468550+0800	Runner	flutter: ┌───────────────────────────────────────────────────────────────────────────────────────────────────
默认	11:32:15.468584+0800	Runner	flutter: │ [SubPurchase] coordinator.recoverUnfinished.start trigger=app_resume products=0
默认	11:32:15.468612+0800	Runner	flutter: └───────────────────────────────────────────────────────────────────────────────────────────────────
默认	11:32:15.468626+0800	Runner	flutter: ┌───────────────────────────────────────────────────────────────────────────────────────────────────
默认	11:32:15.468637+0800	Runner	flutter: │ [SubPurchase] storekitRecovery.queryUnfinishedAll.start
默认	11:32:15.468702+0800	Runner	flutter: └───────────────────────────────────────────────────────────────────────────────────────────────────
默认	11:32:15.536128+0800	Runner	flutter: ┌───────────────────────────────────────────────────────────────────────────────────────────────────
默认	11:32:15.536168+0800	Runner	flutter: │ [HTTP] <-- 200 POST https://api.truthy.top/gateway/invoke service=tool.event_tracking.EventTrackingService method=TrackEvents
默认	11:32:15.536201+0800	Runner	flutter: └───────────────────────────────────────────────────────────────────────────────────────────────────
默认	11:32:15.536861+0800	Runner	flutter: ┌───────────────────────────────────────────────────────────────────────────────────────────────────
默认	11:32:15.536870+0800	Runner	flutter: │ [HTTP] response:
默认	11:32:15.536936+0800	Runner	flutter: │ {
默认	11:32:15.536995+0800	Runner	flutter: │   "code": 0,
默认	11:32:15.537008+0800	Runner	flutter: │   "message": "ok",
默认	11:32:15.537017+0800	Runner	flutter: │   "request_id": "gw_req_25eb1411407a89351e73355af1990bd3",
默认	11:32:15.537025+0800	Runner	flutter: │   "trace_id": "trace_0080ce35f1b974cf898f67db4ef7050c",
默认	11:32:15.537039+0800	Runner	flutter: │   "responses": [
默认	11:32:15.537048+0800	Runner	flutter: │     {
默认	11:32:15.537066+0800	Runner	flutter: │       "id": "req_0",
默认	11:32:15.537075+0800	Runner	flutter: │       "success": true,
默认	11:32:15.537084+0800	Runner	flutter: │       "code": 0,
默认	11:32:15.537091+0800	Runner	flutter: │       "message": "ok",
默认	11:32:15.537100+0800	Runner	flutter: │       "data": {
默认	11:32:15.537175+0800	Runner	flutter: │         "request_id": "gw_req_25eb1411407a89351e73355af1990bd3",
默认	11:32:15.537184+0800	Runner	flutter: │         "trace_id": "trace_0080ce35f1b974cf898f67db4ef7050c",
默认	11:32:15.537194+0800	Runner	flutter: │         "accepted_count": 1,
默认	11:32:15.537201+0800	Runner	flutter: │         "event_name": "paywall_storekit_launch_success",
默认	11:32:15.537337+0800	Runner	flutter: │         "event_names": [
默认	11:32:15.537348+0800	Runner	flutter: │           "paywall_storekit_launch_success"
默认	11:32:15.537357+0800	Runner	flutter: │         ],
默认	11:32:15.537364+0800	Runner	flutter: │         "events": [
默认	11:32:15.537373+0800	Runner	flutter: │           {
默认	11:32:15.537429+0800	Runner	flutter: │             "index": 0,
默认	11:32:15.537468+0800	Runner	flutter: │             "event_id": "d42498d8-8bf0-437e-8472-ba1c2aa2d63d",
默认	11:32:15.537523+0800	Runner	flutter: │             "event_name": "paywall_storekit_launch_success",
默认	11:32:15.537569+0800	Runner	flutter: │             "status": "accepted"
默认	11:32:15.537614+0800	Runner	flutter: │           }
默认	11:32:15.537775+0800	Runner	flutter: │         ]
默认	11:32:15.537786+0800	Runner	flutter: │       }
默认	11:32:15.537796+0800	Runner	flutter: │     }
默认	11:32:15.537803+0800	Runner	flutter: │   ]
默认	11:32:15.537848+0800	Runner	flutter: │ }
默认	11:32:15.537895+0800	Runner	flutter: └───────────────────────────────────────────────────────────────────────────────────────────────────
默认	11:32:15.547306+0800	Runner	flutter: ┌───────────────────────────────────────────────────────────────────────────────────────────────────
默认	11:32:15.547452+0800	Runner	flutter: │ [HTTP] --> POST https://api.truthy.top/gateway/invoke service=tool.event_tracking.EventTrackingService method=TrackEvents
默认	11:32:15.547489+0800	Runner	flutter: └───────────────────────────────────────────────────────────────────────────────────────────────────
默认	11:32:15.547930+0800	Runner	flutter: ┌───────────────────────────────────────────────────────────────────────────────────────────────────
默认	11:32:15.547952+0800	Runner	flutter: │ [HTTP] request:
默认	11:32:15.548043+0800	Runner	flutter: │ {
默认	11:32:15.548063+0800	Runner	flutter: │   "comm": {
默认	11:32:15.548130+0800	Runner	flutter: │     "auth_token": "***",
默认	11:32:15.548144+0800	Runner	flutter: │     "user_id": "user_e5f97712121ebfac3d6f6407",
默认	11:32:15.548219+0800	Runner	flutter: │     "device_id": "c5ece928-513e-4e75-a500-28479ac5102a",
默认	11:32:15.548273+0800	Runner	flutter: │     "client_request_id": "crid_1783654335543528",
默认	11:32:15.548321+0800	Runner	flutter: │     "platform": "ios",
默认	11:32:15.548371+0800	Runner	flutter: │     "app_version": "1.0.0",
默认	11:32:15.548424+0800	Runner	flutter: │     "locale": "zh-Hans-HK",
默认	11:32:15.548475+0800	Runner	flutter: │     "country": "HK",
默认	11:32:15.548588+0800	Runner	flutter: │     "timezone": "UTC+08:00"
默认	11:32:15.548618+0800	Runner	flutter: │   },
默认	11:32:15.548630+0800	Runner	flutter: │   "requests": [
默认	11:32:15.548789+0800	Runner	flutter: │     {
默认	11:32:15.548806+0800	Runner	flutter: │       "id": "req_0",
默认	11:32:15.548819+0800	Runner	flutter: │       "service_name": "tool.event_tracking.EventTrackingService",
默认	11:32:15.548868+0800	Runner	flutter: │       "method_name": "TrackEvents",
默认	11:32:15.548918+0800	Runner	flutter: │       "params": {
默认	11:32:15.548968+0800	Runner	flutter: │         "events": [
默认	11:32:15.549015+0800	Runner	flutter: │           {
默认	11:32:15.549201+0800	Runner	flutter: │             "event_id": "94a9b121-7d2c-4084-9998-a9ba3418c5fa",
默认	11:32:15.549215+0800	Runner	flutter: │             "event_name": "paywall_verify_start",
默认	11:32:15.549225+0800	Runner	flutter: │             "event_time_ms": 1783654334073,
默认	11:32:15.549256+0800	Runner	flutter: │             "properties": {
默认	11:32:15.549371+0800	Runner	flutter: │               "logtime": 1783654334073,
默认	11:32:15.549385+0800	Runner	flutter: │               "log_id": "94a9b121-7d2c-4084-9998-a9ba3418c5fa",
默认	11:32:15.549397+0800	Runner	flutter: │               "net": "wifi",
默认	11:32:15.549604+0800	Runner	flutter: │               "pkg": "com.sparkjam.truthy.ios",
默认	11:32:15.549619+0800	Runner	flutter: │               "bucket": 56,
默认	11:32:15.549631+0800	Runner	flutter: │               "abslot": 21,
默认	11:32:15.549640+0800	Runner	flutter: │               "ram": "3684MB",
默认	11:32:15.549685+0800	Runner	flutter: │               "cpu": "arm64",
默认	11:32:15.549734+0800	Runner	flutter: │               "sh": 844,
默认	11:32:15.549837+0800	Runner	flutter: │               "sw": 390,
默认	11:32:15.549923+0800	Runner	flutter: │               "city": "",
默认	11:32:15.549937+0800	Runner	flutter: │               "ste": "",
默认	11:32:15.549983+0800	Runner	flutter: │               "lat": "",
默认	11:32:15.550060+0800	Runner	flutter: │               "lng": "",
默认	11:32:15.550076+0800	Runner	flutter: │               "sty": "desk",
默认	11:32:15.550123+0800	Runner	flutter: │               "isp": "",
默认	11:32:15.550173+0800	Runner	flutter: │               "mod": "iphone13,2",
默认	11:32:15.550302+0800	Runner	flutter: │               "brd": "apple",
默认	11:32:15.550317+0800	Runner	flutter: │               "os": "26.3.1",
默认	11:32:15.550393+0800	Runner	flutter: │               "pf": "ios",
默认	11:32:15.550405+0800	Runner	flutter: │               "slan": "zh",
默认	11:32:15.550452+0800	Runner	flutter: │               "reg": "HK",
默认	11:32:15.550499+0800	Runner	flutter: │               "cou": "HK",
默认	11:32:15.550664+0800	Runner	flutter: │               "sub": "",
默认	11:32:15.550678+0800	Runner	flutter: │               "cha": "",
默认	11:32:15.550688+0800	Runner	flutter: │               "verc": "10000",
默认	11:32:15.550816+0800	Runner	flutter: │               "ver": "1.0.0",
默认	11:32:15.550831+0800	Runner	flutter: │               "sid": "5094b07b-cc63-4868-b4ac-6bced54db906",
默认	11:32:15.550848+0800	Runner	flutter: │               "uuid": "***",
默认	11:32:15.550916+0800	Runner	flutter: │               "idfa": "***",
默认	11:32:15.550930+0800	Runner	flutter: │               "idfv": "***",
默认	11:32:15.550977+0800	Runner	flutter: │               "aid": "***",
默认	11:32:15.551032+0800	Runner	flutter: │               "gaid": "***",
默认	11:32:15.551084+0800	Runner	flutter: │               "did": "***",
默认	11:32:15.551140+0800	Runner	flutter: │               "uid": "***",
默认	11:32:15.551187+0800	Runner	flutter: │               "anm": "Truthy",
默认	11:32:15.551335+0800	Runner	flutter: │               "push_id": "",
默认	11:32:15.551348+0800	Runner	flutter: │               "push_type": "",
默认	11:32:15.551358+0800	Runner	flutter: │               "is_pro": "0",
默认	11:32:15.551449+0800	Runner	flutter: │               "page_from": "search_fake",
默认	11:32:15.551613+0800	Runner	flutter: │               "product_id": "sku_truthy_premium_weekly_ios",
默认	11:32:15.551629+0800	Runner	flutter: │               "store_product_id": "com.truthy.premium.w",
默认	11:32:15.551655+0800	Runner	flutter: │               "billing_period": "week",
默认	11:32:15.551696+0800	Runner	flutter: │               "price_server": "$9.99",
默认	11:32:15.551736+0800	Runner	flutter: │               "price_apple": "US$9.99",
默认	11:32:15.551801+0800	Runner	flutter: │               "price_actual": "$3.99",
默认	11:32:15.551846+0800	Runner	flutter: │               "amount_minor": 999,
默认	11:32:15.551884+0800	Runner	flutter: │               "amount_minor_currency": "USD",
默认	11:32:15.551954+0800	Runner	flutter: │               "apple_amount_minor": 999,
默认	11:32:15.552077+0800	Runner	flutter: │               "apple_amount_minor_currency": "USD",
默认	11:32:15.552088+0800	Runner	flutter: │               "actual_amount_minor": 399,
默认	11:32:15.552095+0800	Runner	flutter: │               "actual_amount_minor_currency": "USD",
默认	11:32:15.552141+0800	Runner	flutter: │               "intro_eligible": 1,
默认	11:32:15.552297+0800	Runner	flutter: │               "intro_price": "$3.99",
默认	11:32:15.552314+0800	Runner	flutter: │               "price": "$9.99",
默认	11:32:15.552326+0800	Runner	flutter: │               "purchase_stage": "verify",
默认	11:32:15.552341+0800	Runner	flutter: │               "order_id": "order_c9e8563a4aa197bc",
默认	11:32:15.552391+0800	Runner	flutter: │               "transaction_id": "2000001202704240",
默认	11:32:15.552634+0800	Runner	flutter: │               "original_transaction_id": "2000001202704240"
默认	11:32:15.552702+0800	Runner	flutter: │             }
默认	11:32:15.552714+0800	Runner	flutter: │           }
默认	11:32:15.552723+0800	Runner	flutter: │         ]
默认	11:32:15.552737+0800	Runner	flutter: │       }
默认	11:32:15.552747+0800	Runner	flutter: │     }
默认	11:32:15.552755+0800	Runner	flutter: │   ]
默认	11:32:15.552859+0800	Runner	flutter: │ }
默认	11:32:15.552870+0800	Runner	flutter: └───────────────────────────────────────────────────────────────────────────────────────────────────
默认	11:32:15.691070+0800	Runner	flutter: ┌───────────────────────────────────────────────────────────────────────────────────────────────────
默认	11:32:15.691097+0800	Runner	flutter: │ [SubPurchase] storekitRecovery.queryUnfinishedAll.result total=1
默认	11:32:15.691221+0800	Runner	flutter: └───────────────────────────────────────────────────────────────────────────────────────────────────
默认	11:32:15.691607+0800	Runner	flutter: ┌───────────────────────────────────────────────────────────────────────────────────────────────────
默认	11:32:15.691637+0800	Runner	flutter: │ [SubPurchase] duplicateRecover.verify.start productId=sku_truthy_premium_weekly_ios storeProductId=com.truthy.premium.w productCode=people_insight platform=ios purchaseKey=purchaseId:325ef5fc65fbc7db productId=com.truthy.premium.w status=purchased purchaseIdHash=325ef5fc65fbc7db transactionDate=2026-07-10 11:32:11 needsCompletion=false hasSource=false serverDataHash=1db708f2d82940f3 localDataHash=-564a09f90da67fb2
默认	11:32:15.691713+0800	Runner	flutter: └───────────────────────────────────────────────────────────────────────────────────────────────────
默认	11:32:15.703859+0800	Runner	flutter: ┌───────────────────────────────────────────────────────────────────────────────────────────────────
默认	11:32:15.703896+0800	Runner	flutter: │ [HTTP] --> POST https://api.truthy.top/gateway/invoke service=tool.subscription.SubscriptionService method=VerifySubscriptionPurchase
默认	11:32:15.703978+0800	Runner	flutter: └───────────────────────────────────────────────────────────────────────────────────────────────────
默认	11:32:15.704267+0800	Runner	flutter: ┌───────────────────────────────────────────────────────────────────────────────────────────────────
默认	11:32:15.704309+0800	Runner	flutter: │ [HTTP] request:
默认	11:32:15.704355+0800	Runner	flutter: │ {
默认	11:32:15.704401+0800	Runner	flutter: │   "comm": {
默认	11:32:15.704448+0800	Runner	flutter: │     "auth_token": "***",
默认	11:32:15.704530+0800	Runner	flutter: │     "user_id": "user_e5f97712121ebfac3d6f6407",
默认	11:32:15.704598+0800	Runner	flutter: │     "device_id": "c5ece928-513e-4e75-a500-28479ac5102a",
默认	11:32:15.704638+0800	Runner	flutter: │     "client_request_id": "crid_1783654335691461",
默认	11:32:15.704648+0800	Runner	flutter: │     "platform": "ios",
默认	11:32:15.704746+0800	Runner	flutter: │     "app_version": "1.0.0",
默认	11:32:15.704756+0800	Runner	flutter: │     "locale": "zh-Hans-HK",
默认	11:32:15.704766+0800	Runner	flutter: │     "country": "HK",
默认	11:32:15.704773+0800	Runner	flutter: │     "timezone": "UTC+08:00"
默认	11:32:15.704782+0800	Runner	flutter: │   },
默认	11:32:15.704812+0800	Runner	flutter: │   "requests": [
默认	11:32:15.704873+0800	Runner	flutter: │     {
默认	11:32:15.704884+0800	Runner	flutter: │       "id": "req_0",
默认	11:32:15.704893+0800	Runner	flutter: │       "service_name": "tool.subscription.SubscriptionService",
默认	11:32:15.704967+0800	Runner	flutter: │       "method_name": "VerifySubscriptionPurchase",
默认	11:32:15.704982+0800	Runner	flutter: │       "params": {
默认	11:32:15.704993+0800	Runner	flutter: │         "product_id": "sku_truthy_premium_weekly_ios",
默认	11:32:15.705018+0800	Runner	flutter: │         "store_product_id": "com.truthy.premium.w",
默认	11:32:15.705030+0800	Runner	flutter: │         "platform": "ios",
默认	11:32:15.705077+0800	Runner	flutter: │         "transaction_id": "2000001202704240",
默认	11:32:15.705116+0800	Runner	flutter: │         "original_transaction_id": "2000001202704240",
默认	11:32:15.705128+0800	Runner	flutter: │         "purchase_token": "***",
默认	11:32:15.705140+0800	Runner	flutter: │         "package_name": "com.sparkjam.truthy.ios",
默认	11:32:15.705225+0800	Runner	flutter: │         "receipt": "***",
默认	11:32:15.705235+0800	Runner	flutter: │         "store_provider": "app_store"
默认	11:32:15.705261+0800	Runner	flutter: │       }
默认	11:32:15.705272+0800	Runner	flutter: │     }
默认	11:32:15.705284+0800	Runner	flutter: │   ]
默认	11:32:15.705291+0800	Runner	flutter: │ }
默认	11:32:15.705364+0800	Runner	flutter: └───────────────────────────────────────────────────────────────────────────────────────────────────
默认	11:32:15.866099+0800	Runner	flutter: ┌───────────────────────────────────────────────────────────────────────────────────────────────────
默认	11:32:15.866282+0800	Runner	flutter: │ [HTTP] <-- 200 POST https://api.truthy.top/gateway/invoke service=tool.event_tracking.EventTrackingService method=TrackEvents
默认	11:32:15.866372+0800	Runner	flutter: └───────────────────────────────────────────────────────────────────────────────────────────────────
默认	11:32:15.866660+0800	Runner	flutter: ┌───────────────────────────────────────────────────────────────────────────────────────────────────
默认	11:32:15.867197+0800	Runner	flutter: │ [HTTP] response:
默认	11:32:15.867460+0800	Runner	flutter: │ {
默认	11:32:15.867516+0800	Runner	flutter: │   "code": 0,
默认	11:32:15.867556+0800	Runner	flutter: │   "message": "ok",
默认	11:32:15.867587+0800	Runner	flutter: │   "request_id": "gw_req_00dcf274d19daa4134311f6b9274f98c",
默认	11:32:15.867620+0800	Runner	flutter: │   "trace_id": "trace_6bea315a9f0a0434caa3377dc26152e1",
默认	11:32:15.867779+0800	Runner	flutter: │   "responses": [
默认	11:32:15.867815+0800	Runner	flutter: │     {
默认	11:32:15.867970+0800	Runner	flutter: │       "id": "req_0",
默认	11:32:15.868108+0800	Runner	flutter: │       "success": true,
默认	11:32:15.868374+0800	Runner	flutter: │       "code": 0,
默认	11:32:15.868563+0800	Runner	flutter: │       "message": "ok",
默认	11:32:15.868597+0800	Runner	flutter: │       "data": {
默认	11:32:15.868695+0800	Runner	flutter: │         "request_id": "gw_req_00dcf274d19daa4134311f6b9274f98c",
默认	11:32:15.868866+0800	Runner	flutter: │         "trace_id": "trace_6bea315a9f0a0434caa3377dc26152e1",
默认	11:32:15.868993+0800	Runner	flutter: │         "accepted_count": 1,
默认	11:32:15.869234+0800	Runner	flutter: │         "event_name": "paywall_verify_start",
默认	11:32:15.869277+0800	Runner	flutter: │         "event_names": [
默认	11:32:15.869416+0800	Runner	flutter: │           "paywall_verify_start"
默认	11:32:15.869430+0800	Runner	flutter: │         ],
默认	11:32:15.869486+0800	Runner	flutter: │         "events": [
默认	11:32:15.869498+0800	Runner	flutter: │           {
默认	11:32:15.869611+0800	Runner	flutter: │             "index": 0,
默认	11:32:15.869625+0800	Runner	flutter: │             "event_id": "94a9b121-7d2c-4084-9998-a9ba3418c5fa",
默认	11:32:15.869663+0800	Runner	flutter: │             "event_name": "paywall_verify_start",
默认	11:32:15.869704+0800	Runner	flutter: │             "status": "accepted"
默认	11:32:15.869744+0800	Runner	flutter: │           }
默认	11:32:15.869784+0800	Runner	flutter: │         ]
默认	11:32:15.869836+0800	Runner	flutter: │       }
默认	11:32:15.869874+0800	Runner	flutter: │     }
默认	11:32:15.869987+0800	Runner	flutter: │   ]
默认	11:32:15.870022+0800	Runner	flutter: │ }
默认	11:32:15.870471+0800	Runner	flutter: └───────────────────────────────────────────────────────────────────────────────────────────────────
默认	11:32:16.152507+0800	Runner	flutter: ┌───────────────────────────────────────────────────────────────────────────────────────────────────
默认	11:32:16.152604+0800	Runner	flutter: │ [HTTP] <-- 200 POST https://api.truthy.top/gateway/invoke service=tool.subscription.SubscriptionService method=VerifySubscriptionPurchase
默认	11:32:16.152627+0800	Runner	flutter: └───────────────────────────────────────────────────────────────────────────────────────────────────
默认	11:32:16.152683+0800	Runner	flutter: ┌───────────────────────────────────────────────────────────────────────────────────────────────────
默认	11:32:16.152703+0800	Runner	flutter: │ [HTTP] response:
默认	11:32:16.152723+0800	Runner	flutter: │ {
默认	11:32:16.152779+0800	Runner	flutter: │   "code": 0,
默认	11:32:16.152825+0800	Runner	flutter: │   "message": "ok",
默认	11:32:16.152868+0800	Runner	flutter: │   "request_id": "gw_req_ca2e26c9274b1a9e4a768321acdab96c",
默认	11:32:16.152911+0800	Runner	flutter: │   "trace_id": "trace_3a02f0f3a7aa2e1c54a43f7bd5078821",
默认	11:32:16.152951+0800	Runner	flutter: │   "responses": [
默认	11:32:16.153008+0800	Runner	flutter: │     {
默认	11:32:16.153059+0800	Runner	flutter: │       "id": "req_0",
默认	11:32:16.153105+0800	Runner	flutter: │       "success": true,
默认	11:32:16.153148+0800	Runner	flutter: │       "code": 0,
默认	11:32:16.153266+0800	Runner	flutter: │       "message": "ok",
默认	11:32:16.153285+0800	Runner	flutter: │       "data": {
默认	11:32:16.153337+0800	Runner	flutter: │         "expires_time": 1783740731000,
默认	11:32:16.153393+0800	Runner	flutter: │         "failure_reason": "",
默认	11:32:16.153445+0800	Runner	flutter: │         "order_id": "order_c9e8563a4aa197bc",
默认	11:32:16.153487+0800	Runner	flutter: │         "plan_code": "basic",
默认	11:32:16.153583+0800	Runner	flutter: │         "platform_finish_status": "succeeded",
默认	11:32:16.153594+0800	Runner	flutter: │         "product_code": "people_insight",
默认	11:32:16.153634+0800	Runner	flutter: │         "should_complete_purchase": false,
默认	11:32:16.153688+0800	Runner	flutter: │         "should_refresh_user": true,
默认	11:32:16.153732+0800	Runner	flutter: │         "subscription_status": "active",
默认	11:32:16.153778+0800	Runner	flutter: │         "tier_code": "vip1",
默认	11:32:16.153986+0800	Runner	flutter: │         "verification_result": "verified",
默认	11:32:16.154001+0800	Runner	flutter: │         "vip_level": 1
默认	11:32:16.154011+0800	Runner	flutter: │       }
默认	11:32:16.154055+0800	Runner	flutter: │     }
默认	11:32:16.154066+0800	Runner	flutter: │   ]
默认	11:32:16.154074+0800	Runner	flutter: │ }
默认	11:32:16.154184+0800	Runner	flutter: └───────────────────────────────────────────────────────────────────────────────────────────────────
默认	11:32:16.154426+0800	Runner	flutter: ┌───────────────────────────────────────────────────────────────────────────────────────────────────
默认	11:32:16.154573+0800	Runner	flutter: │ [SubPurchase] purchaseUseCase.verify.success verificationResult=verified subscriptionStatus=active productCode=people_insight planCode=basic shouldCompletePurchase=false failureReason=<empty> purchaseKey=purchaseId:325ef5fc65fbc7db productId=com.truthy.premium.w status=purchased purchaseIdHash=325ef5fc65fbc7db transactionDate=2026-07-10 11:32:11 needsCompletion=true hasSource=true serverDataHash=-22d6ad5ce785af5f localDataHash=-6ef846e291489ef4
默认	11:32:16.154594+0800	Runner	flutter: └───────────────────────────────────────────────────────────────────────────────────────────────────
默认	11:32:16.154721+0800	Runner	flutter: ┌───────────────────────────────────────────────────────────────────────────────────────────────────
默认	11:32:16.154903+0800	Runner	flutter: │ [EventTracking] name=paywall_verify_success id=bb129fc8-4a11-4e3a-9c21-86dfd8cf9522 time=1783654336154 props={"page_from":"search_fake","product_id":"sku_truthy_premium_weekly_ios","store_product_id":"com.truthy.premium.w","billing_period":"week","price_server":"$9.99","price_apple":"US$9.99","price_actual":"$3.99","amount_minor":999,"amount_minor_currency":"USD","apple_amount_minor":999,"apple_amount_minor_currency":"USD","actual_amount_minor":399,"actual_amount_minor_currency":"USD","intro_eligible":1,"intro_price":"$3.99","price":"$9.99","purchase_stage":"verify","order_id":"order_c9e8563a4aa197bc","transaction_id":"2000001202704240","original_transaction_id":"2000001202704240"}
默认	11:32:16.154962+0800	Runner	flutter: └───────────────────────────────────────────────────────────────────────────────────────────────────
默认	11:32:16.155235+0800	Runner	flutter: ┌───────────────────────────────────────────────────────────────────────────────────────────────────
默认	11:32:16.155249+0800	Runner	flutter: │ [SubPurchase] purchaseUseCase.complete.start purchaseKey=purchaseId:325ef5fc65fbc7db productId=com.truthy.premium.w status=purchased purchaseIdHash=325ef5fc65fbc7db transactionDate=2026-07-10 11:32:11 needsCompletion=true hasSource=true serverDataHash=-22d6ad5ce785af5f localDataHash=-6ef846e291489ef4
默认	11:32:16.155268+0800	Runner	flutter: └───────────────────────────────────────────────────────────────────────────────────────────────────
默认	11:32:16.175338+0800	Runner	flutter: ┌───────────────────────────────────────────────────────────────────────────────────────────────────
默认	11:32:16.175384+0800	Runner	flutter: │ [HTTP] --> POST https://api.truthy.top/gateway/invoke service=tool.event_tracking.EventTrackingService method=TrackEvents
默认	11:32:16.175411+0800	Runner	flutter: └───────────────────────────────────────────────────────────────────────────────────────────────────
默认	11:32:16.175760+0800	Runner	flutter: ┌───────────────────────────────────────────────────────────────────────────────────────────────────
默认	11:32:16.175779+0800	Runner	flutter: │ [HTTP] request:
默认	11:32:16.175806+0800	Runner	flutter: │ {
默认	11:32:16.175827+0800	Runner	flutter: │   "comm": {
默认	11:32:16.175842+0800	Runner	flutter: │     "auth_token": "***",
默认	11:32:16.175892+0800	Runner	flutter: │     "user_id": "user_e5f97712121ebfac3d6f6407",
默认	11:32:16.175935+0800	Runner	flutter: │     "device_id": "c5ece928-513e-4e75-a500-28479ac5102a",
默认	11:32:16.175976+0800	Runner	flutter: │     "client_request_id": "crid_1783654336170967",
默认	11:32:16.176017+0800	Runner	flutter: │     "platform": "ios",
默认	11:32:16.176093+0800	Runner	flutter: │     "app_version": "1.0.0",
默认	11:32:16.176136+0800	Runner	flutter: │     "locale": "zh-Hans-HK",
默认	11:32:16.176312+0800	Runner	flutter: │     "country": "HK",
默认	11:32:16.176362+0800	Runner	flutter: │     "timezone": "UTC+08:00"
默认	11:32:16.176373+0800	Runner	flutter: │   },
默认	11:32:16.176386+0800	Runner	flutter: │   "requests": [
默认	11:32:16.176456+0800	Runner	flutter: │     {
默认	11:32:16.176467+0800	Runner	flutter: │       "id": "req_0",
默认	11:32:16.176481+0800	Runner	flutter: │       "service_name": "tool.event_tracking.EventTrackingService",
默认	11:32:16.177010+0800	Runner	flutter: │       "method_name": "TrackEvents",
默认	11:32:16.177035+0800	Runner	flutter: │       "params": {
默认	11:32:16.177043+0800	Runner	flutter: │         "events": [
默认	11:32:16.177052+0800	Runner	flutter: │           {
默认	11:32:16.177063+0800	Runner	flutter: │             "event_id": "bb129fc8-4a11-4e3a-9c21-86dfd8cf9522",
默认	11:32:16.177072+0800	Runner	flutter: │             "event_name": "paywall_verify_success",
默认	11:32:16.177081+0800	Runner	flutter: │             "event_time_ms": 1783654336154,
默认	11:32:16.177088+0800	Runner	flutter: │             "properties": {
默认	11:32:16.177098+0800	Runner	flutter: │               "logtime": 1783654336154,
默认	11:32:16.177105+0800	Runner	flutter: │               "log_id": "bb129fc8-4a11-4e3a-9c21-86dfd8cf9522",
默认	11:32:16.177113+0800	Runner	flutter: │               "net": "wifi",
默认	11:32:16.177150+0800	Runner	flutter: │               "pkg": "com.sparkjam.truthy.ios",
默认	11:32:16.177161+0800	Runner	flutter: │               "bucket": 56,
默认	11:32:16.177170+0800	Runner	flutter: │               "abslot": 21,
默认	11:32:16.177179+0800	Runner	flutter: │               "ram": "3684MB",
默认	11:32:16.177208+0800	Runner	flutter: │               "cpu": "arm64",
默认	11:32:16.177223+0800	Runner	flutter: │               "sh": 844,
默认	11:32:16.177304+0800	Runner	flutter: │               "sw": 390,
默认	11:32:16.177316+0800	Runner	flutter: │               "city": "",
默认	11:32:16.177326+0800	Runner	flutter: │               "ste": "",
默认	11:32:16.177386+0800	Runner	flutter: │               "lat": "",
默认	11:32:16.177431+0800	Runner	flutter: │               "lng": "",
默认	11:32:16.177469+0800	Runner	flutter: │               "sty": "desk",
默认	11:32:16.177570+0800	Runner	flutter: │               "isp": "",
默认	11:32:16.177586+0800	Runner	flutter: │               "mod": "iphone13,2",
默认	11:32:16.177620+0800	Runner	flutter: │               "brd": "apple",
默认	11:32:16.177663+0800	Runner	flutter: │               "os": "26.3.1",
默认	11:32:16.177706+0800	Runner	flutter: │               "pf": "ios",
默认	11:32:16.177745+0800	Runner	flutter: │               "slan": "zh",
默认	11:32:16.177937+0800	Runner	flutter: │               "reg": "HK",
默认	11:32:16.177992+0800	Runner	flutter: │               "cou": "HK",
默认	11:32:16.178080+0800	Runner	flutter: │               "sub": "",
默认	11:32:16.178097+0800	Runner	flutter: │               "cha": "",
默认	11:32:16.178215+0800	Runner	flutter: │               "verc": "10000",
默认	11:32:16.178250+0800	Runner	flutter: │               "ver": "1.0.0",
默认	11:32:16.178358+0800	Runner	flutter: │               "sid": "5094b07b-cc63-4868-b4ac-6bced54db906",
默认	11:32:16.178958+0800	Runner	flutter: │               "uuid": "***",
默认	11:32:16.178997+0800	Runner	flutter: │               "idfa": "***",
默认	11:32:16.179011+0800	Runner	flutter: │               "idfv": "***",
默认	11:32:16.179023+0800	Runner	flutter: │               "aid": "***",
默认	11:32:16.179037+0800	Runner	flutter: │               "gaid": "***",
默认	11:32:16.179239+0800	Runner	flutter: │               "did": "***",
默认	11:32:16.179254+0800	Runner	flutter: │               "uid": "***",
默认	11:32:16.179265+0800	Runner	flutter: │               "anm": "Truthy",
默认	11:32:16.179279+0800	Runner	flutter: │               "push_id": "",
默认	11:32:16.179291+0800	Runner	flutter: │               "push_type": "",
默认	11:32:16.179302+0800	Runner	flutter: │               "is_pro": "0",
默认	11:32:16.179321+0800	Runner	flutter: │               "page_from": "search_fake",
默认	11:32:16.179335+0800	Runner	flutter: │               "product_id": "sku_truthy_premium_weekly_ios",
默认	11:32:16.179399+0800	Runner	flutter: │               "store_product_id": "com.truthy.premium.w",
默认	11:32:16.179415+0800	Runner	flutter: │               "billing_period": "week",
默认	11:32:16.179445+0800	Runner	flutter: │               "price_server": "$9.99",
默认	11:32:16.179476+0800	Runner	flutter: │               "price_apple": "US$9.99",
默认	11:32:16.179532+0800	Runner	flutter: │               "price_actual": "$3.99",
默认	11:32:16.179594+0800	Runner	flutter: │               "amount_minor": 999,
默认	11:32:16.179792+0800	Runner	flutter: │               "amount_minor_currency": "USD",
默认	11:32:16.179915+0800	Runner	flutter: │               "apple_amount_minor": 999,
默认	11:32:16.179932+0800	Runner	flutter: │               "apple_amount_minor_currency": "USD",
默认	11:32:16.180447+0800	Runner	flutter: │               "actual_amount_minor": 399,
默认	11:32:16.180478+0800	Runner	flutter: │               "actual_amount_minor_currency": "USD",
默认	11:32:16.180489+0800	Runner	flutter: │               "intro_eligible": 1,
默认	11:32:16.180500+0800	Runner	flutter: │               "intro_price": "$3.99",
默认	11:32:16.180509+0800	Runner	flutter: │               "price": "$9.99",
默认	11:32:16.180519+0800	Runner	flutter: │               "purchase_stage": "verify",
默认	11:32:16.180527+0800	Runner	flutter: │               "order_id": "order_c9e8563a4aa197bc",
默认	11:32:16.180536+0800	Runner	flutter: │               "transaction_id": "2000001202704240",
默认	11:32:16.180547+0800	Runner	flutter: │               "original_transaction_id": "2000001202704240"
默认	11:32:16.180565+0800	Runner	flutter: │             }
默认	11:32:16.180814+0800	Runner	flutter: │           }
默认	11:32:16.180833+0800	Runner	flutter: │         ]
默认	11:32:16.180854+0800	Runner	flutter: │       }
默认	11:32:16.180864+0800	Runner	flutter: │     }
默认	11:32:16.180872+0800	Runner	flutter: │   ]
默认	11:32:16.180913+0800	Runner	flutter: │ }
默认	11:32:16.180939+0800	Runner	flutter: └───────────────────────────────────────────────────────────────────────────────────────────────────
默认	11:32:16.218444+0800	Runner	flutter: ┌───────────────────────────────────────────────────────────────────────────────────────────────────
默认	11:32:16.218528+0800	Runner	flutter: │ [HTTP] <-- 200 POST https://api.truthy.top/gateway/invoke service=tool.subscription.SubscriptionService method=VerifySubscriptionPurchase
默认	11:32:16.218564+0800	Runner	flutter: └───────────────────────────────────────────────────────────────────────────────────────────────────
默认	11:32:16.218820+0800	Runner	flutter: ┌───────────────────────────────────────────────────────────────────────────────────────────────────
默认	11:32:16.218833+0800	Runner	flutter: │ [HTTP] response:
默认	11:32:16.218857+0800	Runner	flutter: │ {
默认	11:32:16.218923+0800	Runner	flutter: │   "code": 0,
默认	11:32:16.218938+0800	Runner	flutter: │   "message": "ok",
默认	11:32:16.218981+0800	Runner	flutter: │   "request_id": "gw_req_a127cfdd38bd4bd03531178b3ccef74d",
默认	11:32:16.219023+0800	Runner	flutter: │   "trace_id": "trace_6ba4f805ee129e8c5db18e3d17e2aed2",
默认	11:32:16.219063+0800	Runner	flutter: │   "responses": [
默认	11:32:16.219105+0800	Runner	flutter: │     {
默认	11:32:16.219152+0800	Runner	flutter: │       "id": "req_0",
默认	11:32:16.219371+0800	Runner	flutter: │       "success": true,
默认	11:32:16.219439+0800	Runner	flutter: │       "code": 0,
默认	11:32:16.219451+0800	Runner	flutter: │       "message": "ok",
默认	11:32:16.219460+0800	Runner	flutter: │       "data": {
默认	11:32:16.219470+0800	Runner	flutter: │         "expires_time": 1783740731000,
默认	11:32:16.219477+0800	Runner	flutter: │         "failure_reason": "",
默认	11:32:16.219486+0800	Runner	flutter: │         "order_id": "order_c9e8563a4aa197bc",
默认	11:32:16.219494+0800	Runner	flutter: │         "plan_code": "basic",
默认	11:32:16.219643+0800	Runner	flutter: │         "platform_finish_status": "succeeded",
默认	11:32:16.219654+0800	Runner	flutter: │         "product_code": "people_insight",
默认	11:32:16.219661+0800	Runner	flutter: │         "should_complete_purchase": false,
默认	11:32:16.219702+0800	Runner	flutter: │         "should_refresh_user": true,
默认	11:32:16.219743+0800	Runner	flutter: │         "subscription_status": "active",
默认	11:32:16.219784+0800	Runner	flutter: │         "tier_code": "vip1",
默认	11:32:16.219902+0800	Runner	flutter: │         "verification_result": "verified",
默认	11:32:16.219918+0800	Runner	flutter: │         "vip_level": 1
默认	11:32:16.219927+0800	Runner	flutter: │       }
默认	11:32:16.220197+0800	Runner	flutter: │     }
默认	11:32:16.220211+0800	Runner	flutter: │   ]
默认	11:32:16.220221+0800	Runner	flutter: │ }
默认	11:32:16.220231+0800	Runner	flutter: └───────────────────────────────────────────────────────────────────────────────────────────────────
默认	11:32:16.220458+0800	Runner	flutter: ┌───────────────────────────────────────────────────────────────────────────────────────────────────
默认	11:32:16.220503+0800	Runner	flutter: │ [SubPurchase] duplicateRecover.verify.success verificationResult=verified subscriptionStatus=active productCode=people_insight planCode=basic shouldCompletePurchase=false failureReason=<empty> purchaseKey=purchaseId:325ef5fc65fbc7db productId=com.truthy.premium.w status=purchased purchaseIdHash=325ef5fc65fbc7db transactionDate=2026-07-10 11:32:11 needsCompletion=false hasSource=false serverDataHash=1db708f2d82940f3 localDataHash=-564a09f90da67fb2
默认	11:32:16.220555+0800	Runner	flutter: └───────────────────────────────────────────────────────────────────────────────────────────────────
默认	11:32:16.220710+0800	Runner	flutter: ┌───────────────────────────────────────────────────────────────────────────────────────────────────
默认	11:32:16.220722+0800	Runner	flutter: │ [SubPurchase] duplicateRecover.finish.start productId=com.truthy.premium.w transactionIdHash=325ef5fc65fbc7db
默认	11:32:16.220762+0800	Runner	flutter: └───────────────────────────────────────────────────────────────────────────────────────────────────
默认	11:32:16.220935+0800	Runner	flutter: ┌───────────────────────────────────────────────────────────────────────────────────────────────────
默认	11:32:16.220980+0800	Runner	flutter: │ [SubPurchase] storekitRecovery.finish.start productId=com.truthy.premium.w transactionIdHash=325ef5fc65fbc7db hasReceipt=true
默认	11:32:16.220999+0800	Runner	flutter: └───────────────────────────────────────────────────────────────────────────────────────────────────
默认	11:32:16.371876+0800	Runner	flutter: ┌───────────────────────────────────────────────────────────────────────────────────────────────────
默认	11:32:16.371978+0800	Runner	flutter: │ [HTTP] <-- 200 POST https://api.truthy.top/gateway/invoke service=tool.event_tracking.EventTrackingService method=TrackEvents
默认	11:32:16.372041+0800	Runner	flutter: └───────────────────────────────────────────────────────────────────────────────────────────────────
默认	11:32:16.372154+0800	Runner	flutter: ┌───────────────────────────────────────────────────────────────────────────────────────────────────
默认	11:32:16.372298+0800	Runner	flutter: │ [HTTP] response:
默认	11:32:16.372324+0800	Runner	flutter: │ {
默认	11:32:16.372339+0800	Runner	flutter: │   "code": 0,
默认	11:32:16.372349+0800	Runner	flutter: │   "message": "ok",
默认	11:32:16.372361+0800	Runner	flutter: │   "request_id": "gw_req_601b5427766a53ce713767466cb586f1",
默认	11:32:16.372370+0800	Runner	flutter: │   "trace_id": "trace_1bd048f3d575cccf39f24208bf34f660",
默认	11:32:16.372415+0800	Runner	flutter: │   "responses": [
默认	11:32:16.372462+0800	Runner	flutter: │     {
默认	11:32:16.372528+0800	Runner	flutter: │       "id": "req_0",
默认	11:32:16.372571+0800	Runner	flutter: │       "success": true,
默认	11:32:16.372616+0800	Runner	flutter: │       "code": 0,
默认	11:32:16.372658+0800	Runner	flutter: │       "message": "ok",
默认	11:32:16.372700+0800	Runner	flutter: │       "data": {
默认	11:32:16.372817+0800	Runner	flutter: │         "request_id": "gw_req_601b5427766a53ce713767466cb586f1",
默认	11:32:16.372828+0800	Runner	flutter: │         "trace_id": "trace_1bd048f3d575cccf39f24208bf34f660",
默认	11:32:16.372872+0800	Runner	flutter: │         "accepted_count": 1,
默认	11:32:16.372944+0800	Runner	flutter: │         "event_name": "paywall_verify_success",
默认	11:32:16.372957+0800	Runner	flutter: │         "event_names": [
默认	11:32:16.373004+0800	Runner	flutter: │           "paywall_verify_success"
默认	11:32:16.373045+0800	Runner	flutter: │         ],
默认	11:32:16.373126+0800	Runner	flutter: │         "events": [
默认	11:32:16.373174+0800	Runner	flutter: │           {
默认	11:32:16.373188+0800	Runner	flutter: │             "index": 0,
默认	11:32:16.373226+0800	Runner	flutter: │             "event_id": "bb129fc8-4a11-4e3a-9c21-86dfd8cf9522",
默认	11:32:16.373467+0800	Runner	flutter: │             "event_name": "paywall_verify_success",
默认	11:32:16.373572+0800	Runner	flutter: │             "status": "accepted"
默认	11:32:16.373584+0800	Runner	flutter: │           }
默认	11:32:16.373591+0800	Runner	flutter: │         ]
默认	11:32:16.373600+0800	Runner	flutter: │       }
默认	11:32:16.373608+0800	Runner	flutter: │     }
默认	11:32:16.373615+0800	Runner	flutter: │   ]
默认	11:32:16.373653+0800	Runner	flutter: │ }
默认	11:32:16.373693+0800	Runner	flutter: └───────────────────────────────────────────────────────────────────────────────────────────────────
默认	11:32:19.002609+0800	Runner	flutter: ┌───────────────────────────────────────────────────────────────────────────────────────────────────
默认	11:32:19.002711+0800	Runner	flutter: │ [SubPurchase] purchaseUseCase.complete.success purchaseKey=purchaseId:325ef5fc65fbc7db productId=com.truthy.premium.w status=purchased purchaseIdHash=325ef5fc65fbc7db transactionDate=2026-07-10 11:32:11 needsCompletion=true hasSource=true serverDataHash=-22d6ad5ce785af5f localDataHash=-6ef846e291489ef4
默认	11:32:19.002746+0800	Runner	flutter: └───────────────────────────────────────────────────────────────────────────────────────────────────
默认	11:32:19.014966+0800	Runner	flutter: ┌───────────────────────────────────────────────────────────────────────────────────────────────────
默认	11:32:19.015057+0800	Runner	flutter: │ [HTTP] --> POST https://api.truthy.top/gateway/invoke service=tool.subscription.SubscriptionService method=GetSubscriptionStatus
默认	11:32:19.015084+0800	Runner	flutter: └───────────────────────────────────────────────────────────────────────────────────────────────────
默认	11:32:19.015166+0800	Runner	flutter: ┌───────────────────────────────────────────────────────────────────────────────────────────────────
默认	11:32:19.015186+0800	Runner	flutter: │ [HTTP] request:
默认	11:32:19.015213+0800	Runner	flutter: │ {
默认	11:32:19.015242+0800	Runner	flutter: │   "comm": {
默认	11:32:19.015331+0800	Runner	flutter: │     "auth_token": "***",
默认	11:32:19.015342+0800	Runner	flutter: │     "user_id": "user_e5f97712121ebfac3d6f6407",
默认	11:32:19.015352+0800	Runner	flutter: │     "device_id": "c5ece928-513e-4e75-a500-28479ac5102a",
默认	11:32:19.015393+0800	Runner	flutter: │     "client_request_id": "crid_1783654339002723",
默认	11:32:19.015434+0800	Runner	flutter: │     "platform": "ios",
默认	11:32:19.015476+0800	Runner	flutter: │     "app_version": "1.0.0",
默认	11:32:19.015525+0800	Runner	flutter: │     "locale": "zh-Hans-HK",
默认	11:32:19.015569+0800	Runner	flutter: │     "country": "HK",
默认	11:32:19.015686+0800	Runner	flutter: │     "timezone": "UTC+08:00"
默认	11:32:19.015700+0800	Runner	flutter: │   },
默认	11:32:19.015712+0800	Runner	flutter: │   "requests": [
默认	11:32:19.015785+0800	Runner	flutter: │     {
默认	11:32:19.015799+0800	Runner	flutter: │       "id": "req_0",
默认	11:32:19.015840+0800	Runner	flutter: │       "service_name": "tool.subscription.SubscriptionService",
默认	11:32:19.016100+0800	Runner	flutter: │       "method_name": "GetSubscriptionStatus",
默认	11:32:19.016115+0800	Runner	flutter: │       "params": {
默认	11:32:19.016139+0800	Runner	flutter: │         "product_code": "people_insight",
默认	11:32:19.016390+0800	Runner	flutter: │         "scenario": "purchase"
默认	11:32:19.016402+0800	Runner	flutter: │       }
默认	11:32:19.016412+0800	Runner	flutter: │     }
默认	11:32:19.016422+0800	Runner	flutter: │   ]
默认	11:32:19.016429+0800	Runner	flutter: │ }
默认	11:32:19.016439+0800	Runner	flutter: └───────────────────────────────────────────────────────────────────────────────────────────────────
默认	11:32:19.023828+0800	Runner	flutter: ┌───────────────────────────────────────────────────────────────────────────────────────────────────
默认	11:32:19.023842+0800	Runner	flutter: │ [SubPurchase] storekitRecovery.finish.success productId=com.truthy.premium.w transactionIdHash=325ef5fc65fbc7db
默认	11:32:19.023977+0800	Runner	flutter: └───────────────────────────────────────────────────────────────────────────────────────────────────
默认	11:32:19.024005+0800	Runner	flutter: ┌───────────────────────────────────────────────────────────────────────────────────────────────────
默认	11:32:19.024014+0800	Runner	flutter: │ [SubPurchase] duplicateRecover.finish.success productId=com.truthy.premium.w transactionIdHash=325ef5fc65fbc7db
默认	11:32:19.024101+0800	Runner	flutter: └───────────────────────────────────────────────────────────────────────────────────────────────────
默认	11:32:19.028495+0800	Runner	flutter: ┌───────────────────────────────────────────────────────────────────────────────────────────────────
默认	11:32:19.028515+0800	Runner	flutter: │ [HTTP] --> POST https://api.truthy.top/gateway/invoke service=tool.subscription.SubscriptionService method=GetSubscriptionStatus
默认	11:32:19.028573+0800	Runner	flutter: └───────────────────────────────────────────────────────────────────────────────────────────────────
默认	11:32:19.028633+0800	Runner	flutter: ┌───────────────────────────────────────────────────────────────────────────────────────────────────
默认	11:32:19.028645+0800	Runner	flutter: │ [HTTP] request:
默认	11:32:19.028704+0800	Runner	flutter: │ {
默认	11:32:19.028722+0800	Runner	flutter: │   "comm": {
默认	11:32:19.028733+0800	Runner	flutter: │     "auth_token": "***",
默认	11:32:19.028793+0800	Runner	flutter: │     "user_id": "user_e5f97712121ebfac3d6f6407",
默认	11:32:19.028805+0800	Runner	flutter: │     "device_id": "c5ece928-513e-4e75-a500-28479ac5102a",
默认	11:32:19.028861+0800	Runner	flutter: │     "client_request_id": "crid_1783654339024051",
默认	11:32:19.028876+0800	Runner	flutter: │     "platform": "ios",
默认	11:32:19.028884+0800	Runner	flutter: │     "app_version": "1.0.0",
默认	11:32:19.028930+0800	Runner	flutter: │     "locale": "zh-Hans-HK",
默认	11:32:19.029175+0800	Runner	flutter: │     "country": "HK",
默认	11:32:19.029189+0800	Runner	flutter: │     "timezone": "UTC+08:00"
默认	11:32:19.029197+0800	Runner	flutter: │   },
默认	11:32:19.029263+0800	Runner	flutter: │   "requests": [
默认	11:32:19.029285+0800	Runner	flutter: │     {
默认	11:32:19.029407+0800	Runner	flutter: │       "id": "req_0",
默认	11:32:19.029422+0800	Runner	flutter: │       "service_name": "tool.subscription.SubscriptionService",
默认	11:32:19.029432+0800	Runner	flutter: │       "method_name": "GetSubscriptionStatus",
默认	11:32:19.029496+0800	Runner	flutter: │       "params": {
默认	11:32:19.029508+0800	Runner	flutter: │         "product_code": "people_insight",
默认	11:32:19.029567+0800	Runner	flutter: │         "scenario": "duplicate_recover"
默认	11:32:19.029840+0800	Runner	flutter: │       }
默认	11:32:19.029922+0800	Runner	flutter: │     }
默认	11:32:19.030019+0800	Runner	flutter: │   ]
默认	11:32:19.030030+0800	Runner	flutter: │ }
默认	11:32:19.030041+0800	Runner	flutter: └───────────────────────────────────────────────────────────────────────────────────────────────────
默认	11:32:19.215509+0800	Runner	flutter: ┌───────────────────────────────────────────────────────────────────────────────────────────────────
默认	11:32:19.215616+0800	Runner	flutter: │ [HTTP] <-- 200 POST https://api.truthy.top/gateway/invoke service=tool.subscription.SubscriptionService method=GetSubscriptionStatus
默认	11:32:19.215645+0800	Runner	flutter: └───────────────────────────────────────────────────────────────────────────────────────────────────
默认	11:32:19.215717+0800	Runner	flutter: ┌───────────────────────────────────────────────────────────────────────────────────────────────────
默认	11:32:19.215729+0800	Runner	flutter: │ [HTTP] response:
默认	11:32:19.215807+0800	Runner	flutter: │ {
默认	11:32:19.215831+0800	Runner	flutter: │   "code": 0,
默认	11:32:19.215864+0800	Runner	flutter: │   "message": "ok",
默认	11:32:19.215879+0800	Runner	flutter: │   "request_id": "gw_req_a2e4c8d4b96747056cb18b82a5c08435",
默认	11:32:19.215981+0800	Runner	flutter: │   "trace_id": "trace_7d7abf91f7db5beba8e9aab055188987",
默认	11:32:19.216065+0800	Runner	flutter: │   "responses": [
默认	11:32:19.216078+0800	Runner	flutter: │     {
默认	11:32:19.216085+0800	Runner	flutter: │       "id": "req_0",
默认	11:32:19.216356+0800	Runner	flutter: │       "success": true,
默认	11:32:19.216368+0800	Runner	flutter: │       "code": 0,
默认	11:32:19.216377+0800	Runner	flutter: │       "message": "ok",
默认	11:32:19.216386+0800	Runner	flutter: │       "data": {
默认	11:32:19.216432+0800	Runner	flutter: │         "entitlement": {
默认	11:32:19.216476+0800	Runner	flutter: │           "can_start_search": true,
默认	11:32:19.216516+0800	Runner	flutter: │           "concurrency_remaining": 1,
默认	11:32:19.216566+0800	Runner	flutter: │           "decision": "ALLOW",
默认	11:32:19.216609+0800	Runner	flutter: │           "expires_time": 1783740731000,
默认	11:32:19.216654+0800	Runner	flutter: │           "plan_code": "basic",
默认	11:32:19.216814+0800	Runner	flutter: │           "product_code": "people_insight",
默认	11:32:19.216825+0800	Runner	flutter: │           "quota_remaining": 10,
默认	11:32:19.216918+0800	Runner	flutter: │           "subscription_status": "active",
默认	11:32:19.216929+0800	Runner	flutter: │           "vip_level": 1
默认	11:32:19.216938+0800	Runner	flutter: │         },
默认	11:32:19.216947+0800	Runner	flutter: │         "expires_time": 1783740731000,
默认	11:32:19.216984+0800	Runner	flutter: │         "has_active_subscription": true,
默认	11:32:19.217036+0800	Runner	flutter: │         "plan_code": "basic",
默认	11:32:19.217077+0800	Runner	flutter: │         "product_code": "people_insight",
默认	11:32:19.217133+0800	Runner	flutter: │         "subscription_status": "active",
默认	11:32:19.217180+0800	Runner	flutter: │         "tier_code": "vip1",
默认	11:32:19.217303+0800	Runner	flutter: │         "unavailable_reason": "",
默认	11:32:19.217554+0800	Runner	flutter: │         "vip_level": 1
默认	11:32:19.217997+0800	Runner	flutter: │       }
默认	11:32:19.218009+0800	Runner	flutter: │     }
默认	11:32:19.218019+0800	Runner	flutter: │   ]
默认	11:32:19.218028+0800	Runner	flutter: │ }
默认	11:32:19.218035+0800	Runner	flutter: └───────────────────────────────────────────────────────────────────────────────────────────────────
默认	11:32:19.219367+0800	Runner	flutter: ┌───────────────────────────────────────────────────────────────────────────────────────────────────
默认	11:32:19.219408+0800	Runner	flutter: │ [SubPurchase] coordinator.recoverStoreKitUnfinished.results count=1
默认	11:32:19.219454+0800	Runner	flutter: └───────────────────────────────────────────────────────────────────────────────────────────────────
默认	11:32:19.219497+0800	Runner	flutter: ┌───────────────────────────────────────────────────────────────────────────────────────────────────
默认	11:32:19.219554+0800	Runner	flutter: │ [SubPurchase] coordinator.recoverStoreKitUnfinished.success hasActiveSubscription=true
默认	11:32:19.219660+0800	Runner	flutter: └───────────────────────────────────────────────────────────────────────────────────────────────────
默认	11:32:19.219700+0800	Runner	flutter: ┌───────────────────────────────────────────────────────────────────────────────────────────────────
默认	11:32:19.219747+0800	Runner	flutter: │ [SubPurchase] coordinator.recoverUnfinished.finish
默认	11:32:19.219867+0800	Runner	flutter: └───────────────────────────────────────────────────────────────────────────────────────────────────
默认	11:32:19.397981+0800	Runner	flutter: ┌───────────────────────────────────────────────────────────────────────────────────────────────────
默认	11:32:19.398016+0800	Runner	flutter: │ [HTTP] <-- 200 POST https://api.truthy.top/gateway/invoke service=tool.subscription.SubscriptionService method=GetSubscriptionStatus
默认	11:32:19.398040+0800	Runner	flutter: └───────────────────────────────────────────────────────────────────────────────────────────────────
默认	11:32:19.398319+0800	Runner	flutter: ┌───────────────────────────────────────────────────────────────────────────────────────────────────
默认	11:32:19.398406+0800	Runner	flutter: │ [HTTP] response:
默认	11:32:19.398438+0800	Runner	flutter: │ {
默认	11:32:19.398454+0800	Runner	flutter: │   "code": 0,
默认	11:32:19.398469+0800	Runner	flutter: │   "message": "ok",
默认	11:32:19.398519+0800	Runner	flutter: │   "request_id": "gw_req_773499f4bf26e6f3dfc3be2732462716",
默认	11:32:19.398566+0800	Runner	flutter: │   "trace_id": "trace_234a4fe8a6901f91c018d9d71f961b8e",
默认	11:32:19.398611+0800	Runner	flutter: │   "responses": [
默认	11:32:19.398657+0800	Runner	flutter: │     {
默认	11:32:19.398705+0800	Runner	flutter: │       "id": "req_0",
默认	11:32:19.398750+0800	Runner	flutter: │       "success": true,
默认	11:32:19.398794+0800	Runner	flutter: │       "code": 0,
默认	11:32:19.398838+0800	Runner	flutter: │       "message": "ok",
默认	11:32:19.398978+0800	Runner	flutter: │       "data": {
默认	11:32:19.398994+0800	Runner	flutter: │         "entitlement": {
默认	11:32:19.399005+0800	Runner	flutter: │           "can_start_search": true,
默认	11:32:19.399064+0800	Runner	flutter: │           "concurrency_remaining": 1,
默认	11:32:19.399076+0800	Runner	flutter: │           "decision": "ALLOW",
默认	11:32:19.399113+0800	Runner	flutter: │           "expires_time": 1783740731000,
默认	11:32:19.399156+0800	Runner	flutter: │           "plan_code": "basic",
默认	11:32:19.399257+0800	Runner	flutter: │           "product_code": "people_insight",
默认	11:32:19.399269+0800	Runner	flutter: │           "quota_remaining": 10,
默认	11:32:19.399308+0800	Runner	flutter: │           "subscription_status": "active",
默认	11:32:19.399350+0800	Runner	flutter: │           "vip_level": 1
默认	11:32:19.399389+0800	Runner	flutter: │         },
默认	11:32:19.399487+0800	Runner	flutter: │         "expires_time": 1783740731000,
默认	11:32:19.399498+0800	Runner	flutter: │         "has_active_subscription": true,
默认	11:32:19.399538+0800	Runner	flutter: │         "plan_code": "basic",
默认	11:32:19.399576+0800	Runner	flutter: │         "product_code": "people_insight",
默认	11:32:19.399621+0800	Runner	flutter: │         "subscription_status": "active",
默认	11:32:19.399709+0800	Runner	flutter: │         "tier_code": "vip1",
默认	11:32:19.399724+0800	Runner	flutter: │         "unavailable_reason": "",
默认	11:32:19.399763+0800	Runner	flutter: │         "vip_level": 1
默认	11:32:19.399801+0800	Runner	flutter: │       }
默认	11:32:19.400213+0800	Runner	flutter: │     }
默认	11:32:19.400233+0800	Runner	flutter: │   ]
默认	11:32:19.400242+0800	Runner	flutter: │ }
默认	11:32:19.400250+0800	Runner	flutter: └───────────────────────────────────────────────────────────────────────────────────────────────────
默认	11:32:19.402122+0800	Runner	flutter: ┌───────────────────────────────────────────────────────────────────────────────────────────────────
默认	11:32:19.402149+0800	Runner	flutter: │ [EventTracking] name=paywall_status_refresh_success id=fc0ed063-50d6-4603-bb3d-5f9ece9f90b1 time=1783654339401 props={"page_from":"search_fake","product_id":"sku_truthy_premium_weekly_ios","store_product_id":"com.truthy.premium.w","billing_period":"week","price_server":"$9.99","price_apple":"US$9.99","price_actual":"$3.99","amount_minor":999,"amount_minor_currency":"USD","apple_amount_minor":999,"apple_amount_minor_currency":"USD","actual_amount_minor":399,"actual_amount_minor_currency":"USD","intro_eligible":1,"intro_price":"$3.99","price":"$9.99","purchase_stage":"refresh_status","pro_status":"active"}
默认	11:32:19.402209+0800	Runner	flutter: └───────────────────────────────────────────────────────────────────────────────────────────────────
默认	11:32:19.402389+0800	Runner	flutter: ┌───────────────────────────────────────────────────────────────────────────────────────────────────
默认	11:32:19.402400+0800	Runner	flutter: │ [SubPurchase] purchaseUseCase.handlePurchased.success hasSubscriptionStatus=true purchaseKey=purchaseId:325ef5fc65fbc7db productId=com.truthy.premium.w status=purchased purchaseIdHash=325ef5fc65fbc7db transactionDate=2026-07-10 11:32:11 needsCompletion=true hasSource=true serverDataHash=-22d6ad5ce785af5f localDataHash=-6ef846e291489ef4
默认	11:32:19.402446+0800	Runner	flutter: └───────────────────────────────────────────────────────────────────────────────────────────────────
默认	11:32:19.402646+0800	Runner	flutter: ┌───────────────────────────────────────────────────────────────────────────────────────────────────
默认	11:32:19.402659+0800	Runner	flutter: │ [SubPurchase] coordinator.verify.end key=purchaseId:325ef5fc65fbc7db purchaseKey=purchaseId:325ef5fc65fbc7db productId=com.truthy.premium.w status=purchased purchaseIdHash=325ef5fc65fbc7db transactionDate=2026-07-10 11:32:11 needsCompletion=true hasSource=true serverDataHash=-22d6ad5ce785af5f localDataHash=-6ef846e291489ef4
默认	11:32:19.402695+0800	Runner	flutter: └───────────────────────────────────────────────────────────────────────────────────────────────────
默认	11:32:19.402877+0800	Runner	flutter: ┌───────────────────────────────────────────────────────────────────────────────────────────────────
默认	11:32:19.402889+0800	Runner	flutter: │ [SubPurchase] coordinator.knownContext.result resultStatus=success message=<empty> hasSubscriptionStatus=true purchaseKey=purchaseId:325ef5fc65fbc7db productId=com.truthy.premium.w status=purchased purchaseIdHash=325ef5fc65fbc7db transactionDate=2026-07-10 11:32:11 needsCompletion=true hasSource=true serverDataHash=-22d6ad5ce785af5f localDataHash=-6ef846e291489ef4
默认	11:32:19.402960+0800	Runner	flutter: └───────────────────────────────────────────────────────────────────────────────────────────────────
默认	11:32:19.403131+0800	Runner	flutter: ┌───────────────────────────────────────────────────────────────────────────────────────────────────
默认	11:32:19.403143+0800	Runner	flutter: │ [SubPurchase] coordinator.knownContext.removeContext storeProductId=com.truthy.premium.w status=success
默认	11:32:19.403208+0800	Runner	flutter: └───────────────────────────────────────────────────────────────────────────────────────────────────
默认	11:32:19.403357+0800	Runner	flutter: ┌───────────────────────────────────────────────────────────────────────────────────────────────────
默认	11:32:19.403367+0800	Runner	flutter: │ [SubPurchase] coordinator.handlePurchased.doneWithOrderContext purchaseKey=purchaseId:325ef5fc65fbc7db productId=com.truthy.premium.w status=purchased purchaseIdHash=325ef5fc65fbc7db transactionDate=2026-07-10 11:32:11 needsCompletion=true hasSource=true serverDataHash=-22d6ad5ce785af5f localDataHash=-6ef846e291489ef4
默认	11:32:19.403404+0800	Runner	flutter: └───────────────────────────────────────────────────────────────────────────────────────────────────
默认	11:32:19.405854+0800	Runner	flutter: ┌───────────────────────────────────────────────────────────────────────────────────────────────────
默认	11:32:19.406147+0800	Runner	flutter: │ [EventTracking] name=paywall_purchase_success id=846befd8-4cd9-4a67-b228-04ee9bfa686d time=1783654339405 props={"page_from":"search_fake","product_id":"sku_truthy_premium_weekly_ios","store_product_id":"com.truthy.premium.w","billing_period":"week","price_server":"$9.99","price_apple":"US$9.99","price_actual":"$3.99","amount_minor":999,"amount_minor_currency":"USD","apple_amount_minor":999,"apple_amount_minor_currency":"USD","actual_amount_minor":399,"actual_amount_minor_currency":"USD","intro_eligible":1,"intro_price":"$3.99","price":"$9.99","purchase_stage":"completed","order_id":"order_c9e8563a4aa197bc","transaction_id":"2000001202704240","original_transaction_id":"2000001202704240"}
默认	11:32:19.406232+0800	Runner	flutter: └───────────────────────────────────────────────────────────────────────────────────────────────────
默认	11:32:19.406559+0800	Runner	flutter: ┌───────────────────────────────────────────────────────────────────────────────────────────────────
默认	11:32:19.406588+0800	Runner	flutter: │ [AdjustEvent] Adjust event tracked: paywall_purchase_success
默认	11:32:19.406781+0800	Runner	flutter: └───────────────────────────────────────────────────────────────────────────────────────────────────
默认	11:32:19.407075+0800	Runner	flutter: ┌───────────────────────────────────────────────────────────────────────────────────────────────────
默认	11:32:19.407206+0800	Runner	flutter: │ [EventTracking] name=paywall_success_dialogview id=67806e91-a40b-4a57-ba6d-e52d1cdf6085 time=1783654339406 props={"page_from":"search_fake","product_id":"sku_truthy_premium_weekly_ios","store_product_id":"com.truthy.premium.w","billing_period":"week","price_server":"$9.99","price_apple":"US$9.99","price_actual":"$3.99","amount_minor":999,"amount_minor_currency":"USD","apple_amount_minor":999,"apple_amount_minor_currency":"USD","actual_amount_minor":399,"actual_amount_minor_currency":"USD","intro_eligible":1,"intro_price":"$3.99","price":"$9.99","purchase_stage":"completed"}
默认	11:32:19.407330+0800	Runner	flutter: └───────────────────────────────────────────────────────────────────────────────────────────────────
默认	11:32:19.407660+0800	Runner	flutter: ┌───────────────────────────────────────────────────────────────────────────────────────────────────
默认	11:32:19.407675+0800	Runner	flutter: │ [EventTracking] name=app_page_stay id=f6683d69-54a2-4b62-84a7-422f72d182e3 time=1783654339407 props={"page_from":"paywall","duration_s":0}
默认	11:32:19.407696+0800	Runner	flutter: └───────────────────────────────────────────────────────────────────────────────────────────────────
默认	11:32:19.417798+0800	Runner	flutter: ┌───────────────────────────────────────────────────────────────────────────────────────────────────
默认	11:32:19.417814+0800	Runner	flutter: │ [FirebaseAnalytics] Firebase event logged: paywall_purchase_success
默认	11:32:19.417906+0800	Runner	flutter: └───────────────────────────────────────────────────────────────────────────────────────────────────
默认	11:32:19.417943+0800	Runner	flutter: ┌───────────────────────────────────────────────────────────────────────────────────────────────────
默认	11:32:19.418003+0800	Runner	flutter: │ [FacebookAppEvents] Facebook App Events logged: paywall_purchase_success
默认	11:32:19.418081+0800	Runner	flutter: └───────────────────────────────────────────────────────────────────────────────────────────────────
默认	11:32:19.435888+0800	Runner	flutter: ┌───────────────────────────────────────────────────────────────────────────────────────────────────
默认	11:32:19.435975+0800	Runner	flutter: │ [HTTP] --> POST https://api.truthy.top/gateway/invoke service=tool.event_tracking.EventTrackingService method=TrackEvents
默认	11:32:19.435992+0800	Runner	flutter: └───────────────────────────────────────────────────────────────────────────────────────────────────
默认	11:32:19.436222+0800	Runner	flutter: ┌───────────────────────────────────────────────────────────────────────────────────────────────────
默认	11:32:19.436237+0800	Runner	flutter: │ [HTTP] request:
默认	11:32:19.436249+0800	Runner	flutter: │ {
默认	11:32:19.436292+0800	Runner	flutter: │   "comm": {
默认	11:32:19.436340+0800	Runner	flutter: │     "auth_token": "***",
默认	11:32:19.436348+0800	Runner	flutter: │     "user_id": "user_e5f97712121ebfac3d6f6407",
默认	11:32:19.436393+0800	Runner	flutter: │     "device_id": "c5ece928-513e-4e75-a500-28479ac5102a",
默认	11:32:19.436495+0800	Runner	flutter: │     "client_request_id": "crid_1783654339432836",
默认	11:32:19.436511+0800	Runner	flutter: │     "platform": "ios",
默认	11:32:19.436520+0800	Runner	flutter: │     "app_version": "1.0.0",
默认	11:32:19.436572+0800	Runner	flutter: │     "locale": "zh-Hans-HK",
默认	11:32:19.436585+0800	Runner	flutter: │     "country": "HK",
默认	11:32:19.436656+0800	Runner	flutter: │     "timezone": "UTC+08:00"
默认	11:32:19.436671+0800	Runner	flutter: │   },
默认	11:32:19.436682+0800	Runner	flutter: │   "requests": [
默认	11:32:19.436744+0800	Runner	flutter: │     {
默认	11:32:19.436759+0800	Runner	flutter: │       "id": "req_0",
默认	11:32:19.436801+0800	Runner	flutter: │       "service_name": "tool.event_tracking.EventTrackingService",
默认	11:32:19.436814+0800	Runner	flutter: │       "method_name": "TrackEvents",
默认	11:32:19.436871+0800	Runner	flutter: │       "params": {
默认	11:32:19.436934+0800	Runner	flutter: │         "events": [
默认	11:32:19.436954+0800	Runner	flutter: │           {
默认	11:32:19.436964+0800	Runner	flutter: │             "event_id": "fc0ed063-50d6-4603-bb3d-5f9ece9f90b1",
默认	11:32:19.437053+0800	Runner	flutter: │             "event_name": "paywall_status_refresh_success",
默认	11:32:19.437064+0800	Runner	flutter: │             "event_time_ms": 1783654339401,
默认	11:32:19.437366+0800	Runner	flutter: │             "properties": {
默认	11:32:19.437628+0800	Runner	flutter: │               "logtime": 1783654339401,
默认	11:32:19.437679+0800	Runner	flutter: │               "log_id": "fc0ed063-50d6-4603-bb3d-5f9ece9f90b1",
默认	11:32:19.437689+0800	Runner	flutter: │               "net": "wifi",
默认	11:32:19.437697+0800	Runner	flutter: │               "pkg": "com.sparkjam.truthy.ios",
默认	11:32:19.437819+0800	Runner	flutter: │               "bucket": 56,
默认	11:32:19.437944+0800	Runner	flutter: │               "abslot": 21,
默认	11:32:19.437953+0800	Runner	flutter: │               "ram": "3684MB",
默认	11:32:19.437963+0800	Runner	flutter: │               "cpu": "arm64",
默认	11:32:19.437972+0800	Runner	flutter: │               "sh": 844,
默认	11:32:19.437993+0800	Runner	flutter: │               "sw": 390,
默认	11:32:19.438139+0800	Runner	flutter: │               "city": "",
默认	11:32:19.438153+0800	Runner	flutter: │               "ste": "",
默认	11:32:19.438164+0800	Runner	flutter: │               "lat": "",
默认	11:32:19.438186+0800	Runner	flutter: │               "lng": "",
默认	11:32:19.438210+0800	Runner	flutter: │               "sty": "desk",
默认	11:32:19.438220+0800	Runner	flutter: │               "isp": "",
默认	11:32:19.438227+0800	Runner	flutter: │               "mod": "iphone13,2",
默认	11:32:19.438235+0800	Runner	flutter: │               "brd": "apple",
默认	11:32:19.438244+0800	Runner	flutter: │               "os": "26.3.1",
默认	11:32:19.438252+0800	Runner	flutter: │               "pf": "ios",
默认	11:32:19.438260+0800	Runner	flutter: │               "slan": "zh",
默认	11:32:19.438311+0800	Runner	flutter: │               "reg": "HK",
默认	11:32:19.438323+0800	Runner	flutter: │               "cou": "HK",
默认	11:32:19.438502+0800	Runner	flutter: │               "sub": "",
默认	11:32:19.438515+0800	Runner	flutter: │               "cha": "",
默认	11:32:19.438524+0800	Runner	flutter: │               "verc": "10000",
默认	11:32:19.438533+0800	Runner	flutter: │               "ver": "1.0.0",
默认	11:32:19.438540+0800	Runner	flutter: │               "sid": "5094b07b-cc63-4868-b4ac-6bced54db906",
默认	11:32:19.438549+0800	Runner	flutter: │               "uuid": "***",
默认	11:32:19.438556+0800	Runner	flutter: │               "idfa": "***",
默认	11:32:19.438565+0800	Runner	flutter: │               "idfv": "***",
默认	11:32:19.438572+0800	Runner	flutter: │               "aid": "***",
默认	11:32:19.438580+0800	Runner	flutter: │               "gaid": "***",
默认	11:32:19.438589+0800	Runner	flutter: │               "did": "***",
默认	11:32:19.438613+0800	Runner	flutter: │               "uid": "***",
默认	11:32:19.438630+0800	Runner	flutter: │               "anm": "Truthy",
默认	11:32:19.438678+0800	Runner	flutter: │               "push_id": "",
默认	11:32:19.438688+0800	Runner	flutter: │               "push_type": "",
默认	11:32:19.438698+0800	Runner	flutter: │               "is_pro": "1",
默认	11:32:19.438774+0800	Runner	flutter: │               "page_from": "search_fake",
默认	11:32:19.438846+0800	Runner	flutter: │               "product_id": "sku_truthy_premium_weekly_ios",
默认	11:32:19.438859+0800	Runner	flutter: │               "store_product_id": "com.truthy.premium.w",
默认	11:32:19.438868+0800	Runner	flutter: │               "billing_period": "week",
默认	11:32:19.438877+0800	Runner	flutter: │               "price_server": "$9.99",
默认	11:32:19.438906+0800	Runner	flutter: │               "price_apple": "US$9.99",
默认	11:32:19.438915+0800	Runner	flutter: │               "price_actual": "$3.99",
默认	11:32:19.438980+0800	Runner	flutter: │               "amount_minor": 999,
默认	11:32:19.438992+0800	Runner	flutter: │               "amount_minor_currency": "USD",
默认	11:32:19.439001+0800	Runner	flutter: │               "apple_amount_minor": 999,
默认	11:32:19.439021+0800	Runner	flutter: │               "apple_amount_minor_currency": "USD",
默认	11:32:19.439102+0800	Runner	flutter: │               "actual_amount_minor": 399,
默认	11:32:19.439121+0800	Runner	flutter: │               "actual_amount_minor_currency": "USD",
默认	11:32:19.439131+0800	Runner	flutter: │               "intro_eligible": 1,
默认	11:32:19.439141+0800	Runner	flutter: │               "intro_price": "$3.99",
默认	11:32:19.439212+0800	Runner	flutter: │               "price": "$9.99",
默认	11:32:19.439223+0800	Runner	flutter: │               "purchase_stage": "refresh_status",
默认	11:32:19.439316+0800	Runner	flutter: │               "pro_status": "active"
默认	11:32:19.439327+0800	Runner	flutter: │             }
默认	11:32:19.439337+0800	Runner	flutter: │           }
默认	11:32:19.439346+0800	Runner	flutter: │         ]
默认	11:32:19.439362+0800	Runner	flutter: │       }
默认	11:32:19.439373+0800	Runner	flutter: │     }
默认	11:32:19.439469+0800	Runner	flutter: │   ]
默认	11:32:19.439482+0800	Runner	flutter: │ }
默认	11:32:19.439495+0800	Runner	flutter: └───────────────────────────────────────────────────────────────────────────────────────────────────
默认	11:32:19.645071+0800	Runner	flutter: ┌───────────────────────────────────────────────────────────────────────────────────────────────────
默认	11:32:19.645108+0800	Runner	flutter: │ [HTTP] <-- 200 POST https://api.truthy.top/gateway/invoke service=tool.event_tracking.EventTrackingService method=TrackEvents
默认	11:32:19.645138+0800	Runner	flutter: └───────────────────────────────────────────────────────────────────────────────────────────────────
默认	11:32:19.645637+0800	Runner	flutter: ┌───────────────────────────────────────────────────────────────────────────────────────────────────
默认	11:32:19.645658+0800	Runner	flutter: │ [HTTP] response:
默认	11:32:19.645673+0800	Runner	flutter: │ {
默认	11:32:19.645730+0800	Runner	flutter: │   "code": 0,
默认	11:32:19.645900+0800	Runner	flutter: │   "message": "ok",
默认	11:32:19.645914+0800	Runner	flutter: │   "request_id": "gw_req_4e3a73adb8fdfe9b4298268dbd6702b8",
默认	11:32:19.645921+0800	Runner	flutter: │   "trace_id": "trace_f4a94f5d1b6a5e85d06c21c1291fe2e8",
默认	11:32:19.645931+0800	Runner	flutter: │   "responses": [
默认	11:32:19.645937+0800	Runner	flutter: │     {
默认	11:32:19.645946+0800	Runner	flutter: │       "id": "req_0",
默认	11:32:19.645955+0800	Runner	flutter: │       "success": true,
默认	11:32:19.645961+0800	Runner	flutter: │       "code": 0,
默认	11:32:19.645971+0800	Runner	flutter: │       "message": "ok",
默认	11:32:19.645978+0800	Runner	flutter: │       "data": {
默认	11:32:19.646102+0800	Runner	flutter: │         "request_id": "gw_req_4e3a73adb8fdfe9b4298268dbd6702b8",
默认	11:32:19.646117+0800	Runner	flutter: │         "trace_id": "trace_f4a94f5d1b6a5e85d06c21c1291fe2e8",
默认	11:32:19.646128+0800	Runner	flutter: │         "accepted_count": 1,
默认	11:32:19.646137+0800	Runner	flutter: │         "event_name": "paywall_status_refresh_success",
默认	11:32:19.646147+0800	Runner	flutter: │         "event_names": [
默认	11:32:19.646210+0800	Runner	flutter: │           "paywall_status_refresh_success"
默认	11:32:19.646228+0800	Runner	flutter: │         ],
默认	11:32:19.646238+0800	Runner	flutter: │         "events": [
默认	11:32:19.646270+0800	Runner	flutter: │           {
默认	11:32:19.646294+0800	Runner	flutter: │             "index": 0,
默认	11:32:19.646303+0800	Runner	flutter: │             "event_id": "fc0ed063-50d6-4603-bb3d-5f9ece9f90b1",
默认	11:32:19.646405+0800	Runner	flutter: │             "event_name": "paywall_status_refresh_success",
默认	11:32:19.646439+0800	Runner	flutter: │             "status": "accepted"
默认	11:32:19.646465+0800	Runner	flutter: │           }
默认	11:32:19.646473+0800	Runner	flutter: │         ]
默认	11:32:19.646481+0800	Runner	flutter: │       }
默认	11:32:19.646490+0800	Runner	flutter: │     }
默认	11:32:19.646497+0800	Runner	flutter: │   ]
默认	11:32:19.646576+0800	Runner	flutter: │ }
默认	11:32:19.646586+0800	Runner	flutter: └───────────────────────────────────────────────────────────────────────────────────────────────────
默认	11:32:19.667171+0800	Runner	flutter: ┌───────────────────────────────────────────────────────────────────────────────────────────────────
默认	11:32:19.667207+0800	Runner	flutter: │ [HTTP] --> POST https://api.truthy.top/gateway/invoke service=tool.event_tracking.EventTrackingService method=TrackEvents
默认	11:32:19.667257+0800	Runner	flutter: └───────────────────────────────────────────────────────────────────────────────────────────────────
默认	11:32:19.667686+0800	Runner	flutter: ┌───────────────────────────────────────────────────────────────────────────────────────────────────
默认	11:32:19.667768+0800	Runner	flutter: │ [HTTP] request:
默认	11:32:19.667875+0800	Runner	flutter: │ {
默认	11:32:19.667886+0800	Runner	flutter: │   "comm": {
默认	11:32:19.667897+0800	Runner	flutter: │     "auth_token": "***",
默认	11:32:19.667908+0800	Runner	flutter: │     "user_id": "user_e5f97712121ebfac3d6f6407",
默认	11:32:19.667922+0800	Runner	flutter: │     "device_id": "c5ece928-513e-4e75-a500-28479ac5102a",
默认	11:32:19.667933+0800	Runner	flutter: │     "client_request_id": "crid_1783654339664848",
默认	11:32:19.667964+0800	Runner	flutter: │     "platform": "ios",
默认	11:32:19.667984+0800	Runner	flutter: │     "app_version": "1.0.0",
默认	11:32:19.668014+0800	Runner	flutter: │     "locale": "zh-Hans-HK",
默认	11:32:19.668023+0800	Runner	flutter: │     "country": "HK",
默认	11:32:19.668036+0800	Runner	flutter: │     "timezone": "UTC+08:00"
默认	11:32:19.668045+0800	Runner	flutter: │   },
默认	11:32:19.668055+0800	Runner	flutter: │   "requests": [
默认	11:32:19.668064+0800	Runner	flutter: │     {
默认	11:32:19.668082+0800	Runner	flutter: │       "id": "req_0",
默认	11:32:19.668112+0800	Runner	flutter: │       "service_name": "tool.event_tracking.EventTrackingService",
默认	11:32:19.668123+0800	Runner	flutter: │       "method_name": "TrackEvents",
默认	11:32:19.668133+0800	Runner	flutter: │       "params": {
默认	11:32:19.668143+0800	Runner	flutter: │         "events": [
默认	11:32:19.668186+0800	Runner	flutter: │           {
默认	11:32:19.668200+0800	Runner	flutter: │             "event_id": "846befd8-4cd9-4a67-b228-04ee9bfa686d",
默认	11:32:19.668210+0800	Runner	flutter: │             "event_name": "paywall_purchase_success",
默认	11:32:19.668220+0800	Runner	flutter: │             "event_time_ms": 1783654339405,
默认	11:32:19.668229+0800	Runner	flutter: │             "properties": {
默认	11:32:19.668241+0800	Runner	flutter: │               "logtime": 1783654339405,
默认	11:32:19.668253+0800	Runner	flutter: │               "log_id": "846befd8-4cd9-4a67-b228-04ee9bfa686d",
默认	11:32:19.668330+0800	Runner	flutter: │               "net": "wifi",
默认	11:32:19.668345+0800	Runner	flutter: │               "pkg": "com.sparkjam.truthy.ios",
默认	11:32:19.668354+0800	Runner	flutter: │               "bucket": 56,
默认	11:32:19.668364+0800	Runner	flutter: │               "abslot": 21,
默认	11:32:19.668396+0800	Runner	flutter: │               "ram": "3684MB",
默认	11:32:19.668441+0800	Runner	flutter: │               "cpu": "arm64",
默认	11:32:19.668451+0800	Runner	flutter: │               "sh": 844,
默认	11:32:19.668484+0800	Runner	flutter: │               "sw": 390,
默认	11:32:19.668632+0800	Runner	flutter: │               "city": "",
默认	11:32:19.668755+0800	Runner	flutter: │               "ste": "",
默认	11:32:19.668768+0800	Runner	flutter: │               "lat": "",
默认	11:32:19.668780+0800	Runner	flutter: │               "lng": "",
默认	11:32:19.668843+0800	Runner	flutter: │               "sty": "desk",
默认	11:32:19.668859+0800	Runner	flutter: │               "isp": "",
默认	11:32:19.668869+0800	Runner	flutter: │               "mod": "iphone13,2",
默认	11:32:19.668879+0800	Runner	flutter: │               "brd": "apple",
默认	11:32:19.668888+0800	Runner	flutter: │               "os": "26.3.1",
默认	11:32:19.668896+0800	Runner	flutter: │               "pf": "ios",
默认	11:32:19.668909+0800	Runner	flutter: │               "slan": "zh",
默认	11:32:19.668937+0800	Runner	flutter: │               "reg": "HK",
默认	11:32:19.668950+0800	Runner	flutter: │               "cou": "HK",
默认	11:32:19.668962+0800	Runner	flutter: │               "sub": "",
默认	11:32:19.668972+0800	Runner	flutter: │               "cha": "",
默认	11:32:19.668981+0800	Runner	flutter: │               "verc": "10000",
默认	11:32:19.669375+0800	Runner	flutter: │               "ver": "1.0.0",
默认	11:32:19.669420+0800	Runner	flutter: │               "sid": "5094b07b-cc63-4868-b4ac-6bced54db906",
默认	11:32:19.669435+0800	Runner	flutter: │               "uuid": "***",
默认	11:32:19.669497+0800	Runner	flutter: │               "idfa": "***",
默认	11:32:19.669509+0800	Runner	flutter: │               "idfv": "***",
默认	11:32:19.669518+0800	Runner	flutter: │               "aid": "***",
默认	11:32:19.669528+0800	Runner	flutter: │               "gaid": "***",
默认	11:32:19.669538+0800	Runner	flutter: │               "did": "***",
默认	11:32:19.669547+0800	Runner	flutter: │               "uid": "***",
默认	11:32:19.669557+0800	Runner	flutter: │               "anm": "Truthy",
默认	11:32:19.669565+0800	Runner	flutter: │               "push_id": "",
默认	11:32:19.669574+0800	Runner	flutter: │               "push_type": "",
默认	11:32:19.669584+0800	Runner	flutter: │               "is_pro": "1",
默认	11:32:19.669655+0800	Runner	flutter: │               "page_from": "search_fake",
默认	11:32:19.669696+0800	Runner	flutter: │               "product_id": "sku_truthy_premium_weekly_ios",
默认	11:32:19.669706+0800	Runner	flutter: │               "store_product_id": "com.truthy.premium.w",
默认	11:32:19.669713+0800	Runner	flutter: │               "billing_period": "week",
默认	11:32:19.669722+0800	Runner	flutter: │               "price_server": "$9.99",
默认	11:32:19.669789+0800	Runner	flutter: │               "price_apple": "US$9.99",
默认	11:32:19.669831+0800	Runner	flutter: │               "price_actual": "$3.99",
默认	11:32:19.669842+0800	Runner	flutter: │               "amount_minor": 999,
默认	11:32:19.669852+0800	Runner	flutter: │               "amount_minor_currency": "USD",
默认	11:32:19.669861+0800	Runner	flutter: │               "apple_amount_minor": 999,
默认	11:32:19.669868+0800	Runner	flutter: │               "apple_amount_minor_currency": "USD",
默认	11:32:19.669879+0800	Runner	flutter: │               "actual_amount_minor": 399,
默认	11:32:19.669889+0800	Runner	flutter: │               "actual_amount_minor_currency": "USD",
默认	11:32:19.670176+0800	Runner	flutter: │               "intro_eligible": 1,
默认	11:32:19.670192+0800	Runner	flutter: │               "intro_price": "$3.99",
默认	11:32:19.670203+0800	Runner	flutter: │               "price": "$9.99",
默认	11:32:19.670218+0800	Runner	flutter: │               "purchase_stage": "completed",
默认	11:32:19.670229+0800	Runner	flutter: │               "order_id": "order_c9e8563a4aa197bc",
默认	11:32:19.670239+0800	Runner	flutter: │               "transaction_id": "2000001202704240",
默认	11:32:19.670252+0800	Runner	flutter: │               "original_transaction_id": "2000001202704240"
默认	11:32:19.670263+0800	Runner	flutter: │             }
默认	11:32:19.670278+0800	Runner	flutter: │           },
默认	11:32:19.670289+0800	Runner	flutter: │           {
默认	11:32:19.670298+0800	Runner	flutter: │             "event_id": "67806e91-a40b-4a57-ba6d-e52d1cdf6085",
默认	11:32:19.670306+0800	Runner	flutter: │             "event_name": "paywall_success_dialogview",
默认	11:32:19.670315+0800	Runner	flutter: │             "event_time_ms": 1783654339406,
默认	11:32:19.670325+0800	Runner	flutter: │             "properties": {
默认	11:32:19.670334+0800	Runner	flutter: │               "logtime": 1783654339406,
默认	11:32:19.670346+0800	Runner	flutter: │               "log_id": "67806e91-a40b-4a57-ba6d-e52d1cdf6085",
默认	11:32:19.670358+0800	Runner	flutter: │               "net": "wifi",
默认	11:32:19.670489+0800	Runner	flutter: │               "pkg": "com.sparkjam.truthy.ios",
默认	11:32:19.670500+0800	Runner	flutter: │               "bucket": 56,
默认	11:32:19.670506+0800	Runner	flutter: │               "abslot": 21,
默认	11:32:19.670512+0800	Runner	flutter: │               "ram": "3684MB",
默认	11:32:19.670586+0800	Runner	flutter: │               "cpu": "arm64",
默认	11:32:19.670608+0800	Runner	flutter: │               "sh": 844,
默认	11:32:19.670618+0800	Runner	flutter: │               "sw": 390,
默认	11:32:19.670658+0800	Runner	flutter: │               "city": "",
默认	11:32:19.670672+0800	Runner	flutter: │               "ste": "",
默认	11:32:19.670730+0800	Runner	flutter: │               "lat": "",
默认	11:32:19.670739+0800	Runner	flutter: │               "lng": "",
默认	11:32:19.670778+0800	Runner	flutter: │               "sty": "desk",
默认	11:32:19.670785+0800	Runner	flutter: │               "isp": "",
默认	11:32:19.670819+0800	Runner	flutter: │               "mod": "iphone13,2",
默认	11:32:19.670883+0800	Runner	flutter: │               "brd": "apple",
默认	11:32:19.670892+0800	Runner	flutter: │               "os": "26.3.1",
默认	11:32:19.670923+0800	Runner	flutter: │               "pf": "ios",
默认	11:32:19.670960+0800	Runner	flutter: │               "slan": "zh",
默认	11:32:19.670994+0800	Runner	flutter: │               "reg": "HK",
默认	11:32:19.671066+0800	Runner	flutter: │               "cou": "HK",
默认	11:32:19.671073+0800	Runner	flutter: │               "sub": "",
默认	11:32:19.671133+0800	Runner	flutter: │               "cha": "",
默认	11:32:19.671139+0800	Runner	flutter: │               "verc": "10000",
默认	11:32:19.671164+0800	Runner	flutter: │               "ver": "1.0.0",
默认	11:32:19.671242+0800	Runner	flutter: │               "sid": "5094b07b-cc63-4868-b4ac-6bced54db906",
默认	11:32:19.671250+0800	Runner	flutter: │               "uuid": "***",
默认	11:32:19.671273+0800	Runner	flutter: │               "idfa": "***",
默认	11:32:19.671353+0800	Runner	flutter: │               "idfv": "***",
默认	11:32:19.671360+0800	Runner	flutter: │               "aid": "***",
默认	11:32:19.671382+0800	Runner	flutter: │               "gaid": "***",
默认	11:32:19.671407+0800	Runner	flutter: │               "did": "***",
默认	11:32:19.671500+0800	Runner	flutter: │               "uid": "***",
默认	11:32:19.671508+0800	Runner	flutter: │               "anm": "Truthy",
默认	11:32:19.671513+0800	Runner	flutter: │               "push_id": "",
默认	11:32:19.671535+0800	Runner	flutter: │               "push_type": "",
默认	11:32:19.671581+0800	Runner	flutter: │               "is_pro": "1",
默认	11:32:19.671612+0800	Runner	flutter: │               "page_from": "search_fake",
默认	11:32:19.671727+0800	Runner	flutter: │               "product_id": "sku_truthy_premium_weekly_ios",
默认	11:32:19.671750+0800	Runner	flutter: │               "store_product_id": "com.truthy.premium.w",
默认	11:32:19.671760+0800	Runner	flutter: │               "billing_period": "week",
默认	11:32:19.671783+0800	Runner	flutter: │               "price_server": "$9.99",
默认	11:32:19.671797+0800	Runner	flutter: │               "price_apple": "US$9.99",
默认	11:32:19.671894+0800	Runner	flutter: │               "price_actual": "$3.99",
默认	11:32:19.671905+0800	Runner	flutter: │               "amount_minor": 999,
默认	11:32:19.671914+0800	Runner	flutter: │               "amount_minor_currency": "USD",
默认	11:32:19.671962+0800	Runner	flutter: │               "apple_amount_minor": 999,
默认	11:32:19.671972+0800	Runner	flutter: │               "apple_amount_minor_currency": "USD",
默认	11:32:19.671996+0800	Runner	flutter: │               "actual_amount_minor": 399,
默认	11:32:19.672025+0800	Runner	flutter: │               "actual_amount_minor_currency": "USD",
默认	11:32:19.672100+0800	Runner	flutter: │               "intro_eligible": 1,
默认	11:32:19.672106+0800	Runner	flutter: │               "intro_price": "$3.99",
默认	11:32:19.672131+0800	Runner	flutter: │               "price": "$9.99",
默认	11:32:19.672163+0800	Runner	flutter: │               "purchase_stage": "completed"
默认	11:32:19.672244+0800	Runner	flutter: │             }
默认	11:32:19.672250+0800	Runner	flutter: │           },
默认	11:32:19.672307+0800	Runner	flutter: │           {
默认	11:32:19.672313+0800	Runner	flutter: │             "event_id": "f6683d69-54a2-4b62-84a7-422f72d182e3",
默认	11:32:19.672337+0800	Runner	flutter: │             "event_name": "app_page_stay",
默认	11:32:19.672369+0800	Runner	flutter: │             "event_time_ms": 1783654339407,
默认	11:32:19.672406+0800	Runner	flutter: │             "properties": {
默认	11:32:19.672440+0800	Runner	flutter: │               "logtime": 1783654339407,
默认	11:32:19.672518+0800	Runner	flutter: │               "log_id": "f6683d69-54a2-4b62-84a7-422f72d182e3",
默认	11:32:19.672527+0800	Runner	flutter: │               "net": "wifi",
默认	11:32:19.672549+0800	Runner	flutter: │               "pkg": "com.sparkjam.truthy.ios",
默认	11:32:19.672769+0800	Runner	flutter: │               "bucket": 56,
默认	11:32:19.672792+0800	Runner	flutter: │               "abslot": 21,
默认	11:32:19.672802+0800	Runner	flutter: │               "ram": "3684MB",
默认	11:32:19.672835+0800	Runner	flutter: │               "cpu": "arm64",
默认	11:32:19.672986+0800	Runner	flutter: │               "sh": 844,
默认	11:32:19.673015+0800	Runner	flutter: │               "sw": 390,
默认	11:32:19.673024+0800	Runner	flutter: │               "city": "",
默认	11:32:19.673033+0800	Runner	flutter: │               "ste": "",
默认	11:32:19.673043+0800	Runner	flutter: │               "lat": "",
默认	11:32:19.673052+0800	Runner	flutter: │               "lng": "",
默认	11:32:19.673059+0800	Runner	flutter: │               "sty": "desk",
默认	11:32:19.673068+0800	Runner	flutter: │               "isp": "",
默认	11:32:19.673077+0800	Runner	flutter: │               "mod": "iphone13,2",
默认	11:32:19.673090+0800	Runner	flutter: │               "brd": "apple",
默认	11:32:19.673198+0800	Runner	flutter: │               "os": "26.3.1",
默认	11:32:19.673211+0800	Runner	flutter: │               "pf": "ios",
默认	11:32:19.673219+0800	Runner	flutter: │               "slan": "zh",
默认	11:32:19.673228+0800	Runner	flutter: │               "reg": "HK",
默认	11:32:19.673237+0800	Runner	flutter: │               "cou": "HK",
默认	11:32:19.673260+0800	Runner	flutter: │               "sub": "",
默认	11:32:19.673326+0800	Runner	flutter: │               "cha": "",
默认	11:32:19.673337+0800	Runner	flutter: │               "verc": "10000",
默认	11:32:19.673424+0800	Runner	flutter: │               "ver": "1.0.0",
默认	11:32:19.673437+0800	Runner	flutter: │               "sid": "5094b07b-cc63-4868-b4ac-6bced54db906",
默认	11:32:19.673444+0800	Runner	flutter: │               "uuid": "***",
默认	11:32:19.673522+0800	Runner	flutter: │               "idfa": "***",
默认	11:32:19.673533+0800	Runner	flutter: │               "idfv": "***",
默认	11:32:19.673597+0800	Runner	flutter: │               "aid": "***",
默认	11:32:19.673666+0800	Runner	flutter: │               "gaid": "***",
默认	11:32:19.673676+0800	Runner	flutter: │               "did": "***",
默认	11:32:19.673703+0800	Runner	flutter: │               "uid": "***",
默认	11:32:19.673736+0800	Runner	flutter: │               "anm": "Truthy",
默认	11:32:19.673763+0800	Runner	flutter: │               "push_id": "",
默认	11:32:19.673799+0800	Runner	flutter: │               "push_type": "",
默认	11:32:19.673831+0800	Runner	flutter: │               "is_pro": "1",
默认	11:32:19.673928+0800	Runner	flutter: │               "page_from": "paywall",
默认	11:32:19.673937+0800	Runner	flutter: │               "duration_s": 0
默认	11:32:19.673943+0800	Runner	flutter: │             }
默认	11:32:19.673965+0800	Runner	flutter: │           }
默认	11:32:19.673999+0800	Runner	flutter: │         ]
默认	11:32:19.674031+0800	Runner	flutter: │       }
默认	11:32:19.674063+0800	Runner	flutter: │     }
默认	11:32:19.674094+0800	Runner	flutter: │   ]
默认	11:32:19.674164+0800	Runner	flutter: │ }
默认	11:32:19.674211+0800	Runner	flutter: └───────────────────────────────────────────────────────────────────────────────────────────────────
默认	11:32:20.073071+0800	Runner	flutter: ┌───────────────────────────────────────────────────────────────────────────────────────────────────
默认	11:32:20.073107+0800	Runner	flutter: │ [HTTP] <-- 200 POST https://api.truthy.top/gateway/invoke service=tool.event_tracking.EventTrackingService method=TrackEvents
默认	11:32:20.073241+0800	Runner	flutter: └───────────────────────────────────────────────────────────────────────────────────────────────────
默认	11:32:20.073348+0800	Runner	flutter: ┌───────────────────────────────────────────────────────────────────────────────────────────────────
默认	11:32:20.073398+0800	Runner	flutter: │ [HTTP] response:
默认	11:32:20.073463+0800	Runner	flutter: │ {
默认	11:32:20.073478+0800	Runner	flutter: │   "code": 0,
默认	11:32:20.073522+0800	Runner	flutter: │   "message": "ok",
默认	11:32:20.073563+0800	Runner	flutter: │   "request_id": "gw_req_caed5e6c0ae5f6fe829f3b4b94dd4dd7",
默认	11:32:20.073620+0800	Runner	flutter: │   "trace_id": "trace_3803d6aaaf66f0dd80764afbc2ced6a1",
默认	11:32:20.073662+0800	Runner	flutter: │   "responses": [
默认	11:32:20.073805+0800	Runner	flutter: │     {
默认	11:32:20.073821+0800	Runner	flutter: │       "id": "req_0",
默认	11:32:20.073828+0800	Runner	flutter: │       "success": true,
默认	11:32:20.073862+0800	Runner	flutter: │       "code": 0,
默认	11:32:20.073906+0800	Runner	flutter: │       "message": "ok",
默认	11:32:20.073947+0800	Runner	flutter: │       "data": {
默认	11:32:20.074018+0800	Runner	flutter: │         "request_id": "gw_req_caed5e6c0ae5f6fe829f3b4b94dd4dd7",
默认	11:32:20.074059+0800	Runner	flutter: │         "trace_id": "trace_3803d6aaaf66f0dd80764afbc2ced6a1",
默认	11:32:20.074131+0800	Runner	flutter: │         "accepted_count": 3,
默认	11:32:20.074173+0800	Runner	flutter: │         "event_name": "paywall_purchase_success",
默认	11:32:20.074215+0800	Runner	flutter: │         "event_names": [
默认	11:32:20.074259+0800	Runner	flutter: │           "paywall_purchase_success",
默认	11:32:20.074491+0800	Runner	flutter: │           "paywall_success_dialogview",
默认	11:32:20.074507+0800	Runner	flutter: │           "app_page_stay"
默认	11:32:20.074517+0800	Runner	flutter: │         ],
默认	11:32:20.074525+0800	Runner	flutter: │         "events": [
默认	11:32:20.074533+0800	Runner	flutter: │           {
默认	11:32:20.074542+0800	Runner	flutter: │             "index": 0,
默认	11:32:20.074585+0800	Runner	flutter: │             "event_id": "846befd8-4cd9-4a67-b228-04ee9bfa686d",
默认	11:32:20.074626+0800	Runner	flutter: │             "event_name": "paywall_purchase_success",
默认	11:32:20.074686+0800	Runner	flutter: │             "status": "accepted"
默认	11:32:20.074726+0800	Runner	flutter: │           },
默认	11:32:20.074821+0800	Runner	flutter: │           {
默认	11:32:20.074834+0800	Runner	flutter: │             "index": 1,
默认	11:32:20.074873+0800	Runner	flutter: │             "event_id": "67806e91-a40b-4a57-ba6d-e52d1cdf6085",
默认	11:32:20.074917+0800	Runner	flutter: │             "event_name": "paywall_success_dialogview",
默认	11:32:20.074975+0800	Runner	flutter: │             "status": "accepted"
默认	11:32:20.075018+0800	Runner	flutter: │           },
默认	11:32:20.075059+0800	Runner	flutter: │           {
默认	11:32:20.075105+0800	Runner	flutter: │             "index": 2,
默认	11:32:20.075153+0800	Runner	flutter: │             "event_id": "f6683d69-54a2-4b62-84a7-422f72d182e3",
默认	11:32:20.075210+0800	Runner	flutter: │             "event_name": "app_page_stay",
默认	11:32:20.075294+0800	Runner	flutter: │             "status": "accepted"
默认	11:32:20.075305+0800	Runner	flutter: │           }
默认	11:32:20.075345+0800	Runner	flutter: │         ]
默认	11:32:20.075445+0800	Runner	flutter: │       }
默认	11:32:20.075457+0800	Runner	flutter: │     }
默认	11:32:20.075496+0800	Runner	flutter: │   ]
默认	11:32:20.075540+0800	Runner	flutter: │ }
默认	11:32:20.075635+0800	Runner	flutter: └───────────────────────────────────────────────────────────────────────────────────────────────────
默认	11:32:22.401781+0800	Runner	flutter: ┌───────────────────────────────────────────────────────────────────────────────────────────────────
默认	11:32:22.401995+0800	Runner	flutter: │ [EventTracking] name=app_page_stay id=b3723eec-5bf6-465c-bb73-9deb1c3b16e4 time=1783654342401 props={"page_from":"paywall","duration_s":0}
默认	11:32:22.402076+0800	Runner	flutter: └───────────────────────────────────────────────────────────────────────────────────────────────────
默认	11:32:22.404520+0800	Runner	flutter: ┌───────────────────────────────────────────────────────────────────────────────────────────────────
默认	11:32:22.404553+0800	Runner	flutter: │ [EventTracking] name=app_page_stay id=e9926f2d-35cc-419c-baf0-9e177d8fd6b4 time=1783654342404 props={"page_from":"lead","duration_s":0}
默认	11:32:22.404613+0800	Runner	flutter: └───────────────────────────────────────────────────────────────────────────────────────────────────
默认	11:32:22.405213+0800	Runner	flutter: ┌───────────────────────────────────────────────────────────────────────────────────────────────────
默认	11:32:22.405229+0800	Runner	flutter: │ [EventTracking] name=search_true_pageview id=3caf6abb-a9dd-4744-88e2-e0b1aed7d4c5 time=1783654342404 props={"page_from":"paywall"}
默认	11:32:22.405275+0800	Runner	flutter: └───────────────────────────────────────────────────────────────────────────────────────────────────
默认	11:32:22.424274+0800	Runner	flutter: ┌───────────────────────────────────────────────────────────────────────────────────────────────────
默认	11:32:22.424444+0800	Runner	flutter: │ [EventTracking] name=search_true_create_task_start id=65371f5e-7e12-4f50-a568-26e0b2af3c76 time=1783654342423 props={"is_first":1,"page_from":"home","is_add":0,"add_type":"","clue":{"match_strategy":"UNION","clues":[{"type":"FULL_NAME","full_name_query":{"full_name":"joe lynn"}}],"additional_details":[]}}
默认	11:32:22.424566+0800	Runner	flutter: └───────────────────────────────────────────────────────────────────────────────────────────────────
默认	11:32:22.448065+0800	Runner	flutter: ┌───────────────────────────────────────────────────────────────────────────────────────────────────
默认	11:32:22.448086+0800	Runner	flutter: │ [HTTP] --> POST https://api.truthy.top/gateway/invoke service=tool.people_insight.SearchService method=CreateIntentTask
默认	11:32:22.448107+0800	Runner	flutter: └───────────────────────────────────────────────────────────────────────────────────────────────────
默认	11:32:22.448225+0800	Runner	flutter: ┌───────────────────────────────────────────────────────────────────────────────────────────────────
默认	11:32:22.448303+0800	Runner	flutter: │ [HTTP] request:
默认	11:32:22.448327+0800	Runner	flutter: │ {
默认	11:32:22.448396+0800	Runner	flutter: │   "comm": {
默认	11:32:22.448411+0800	Runner	flutter: │     "auth_token": "***",
默认	11:32:22.448487+0800	Runner	flutter: │     "user_id": "user_e5f97712121ebfac3d6f6407",
默认	11:32:22.448499+0800	Runner	flutter: │     "device_id": "c5ece928-513e-4e75-a500-28479ac5102a",
默认	11:32:22.448558+0800	Runner	flutter: │     "client_request_id": "crid_search_1783654215936258",
默认	11:32:22.448585+0800	Runner	flutter: │     "platform": "ios",
默认	11:32:22.448631+0800	Runner	flutter: │     "app_version": "1.0.0",
默认	11:32:22.448638+0800	Runner	flutter: │     "locale": "zh-Hans-HK",
默认	11:32:22.448666+0800	Runner	flutter: │     "country": "HK",
默认	11:32:22.448699+0800	Runner	flutter: │     "timezone": "UTC+08:00"
默认	11:32:22.448730+0800	Runner	flutter: │   },
默认	11:32:22.448779+0800	Runner	flutter: │   "requests": [
默认	11:32:22.448857+0800	Runner	flutter: │     {
默认	11:32:22.448872+0800	Runner	flutter: │       "id": "req_0",
默认	11:32:22.448883+0800	Runner	flutter: │       "service_name": "tool.people_insight.SearchService",
默认	11:32:22.448936+0800	Runner	flutter: │       "method_name": "CreateIntentTask",
默认	11:32:22.448946+0800	Runner	flutter: │       "params": {
默认	11:32:22.448986+0800	Runner	flutter: │         "client_request_id": "crid_search_1783654215936258",
默认	11:32:22.449090+0800	Runner	flutter: │         "match_strategy": "UNION",
默认	11:32:22.449101+0800	Runner	flutter: │         "clues": [
默认	11:32:22.449111+0800	Runner	flutter: │           {
默认	11:32:22.449120+0800	Runner	flutter: │             "type": "FULL_NAME",
默认	11:32:22.449181+0800	Runner	flutter: │             "full_name_query": {
默认	11:32:22.449193+0800	Runner	flutter: │               "full_name": "joe lynn"
默认	11:32:22.449278+0800	Runner	flutter: │             }
默认	11:32:22.449290+0800	Runner	flutter: │           }
默认	11:32:22.449297+0800	Runner	flutter: │         ]
默认	11:32:22.449428+0800	Runner	flutter: │       }
默认	11:32:22.449449+0800	Runner	flutter: │     }
默认	11:32:22.449461+0800	Runner	flutter: │   ]
默认	11:32:22.449470+0800	Runner	flutter: │ }
默认	11:32:22.449522+0800	Runner	flutter: └───────────────────────────────────────────────────────────────────────────────────────────────────
默认	11:32:22.460299+0800	Runner	flutter: ┌───────────────────────────────────────────────────────────────────────────────────────────────────
默认	11:32:22.460434+0800	Runner	flutter: │ [HTTP] --> POST https://api.truthy.top/gateway/invoke service=tool.event_tracking.EventTrackingService method=TrackEvents
默认	11:32:22.460608+0800	Runner	flutter: └───────────────────────────────────────────────────────────────────────────────────────────────────
默认	11:32:22.460625+0800	Runner	flutter: ┌───────────────────────────────────────────────────────────────────────────────────────────────────
默认	11:32:22.460640+0800	Runner	flutter: │ [HTTP] request:
默认	11:32:22.460658+0800	Runner	flutter: │ {
默认	11:32:22.460673+0800	Runner	flutter: │   "comm": {
默认	11:32:22.460684+0800	Runner	flutter: │     "auth_token": "***",
默认	11:32:22.460692+0800	Runner	flutter: │     "user_id": "user_e5f97712121ebfac3d6f6407",
默认	11:32:22.460701+0800	Runner	flutter: │     "device_id": "c5ece928-513e-4e75-a500-28479ac5102a",
默认	11:32:22.460777+0800	Runner	flutter: │     "client_request_id": "crid_1783654342446362",
默认	11:32:22.460789+0800	Runner	flutter: │     "platform": "ios",
默认	11:32:22.460798+0800	Runner	flutter: │     "app_version": "1.0.0",
默认	11:32:22.460807+0800	Runner	flutter: │     "locale": "zh-Hans-HK",
默认	11:32:22.460815+0800	Runner	flutter: │     "country": "HK",
默认	11:32:22.460825+0800	Runner	flutter: │     "timezone": "UTC+08:00"
默认	11:32:22.460834+0800	Runner	flutter: │   },
默认	11:32:22.460845+0800	Runner	flutter: │   "requests": [
默认	11:32:22.460854+0800	Runner	flutter: │     {
默认	11:32:22.460895+0800	Runner	flutter: │       "id": "req_0",
默认	11:32:22.460911+0800	Runner	flutter: │       "service_name": "tool.event_tracking.EventTrackingService",
默认	11:32:22.460951+0800	Runner	flutter: │       "method_name": "TrackEvents",
默认	11:32:22.460958+0800	Runner	flutter: │       "params": {
默认	11:32:22.460993+0800	Runner	flutter: │         "events": [
默认	11:32:22.460999+0800	Runner	flutter: │           {
默认	11:32:22.461023+0800	Runner	flutter: │             "event_id": "b3723eec-5bf6-465c-bb73-9deb1c3b16e4",
默认	11:32:22.461047+0800	Runner	flutter: │             "event_name": "app_page_stay",
默认	11:32:22.461076+0800	Runner	flutter: │             "event_time_ms": 1783654342401,
默认	11:32:22.461210+0800	Runner	flutter: │             "properties": {
默认	11:32:22.461249+0800	Runner	flutter: │               "logtime": 1783654342401,
默认	11:32:22.461265+0800	Runner	flutter: │               "log_id": "b3723eec-5bf6-465c-bb73-9deb1c3b16e4",
默认	11:32:22.461338+0800	Runner	flutter: │               "net": "wifi",
默认	11:32:22.461349+0800	Runner	flutter: │               "pkg": "com.sparkjam.truthy.ios",
默认	11:32:22.461361+0800	Runner	flutter: │               "bucket": 56,
默认	11:32:22.461417+0800	Runner	flutter: │               "abslot": 21,
默认	11:32:22.461507+0800	Runner	flutter: │               "ram": "3684MB",
默认	11:32:22.461643+0800	Runner	flutter: │               "cpu": "arm64",
默认	11:32:22.461654+0800	Runner	flutter: │               "sh": 844,
默认	11:32:22.461667+0800	Runner	flutter: │               "sw": 390,
默认	11:32:22.461678+0800	Runner	flutter: │               "city": "",
默认	11:32:22.461689+0800	Runner	flutter: │               "ste": "",
默认	11:32:22.461702+0800	Runner	flutter: │               "lat": "",
默认	11:32:22.461710+0800	Runner	flutter: │               "lng": "",
默认	11:32:22.461721+0800	Runner	flutter: │               "sty": "desk",
默认	11:32:22.461730+0800	Runner	flutter: │               "isp": "",
默认	11:32:22.461739+0800	Runner	flutter: │               "mod": "iphone13,2",
默认	11:32:22.461747+0800	Runner	flutter: │               "brd": "apple",
默认	11:32:22.461771+0800	Runner	flutter: │               "os": "26.3.1",
默认	11:32:22.461780+0800	Runner	flutter: │               "pf": "ios",
默认	11:32:22.461787+0800	Runner	flutter: │               "slan": "zh",
默认	11:32:22.461815+0800	Runner	flutter: │               "reg": "HK",
默认	11:32:22.461827+0800	Runner	flutter: │               "cou": "HK",
默认	11:32:22.461836+0800	Runner	flutter: │               "sub": "",
默认	11:32:22.461844+0800	Runner	flutter: │               "cha": "",
默认	11:32:22.461853+0800	Runner	flutter: │               "verc": "10000",
默认	11:32:22.461873+0800	Runner	flutter: │               "ver": "1.0.0",
默认	11:32:22.461884+0800	Runner	flutter: │               "sid": "5094b07b-cc63-4868-b4ac-6bced54db906",
默认	11:32:22.461894+0800	Runner	flutter: │               "uuid": "***",
默认	11:32:22.461946+0800	Runner	flutter: │               "idfa": "***",
默认	11:32:22.461955+0800	Runner	flutter: │               "idfv": "***",
默认	11:32:22.462129+0800	Runner	flutter: │               "aid": "***",
默认	11:32:22.462207+0800	Runner	flutter: │               "gaid": "***",
默认	11:32:22.462250+0800	Runner	flutter: │               "did": "***",
默认	11:32:22.462306+0800	Runner	flutter: │               "uid": "***",
默认	11:32:22.462321+0800	Runner	flutter: │               "anm": "Truthy",
默认	11:32:22.462332+0800	Runner	flutter: │               "push_id": "",
默认	11:32:22.462343+0800	Runner	flutter: │               "push_type": "",
默认	11:32:22.462354+0800	Runner	flutter: │               "is_pro": "1",
默认	11:32:22.462364+0800	Runner	flutter: │               "page_from": "paywall",
默认	11:32:22.462374+0800	Runner	flutter: │               "duration_s": 0
默认	11:32:22.462385+0800	Runner	flutter: │             }
默认	11:32:22.462657+0800	Runner	flutter: │           }
默认	11:32:22.462673+0800	Runner	flutter: │         ]
默认	11:32:22.462727+0800	Runner	flutter: │       }
默认	11:32:22.462738+0800	Runner	flutter: │     }
默认	11:32:22.462752+0800	Runner	flutter: │   ]
默认	11:32:22.462760+0800	Runner	flutter: │ }
默认	11:32:22.462789+0800	Runner	flutter: └───────────────────────────────────────────────────────────────────────────────────────────────────
默认	11:32:22.942504+0800	Runner	flutter: ┌───────────────────────────────────────────────────────────────────────────────────────────────────
默认	11:32:22.942540+0800	Runner	flutter: │ [HTTP] <-- 200 POST https://api.truthy.top/gateway/invoke service=tool.people_insight.SearchService method=CreateIntentTask
默认	11:32:22.942562+0800	Runner	flutter: └───────────────────────────────────────────────────────────────────────────────────────────────────
默认	11:32:22.942756+0800	Runner	flutter: ┌───────────────────────────────────────────────────────────────────────────────────────────────────
默认	11:32:22.942769+0800	Runner	flutter: │ [HTTP] response:
默认	11:32:22.942781+0800	Runner	flutter: │ {
默认	11:32:22.942846+0800	Runner	flutter: │   "code": 0,
默认	11:32:22.942863+0800	Runner	flutter: │   "message": "ok",
默认	11:32:22.942912+0800	Runner	flutter: │   "request_id": "gw_req_c3456da5797ae2394f5dfa5081a09f7a",
默认	11:32:22.942939+0800	Runner	flutter: │   "trace_id": "trace_a304f6ff93603b2ec4ed9ddb869fc751",
默认	11:32:22.942981+0800	Runner	flutter: │   "responses": [
默认	11:32:22.943046+0800	Runner	flutter: │     {
默认	11:32:22.943090+0800	Runner	flutter: │       "id": "req_0",
默认	11:32:22.943131+0800	Runner	flutter: │       "success": true,
默认	11:32:22.943170+0800	Runner	flutter: │       "code": 0,
默认	11:32:22.943226+0800	Runner	flutter: │       "message": "ok",
默认	11:32:22.943272+0800	Runner	flutter: │       "data": {
默认	11:32:22.943315+0800	Runner	flutter: │         "accepted_query_type": "FULL_NAME",
默认	11:32:22.943363+0800	Runner	flutter: │         "additional_details": [],
默认	11:32:22.943516+0800	Runner	flutter: │         "cache_hit": false,
默认	11:32:22.943526+0800	Runner	flutter: │         "can_start_real_search": true,
默认	11:32:22.943535+0800	Runner	flutter: │         "clue_types": [
默认	11:32:22.943587+0800	Runner	flutter: │           "FULL_NAME"
默认	11:32:22.943597+0800	Runner	flutter: │         ],
默认	11:32:22.943633+0800	Runner	flutter: │         "entitlement_decision": "ALLOW",
默认	11:32:22.943722+0800	Runner	flutter: │         "expires_time": 1786246342720,
默认	11:32:22.943732+0800	Runner	flutter: │         "match_strategy": "UNION",
默认	11:32:22.943770+0800	Runner	flutter: │         "status": "QUEUED",
默认	11:32:22.943931+0800	Runner	flutter: │         "task_id": "task_68022659b15a60aa6f84c2a0"
默认	11:32:22.943943+0800	Runner	flutter: │       }
默认	11:32:22.943953+0800	Runner	flutter: │     }
默认	11:32:22.944014+0800	Runner	flutter: │   ]
默认	11:32:22.944025+0800	Runner	flutter: │ }
默认	11:32:22.944091+0800	Runner	flutter: └───────────────────────────────────────────────────────────────────────────────────────────────────
默认	11:32:22.944555+0800	Runner	flutter: ┌───────────────────────────────────────────────────────────────────────────────────────────────────
默认	11:32:22.944571+0800	Runner	flutter: │ [AdjustEvent] Adjust event tracked: search_true_start
默认	11:32:22.944585+0800	Runner	flutter: └───────────────────────────────────────────────────────────────────────────────────────────────────
默认	11:32:22.944729+0800	Runner	flutter: ┌───────────────────────────────────────────────────────────────────────────────────────────────────
默认	11:32:22.944865+0800	Runner	flutter: │ [EventTracking] name=search_true_start id=a7c5ffc7-ce97-4c54-81db-b19590ac3fcf time=1783654342944 props={"task_id":"task_68022659b15a60aa6f84c2a0","is_first":1,"page_from":"home","is_add":0,"add_type":"","clue":{"match_strategy":"UNION","clues":[{"type":"FULL_NAME","full_name_query":{"full_name":"joe lynn"}}],"additional_details":[]}}
默认	11:32:22.944902+0800	Runner	flutter: └───────────────────────────────────────────────────────────────────────────────────────────────────
默认	11:32:22.950619+0800	Runner	flutter: ┌───────────────────────────────────────────────────────────────────────────────────────────────────
默认	11:32:22.950655+0800	Runner	flutter: │ [FirebaseAnalytics] Firebase event logged: search_true_start
默认	11:32:22.950764+0800	Runner	flutter: └───────────────────────────────────────────────────────────────────────────────────────────────────
默认	11:32:22.951519+0800	Runner	flutter: ┌───────────────────────────────────────────────────────────────────────────────────────────────────
默认	11:32:22.952119+0800	Runner	flutter: │ [FacebookAppEvents] Facebook App Events logged: search_true_start
默认	11:32:22.952143+0800	Runner	flutter: └───────────────────────────────────────────────────────────────────────────────────────────────────
默认	11:32:23.961848+0800	Runner	flutter: ┌───────────────────────────────────────────────────────────────────────────────────────────────────
默认	11:32:23.961915+0800	Runner	flutter: │ [HTTP] --> POST https://api.truthy.top/gateway/invoke service=tool.people_insight.SearchService method=GetTask
默认	11:32:23.961946+0800	Runner	flutter: └───────────────────────────────────────────────────────────────────────────────────────────────────
默认	11:32:23.962382+0800	Runner	flutter: ┌───────────────────────────────────────────────────────────────────────────────────────────────────
默认	11:32:23.962407+0800	Runner	flutter: │ [HTTP] request:
默认	11:32:23.962450+0800	Runner	flutter: │ {
默认	11:32:23.962470+0800	Runner	flutter: │   "comm": {
默认	11:32:23.962481+0800	Runner	flutter: │     "auth_token": "***",
默认	11:32:23.962491+0800	Runner	flutter: │     "user_id": "user_e5f97712121ebfac3d6f6407",
默认	11:32:23.962502+0800	Runner	flutter: │     "device_id": "c5ece928-513e-4e75-a500-28479ac5102a",
默认	11:32:23.962512+0800	Runner	flutter: │     "client_request_id": "crid_1783654343946502",
默认	11:32:23.962521+0800	Runner	flutter: │     "platform": "ios",
默认	11:32:23.962568+0800	Runner	flutter: │     "app_version": "1.0.0",
默认	11:32:23.962577+0800	Runner	flutter: │     "locale": "zh-Hans-HK",
默认	11:32:23.962599+0800	Runner	flutter: │     "country": "HK",
默认	11:32:23.962608+0800	Runner	flutter: │     "timezone": "UTC+08:00"
默认	11:32:23.962670+0800	Runner	flutter: │   },
默认	11:32:23.962682+0800	Runner	flutter: │   "requests": [
默认	11:32:23.962691+0800	Runner	flutter: │     {
默认	11:32:23.962734+0800	Runner	flutter: │       "id": "req_0",
默认	11:32:23.962785+0800	Runner	flutter: │       "service_name": "tool.people_insight.SearchService",
默认	11:32:23.962831+0800	Runner	flutter: │       "method_name": "GetTask",
默认	11:32:23.962871+0800	Runner	flutter: │       "params": {
默认	11:32:23.962913+0800	Runner	flutter: │         "task_id": "task_68022659b15a60aa6f84c2a0"
默认	11:32:23.962955+0800	Runner	flutter: │       }
默认	11:32:23.963042+0800	Runner	flutter: │     }
默认	11:32:23.963054+0800	Runner	flutter: │   ]
默认	11:32:23.963120+0800	Runner	flutter: │ }
默认	11:32:23.963182+0800	Runner	flutter: └───────────────────────────────────────────────────────────────────────────────────────────────────
默认	11:32:24.031398+0800	Runner	flutter: ┌───────────────────────────────────────────────────────────────────────────────────────────────────
默认	11:32:24.031544+0800	Runner	flutter: │ [HTTP] <-- 200 POST https://api.truthy.top/gateway/invoke service=tool.event_tracking.EventTrackingService method=TrackEvents
默认	11:32:24.031570+0800	Runner	flutter: └───────────────────────────────────────────────────────────────────────────────────────────────────
默认	11:32:24.032113+0800	Runner	flutter: ┌───────────────────────────────────────────────────────────────────────────────────────────────────
默认	11:32:24.032145+0800	Runner	flutter: │ [HTTP] response:
默认	11:32:24.032166+0800	Runner	flutter: │ {
默认	11:32:24.032217+0800	Runner	flutter: │   "code": 0,
默认	11:32:24.032231+0800	Runner	flutter: │   "message": "ok",
默认	11:32:24.032247+0800	Runner	flutter: │   "request_id": "gw_req_5148ac08ec15d29a96e6f42864c7236d",
默认	11:32:24.032257+0800	Runner	flutter: │   "trace_id": "trace_bfd3b9db034e01e03a42008ab94ad95e",
默认	11:32:24.032267+0800	Runner	flutter: │   "responses": [
默认	11:32:24.032275+0800	Runner	flutter: │     {
默认	11:32:24.032284+0800	Runner	flutter: │       "id": "req_0",
默认	11:32:24.032291+0800	Runner	flutter: │       "success": true,
默认	11:32:24.032299+0800	Runner	flutter: │       "code": 0,
默认	11:32:24.032306+0800	Runner	flutter: │       "message": "ok",
默认	11:32:24.032406+0800	Runner	flutter: │       "data": {
默认	11:32:24.032418+0800	Runner	flutter: │         "request_id": "gw_req_5148ac08ec15d29a96e6f42864c7236d",
默认	11:32:24.032427+0800	Runner	flutter: │         "trace_id": "trace_bfd3b9db034e01e03a42008ab94ad95e",
默认	11:32:24.032469+0800	Runner	flutter: │         "accepted_count": 1,
默认	11:32:24.032512+0800	Runner	flutter: │         "event_name": "app_page_stay",
默认	11:32:24.032553+0800	Runner	flutter: │         "event_names": [
默认	11:32:24.032603+0800	Runner	flutter: │           "app_page_stay"
默认	11:32:24.032697+0800	Runner	flutter: │         ],
默认	11:32:24.032708+0800	Runner	flutter: │         "events": [
默认	11:32:24.032751+0800	Runner	flutter: │           {
默认	11:32:24.032788+0800	Runner	flutter: │             "index": 0,
默认	11:32:24.032831+0800	Runner	flutter: │             "event_id": "b3723eec-5bf6-465c-bb73-9deb1c3b16e4",
默认	11:32:24.032911+0800	Runner	flutter: │             "event_name": "app_page_stay",
默认	11:32:24.032922+0800	Runner	flutter: │             "status": "accepted"
默认	11:32:24.033035+0800	Runner	flutter: │           }
默认	11:32:24.033046+0800	Runner	flutter: │         ]
默认	11:32:24.033083+0800	Runner	flutter: │       }
默认	11:32:24.033126+0800	Runner	flutter: │     }
默认	11:32:24.033186+0800	Runner	flutter: │   ]
默认	11:32:24.033221+0800	Runner	flutter: │ }
默认	11:32:24.033449+0800	Runner	flutter: └───────────────────────────────────────────────────────────────────────────────────────────────────
默认	11:32:24.052316+0800	Runner	flutter: ┌───────────────────────────────────────────────────────────────────────────────────────────────────
默认	11:32:24.052337+0800	Runner	flutter: │ [HTTP] --> POST https://api.truthy.top/gateway/invoke service=tool.event_tracking.EventTrackingService method=TrackEvents
默认	11:32:24.052388+0800	Runner	flutter: └───────────────────────────────────────────────────────────────────────────────────────────────────
默认	11:32:24.052895+0800	Runner	flutter: ┌───────────────────────────────────────────────────────────────────────────────────────────────────
默认	11:32:24.052911+0800	Runner	flutter: │ [HTTP] request:
默认	11:32:24.052974+0800	Runner	flutter: │ {
默认	11:32:24.052998+0800	Runner	flutter: │   "comm": {
默认	11:32:24.053011+0800	Runner	flutter: │     "auth_token": "***",
默认	11:32:24.053067+0800	Runner	flutter: │     "user_id": "user_e5f97712121ebfac3d6f6407",
默认	11:32:24.053082+0800	Runner	flutter: │     "device_id": "c5ece928-513e-4e75-a500-28479ac5102a",
默认	11:32:24.053134+0800	Runner	flutter: │     "client_request_id": "crid_1783654344049911",
默认	11:32:24.053145+0800	Runner	flutter: │     "platform": "ios",
默认	11:32:24.053265+0800	Runner	flutter: │     "app_version": "1.0.0",
默认	11:32:24.053273+0800	Runner	flutter: │     "locale": "zh-Hans-HK",
默认	11:32:24.053280+0800	Runner	flutter: │     "country": "HK",
默认	11:32:24.053286+0800	Runner	flutter: │     "timezone": "UTC+08:00"
默认	11:32:24.053323+0800	Runner	flutter: │   },
默认	11:32:24.053333+0800	Runner	flutter: │   "requests": [
默认	11:32:24.053358+0800	Runner	flutter: │     {
默认	11:32:24.053394+0800	Runner	flutter: │       "id": "req_0",
默认	11:32:24.053473+0800	Runner	flutter: │       "service_name": "tool.event_tracking.EventTrackingService",
默认	11:32:24.053486+0800	Runner	flutter: │       "method_name": "TrackEvents",
默认	11:32:24.053534+0800	Runner	flutter: │       "params": {
默认	11:32:24.053540+0800	Runner	flutter: │         "events": [
默认	11:32:24.053569+0800	Runner	flutter: │           {
默认	11:32:24.053620+0800	Runner	flutter: │             "event_id": "e9926f2d-35cc-419c-baf0-9e177d8fd6b4",
默认	11:32:24.053646+0800	Runner	flutter: │             "event_name": "app_page_stay",
默认	11:32:24.053721+0800	Runner	flutter: │             "event_time_ms": 1783654342404,
默认	11:32:24.053729+0800	Runner	flutter: │             "properties": {
默认	11:32:24.053821+0800	Runner	flutter: │               "logtime": 1783654342404,
默认	11:32:24.053843+0800	Runner	flutter: │               "log_id": "e9926f2d-35cc-419c-baf0-9e177d8fd6b4",
默认	11:32:24.053855+0800	Runner	flutter: │               "net": "wifi",
默认	11:32:24.053894+0800	Runner	flutter: │               "pkg": "com.sparkjam.truthy.ios",
默认	11:32:24.053903+0800	Runner	flutter: │               "bucket": 56,
默认	11:32:24.053926+0800	Runner	flutter: │               "abslot": 21,
默认	11:32:24.053956+0800	Runner	flutter: │               "ram": "3684MB",
默认	11:32:24.054033+0800	Runner	flutter: │               "cpu": "arm64",
默认	11:32:24.054040+0800	Runner	flutter: │               "sh": 844,
默认	11:32:24.054064+0800	Runner	flutter: │               "sw": 390,
默认	11:32:24.054095+0800	Runner	flutter: │               "city": "",
默认	11:32:24.054120+0800	Runner	flutter: │               "ste": "",
默认	11:32:24.054192+0800	Runner	flutter: │               "lat": "",
默认	11:32:24.054198+0800	Runner	flutter: │               "lng": "",
默认	11:32:24.054222+0800	Runner	flutter: │               "sty": "desk",
默认	11:32:24.054255+0800	Runner	flutter: │               "isp": "",
默认	11:32:24.054378+0800	Runner	flutter: │               "mod": "iphone13,2",
默认	11:32:24.054394+0800	Runner	flutter: │               "brd": "apple",
默认	11:32:24.054404+0800	Runner	flutter: │               "os": "26.3.1",
默认	11:32:24.054474+0800	Runner	flutter: │               "pf": "ios",
默认	11:32:24.054486+0800	Runner	flutter: │               "slan": "zh",
默认	11:32:24.054493+0800	Runner	flutter: │               "reg": "HK",
默认	11:32:24.054562+0800	Runner	flutter: │               "cou": "HK",
默认	11:32:24.054635+0800	Runner	flutter: │               "sub": "",
默认	11:32:24.054646+0800	Runner	flutter: │               "cha": "",
默认	11:32:24.054657+0800	Runner	flutter: │               "verc": "10000",
默认	11:32:24.054667+0800	Runner	flutter: │               "ver": "1.0.0",
默认	11:32:24.054677+0800	Runner	flutter: │               "sid": "5094b07b-cc63-4868-b4ac-6bced54db906",
默认	11:32:24.054729+0800	Runner	flutter: │               "uuid": "***",
默认	11:32:24.054739+0800	Runner	flutter: │               "idfa": "***",
默认	11:32:24.054764+0800	Runner	flutter: │               "idfv": "***",
默认	11:32:24.054789+0800	Runner	flutter: │               "aid": "***",
默认	11:32:24.054825+0800	Runner	flutter: │               "gaid": "***",
默认	11:32:24.054857+0800	Runner	flutter: │               "did": "***",
默认	11:32:24.054892+0800	Runner	flutter: │               "uid": "***",
默认	11:32:24.054924+0800	Runner	flutter: │               "anm": "Truthy",
默认	11:32:24.054996+0800	Runner	flutter: │               "push_id": "",
默认	11:32:24.055003+0800	Runner	flutter: │               "push_type": "",
默认	11:32:24.055027+0800	Runner	flutter: │               "is_pro": "1",
默认	11:32:24.055054+0800	Runner	flutter: │               "page_from": "lead",
默认	11:32:24.055128+0800	Runner	flutter: │               "duration_s": 0
默认	11:32:24.055135+0800	Runner	flutter: │             }
默认	11:32:24.055159+0800	Runner	flutter: │           },
默认	11:32:24.055238+0800	Runner	flutter: │           {
默认	11:32:24.055265+0800	Runner	flutter: │             "event_id": "3caf6abb-a9dd-4744-88e2-e0b1aed7d4c5",
默认	11:32:24.055298+0800	Runner	flutter: │             "event_name": "search_true_pageview",
默认	11:32:24.055310+0800	Runner	flutter: │             "event_time_ms": 1783654342404,
默认	11:32:24.055368+0800	Runner	flutter: │             "properties": {
默认	11:32:24.055377+0800	Runner	flutter: │               "logtime": 1783654342404,
默认	11:32:24.055402+0800	Runner	flutter: │               "log_id": "3caf6abb-a9dd-4744-88e2-e0b1aed7d4c5",
默认	11:32:24.055429+0800	Runner	flutter: │               "net": "wifi",
默认	11:32:24.055520+0800	Runner	flutter: │               "pkg": "com.sparkjam.truthy.ios",
默认	11:32:24.055537+0800	Runner	flutter: │               "bucket": 56,
默认	11:32:24.055547+0800	Runner	flutter: │               "abslot": 21,
默认	11:32:24.055605+0800	Runner	flutter: │               "ram": "3684MB",
默认	11:32:24.055619+0800	Runner	flutter: │               "cpu": "arm64",
默认	11:32:24.055672+0800	Runner	flutter: │               "sh": 844,
默认	11:32:24.055689+0800	Runner	flutter: │               "sw": 390,
默认	11:32:24.055699+0800	Runner	flutter: │               "city": "",
默认	11:32:24.055804+0800	Runner	flutter: │               "ste": "",
默认	11:32:24.055814+0800	Runner	flutter: │               "lat": "",
默认	11:32:24.055823+0800	Runner	flutter: │               "lng": "",
默认	11:32:24.055861+0800	Runner	flutter: │               "sty": "desk",
默认	11:32:24.055891+0800	Runner	flutter: │               "isp": "",
默认	11:32:24.055924+0800	Runner	flutter: │               "mod": "iphone13,2",
默认	11:32:24.055931+0800	Runner	flutter: │               "brd": "apple",
默认	11:32:24.055967+0800	Runner	flutter: │               "os": "26.3.1",
默认	11:32:24.055988+0800	Runner	flutter: │               "pf": "ios",
默认	11:32:24.056180+0800	Runner	flutter: │               "slan": "zh",
默认	11:32:24.056194+0800	Runner	flutter: │               "reg": "HK",
默认	11:32:24.056202+0800	Runner	flutter: │               "cou": "HK",
默认	11:32:24.056211+0800	Runner	flutter: │               "sub": "",
默认	11:32:24.056221+0800	Runner	flutter: │               "cha": "",
默认	11:32:24.056230+0800	Runner	flutter: │               "verc": "10000",
默认	11:32:24.056237+0800	Runner	flutter: │               "ver": "1.0.0",
默认	11:32:24.056291+0800	Runner	flutter: │               "sid": "5094b07b-cc63-4868-b4ac-6bced54db906",
默认	11:32:24.056301+0800	Runner	flutter: │               "uuid": "***",
默认	11:32:24.056329+0800	Runner	flutter: │               "idfa": "***",
默认	11:32:24.056353+0800	Runner	flutter: │               "idfv": "***",
默认	11:32:24.056385+0800	Runner	flutter: │               "aid": "***",
默认	11:32:24.056418+0800	Runner	flutter: │               "gaid": "***",
默认	11:32:24.056488+0800	Runner	flutter: │               "did": "***",
默认	11:32:24.056494+0800	Runner	flutter: │               "uid": "***",
默认	11:32:24.056520+0800	Runner	flutter: │               "anm": "Truthy",
默认	11:32:24.056555+0800	Runner	flutter: │               "push_id": "",
默认	11:32:24.056638+0800	Runner	flutter: │               "push_type": "",
默认	11:32:24.056653+0800	Runner	flutter: │               "is_pro": "1",
默认	11:32:24.056663+0800	Runner	flutter: │               "page_from": "paywall"
默认	11:32:24.056734+0800	Runner	flutter: │             }
默认	11:32:24.056761+0800	Runner	flutter: │           },
默认	11:32:24.056801+0800	Runner	flutter: │           {
默认	11:32:24.056808+0800	Runner	flutter: │             "event_id": "65371f5e-7e12-4f50-a568-26e0b2af3c76",
默认	11:32:24.056839+0800	Runner	flutter: │             "event_name": "search_true_create_task_start",
默认	11:32:24.056863+0800	Runner	flutter: │             "event_time_ms": 1783654342423,
默认	11:32:24.056937+0800	Runner	flutter: │             "properties": {
默认	11:32:24.056946+0800	Runner	flutter: │               "logtime": 1783654342423,
默认	11:32:24.056967+0800	Runner	flutter: │               "log_id": "65371f5e-7e12-4f50-a568-26e0b2af3c76",
默认	11:32:24.056998+0800	Runner	flutter: │               "net": "wifi",
默认	11:32:24.057090+0800	Runner	flutter: │               "pkg": "com.sparkjam.truthy.ios",
默认	11:32:24.057097+0800	Runner	flutter: │               "bucket": 56,
默认	11:32:24.057102+0800	Runner	flutter: │               "abslot": 21,
默认	11:32:24.057125+0800	Runner	flutter: │               "ram": "3684MB",
默认	11:32:24.057168+0800	Runner	flutter: │               "cpu": "arm64",
默认	11:32:24.057271+0800	Runner	flutter: │               "sh": 844,
默认	11:32:24.057279+0800	Runner	flutter: │               "sw": 390,
默认	11:32:24.057284+0800	Runner	flutter: │               "city": "",
默认	11:32:24.057315+0800	Runner	flutter: │               "ste": "",
默认	11:32:24.057321+0800	Runner	flutter: │               "lat": "",
默认	11:32:24.057391+0800	Runner	flutter: │               "lng": "",
默认	11:32:24.057399+0800	Runner	flutter: │               "sty": "desk",
默认	11:32:24.057420+0800	Runner	flutter: │               "isp": "",
默认	11:32:24.057450+0800	Runner	flutter: │               "mod": "iphone13,2",
默认	11:32:24.057524+0800	Runner	flutter: │               "brd": "apple",
默认	11:32:24.057548+0800	Runner	flutter: │               "os": "26.3.1",
默认	11:32:24.057584+0800	Runner	flutter: │               "pf": "ios",
默认	11:32:24.057593+0800	Runner	flutter: │               "slan": "zh",
默认	11:32:24.057615+0800	Runner	flutter: │               "reg": "HK",
默认	11:32:24.057637+0800	Runner	flutter: │               "cou": "HK",
默认	11:32:24.057713+0800	Runner	flutter: │               "sub": "",
默认	11:32:24.057719+0800	Runner	flutter: │               "cha": "",
默认	11:32:24.057742+0800	Runner	flutter: │               "verc": "10000",
默认	11:32:24.057765+0800	Runner	flutter: │               "ver": "1.0.0",
默认	11:32:24.057837+0800	Runner	flutter: │               "sid": "5094b07b-cc63-4868-b4ac-6bced54db906",
默认	11:32:24.057845+0800	Runner	flutter: │               "uuid": "***",
默认	11:32:24.057872+0800	Runner	flutter: │               "idfa": "***",
默认	11:32:24.057900+0800	Runner	flutter: │               "idfv": "***",
默认	11:32:24.057931+0800	Runner	flutter: │               "aid": "***",
默认	11:32:24.058007+0800	Runner	flutter: │               "gaid": "***",
默认	11:32:24.058015+0800	Runner	flutter: │               "did": "***",
默认	11:32:24.058041+0800	Runner	flutter: │               "uid": "***",
默认	11:32:24.058069+0800	Runner	flutter: │               "anm": "Truthy",
默认	11:32:24.058116+0800	Runner	flutter: │               "push_id": "",
默认	11:32:24.058155+0800	Runner	flutter: │               "push_type": "",
默认	11:32:24.058176+0800	Runner	flutter: │               "is_pro": "1",
默认	11:32:24.058280+0800	Runner	flutter: │               "is_first": 1,
默认	11:32:24.058290+0800	Runner	flutter: │               "page_from": "home",
默认	11:32:24.058300+0800	Runner	flutter: │               "is_add": 0,
默认	11:32:24.058341+0800	Runner	flutter: │               "add_type": "",
默认	11:32:24.058350+0800	Runner	flutter: │               "clue": {
默认	11:32:24.058373+0800	Runner	flutter: │                 "match_strategy": "UNION",
默认	11:32:24.058397+0800	Runner	flutter: │                 "clues": [
默认	11:32:24.058438+0800	Runner	flutter: │                   {
默认	11:32:24.058466+0800	Runner	flutter: │                     "type": "FULL_NAME",
默认	11:32:24.058517+0800	Runner	flutter: │                     "full_name_query": {
默认	11:32:24.058542+0800	Runner	flutter: │                       "full_name": "joe lynn"
默认	11:32:24.058567+0800	Runner	flutter: │                     }
默认	11:32:24.058640+0800	Runner	flutter: │                   }
默认	11:32:24.058648+0800	Runner	flutter: │                 ],
默认	11:32:24.058670+0800	Runner	flutter: │                 "additional_details": []
默认	11:32:24.058698+0800	Runner	flutter: │               }
默认	11:32:24.058801+0800	Runner	flutter: │             }
默认	11:32:24.058825+0800	Runner	flutter: │           },
默认	11:32:24.058835+0800	Runner	flutter: │           {
默认	11:32:24.058845+0800	Runner	flutter: │             "event_id": "a7c5ffc7-ce97-4c54-81db-b19590ac3fcf",
默认	11:32:24.058908+0800	Runner	flutter: │             "event_name": "search_true_start",
默认	11:32:24.058917+0800	Runner	flutter: │             "event_time_ms": 1783654342944,
默认	11:32:24.058942+0800	Runner	flutter: │             "properties": {
默认	11:32:24.059004+0800	Runner	flutter: │               "logtime": 1783654342944,
默认	11:32:24.059012+0800	Runner	flutter: │               "log_id": "a7c5ffc7-ce97-4c54-81db-b19590ac3fcf",
默认	11:32:24.059036+0800	Runner	flutter: │               "net": "wifi",
默认	11:32:24.059114+0800	Runner	flutter: │               "pkg": "com.sparkjam.truthy.ios",
默认	11:32:24.059133+0800	Runner	flutter: │               "bucket": 56,
默认	11:32:24.059175+0800	Runner	flutter: │               "abslot": 21,
默认	11:32:24.059190+0800	Runner	flutter: │               "ram": "3684MB",
默认	11:32:24.059240+0800	Runner	flutter: │               "cpu": "arm64",
默认	11:32:24.059252+0800	Runner	flutter: │               "sh": 844,
默认	11:32:24.059305+0800	Runner	flutter: │               "sw": 390,
默认	11:32:24.059319+0800	Runner	flutter: │               "city": "",
默认	11:32:24.059372+0800	Runner	flutter: │               "ste": "",
默认	11:32:24.059379+0800	Runner	flutter: │               "lat": "",
默认	11:32:24.059402+0800	Runner	flutter: │               "lng": "",
默认	11:32:24.059428+0800	Runner	flutter: │               "sty": "desk",
默认	11:32:24.059504+0800	Runner	flutter: │               "isp": "",
默认	11:32:24.059511+0800	Runner	flutter: │               "mod": "iphone13,2",
默认	11:32:24.059535+0800	Runner	flutter: │               "brd": "apple",
默认	11:32:24.059609+0800	Runner	flutter: │               "os": "26.3.1",
默认	11:32:24.059617+0800	Runner	flutter: │               "pf": "ios",
默认	11:32:24.059638+0800	Runner	flutter: │               "slan": "zh",
默认	11:32:24.059662+0800	Runner	flutter: │               "reg": "HK",
默认	11:32:24.059732+0800	Runner	flutter: │               "cou": "HK",
默认	11:32:24.059740+0800	Runner	flutter: │               "sub": "",
默认	11:32:24.059762+0800	Runner	flutter: │               "cha": "",
默认	11:32:24.059796+0800	Runner	flutter: │               "verc": "10000",
默认	11:32:24.059838+0800	Runner	flutter: │               "ver": "1.0.0",
默认	11:32:24.059866+0800	Runner	flutter: │               "sid": "5094b07b-cc63-4868-b4ac-6bced54db906",
默认	11:32:24.059899+0800	Runner	flutter: │               "uuid": "***",
默认	11:32:24.059931+0800	Runner	flutter: │               "idfa": "***",
默认	11:32:24.060002+0800	Runner	flutter: │               "idfv": "***",
默认	11:32:24.060009+0800	Runner	flutter: │               "aid": "***",
默认	11:32:24.060031+0800	Runner	flutter: │               "gaid": "***",
默认	11:32:24.060058+0800	Runner	flutter: │               "did": "***",
默认	11:32:24.060132+0800	Runner	flutter: │               "uid": "***",
默认	11:32:24.060138+0800	Runner	flutter: │               "anm": "Truthy",
默认	11:32:24.060162+0800	Runner	flutter: │               "push_id": "",
默认	11:32:24.060189+0800	Runner	flutter: │               "push_type": "",
默认	11:32:24.060261+0800	Runner	flutter: │               "is_pro": "1",
默认	11:32:24.060269+0800	Runner	flutter: │               "task_id": "task_68022659b15a60aa6f84c2a0",
默认	11:32:24.060292+0800	Runner	flutter: │               "is_first": 1,
默认	11:32:24.060324+0800	Runner	flutter: │               "page_from": "home",
默认	11:32:24.060355+0800	Runner	flutter: │               "is_add": 0,
默认	11:32:24.060436+0800	Runner	flutter: │               "add_type": "",
默认	11:32:24.060471+0800	Runner	flutter: │               "clue": {
默认	11:32:24.060487+0800	Runner	flutter: │                 "match_strategy": "UNION",
默认	11:32:24.060497+0800	Runner	flutter: │                 "clues": [
默认	11:32:24.060558+0800	Runner	flutter: │                   {
默认	11:32:24.060566+0800	Runner	flutter: │                     "type": "FULL_NAME",
默认	11:32:24.060594+0800	Runner	flutter: │                     "full_name_query": {
默认	11:32:24.060617+0800	Runner	flutter: │                       "full_name": "joe lynn"
默认	11:32:24.060689+0800	Runner	flutter: │                     }
默认	11:32:24.060697+0800	Runner	flutter: │                   }
默认	11:32:24.060719+0800	Runner	flutter: │                 ],
默认	11:32:24.060745+0800	Runner	flutter: │                 "additional_details": []
默认	11:32:24.060889+0800	Runner	flutter: │               }
默认	11:32:24.060913+0800	Runner	flutter: │             }
默认	11:32:24.060925+0800	Runner	flutter: │           }
默认	11:32:24.060937+0800	Runner	flutter: │         ]
默认	11:32:24.060961+0800	Runner	flutter: │       }
默认	11:32:24.060978+0800	Runner	flutter: │     }
默认	11:32:24.060990+0800	Runner	flutter: │   ]
默认	11:32:24.061017+0800	Runner	flutter: │ }
默认	11:32:24.061105+0800	Runner	flutter: └───────────────────────────────────────────────────────────────────────────────────────────────────
默认	11:32:24.142499+0800	Runner	flutter: ┌───────────────────────────────────────────────────────────────────────────────────────────────────
默认	11:32:24.142546+0800	Runner	flutter: │ [HTTP] <-- 200 POST https://api.truthy.top/gateway/invoke service=tool.people_insight.SearchService method=GetTask
默认	11:32:24.142617+0800	Runner	flutter: └───────────────────────────────────────────────────────────────────────────────────────────────────
默认	11:32:24.143022+0800	Runner	flutter: ┌───────────────────────────────────────────────────────────────────────────────────────────────────
默认	11:32:24.143034+0800	Runner	flutter: │ [HTTP] response:
默认	11:32:24.143127+0800	Runner	flutter: │ {
默认	11:32:24.143150+0800	Runner	flutter: │   "code": 0,
默认	11:32:24.143193+0800	Runner	flutter: │   "message": "ok",
默认	11:32:24.143213+0800	Runner	flutter: │   "request_id": "gw_req_ffa66048fea7984acab2d22e15c2fe6f",
默认	11:32:24.143224+0800	Runner	flutter: │   "trace_id": "trace_8fda6f4bf9796abdabb47d72a69cb85c",
默认	11:32:24.143285+0800	Runner	flutter: │   "responses": [
默认	11:32:24.143299+0800	Runner	flutter: │     {
默认	11:32:24.143374+0800	Runner	flutter: │       "id": "req_0",
默认	11:32:24.143443+0800	Runner	flutter: │       "success": true,
默认	11:32:24.143488+0800	Runner	flutter: │       "code": 0,
默认	11:32:24.143543+0800	Runner	flutter: │       "message": "ok",
默认	11:32:24.143611+0800	Runner	flutter: │       "data": {
默认	11:32:24.143660+0800	Runner	flutter: │         "cache_hit": false,
默认	11:32:24.143716+0800	Runner	flutter: │         "candidate_confidence_scores": [],
默认	11:32:24.143760+0800	Runner	flutter: │         "candidate_count": 0,
默认	11:32:24.143830+0800	Runner	flutter: │         "error_code": "",
默认	11:32:24.143841+0800	Runner	flutter: │         "failure_reason": "",
默认	11:32:24.143897+0800	Runner	flutter: │         "has_additional_clues": false,
默认	11:32:24.143939+0800	Runner	flutter: │         "is_initial_search": true,
默认	11:32:24.143985+0800	Runner	flutter: │         "no_result_reason": "",
默认	11:32:24.144119+0800	Runner	flutter: │         "progress": {
默认	11:32:24.144212+0800	Runner	flutter: │           "display_message": "Searching public sources",
默认	11:32:24.144222+0800	Runner	flutter: │           "display_percent": 45,
默认	11:32:24.144232+0800	Runner	flutter: │           "stage": "provider_search"
默认	11:32:24.144268+0800	Runner	flutter: │         },
默认	11:32:24.144330+0800	Runner	flutter: │         "provider_execution": "PENDING",
默认	11:32:24.144370+0800	Runner	flutter: │         "provider_summary": {
默认	11:32:24.144411+0800	Runner	flutter: │           "cache_hit": false,
默认	11:32:24.144604+0800	Runner	flutter: │           "primary_provider": "",
默认	11:32:24.144619+0800	Runner	flutter: │           "provider_execution": "PENDING",
默认	11:32:24.144629+0800	Runner	flutter: │           "providers": [],
默认	11:32:24.144673+0800	Runner	flutter: │           "public_sources": false,
默认	11:32:24.144685+0800	Runner	flutter: │           "source_provider": "",
默认	11:32:24.144694+0800	Runner	flutter: │           "source_providers": []
默认	11:32:24.144726+0800	Runner	flutter: │         },
默认	11:32:24.144779+0800	Runner	flutter: │         "result_type": "",
默认	11:32:24.144823+0800	Runner	flutter: │         "status": "SEARCHING",
默认	11:32:24.144869+0800	Runner	flutter: │         "task_id": "task_68022659b15a60aa6f84c2a0",
默认	11:32:24.144939+0800	Runner	flutter: │         "top_confidence_score": 0,
默认	11:32:24.144977+0800	Runner	flutter: │         "update_time": 1783654343985
默认	11:32:24.145016+0800	Runner	flutter: │       }
默认	11:32:24.145061+0800	Runner	flutter: │     }
默认	11:32:24.145107+0800	Runner	flutter: │   ]
默认	11:32:24.145153+0800	Runner	flutter: │ }
默认	11:32:24.145255+0800	Runner	flutter: └───────────────────────────────────────────────────────────────────────────────────────────────────
默认	11:32:24.379230+0800	Runner	flutter: ┌───────────────────────────────────────────────────────────────────────────────────────────────────
默认	11:32:24.379616+0800	Runner	flutter: │ [HTTP] <-- 200 POST https://api.truthy.top/gateway/invoke service=tool.event_tracking.EventTrackingService method=TrackEvents
默认	11:32:24.379657+0800	Runner	flutter: └───────────────────────────────────────────────────────────────────────────────────────────────────
默认	11:32:24.379669+0800	Runner	flutter: ┌───────────────────────────────────────────────────────────────────────────────────────────────────
默认	11:32:24.379686+0800	Runner	flutter: │ [HTTP] response:
默认	11:32:24.379702+0800	Runner	flutter: │ {
默认	11:32:24.379710+0800	Runner	flutter: │   "code": 0,
默认	11:32:24.379878+0800	Runner	flutter: │   "message": "ok",
默认	11:32:24.379895+0800	Runner	flutter: │   "request_id": "gw_req_74d513ee3bbd7bdffa0cfa20584b3803",
默认	11:32:24.380012+0800	Runner	flutter: │   "trace_id": "trace_5c62e66f88ffd480fa0b86a8f4081de0",
默认	11:32:24.380027+0800	Runner	flutter: │   "responses": [
默认	11:32:24.380036+0800	Runner	flutter: │     {
默认	11:32:24.380044+0800	Runner	flutter: │       "id": "req_0",
默认	11:32:24.380429+0800	Runner	flutter: │       "success": true,
默认	11:32:24.380444+0800	Runner	flutter: │       "code": 0,
默认	11:32:24.380465+0800	Runner	flutter: │       "message": "ok",
默认	11:32:24.380491+0800	Runner	flutter: │       "data": {
默认	11:32:24.380502+0800	Runner	flutter: │         "request_id": "gw_req_74d513ee3bbd7bdffa0cfa20584b3803",
默认	11:32:24.380517+0800	Runner	flutter: │         "trace_id": "trace_5c62e66f88ffd480fa0b86a8f4081de0",
默认	11:32:24.380537+0800	Runner	flutter: │         "accepted_count": 4,
默认	11:32:24.380547+0800	Runner	flutter: │         "event_name": "app_page_stay",
默认	11:32:24.380556+0800	Runner	flutter: │         "event_names": [
默认	11:32:24.380563+0800	Runner	flutter: │           "app_page_stay",
默认	11:32:24.380572+0800	Runner	flutter: │           "search_true_pageview",
默认	11:32:24.380579+0800	Runner	flutter: │           "search_true_create_task_start",
默认	11:32:24.380588+0800	Runner	flutter: │           "search_true_start"
默认	11:32:24.380640+0800	Runner	flutter: │         ],
默认	11:32:24.380688+0800	Runner	flutter: │         "events": [
默认	11:32:24.380732+0800	Runner	flutter: │           {
默认	11:32:24.380772+0800	Runner	flutter: │             "index": 0,
默认	11:32:24.380850+0800	Runner	flutter: │             "event_id": "e9926f2d-35cc-419c-baf0-9e177d8fd6b4",
默认	11:32:24.380918+0800	Runner	flutter: │             "event_name": "app_page_stay",
默认	11:32:24.380964+0800	Runner	flutter: │             "status": "accepted"
默认	11:32:24.380975+0800	Runner	flutter: │           },
默认	11:32:24.381016+0800	Runner	flutter: │           {
默认	11:32:24.381053+0800	Runner	flutter: │             "index": 1,
默认	11:32:24.381237+0800	Runner	flutter: │             "event_id": "3caf6abb-a9dd-4744-88e2-e0b1aed7d4c5",
默认	11:32:24.381249+0800	Runner	flutter: │             "event_name": "search_true_pageview",
默认	11:32:24.381258+0800	Runner	flutter: │             "status": "accepted"
默认	11:32:24.381266+0800	Runner	flutter: │           },
默认	11:32:24.381335+0800	Runner	flutter: │           {
默认	11:32:24.381346+0800	Runner	flutter: │             "index": 2,
默认	11:32:24.381382+0800	Runner	flutter: │             "event_id": "65371f5e-7e12-4f50-a568-26e0b2af3c76",
默认	11:32:24.381486+0800	Runner	flutter: │             "event_name": "search_true_create_task_start",
默认	11:32:24.381498+0800	Runner	flutter: │             "status": "accepted"
默认	11:32:24.381536+0800	Runner	flutter: │           },
默认	11:32:24.381576+0800	Runner	flutter: │           {
默认	11:32:24.381674+0800	Runner	flutter: │             "index": 3,
默认	11:32:24.381690+0800	Runner	flutter: │             "event_id": "a7c5ffc7-ce97-4c54-81db-b19590ac3fcf",
默认	11:32:24.381730+0800	Runner	flutter: │             "event_name": "search_true_start",
默认	11:32:24.381772+0800	Runner	flutter: │             "status": "accepted"
默认	11:32:24.381810+0800	Runner	flutter: │           }
默认	11:32:24.382002+0800	Runner	flutter: │         ]
默认	11:32:24.382021+0800	Runner	flutter: │       }
默认	11:32:24.382033+0800	Runner	flutter: │     }
默认	11:32:24.382040+0800	Runner	flutter: │   ]
默认	11:32:24.382049+0800	Runner	flutter: │ }
默认	11:32:24.382214+0800	Runner	flutter: └───────────────────────────────────────────────────────────────────────────────────────────────────
默认	11:32:26.164031+0800	Runner	flutter: ┌───────────────────────────────────────────────────────────────────────────────────────────────────
默认	11:32:26.164160+0800	Runner	flutter: │ [HTTP] --> POST https://api.truthy.top/gateway/invoke service=tool.people_insight.SearchService method=GetTask
默认	11:32:26.164280+0800	Runner	flutter: └───────────────────────────────────────────────────────────────────────────────────────────────────
默认	11:32:26.164607+0800	Runner	flutter: ┌───────────────────────────────────────────────────────────────────────────────────────────────────
默认	11:32:26.164652+0800	Runner	flutter: │ [HTTP] request:
默认	11:32:26.164849+0800	Runner	flutter: │ {
默认	11:32:26.164881+0800	Runner	flutter: │   "comm": {
默认	11:32:26.164962+0800	Runner	flutter: │     "auth_token": "***",
默认	11:32:26.165046+0800	Runner	flutter: │     "user_id": "user_e5f97712121ebfac3d6f6407",
默认	11:32:26.165179+0800	Runner	flutter: │     "device_id": "c5ece928-513e-4e75-a500-28479ac5102a",
默认	11:32:26.165322+0800	Runner	flutter: │     "client_request_id": "crid_1783654346148003",
默认	11:32:26.165501+0800	Runner	flutter: │     "platform": "ios",
默认	11:32:26.165606+0800	Runner	flutter: │     "app_version": "1.0.0",
默认	11:32:26.165621+0800	Runner	flutter: │     "locale": "zh-Hans-HK",
默认	11:32:26.165631+0800	Runner	flutter: │     "country": "HK",
默认	11:32:26.165640+0800	Runner	flutter: │     "timezone": "UTC+08:00"
默认	11:32:26.165659+0800	Runner	flutter: │   },
默认	11:32:26.165705+0800	Runner	flutter: │   "requests": [
默认	11:32:26.165746+0800	Runner	flutter: │     {
默认	11:32:26.165816+0800	Runner	flutter: │       "id": "req_0",
默认	11:32:26.165836+0800	Runner	flutter: │       "service_name": "tool.people_insight.SearchService",
默认	11:32:26.165888+0800	Runner	flutter: │       "method_name": "GetTask",
默认	11:32:26.165972+0800	Runner	flutter: │       "params": {
默认	11:32:26.166042+0800	Runner	flutter: │         "task_id": "task_68022659b15a60aa6f84c2a0"
默认	11:32:26.166141+0800	Runner	flutter: │       }
默认	11:32:26.166156+0800	Runner	flutter: │     }
默认	11:32:26.166166+0800	Runner	flutter: │   ]
默认	11:32:26.166398+0800	Runner	flutter: │ }
默认	11:32:26.166426+0800	Runner	flutter: └───────────────────────────────────────────────────────────────────────────────────────────────────
默认	11:32:26.419192+0800	Runner	flutter: ┌───────────────────────────────────────────────────────────────────────────────────────────────────
默认	11:32:26.419342+0800	Runner	flutter: │ [HTTP] <-- 200 POST https://api.truthy.top/gateway/invoke service=tool.people_insight.SearchService method=GetTask
默认	11:32:26.419369+0800	Runner	flutter: └───────────────────────────────────────────────────────────────────────────────────────────────────
默认	11:32:26.419476+0800	Runner	flutter: ┌───────────────────────────────────────────────────────────────────────────────────────────────────
默认	11:32:26.419491+0800	Runner	flutter: │ [HTTP] response:
默认	11:32:26.419513+0800	Runner	flutter: │ {
默认	11:32:26.419528+0800	Runner	flutter: │   "code": 0,
默认	11:32:26.419574+0800	Runner	flutter: │   "message": "ok",
默认	11:32:26.419621+0800	Runner	flutter: │   "request_id": "gw_req_685e3c8cc8383d4067fa5ba8aba9a7ee",
默认	11:32:26.419670+0800	Runner	flutter: │   "trace_id": "trace_63a7351409e03c0a64d1db6aaabd8597",
默认	11:32:26.419717+0800	Runner	flutter: │   "responses": [
默认	11:32:26.419759+0800	Runner	flutter: │     {
默认	11:32:26.419943+0800	Runner	flutter: │       "id": "req_0",
默认	11:32:26.419959+0800	Runner	flutter: │       "success": true,
默认	11:32:26.419970+0800	Runner	flutter: │       "code": 0,
默认	11:32:26.419979+0800	Runner	flutter: │       "message": "ok",
默认	11:32:26.420139+0800	Runner	flutter: │       "data": {
默认	11:32:26.420152+0800	Runner	flutter: │         "cache_hit": false,
默认	11:32:26.420164+0800	Runner	flutter: │         "candidate_confidence_scores": [
默认	11:32:26.420172+0800	Runner	flutter: │           35,
默认	11:32:26.420182+0800	Runner	flutter: │           35,
默认	11:32:26.420222+0800	Runner	flutter: │           35,
默认	11:32:26.420234+0800	Runner	flutter: │           35,
默认	11:32:26.420430+0800	Runner	flutter: │           35,
默认	11:32:26.420443+0800	Runner	flutter: │           35,
默认	11:32:26.420450+0800	Runner	flutter: │           35,
默认	11:32:26.420459+0800	Runner	flutter: │           35,
默认	11:32:26.420552+0800	Runner	flutter: │           35,
默认	11:32:26.420563+0800	Runner	flutter: │           35
默认	11:32:26.420789+0800	Runner	flutter: │         ],
默认	11:32:26.420890+0800	Runner	flutter: │         "candidate_count": 10,
默认	11:32:26.420901+0800	Runner	flutter: │         "error_code": "",
默认	11:32:26.420908+0800	Runner	flutter: │         "failure_reason": "",
默认	11:32:26.420917+0800	Runner	flutter: │         "has_additional_clues": false,
默认	11:32:26.420924+0800	Runner	flutter: │         "is_initial_search": true,
默认	11:32:26.420933+0800	Runner	flutter: │         "no_result_reason": "",
默认	11:32:26.421005+0800	Runner	flutter: │         "progress": {
默认	11:32:26.421017+0800	Runner	flutter: │           "display_message": "Report ready",
默认	11:32:26.421026+0800	Runner	flutter: │           "display_percent": 100,
默认	11:32:26.421159+0800	Runner	flutter: │           "stage": "report_ready"
默认	11:32:26.421173+0800	Runner	flutter: │         },
默认	11:32:26.421183+0800	Runner	flutter: │         "provider_execution": "REAL_PROVIDER",
默认	11:32:26.421191+0800	Runner	flutter: │         "provider_summary": {
默认	11:32:26.421231+0800	Runner	flutter: │           "cache_hit": false,
默认	11:32:26.421274+0800	Runner	flutter: │           "primary_provider": "people_data_labs",
默认	11:32:26.421315+0800	Runner	flutter: │           "provider_execution": "REAL_PROVIDER",
默认	11:32:26.421413+0800	Runner	flutter: │           "providers": [
默认	11:32:26.421426+0800	Runner	flutter: │             "people_data_labs"
默认	11:32:26.421463+0800	Runner	flutter: │           ],
默认	11:32:26.421506+0800	Runner	flutter: │           "public_sources": false,
默认	11:32:26.421612+0800	Runner	flutter: │           "source_provider": "people_data_labs",
默认	11:32:26.421623+0800	Runner	flutter: │           "source_providers": [
默认	11:32:26.421663+0800	Runner	flutter: │             "people_data_labs"
默认	11:32:26.421709+0800	Runner	flutter: │           ]
默认	11:32:26.421758+0800	Runner	flutter: │         },
默认	11:32:26.421809+0800	Runner	flutter: │         "result_type": "multiple",
默认	11:32:26.421852+0800	Runner	flutter: │         "status": "SUCCEEDED",
默认	11:32:26.421904+0800	Runner	flutter: │         "task_id": "task_68022659b15a60aa6f84c2a0",
默认	11:32:26.421943+0800	Runner	flutter: │         "top_confidence_score": 35,
默认	11:32:26.421984+0800	Runner	flutter: │         "update_time": 1783654344793
默认	11:32:26.422045+0800	Runner	flutter: │       }
默认	11:32:26.422094+0800	Runner	flutter: │     }
默认	11:32:26.422137+0800	Runner	flutter: │   ]
默认	11:32:26.422182+0800	Runner	flutter: │ }
默认	11:32:26.422249+0800	Runner	flutter: └───────────────────────────────────────────────────────────────────────────────────────────────────
默认	11:32:26.422588+0800	Runner	flutter: ┌───────────────────────────────────────────────────────────────────────────────────────────────────
默认	11:32:26.422599+0800	Runner	flutter: │ [EventTracking] name=search_true_result id=eb8d543f-45e0-4f8d-9adf-b35944a6bb60 time=1783654346422 props={"task_id":"task_68022659b15a60aa6f84c2a0","is_first":1,"is_add":0,"result_type":"multiple","num":0,"confidence_array":[],"confidence_top":0,"fail_reason":""}
默认	11:32:26.422682+0800	Runner	flutter: └───────────────────────────────────────────────────────────────────────────────────────────────────
默认	11:32:26.442531+0800	Runner	flutter: ┌───────────────────────────────────────────────────────────────────────────────────────────────────
默认	11:32:26.442553+0800	Runner	flutter: │ [HTTP] --> POST https://api.truthy.top/gateway/invoke service=tool.people_insight.SearchService method=ListTaskCandidates
默认	11:32:26.442574+0800	Runner	flutter: └───────────────────────────────────────────────────────────────────────────────────────────────────
默认	11:32:26.442687+0800	Runner	flutter: ┌───────────────────────────────────────────────────────────────────────────────────────────────────
默认	11:32:26.442714+0800	Runner	flutter: │ [HTTP] request:
默认	11:32:26.442789+0800	Runner	flutter: │ {
默认	11:32:26.442811+0800	Runner	flutter: │   "comm": {
默认	11:32:26.442826+0800	Runner	flutter: │     "auth_token": "***",
默认	11:32:26.442835+0800	Runner	flutter: │     "user_id": "user_e5f97712121ebfac3d6f6407",
默认	11:32:26.442843+0800	Runner	flutter: │     "device_id": "c5ece928-513e-4e75-a500-28479ac5102a",
默认	11:32:26.442929+0800	Runner	flutter: │     "client_request_id": "crid_1783654346436448",
默认	11:32:26.442945+0800	Runner	flutter: │     "platform": "ios",
默认	11:32:26.442986+0800	Runner	flutter: │     "app_version": "1.0.0",
默认	11:32:26.443003+0800	Runner	flutter: │     "locale": "zh-Hans-HK",
默认	11:32:26.443015+0800	Runner	flutter: │     "country": "HK",
默认	11:32:26.443032+0800	Runner	flutter: │     "timezone": "UTC+08:00"
默认	11:32:26.443048+0800	Runner	flutter: │   },
默认	11:32:26.443062+0800	Runner	flutter: │   "requests": [
默认	11:32:26.443145+0800	Runner	flutter: │     {
默认	11:32:26.443156+0800	Runner	flutter: │       "id": "req_0",
默认	11:32:26.443166+0800	Runner	flutter: │       "service_name": "tool.people_insight.SearchService",
默认	11:32:26.443205+0800	Runner	flutter: │       "method_name": "ListTaskCandidates",
默认	11:32:26.443214+0800	Runner	flutter: │       "params": {
默认	11:32:26.443270+0800	Runner	flutter: │         "task_id": "task_68022659b15a60aa6f84c2a0",
默认	11:32:26.443290+0800	Runner	flutter: │         "page": {
默认	11:32:26.443301+0800	Runner	flutter: │           "page_size": 10,
默认	11:32:26.443321+0800	Runner	flutter: │           "page_token": ""
默认	11:32:26.443334+0800	Runner	flutter: │         }
默认	11:32:26.443439+0800	Runner	flutter: │       }
默认	11:32:26.443450+0800	Runner	flutter: │     }
默认	11:32:26.443459+0800	Runner	flutter: │   ]
默认	11:32:26.443465+0800	Runner	flutter: │ }
默认	11:32:26.443494+0800	Runner	flutter: └───────────────────────────────────────────────────────────────────────────────────────────────────
默认	11:32:26.443831+0800	Runner	flutter: ┌───────────────────────────────────────────────────────────────────────────────────────────────────
默认	11:32:26.443845+0800	Runner	flutter: │ [HTTP] --> POST https://api.truthy.top/gateway/invoke service=tool.event_tracking.EventTrackingService method=TrackEvents
默认	11:32:26.443885+0800	Runner	flutter: └───────────────────────────────────────────────────────────────────────────────────────────────────
默认	11:32:26.444331+0800	Runner	flutter: ┌───────────────────────────────────────────────────────────────────────────────────────────────────
默认	11:32:26.444360+0800	Runner	flutter: │ [HTTP] request:
默认	11:32:26.444437+0800	Runner	flutter: │ {
默认	11:32:26.444468+0800	Runner	flutter: │   "comm": {
默认	11:32:26.444523+0800	Runner	flutter: │     "auth_token": "***",
默认	11:32:26.444583+0800	Runner	flutter: │     "user_id": "user_e5f97712121ebfac3d6f6407",
默认	11:32:26.444649+0800	Runner	flutter: │     "device_id": "c5ece928-513e-4e75-a500-28479ac5102a",
默认	11:32:26.444811+0800	Runner	flutter: │     "client_request_id": "crid_1783654346437805",
默认	11:32:26.444922+0800	Runner	flutter: │     "platform": "ios",
默认	11:32:26.444977+0800	Runner	flutter: │     "app_version": "1.0.0",
默认	11:32:26.445050+0800	Runner	flutter: │     "locale": "zh-Hans-HK",
默认	11:32:26.445060+0800	Runner	flutter: │     "country": "HK",
默认	11:32:26.445095+0800	Runner	flutter: │     "timezone": "UTC+08:00"
默认	11:32:26.445137+0800	Runner	flutter: │   },
默认	11:32:26.445182+0800	Runner	flutter: │   "requests": [
默认	11:32:26.445226+0800	Runner	flutter: │     {
默认	11:32:26.445308+0800	Runner	flutter: │       "id": "req_0",
默认	11:32:26.445385+0800	Runner	flutter: │       "service_name": "tool.event_tracking.EventTrackingService",
默认	11:32:26.445396+0800	Runner	flutter: │       "method_name": "TrackEvents",
默认	11:32:26.445456+0800	Runner	flutter: │       "params": {
默认	11:32:26.445468+0800	Runner	flutter: │         "events": [
默认	11:32:26.445508+0800	Runner	flutter: │           {
默认	11:32:26.445601+0800	Runner	flutter: │             "event_id": "eb8d543f-45e0-4f8d-9adf-b35944a6bb60",
默认	11:32:26.445612+0800	Runner	flutter: │             "event_name": "search_true_result",
默认	11:32:26.445661+0800	Runner	flutter: │             "event_time_ms": 1783654346422,
默认	11:32:26.445704+0800	Runner	flutter: │             "properties": {
默认	11:32:26.445770+0800	Runner	flutter: │               "logtime": 1783654346422,
默认	11:32:26.445810+0800	Runner	flutter: │               "log_id": "eb8d543f-45e0-4f8d-9adf-b35944a6bb60",
默认	11:32:26.445872+0800	Runner	flutter: │               "net": "wifi",
默认	11:32:26.445925+0800	Runner	flutter: │               "pkg": "com.sparkjam.truthy.ios",
默认	11:32:26.445981+0800	Runner	flutter: │               "bucket": 56,
默认	11:32:26.446007+0800	Runner	flutter: │               "abslot": 21,
默认	11:32:26.446093+0800	Runner	flutter: │               "ram": "3684MB",
默认	11:32:26.446105+0800	Runner	flutter: │               "cpu": "arm64",
默认	11:32:26.446139+0800	Runner	flutter: │               "sh": 844,
默认	11:32:26.446183+0800	Runner	flutter: │               "sw": 390,
默认	11:32:26.446228+0800	Runner	flutter: │               "city": "",
默认	11:32:26.446273+0800	Runner	flutter: │               "ste": "",
默认	11:32:26.446316+0800	Runner	flutter: │               "lat": "",
默认	11:32:26.446361+0800	Runner	flutter: │               "lng": "",
默认	11:32:26.446404+0800	Runner	flutter: │               "sty": "desk",
默认	11:32:26.446448+0800	Runner	flutter: │               "isp": "",
默认	11:32:26.446496+0800	Runner	flutter: │               "mod": "iphone13,2",
默认	11:32:26.446541+0800	Runner	flutter: │               "brd": "apple",
默认	11:32:26.446593+0800	Runner	flutter: │               "os": "26.3.1",
默认	11:32:26.446665+0800	Runner	flutter: │               "pf": "ios",
默认	11:32:26.446727+0800	Runner	flutter: │               "slan": "zh",
默认	11:32:26.446741+0800	Runner	flutter: │               "reg": "HK",
默认	11:32:26.446765+0800	Runner	flutter: │               "cou": "HK",
默认	11:32:26.446929+0800	Runner	flutter: │               "sub": "",
默认	11:32:26.446944+0800	Runner	flutter: │               "cha": "",
默认	11:32:26.446985+0800	Runner	flutter: │               "verc": "10000",
默认	11:32:26.447149+0800	Runner	flutter: │               "ver": "1.0.0",
默认	11:32:26.447166+0800	Runner	flutter: │               "sid": "5094b07b-cc63-4868-b4ac-6bced54db906",
默认	11:32:26.447215+0800	Runner	flutter: │               "uuid": "***",
默认	11:32:26.447259+0800	Runner	flutter: │               "idfa": "***",
默认	11:32:26.447304+0800	Runner	flutter: │               "idfv": "***",
默认	11:32:26.447348+0800	Runner	flutter: │               "aid": "***",
默认	11:32:26.447391+0800	Runner	flutter: │               "gaid": "***",
默认	11:32:26.447442+0800	Runner	flutter: │               "did": "***",
默认	11:32:26.447485+0800	Runner	flutter: │               "uid": "***",
默认	11:32:26.447530+0800	Runner	flutter: │               "anm": "Truthy",
默认	11:32:26.447576+0800	Runner	flutter: │               "push_id": "",
默认	11:32:26.447626+0800	Runner	flutter: │               "push_type": "",
默认	11:32:26.447670+0800	Runner	flutter: │               "is_pro": "1",
默认	11:32:26.447782+0800	Runner	flutter: │               "task_id": "task_68022659b15a60aa6f84c2a0",
默认	11:32:26.447832+0800	Runner	flutter: │               "is_first": 1,
默认	11:32:26.447921+0800	Runner	flutter: │               "is_add": 0,
默认	11:32:26.447992+0800	Runner	flutter: │               "result_type": "multiple",
默认	11:32:26.448028+0800	Runner	flutter: │               "num": 0,
默认	11:32:26.448210+0800	Runner	flutter: │               "confidence_array": [],
默认	11:32:26.448227+0800	Runner	flutter: │               "confidence_top": 0,
默认	11:32:26.448236+0800	Runner	flutter: │               "fail_reason": ""
默认	11:32:26.448246+0800	Runner	flutter: │             }
默认	11:32:26.448254+0800	Runner	flutter: │           }
默认	11:32:26.448298+0800	Runner	flutter: │         ]
默认	11:32:26.448352+0800	Runner	flutter: │       }
默认	11:32:26.448435+0800	Runner	flutter: │     }
默认	11:32:26.448447+0800	Runner	flutter: │   ]
默认	11:32:26.448501+0800	Runner	flutter: │ }
默认	11:32:26.448559+0800	Runner	flutter: └───────────────────────────────────────────────────────────────────────────────────────────────────
默认	11:32:26.623934+0800	Runner	flutter: ┌───────────────────────────────────────────────────────────────────────────────────────────────────
默认	11:32:26.624037+0800	Runner	flutter: │ [HTTP] <-- 200 POST https://api.truthy.top/gateway/invoke service=tool.event_tracking.EventTrackingService method=TrackEvents
默认	11:32:26.624085+0800	Runner	flutter: └───────────────────────────────────────────────────────────────────────────────────────────────────
默认	11:32:26.624288+0800	Runner	flutter: ┌───────────────────────────────────────────────────────────────────────────────────────────────────
默认	11:32:26.624303+0800	Runner	flutter: │ [HTTP] response:
默认	11:32:26.624353+0800	Runner	flutter: │ {
默认	11:32:26.624372+0800	Runner	flutter: │   "code": 0,
默认	11:32:26.624413+0800	Runner	flutter: │   "message": "ok",
默认	11:32:26.624490+0800	Runner	flutter: │   "request_id": "gw_req_5ca286eaaa463d3435209b8e46625ce4",
默认	11:32:26.624531+0800	Runner	flutter: │   "trace_id": "trace_68e06957a53b5c95fc3dbb7d608535d6",
默认	11:32:26.624602+0800	Runner	flutter: │   "responses": [
默认	11:32:26.624614+0800	Runner	flutter: │     {
默认	11:32:26.624655+0800	Runner	flutter: │       "id": "req_0",
默认	11:32:26.624701+0800	Runner	flutter: │       "success": true,
默认	11:32:26.624747+0800	Runner	flutter: │       "code": 0,
默认	11:32:26.624785+0800	Runner	flutter: │       "message": "ok",
默认	11:32:26.624850+0800	Runner	flutter: │       "data": {
默认	11:32:26.624902+0800	Runner	flutter: │         "request_id": "gw_req_5ca286eaaa463d3435209b8e46625ce4",
默认	11:32:26.624943+0800	Runner	flutter: │         "trace_id": "trace_68e06957a53b5c95fc3dbb7d608535d6",
默认	11:32:26.624984+0800	Runner	flutter: │         "accepted_count": 1,
默认	11:32:26.625037+0800	Runner	flutter: │         "event_name": "search_true_result",
默认	11:32:26.625077+0800	Runner	flutter: │         "event_names": [
默认	11:32:26.625200+0800	Runner	flutter: │           "search_true_result"
默认	11:32:26.625260+0800	Runner	flutter: │         ],
默认	11:32:26.625271+0800	Runner	flutter: │         "events": [
默认	11:32:26.625279+0800	Runner	flutter: │           {
默认	11:32:26.625320+0800	Runner	flutter: │             "index": 0,
默认	11:32:26.625372+0800	Runner	flutter: │             "event_id": "eb8d543f-45e0-4f8d-9adf-b35944a6bb60",
默认	11:32:26.625405+0800	Runner	flutter: │             "event_name": "search_true_result",
默认	11:32:26.625443+0800	Runner	flutter: │             "status": "accepted"
默认	11:32:26.625597+0800	Runner	flutter: │           }
默认	11:32:26.625612+0800	Runner	flutter: │         ]
默认	11:32:26.625621+0800	Runner	flutter: │       }
默认	11:32:26.625629+0800	Runner	flutter: │     }
默认	11:32:26.625675+0800	Runner	flutter: │   ]
默认	11:32:26.625718+0800	Runner	flutter: │ }
默认	11:32:26.625809+0800	Runner	flutter: └───────────────────────────────────────────────────────────────────────────────────────────────────
默认	11:32:26.951777+0800	Runner	flutter: ┌───────────────────────────────────────────────────────────────────────────────────────────────────
默认	11:32:26.951963+0800	Runner	flutter: │ [HTTP] <-- 200 POST https://api.truthy.top/gateway/invoke service=tool.people_insight.SearchService method=ListTaskCandidates
默认	11:32:26.952009+0800	Runner	flutter: └───────────────────────────────────────────────────────────────────────────────────────────────────
默认	11:32:26.953499+0800	Runner	flutter: ┌───────────────────────────────────────────────────────────────────────────────────────────────────
默认	11:32:26.953538+0800	Runner	flutter: │ [HTTP] response:
默认	11:32:26.953566+0800	Runner	flutter: │ {
默认	11:32:26.953583+0800	Runner	flutter: │   "code": 0,
默认	11:32:26.953635+0800	Runner	flutter: │   "message": "ok",
默认	11:32:26.953681+0800	Runner	flutter: │   "request_id": "gw_req_58ae8c3343f35ee305180f9518621b81",
默认	11:32:26.953730+0800	Runner	flutter: │   "trace_id": "trace_eef3b3d53f8cb5cbf26079773d822f71",
默认	11:32:26.953836+0800	Runner	flutter: │   "responses": [
默认	11:32:26.953847+0800	Runner	flutter: │     {
默认	11:32:26.953898+0800	Runner	flutter: │       "id": "req_0",
默认	11:32:26.953953+0800	Runner	flutter: │       "success": true,
默认	11:32:26.953965+0800	Runner	flutter: │       "code": 0,
默认	11:32:26.954118+0800	Runner	flutter: │       "message": "ok",
默认	11:32:26.954133+0800	Runner	flutter: │       "data": {
默认	11:32:26.954140+0800	Runner	flutter: │         "empty_reason": "",
默认	11:32:26.954282+0800	Runner	flutter: │         "items": [
默认	11:32:26.954296+0800	Runner	flutter: │           {
默认	11:32:26.954307+0800	Runner	flutter: │             "age": 0,
默认	11:32:26.954355+0800	Runner	flutter: │             "avatar_url": "",
默认	11:32:26.954380+0800	Runner	flutter: │             "candidate_id": "report_943c2e492f2ecd83e6e6f95a_candidate_4",
默认	11:32:26.954391+0800	Runner	flutter: │             "confidence_level": "LOW",
默认	11:32:26.954431+0800	Runner	flutter: │             "display_name": "joe lynn",
默认	11:32:26.954534+0800	Runner	flutter: │             "education": "heald college associate of arts associates; allan hancock college animation art general studies; lompoc high school",
默认	11:32:26.954559+0800	Runner	flutter: │             "evidence_count": 38,
默认	11:32:26.954601+0800	Runner	flutter: │             "headline": "basketball referee at los padres basketball officials association",
默认	11:32:26.954646+0800	Runner	flutter: │             "is_best_match": false,
默认	11:32:26.954685+0800	Runner	flutter: │             "is_top_result": true,
默认	11:32:26.954761+0800	Runner	flutter: │             "jobs": [
默认	11:32:26.954802+0800	Runner	flutter: │               "basketball referee at los padres basketball officials association"
默认	11:32:26.954848+0800	Runner	flutter: │             ],
默认	11:32:26.954891+0800	Runner	flutter: │             "location": "united states",
默认	11:32:26.954933+0800	Runner	flutter: │             "match_reasons": [
默认	11:32:26.954978+0800	Runner	flutter: │               "name"
默认	11:32:26.955027+0800	Runner	flutter: │             ],
默认	11:32:26.955075+0800	Runner	flutter: │             "match_score": 35,
默认	11:32:26.955176+0800	Runner	flutter: │             "matched_clue_types": [],
默认	11:32:26.955187+0800	Runner	flutter: │             "person_id": "pdl:0VZv-bgBv8O4bSlSP831RQ_0000",
默认	11:32:26.955333+0800	Runner	flutter: │             "profile_url": "https://linkedin.com/in/josephmarcuslynn",
默认	11:32:26.955344+0800	Runner	flutter: │             "rank_breakdown": {
默认	11:32:26.955353+0800	Runner	flutter: │               "data_completeness": 0.8,
默认	11:32:26.955394+0800	Runner	flutter: │               "geo_relevance": 0,
默认	11:32:26.955435+0800	Runner	flutter: │               "public_influence": 0,
默认	11:32:26.955472+0800	Runner	flutter: │               "social_activity": 0,
默认	11:32:26.955518+0800	Runner	flutter: │               "social_richness": 0.5
默认	11:32:26.955595+0800	Runner	flutter: │             },
默认	11:32:26.955609+0800	Runner	flutter: │             "rank_score": 0.405,
默认	11:32:26.955758+0800	Runner	flutter: │             "rank_version": "candidate_ranking_v1",
默认	11:32:26.955837+0800	Runner	flutter: │             "social_links": [
默认	11:32:26.955877+0800	Runner	flutter: │               {
默认	11:32:26.955888+0800	Runner	flutter: │                 "platform": "linkedin",
默认	11:32:26.955928+0800	Runner	flutter: │                 "url": "https://linkedin.com/in/josephmarcuslynn",
默认	11:32:26.955940+0800	Runner	flutter: │                 "username": "josephmarcuslynn"
默认	11:32:26.955949+0800	Runner	flutter: │               },
默认	11:32:26.955993+0800	Runner	flutter: │               {
默认	11:32:26.956032+0800	Runner	flutter: │                 "platform": "facebook",
默认	11:32:26.956072+0800	Runner	flutter: │                 "url": "https://facebook.com/stlynnatic",
默认	11:32:26.956212+0800	Runner	flutter: │                 "username": "stlynnatic"
默认	11:32:26.956238+0800	Runner	flutter: │               },
默认	11:32:26.956248+0800	Runner	flutter: │               {
默认	11:32:26.956299+0800	Runner	flutter: │                 "platform": "x",
默认	11:32:26.956311+0800	Runner	flutter: │                 "url": "https://twitter.com/stlynnatic",
默认	11:32:26.956351+0800	Runner	flutter: │                 "username": "stlynnatic"
默认	11:32:26.956392+0800	Runner	flutter: │               },
默认	11:32:26.956492+0800	Runner	flutter: │               {
默认	11:32:26.956506+0800	Runner	flutter: │                 "platform": "linkedin",
默认	11:32:26.956546+0800	Runner	flutter: │                 "url": "https://linkedin.com/in/joseph-lynn-51992253",
默认	11:32:26.956583+0800	Runner	flutter: │                 "username": "joseph-lynn-51992253"
默认	11:32:26.956623+0800	Runner	flutter: │               }
默认	11:32:26.956749+0800	Runner	flutter: │             ],
默认	11:32:26.956760+0800	Runner	flutter: │             "social_platforms": [
默认	11:32:26.956768+0800	Runner	flutter: │               "linkedin",
默认	11:32:26.956808+0800	Runner	flutter: │               "facebook",
默认	11:32:26.956875+0800	Runner	flutter: │               "x"
默认	11:32:26.956917+0800	Runner	flutter: │             ],
默认	11:32:26.956954+0800	Runner	flutter: │             "source": "people_data_labs",
默认	11:32:26.956996+0800	Runner	flutter: │             "source_provider": "people_data_labs"
默认	11:32:26.957036+0800	Runner	flutter: │           },
默认	11:32:26.957319+0800	Runner	flutter: │           {
默认	11:32:26.957334+0800	Runner	flutter: │             "age": 0,
默认	11:32:26.957345+0800	Runner	flutter: │             "avatar_url": "",
默认	11:32:26.957354+0800	Runner	flutter: │             "candidate_id": "report_943c2e492f2ecd83e6e6f95a_candidate_1",
默认	11:32:26.957361+0800	Runner	flutter: │             "confidence_level": "LOW",
默认	11:32:26.957370+0800	Runner	flutter: │             "display_name": "joe lynn",
默认	11:32:26.957426+0800	Runner	flutter: │             "education": "dollar tree stores bachelors bachelor of arts; michigan state university bachelor of arts bachelors; michigan state university",
默认	11:32:26.957448+0800	Runner	flutter: │             "evidence_count": 38,
默认	11:32:26.957470+0800	Runner	flutter: │             "headline": "engineer at wgn-tv",
默认	11:32:26.957513+0800	Runner	flutter: │             "is_best_match": false,
默认	11:32:26.957597+0800	Runner	flutter: │             "is_top_result": false,
默认	11:32:26.957612+0800	Runner	flutter: │             "jobs": [
默认	11:32:26.957659+0800	Runner	flutter: │               "engineer at wgn-tv"
默认	11:32:26.957700+0800	Runner	flutter: │             ],
默认	11:32:26.957742+0800	Runner	flutter: │             "location": "united states",
默认	11:32:26.957787+0800	Runner	flutter: │             "match_reasons": [
默认	11:32:26.957905+0800	Runner	flutter: │               "name"
默认	11:32:26.958127+0800	Runner	flutter: │             ],
默认	11:32:26.958159+0800	Runner	flutter: │             "match_score": 35,
默认	11:32:26.958177+0800	Runner	flutter: │             "matched_clue_types": [],
默认	11:32:26.958267+0800	Runner	flutter: │             "person_id": "pdl:JhSMMUcePXAeXgX4bZ0MXg_0000",
默认	11:32:26.958455+0800	Runner	flutter: │             "profile_url": "https://linkedin.com/in/joe-lynn-8514b515",
默认	11:32:26.958477+0800	Runner	flutter: │             "rank_breakdown": {
默认	11:32:26.958549+0800	Runner	flutter: │               "data_completeness": 0.8,
默认	11:32:26.958647+0800	Runner	flutter: │               "geo_relevance": 0,
默认	11:32:26.958731+0800	Runner	flutter: │               "public_influence": 0,
默认	11:32:26.958811+0800	Runner	flutter: │               "social_activity": 0,
默认	11:32:26.958894+0800	Runner	flutter: │               "social_richness": 0.5
默认	11:32:26.959018+0800	Runner	flutter: │             },
默认	11:32:26.959110+0800	Runner	flutter: │             "rank_score": 0.405,
默认	11:32:26.959189+0800	Runner	flutter: │             "rank_version": "candidate_ranking_v1",
默认	11:32:26.959270+0800	Runner	flutter: │             "social_links": [
默认	11:32:26.959391+0800	Runner	flutter: │               {
默认	11:32:26.959470+0800	Runner	flutter: │                 "platform": "linkedin",
默认	11:32:26.959593+0800	Runner	flutter: │                 "url": "https://linkedin.com/in/joe-lynn-8514b515",
默认	11:32:26.959687+0800	Runner	flutter: │                 "username": "joe-lynn-8514b515"
默认	11:32:26.959758+0800	Runner	flutter: │               },
默认	11:32:26.959814+0800	Runner	flutter: │               {
默认	11:32:26.959883+0800	Runner	flutter: │                 "platform": "facebook",
默认	11:32:26.960004+0800	Runner	flutter: │                 "url": "https://facebook.com/josephlynniv",
默认	11:32:26.960021+0800	Runner	flutter: │                 "username": "josephlynniv"
默认	11:32:26.960180+0800	Runner	flutter: │               },
默认	11:32:26.960196+0800	Runner	flutter: │               {
默认	11:32:26.960247+0800	Runner	flutter: │                 "platform": "youtube",
默认	11:32:26.960333+0800	Runner	flutter: │                 "url": "https://youtube.com/user/jknecht",
默认	11:32:26.960434+0800	Runner	flutter: │                 "username": "jknecht"
默认	11:32:26.961061+0800	Runner	flutter: │               }
默认	11:32:26.961071+0800	Runner	flutter: │             ],
默认	11:32:26.961080+0800	Runner	flutter: │             "social_platforms": [
默认	11:32:26.961088+0800	Runner	flutter: │               "linkedin",
默认	11:32:26.961097+0800	Runner	flutter: │               "facebook",
默认	11:32:26.961106+0800	Runner	flutter: │               "youtube"
默认	11:32:26.961113+0800	Runner	flutter: │             ],
默认	11:32:26.961127+0800	Runner	flutter: │             "source": "people_data_labs",
默认	11:32:26.961134+0800	Runner	flutter: │             "source_provider": "people_data_labs"
默认	11:32:26.961142+0800	Runner	flutter: │           },
默认	11:32:26.961149+0800	Runner	flutter: │           {
默认	11:32:26.961157+0800	Runner	flutter: │             "age": 0,
默认	11:32:26.961230+0800	Runner	flutter: │             "avatar_url": "",
默认	11:32:26.961253+0800	Runner	flutter: │             "candidate_id": "report_943c2e492f2ecd83e6e6f95a_candidate_8",
默认	11:32:26.961267+0800	Runner	flutter: │             "confidence_level": "LOW",
默认	11:32:26.961304+0800	Runner	flutter: │             "display_name": "joe lynn",
默认	11:32:26.961355+0800	Runner	flutter: │             "education": "freed - hardeman university bachelor of science bachelors; north attleboro high school; freed–hardeman university mathematics",
默认	11:32:26.961532+0800	Runner	flutter: │             "evidence_count": 38,
默认	11:32:26.961543+0800	Runner	flutter: │             "headline": "actuarial associate at cash balance actuaries, llc",
默认	11:32:26.961555+0800	Runner	flutter: │             "is_best_match": false,
默认	11:32:26.961566+0800	Runner	flutter: │             "is_top_result": false,
默认	11:32:26.961791+0800	Runner	flutter: │             "jobs": [
默认	11:32:26.961808+0800	Runner	flutter: │               "actuarial associate at cash balance actuaries, llc"
默认	11:32:26.961817+0800	Runner	flutter: │             ],
默认	11:32:26.961826+0800	Runner	flutter: │             "location": "united states",
默认	11:32:26.961915+0800	Runner	flutter: │             "match_reasons": [
默认	11:32:26.961925+0800	Runner	flutter: │               "name"
默认	11:32:26.961935+0800	Runner	flutter: │             ],
默认	11:32:26.961986+0800	Runner	flutter: │             "match_score": 35,
默认	11:32:26.961996+0800	Runner	flutter: │             "matched_clue_types": [],
默认	11:32:26.962032+0800	Runner	flutter: │             "person_id": "pdl:5KEYGvA65fsnFr0F51JEbA_0000",
默认	11:32:26.962119+0800	Runner	flutter: │             "profile_url": "https://linkedin.com/in/joelynn",
默认	11:32:26.962130+0800	Runner	flutter: │             "rank_breakdown": {
默认	11:32:26.962172+0800	Runner	flutter: │               "data_completeness": 0.8,
默认	11:32:26.962564+0800	Runner	flutter: │               "geo_relevance": 0,
默认	11:32:26.962589+0800	Runner	flutter: │               "public_influence": 0,
默认	11:32:26.962599+0800	Runner	flutter: │               "social_activity": 0,
默认	11:32:26.962606+0800	Runner	flutter: │               "social_richness": 0.5
默认	11:32:26.962625+0800	Runner	flutter: │             },
默认	11:32:26.962636+0800	Runner	flutter: │             "rank_score": 0.405,
默认	11:32:26.962682+0800	Runner	flutter: │             "rank_version": "candidate_ranking_v1",
默认	11:32:26.962708+0800	Runner	flutter: │             "social_links": [
默认	11:32:26.962719+0800	Runner	flutter: │               {
默认	11:32:26.962728+0800	Runner	flutter: │                 "platform": "linkedin",
默认	11:32:26.962738+0800	Runner	flutter: │                 "url": "https://linkedin.com/in/joelynn",
默认	11:32:26.962785+0800	Runner	flutter: │                 "username": "joelynn"
默认	11:32:26.962796+0800	Runner	flutter: │               },
默认	11:32:26.962817+0800	Runner	flutter: │               {
默认	11:32:26.962908+0800	Runner	flutter: │                 "platform": "facebook",
默认	11:32:26.962919+0800	Runner	flutter: │                 "url": "https://facebook.com/joelynn",
默认	11:32:26.962965+0800	Runner	flutter: │                 "username": "joelynn"
默认	11:32:26.963004+0800	Runner	flutter: │               },
默认	11:32:26.963062+0800	Runner	flutter: │               {
默认	11:32:26.963102+0800	Runner	flutter: │                 "platform": "x",
默认	11:32:26.963150+0800	Runner	flutter: │                 "url": "https://twitter.com/joelynn84",
默认	11:32:26.963188+0800	Runner	flutter: │                 "username": "joelynn84"
默认	11:32:26.963300+0800	Runner	flutter: │               }
默认	11:32:26.963311+0800	Runner	flutter: │             ],
默认	11:32:26.963350+0800	Runner	flutter: │             "social_platforms": [
默认	11:32:26.963390+0800	Runner	flutter: │               "linkedin",
默认	11:32:26.963428+0800	Runner	flutter: │               "facebook",
默认	11:32:26.963586+0800	Runner	flutter: │               "x"
默认	11:32:26.963654+0800	Runner	flutter: │             ],
默认	11:32:26.963699+0800	Runner	flutter: │             "source": "people_data_labs",
默认	11:32:26.963711+0800	Runner	flutter: │             "source_provider": "people_data_labs"
默认	11:32:26.963720+0800	Runner	flutter: │           },
默认	11:32:26.963728+0800	Runner	flutter: │           {
默认	11:32:26.963737+0800	Runner	flutter: │             "age": 0,
默认	11:32:26.963789+0800	Runner	flutter: │             "avatar_url": "",
默认	11:32:26.963831+0800	Runner	flutter: │             "candidate_id": "report_943c2e492f2ecd83e6e6f95a_candidate_2",
默认	11:32:26.963877+0800	Runner	flutter: │             "confidence_level": "LOW",
默认	11:32:26.963942+0800	Runner	flutter: │             "display_name": "joe lynn",
默认	11:32:26.963993+0800	Runner	flutter: │             "education": "california state university, long beach bachelor of arts bachelors; cal state university; carlsbad high school",
默认	11:32:26.964040+0800	Runner	flutter: │             "evidence_count": 38,
默认	11:32:26.964145+0800	Runner	flutter: │             "headline": "video qc at lmg, llc",
默认	11:32:26.964155+0800	Runner	flutter: │             "is_best_match": false,
默认	11:32:26.964209+0800	Runner	flutter: │             "is_top_result": false,
默认	11:32:26.964219+0800	Runner	flutter: │             "jobs": [
默认	11:32:26.964274+0800	Runner	flutter: │               "video qc at lmg, llc"
默认	11:32:26.964349+0800	Runner	flutter: │             ],
默认	11:32:26.964363+0800	Runner	flutter: │             "location": "united states",
默认	11:32:26.964426+0800	Runner	flutter: │             "match_reasons": [
默认	11:32:26.964464+0800	Runner	flutter: │               "name"
默认	11:32:26.964503+0800	Runner	flutter: │             ],
默认	11:32:26.964653+0800	Runner	flutter: │             "match_score": 35,
默认	11:32:26.964667+0800	Runner	flutter: │             "matched_clue_types": [],
默认	11:32:26.964677+0800	Runner	flutter: │             "person_id": "pdl:Sf-r6Iw0D2d9AvbXeK9xfA_0000",
默认	11:32:26.964814+0800	Runner	flutter: │             "profile_url": "https://linkedin.com/in/joe-lynn-5b716726",
默认	11:32:26.964827+0800	Runner	flutter: │             "rank_breakdown": {
默认	11:32:26.964835+0800	Runner	flutter: │               "data_completeness": 0.8,
默认	11:32:26.964896+0800	Runner	flutter: │               "geo_relevance": 0,
默认	11:32:26.964937+0800	Runner	flutter: │               "public_influence": 0,
默认	11:32:26.964979+0800	Runner	flutter: │               "social_activity": 0,
默认	11:32:26.965085+0800	Runner	flutter: │               "social_richness": 0.3333
默认	11:32:26.965096+0800	Runner	flutter: │             },
默认	11:32:26.965135+0800	Runner	flutter: │             "rank_score": 0.3633,
默认	11:32:26.965171+0800	Runner	flutter: │             "rank_version": "candidate_ranking_v1",
默认	11:32:26.965209+0800	Runner	flutter: │             "social_links": [
默认	11:32:26.965272+0800	Runner	flutter: │               {
默认	11:32:26.965312+0800	Runner	flutter: │                 "platform": "linkedin",
默认	11:32:26.965367+0800	Runner	flutter: │                 "url": "https://linkedin.com/in/joe-lynn-5b716726",
默认	11:32:26.965414+0800	Runner	flutter: │                 "username": "joe-lynn-5b716726"
默认	11:32:26.965454+0800	Runner	flutter: │               },
默认	11:32:26.965514+0800	Runner	flutter: │               {
默认	11:32:26.965553+0800	Runner	flutter: │                 "platform": "facebook",
默认	11:32:26.965617+0800	Runner	flutter: │                 "url": "https://facebook.com/joelynnn",
默认	11:32:26.965662+0800	Runner	flutter: │                 "username": "joelynnn"
默认	11:32:26.965708+0800	Runner	flutter: │               }
默认	11:32:26.965754+0800	Runner	flutter: │             ],
默认	11:32:26.965811+0800	Runner	flutter: │             "social_platforms": [
默认	11:32:26.965852+0800	Runner	flutter: │               "linkedin",
默认	11:32:26.965905+0800	Runner	flutter: │               "facebook"
默认	11:32:26.965945+0800	Runner	flutter: │             ],
默认	11:32:26.966006+0800	Runner	flutter: │             "source": "people_data_labs",
默认	11:32:26.966119+0800	Runner	flutter: │             "source_provider": "people_data_labs"
默认	11:32:26.966130+0800	Runner	flutter: │           },
默认	11:32:26.966166+0800	Runner	flutter: │           {
默认	11:32:26.966204+0800	Runner	flutter: │             "age": 0,
默认	11:32:26.966259+0800	Runner	flutter: │             "avatar_url": "",
默认	11:32:26.966304+0800	Runner	flutter: │             "candidate_id": "report_943c2e492f2ecd83e6e6f95a_candidate_3",
默认	11:32:26.966543+0800	Runner	flutter: │             "confidence_level": "LOW",
默认	11:32:26.966569+0800	Runner	flutter: │             "display_name": "joe lynn",
默认	11:32:26.966586+0800	Runner	flutter: │             "education": "university of iowa masters; university of iowa bachelor of business administration bachelors; iowa city west high school",
默认	11:32:26.966705+0800	Runner	flutter: │             "evidence_count": 38,
默认	11:32:26.966716+0800	Runner	flutter: │             "headline": "director at forvis mazars us",
默认	11:32:26.966725+0800	Runner	flutter: │             "is_best_match": false,
默认	11:32:26.966732+0800	Runner	flutter: │             "is_top_result": false,
默认	11:32:26.966797+0800	Runner	flutter: │             "jobs": [
默认	11:32:26.966809+0800	Runner	flutter: │               "director at forvis mazars us"
默认	11:32:26.966816+0800	Runner	flutter: │             ],
默认	11:32:26.966855+0800	Runner	flutter: │             "location": "united states",
默认	11:32:26.966928+0800	Runner	flutter: │             "match_reasons": [
默认	11:32:26.967041+0800	Runner	flutter: │               "name"
默认	11:32:26.967096+0800	Runner	flutter: │             ],
默认	11:32:26.967145+0800	Runner	flutter: │             "match_score": 35,
默认	11:32:26.967156+0800	Runner	flutter: │             "matched_clue_types": [],
默认	11:32:26.967164+0800	Runner	flutter: │             "person_id": "pdl:u7qtz7Jr10AVb5Jw5ctUnw_0000",
默认	11:32:26.967204+0800	Runner	flutter: │             "profile_url": "https://linkedin.com/in/joe-lynn-10204b59",
默认	11:32:26.967299+0800	Runner	flutter: │             "rank_breakdown": {
默认	11:32:26.967310+0800	Runner	flutter: │               "data_completeness": 0.8,
默认	11:32:26.967372+0800	Runner	flutter: │               "geo_relevance": 0,
默认	11:32:26.967417+0800	Runner	flutter: │               "public_influence": 0,
默认	11:32:26.967458+0800	Runner	flutter: │               "social_activity": 0,
默认	11:32:26.967499+0800	Runner	flutter: │               "social_richness": 0.3333
默认	11:32:26.967622+0800	Runner	flutter: │             },
默认	11:32:26.967636+0800	Runner	flutter: │             "rank_score": 0.3633,
默认	11:32:26.967739+0800	Runner	flutter: │             "rank_version": "candidate_ranking_v1",
默认	11:32:26.967750+0800	Runner	flutter: │             "social_links": [
默认	11:32:26.967787+0800	Runner	flutter: │               {
默认	11:32:26.967881+0800	Runner	flutter: │                 "platform": "linkedin",
默认	11:32:26.967892+0800	Runner	flutter: │                 "url": "https://linkedin.com/in/joe-lynn-10204b59",
默认	11:32:26.967930+0800	Runner	flutter: │                 "username": "joe-lynn-10204b59"
默认	11:32:26.968024+0800	Runner	flutter: │               },
默认	11:32:26.968097+0800	Runner	flutter: │               {
默认	11:32:26.968161+0800	Runner	flutter: │                 "platform": "facebook",
默认	11:32:26.968173+0800	Runner	flutter: │                 "url": "https://facebook.com/joe.lynn.75",
默认	11:32:26.968183+0800	Runner	flutter: │                 "username": "joe.lynn.75"
默认	11:32:26.968214+0800	Runner	flutter: │               }
默认	11:32:26.968264+0800	Runner	flutter: │             ],
默认	11:32:26.968308+0800	Runner	flutter: │             "social_platforms": [
默认	11:32:26.968348+0800	Runner	flutter: │               "linkedin",
默认	11:32:26.968411+0800	Runner	flutter: │               "facebook"
默认	11:32:26.968465+0800	Runner	flutter: │             ],
默认	11:32:26.968595+0800	Runner	flutter: │             "source": "people_data_labs",
默认	11:32:26.968607+0800	Runner	flutter: │             "source_provider": "people_data_labs"
默认	11:32:26.968803+0800	Runner	flutter: │           },
默认	11:32:26.968816+0800	Runner	flutter: │           {
默认	11:32:26.968826+0800	Runner	flutter: │             "age": 0,
默认	11:32:26.968835+0800	Runner	flutter: │             "avatar_url": "",
默认	11:32:26.968878+0800	Runner	flutter: │             "candidate_id": "report_943c2e492f2ecd83e6e6f95a_candidate_5",
默认	11:32:26.968889+0800	Runner	flutter: │             "confidence_level": "LOW",
默认	11:32:26.968961+0800	Runner	flutter: │             "display_name": "joe lynn",
默认	11:32:26.969007+0800	Runner	flutter: │             "education": "portland community college welding; hillsboro union high school, hillsboro oregon; hillsboro high school",
默认	11:32:26.969059+0800	Runner	flutter: │             "evidence_count": 38,
默认	11:32:26.969100+0800	Runner	flutter: │             "headline": "lead operator water reclamation facility at town of wellington",
默认	11:32:26.969141+0800	Runner	flutter: │             "is_best_match": false,
默认	11:32:26.969201+0800	Runner	flutter: │             "is_top_result": false,
默认	11:32:26.969244+0800	Runner	flutter: │             "jobs": [
默认	11:32:26.969286+0800	Runner	flutter: │               "lead operator water reclamation facility at town of wellington"
默认	11:32:26.969346+0800	Runner	flutter: │             ],
默认	11:32:26.969429+0800	Runner	flutter: │             "location": "united states",
默认	11:32:26.969440+0800	Runner	flutter: │             "match_reasons": [
默认	11:32:26.969531+0800	Runner	flutter: │               "name"
默认	11:32:26.969542+0800	Runner	flutter: │             ],
默认	11:32:26.969585+0800	Runner	flutter: │             "match_score": 35,
默认	11:32:26.969679+0800	Runner	flutter: │             "matched_clue_types": [],
默认	11:32:26.969691+0800	Runner	flutter: │             "person_id": "pdl:vFKW1VBtLMIQ032psYDtBg_0000",
默认	11:32:26.969728+0800	Runner	flutter: │             "profile_url": "https://linkedin.com/in/joe-lynn-357a7b6a",
默认	11:32:26.969803+0800	Runner	flutter: │             "rank_breakdown": {
默认	11:32:26.969841+0800	Runner	flutter: │               "data_completeness": 0.8,
默认	11:32:26.969881+0800	Runner	flutter: │               "geo_relevance": 0,
默认	11:32:26.969924+0800	Runner	flutter: │               "public_influence": 0,
默认	11:32:26.970002+0800	Runner	flutter: │               "social_activity": 0,
默认	11:32:26.970026+0800	Runner	flutter: │               "social_richness": 0.3333
默认	11:32:26.970065+0800	Runner	flutter: │             },
默认	11:32:26.970156+0800	Runner	flutter: │             "rank_score": 0.3633,
默认	11:32:26.970170+0800	Runner	flutter: │             "rank_version": "candidate_ranking_v1",
默认	11:32:26.970206+0800	Runner	flutter: │             "social_links": [
默认	11:32:26.970253+0800	Runner	flutter: │               {
默认	11:32:26.970412+0800	Runner	flutter: │                 "platform": "linkedin",
默认	11:32:26.970441+0800	Runner	flutter: │                 "url": "https://linkedin.com/in/joe-lynn-357a7b6a",
默认	11:32:26.970479+0800	Runner	flutter: │                 "username": "joe-lynn-357a7b6a"
默认	11:32:26.970489+0800	Runner	flutter: │               },
默认	11:32:26.970560+0800	Runner	flutter: │               {
默认	11:32:26.970571+0800	Runner	flutter: │                 "platform": "facebook",
默认	11:32:26.970669+0800	Runner	flutter: │                 "url": "https://facebook.com/joe.lynn.56",
默认	11:32:26.970693+0800	Runner	flutter: │                 "username": "joe.lynn.56"
默认	11:32:26.970705+0800	Runner	flutter: │               }
默认	11:32:26.970756+0800	Runner	flutter: │             ],
默认	11:32:26.970797+0800	Runner	flutter: │             "social_platforms": [
默认	11:32:26.970897+0800	Runner	flutter: │               "linkedin",
默认	11:32:26.970968+0800	Runner	flutter: │               "facebook"
默认	11:32:26.970979+0800	Runner	flutter: │             ],
默认	11:32:26.970988+0800	Runner	flutter: │             "source": "people_data_labs",
默认	11:32:26.971026+0800	Runner	flutter: │             "source_provider": "people_data_labs"
默认	11:32:26.971071+0800	Runner	flutter: │           },
默认	11:32:26.971113+0800	Runner	flutter: │           {
默认	11:32:26.971158+0800	Runner	flutter: │             "age": 0,
默认	11:32:26.971301+0800	Runner	flutter: │             "avatar_url": "",
默认	11:32:26.971313+0800	Runner	flutter: │             "candidate_id": "report_943c2e492f2ecd83e6e6f95a_candidate_6",
默认	11:32:26.971322+0800	Runner	flutter: │             "confidence_level": "LOW",
默认	11:32:26.971360+0800	Runner	flutter: │             "display_name": "joe lynn",
默认	11:32:26.971455+0800	Runner	flutter: │             "education": "florida institute of technology master of science masters; georgia institute of technology bachelor of science bachelors; florida institute of technology",
默认	11:32:26.971488+0800	Runner	flutter: │             "evidence_count": 38,
默认	11:32:26.971607+0800	Runner	flutter: │             "headline": "vice president technology at synergia",
默认	11:32:26.971748+0800	Runner	flutter: │             "is_best_match": false,
默认	11:32:26.971760+0800	Runner	flutter: │             "is_top_result": false,
默认	11:32:26.971802+0800	Runner	flutter: │             "jobs": [
默认	11:32:26.971862+0800	Runner	flutter: │               "vice president technology at synergia"
默认	11:32:26.971909+0800	Runner	flutter: │             ],
默认	11:32:26.971992+0800	Runner	flutter: │             "location": "united states",
默认	11:32:26.972079+0800	Runner	flutter: │             "match_reasons": [
默认	11:32:26.972193+0800	Runner	flutter: │               "name"
默认	11:32:26.972301+0800	Runner	flutter: │             ],
默认	11:32:26.972312+0800	Runner	flutter: │             "match_score": 35,
默认	11:32:26.972321+0800	Runner	flutter: │             "matched_clue_types": [],
默认	11:32:26.972332+0800	Runner	flutter: │             "person_id": "pdl:VgSeMPUfCiES847Gif22Yw_0000",
默认	11:32:26.972341+0800	Runner	flutter: │             "profile_url": "https://linkedin.com/in/joe-lynn-6619494",
默认	11:32:26.972349+0800	Runner	flutter: │             "rank_breakdown": {
默认	11:32:26.972651+0800	Runner	flutter: │               "data_completeness": 0.8,
默认	11:32:26.972697+0800	Runner	flutter: │               "geo_relevance": 0,
默认	11:32:26.972757+0800	Runner	flutter: │               "public_influence": 0,
默认	11:32:26.972769+0800	Runner	flutter: │               "social_activity": 0,
默认	11:32:26.972781+0800	Runner	flutter: │               "social_richness": 0.3333
默认	11:32:26.972958+0800	Runner	flutter: │             },
默认	11:32:26.972970+0800	Runner	flutter: │             "rank_score": 0.3633,
默认	11:32:26.972996+0800	Runner	flutter: │             "rank_version": "candidate_ranking_v1",
默认	11:32:26.973737+0800	Runner	flutter: │             "social_links": [
默认	11:32:26.973767+0800	Runner	flutter: │               {
默认	11:32:26.974605+0800	Runner	flutter: │                 "platform": "linkedin",
默认	11:32:26.974637+0800	Runner	flutter: │                 "url": "https://linkedin.com/in/joe-lynn-6619494",
默认	11:32:26.974667+0800	Runner	flutter: │                 "username": "joe-lynn-6619494"
默认	11:32:26.974678+0800	Runner	flutter: │               },
默认	11:32:26.974689+0800	Runner	flutter: │               {
默认	11:32:26.974699+0800	Runner	flutter: │                 "platform": "facebook",
默认	11:32:26.974708+0800	Runner	flutter: │                 "url": "https://facebook.com/joe.lynn.9231",
默认	11:32:26.974828+0800	Runner	flutter: │                 "username": "joe.lynn.9231"
默认	11:32:26.974837+0800	Runner	flutter: │               }
默认	11:32:26.975203+0800	Runner	flutter: │             ],
默认	11:32:26.975214+0800	Runner	flutter: │             "social_platforms": [
默认	11:32:26.975224+0800	Runner	flutter: │               "linkedin",
默认	11:32:26.975245+0800	Runner	flutter: │               "facebook"
默认	11:32:26.975255+0800	Runner	flutter: │             ],
默认	11:32:26.975265+0800	Runner	flutter: │             "source": "people_data_labs",
默认	11:32:26.975274+0800	Runner	flutter: │             "source_provider": "people_data_labs"
默认	11:32:26.975313+0800	Runner	flutter: │           },
默认	11:32:26.975322+0800	Runner	flutter: │           {
默认	11:32:26.975331+0800	Runner	flutter: │             "age": 0,
默认	11:32:26.975353+0800	Runner	flutter: │             "avatar_url": "",
默认	11:32:26.975390+0800	Runner	flutter: │             "candidate_id": "report_943c2e492f2ecd83e6e6f95a_candidate_9",
默认	11:32:26.975403+0800	Runner	flutter: │             "confidence_level": "LOW",
默认	11:32:26.975461+0800	Runner	flutter: │             "display_name": "joe lynn",
默认	11:32:26.975575+0800	Runner	flutter: │             "education": "berklee college of music; university of macau chinese law; anziif associates",
默认	11:32:26.975589+0800	Runner	flutter: │             "evidence_count": 38,
默认	11:32:26.975600+0800	Runner	flutter: │             "headline": "retiree & occasional songwriter and music video editor at stay home",
默认	11:32:26.975611+0800	Runner	flutter: │             "is_best_match": false,
默认	11:32:26.975624+0800	Runner	flutter: │             "is_top_result": false,
默认	11:32:26.975636+0800	Runner	flutter: │             "jobs": [
默认	11:32:26.975646+0800	Runner	flutter: │               "retiree & occasional songwriter and music video editor at stay home"
默认	11:32:26.975657+0800	Runner	flutter: │             ],
默认	11:32:26.975668+0800	Runner	flutter: │             "location": "united states",
默认	11:32:26.975677+0800	Runner	flutter: │             "match_reasons": [
默认	11:32:26.975687+0800	Runner	flutter: │               "name"
默认	11:32:26.975698+0800	Runner	flutter: │             ],
默认	11:32:26.975708+0800	Runner	flutter: │             "match_score": 35,
默认	11:32:26.975819+0800	Runner	flutter: │             "matched_clue_types": [],
默认	11:32:26.975831+0800	Runner	flutter: │             "person_id": "pdl:WT12XB2uqIaRBkos57YVLA_0000",
默认	11:32:26.975841+0800	Runner	flutter: │             "profile_url": "https://linkedin.com/in/joe-lynn-b6590280",
默认	11:32:26.975852+0800	Runner	flutter: │             "rank_breakdown": {
默认	11:32:26.975872+0800	Runner	flutter: │               "data_completeness": 0.8,
默认	11:32:26.975893+0800	Runner	flutter: │               "geo_relevance": 0,
默认	11:32:26.975966+0800	Runner	flutter: │               "public_influence": 0,
默认	11:32:26.976011+0800	Runner	flutter: │               "social_activity": 0,
默认	11:32:26.976030+0800	Runner	flutter: │               "social_richness": 0.3333
默认	11:32:26.976044+0800	Runner	flutter: │             },
默认	11:32:26.976109+0800	Runner	flutter: │             "rank_score": 0.3633,
默认	11:32:26.976120+0800	Runner	flutter: │             "rank_version": "candidate_ranking_v1",
默认	11:32:26.976162+0800	Runner	flutter: │             "social_links": [
默认	11:32:26.976174+0800	Runner	flutter: │               {
默认	11:32:26.976185+0800	Runner	flutter: │                 "platform": "linkedin",
默认	11:32:26.976193+0800	Runner	flutter: │                 "url": "https://linkedin.com/in/joe-lynn-b6590280",
默认	11:32:26.976202+0800	Runner	flutter: │                 "username": "joe-lynn-b6590280"
默认	11:32:26.976349+0800	Runner	flutter: │               },
默认	11:32:26.976389+0800	Runner	flutter: │               {
默认	11:32:26.976401+0800	Runner	flutter: │                 "platform": "facebook",
默认	11:32:26.976411+0800	Runner	flutter: │                 "url": "https://facebook.com/joeyguitar",
默认	11:32:26.976459+0800	Runner	flutter: │                 "username": "joeyguitar"
默认	11:32:26.976479+0800	Runner	flutter: │               }
默认	11:32:26.976495+0800	Runner	flutter: │             ],
默认	11:32:26.976515+0800	Runner	flutter: │             "social_platforms": [
默认	11:32:26.976665+0800	Runner	flutter: │               "linkedin",
默认	11:32:26.976706+0800	Runner	flutter: │               "facebook"
默认	11:32:26.976779+0800	Runner	flutter: │             ],
默认	11:32:26.976821+0800	Runner	flutter: │             "source": "people_data_labs",
默认	11:32:26.976840+0800	Runner	flutter: │             "source_provider": "people_data_labs"
默认	11:32:26.976875+0800	Runner	flutter: │           },
默认	11:32:26.976892+0800	Runner	flutter: │           {
默认	11:32:26.976902+0800	Runner	flutter: │             "age": 0,
默认	11:32:26.976911+0800	Runner	flutter: │             "avatar_url": "",
默认	11:32:26.976919+0800	Runner	flutter: │             "candidate_id": "report_943c2e492f2ecd83e6e6f95a_candidate_10",
默认	11:32:26.976933+0800	Runner	flutter: │             "confidence_level": "LOW",
默认	11:32:26.976942+0800	Runner	flutter: │             "display_name": "joe lynn",
默认	11:32:26.976950+0800	Runner	flutter: │             "education": "uc san diego",
默认	11:32:26.976958+0800	Runner	flutter: │             "evidence_count": 38,
默认	11:32:26.977219+0800	Runner	flutter: │             "headline": "co-founder at freebie tv",
默认	11:32:26.977235+0800	Runner	flutter: │             "is_best_match": false,
默认	11:32:26.977251+0800	Runner	flutter: │             "is_top_result": false,
默认	11:32:26.977267+0800	Runner	flutter: │             "jobs": [
默认	11:32:26.977284+0800	Runner	flutter: │               "co-founder at freebie tv"
默认	11:32:26.977300+0800	Runner	flutter: │             ],
默认	11:32:26.977467+0800	Runner	flutter: │             "location": "united states",
默认	11:32:26.977487+0800	Runner	flutter: │             "match_reasons": [
默认	11:32:26.977497+0800	Runner	flutter: │               "name"
默认	11:32:26.977509+0800	Runner	flutter: │             ],
默认	11:32:26.977519+0800	Runner	flutter: │             "match_score": 35,
默认	11:32:26.977528+0800	Runner	flutter: │             "matched_clue_types": [],
默认	11:32:26.977535+0800	Runner	flutter: │             "person_id": "pdl:2QXBW-cWArccXSxmW66lTQ_0000",
默认	11:32:26.977545+0800	Runner	flutter: │             "profile_url": "https://linkedin.com/in/joe-l-0a1a8a69",
默认	11:32:26.977551+0800	Runner	flutter: │             "rank_breakdown": {
默认	11:32:26.977560+0800	Runner	flutter: │               "data_completeness": 0.8,
默认	11:32:26.977569+0800	Runner	flutter: │               "geo_relevance": 0,
默认	11:32:26.977576+0800	Runner	flutter: │               "public_influence": 0,
默认	11:32:26.977586+0800	Runner	flutter: │               "social_activity": 0,
默认	11:32:26.977593+0800	Runner	flutter: │               "social_richness": 0.1667
默认	11:32:26.977602+0800	Runner	flutter: │             },
默认	11:32:26.977611+0800	Runner	flutter: │             "rank_score": 0.3217,
默认	11:32:26.977619+0800	Runner	flutter: │             "rank_version": "candidate_ranking_v1",
默认	11:32:26.977627+0800	Runner	flutter: │             "social_links": [
默认	11:32:26.977637+0800	Runner	flutter: │               {
默认	11:32:26.977694+0800	Runner	flutter: │                 "platform": "linkedin",
默认	11:32:26.977725+0800	Runner	flutter: │                 "url": "https://linkedin.com/in/joe-l-0a1a8a69",
默认	11:32:26.977807+0800	Runner	flutter: │                 "username": "joe-l-0a1a8a69"
默认	11:32:26.977821+0800	Runner	flutter: │               },
默认	11:32:26.977843+0800	Runner	flutter: │               {
默认	11:32:26.977899+0800	Runner	flutter: │                 "platform": "linkedin",
默认	11:32:26.977916+0800	Runner	flutter: │                 "url": "https://linkedin.com/in/joe-lynn-0a1a8a69",
默认	11:32:26.977950+0800	Runner	flutter: │                 "username": "joe-lynn-0a1a8a69"
默认	11:32:26.977960+0800	Runner	flutter: │               }
默认	11:32:26.978069+0800	Runner	flutter: │             ],
默认	11:32:26.978094+0800	Runner	flutter: │             "social_platforms": [
默认	11:32:26.978115+0800	Runner	flutter: │               "linkedin"
默认	11:32:26.978125+0800	Runner	flutter: │             ],
默认	11:32:26.978144+0800	Runner	flutter: │             "source": "people_data_labs",
默认	11:32:26.978190+0800	Runner	flutter: │             "source_provider": "people_data_labs"
默认	11:32:26.978208+0800	Runner	flutter: │           },
默认	11:32:26.978226+0800	Runner	flutter: │           {
默认	11:32:26.978251+0800	Runner	flutter: │             "age": 0,
默认	11:32:26.978270+0800	Runner	flutter: │             "avatar_url": "",
默认	11:32:26.978307+0800	Runner	flutter: │             "candidate_id": "report_943c2e492f2ecd83e6e6f95a_candidate_7",
默认	11:32:26.979150+0800	Runner	flutter: │             "confidence_level": "LOW",
默认	11:32:26.979192+0800	Runner	flutter: │             "display_name": "joe lynn",
默认	11:32:26.979338+0800	Runner	flutter: │             "education": "fordham university bachelor of arts bachelors; fordham university",
默认	11:32:26.979372+0800	Runner	flutter: │             "evidence_count": 38,
默认	11:32:26.979382+0800	Runner	flutter: │             "headline": "production accountant at saturday night live",
默认	11:32:26.979391+0800	Runner	flutter: │             "is_best_match": false,
默认	11:32:26.979399+0800	Runner	flutter: │             "is_top_result": false,
默认	11:32:26.979409+0800	Runner	flutter: │             "jobs": [
默认	11:32:26.979474+0800	Runner	flutter: │               "production accountant at saturday night live"
默认	11:32:26.979484+0800	Runner	flutter: │             ],
默认	11:32:26.979492+0800	Runner	flutter: │             "location": "united states",
默认	11:32:26.979502+0800	Runner	flutter: │             "match_reasons": [
默认	11:32:26.979573+0800	Runner	flutter: │               "name"
默认	11:32:26.979584+0800	Runner	flutter: │             ],
默认	11:32:26.979594+0800	Runner	flutter: │             "match_score": 35,
默认	11:32:26.979604+0800	Runner	flutter: │             "matched_clue_types": [],
默认	11:32:26.979618+0800	Runner	flutter: │             "person_id": "pdl:z7atYw7M29hZfO33rKVSdw_0000",
默认	11:32:26.979626+0800	Runner	flutter: │             "profile_url": "https://linkedin.com/in/joe-lynn-3816a646",
默认	11:32:26.979635+0800	Runner	flutter: │             "rank_breakdown": {
默认	11:32:26.979644+0800	Runner	flutter: │               "data_completeness": 0.7,
默认	11:32:26.979654+0800	Runner	flutter: │               "geo_relevance": 0,
默认	11:32:26.979670+0800	Runner	flutter: │               "public_influence": 0,
默认	11:32:26.979679+0800	Runner	flutter: │               "social_activity": 0,
默认	11:32:26.979687+0800	Runner	flutter: │               "social_richness": 0.1667
默认	11:32:26.979778+0800	Runner	flutter: │             },
默认	11:32:26.979794+0800	Runner	flutter: │             "rank_score": 0.2867,
默认	11:32:26.979804+0800	Runner	flutter: │             "rank_version": "candidate_ranking_v1",
默认	11:32:26.979814+0800	Runner	flutter: │             "social_links": [
默认	11:32:26.979826+0800	Runner	flutter: │               {
默认	11:32:26.979849+0800	Runner	flutter: │                 "platform": "linkedin",
默认	11:32:26.979904+0800	Runner	flutter: │                 "url": "https://linkedin.com/in/joe-lynn-3816a646",
默认	11:32:26.979924+0800	Runner	flutter: │                 "username": "joe-lynn-3816a646"
默认	11:32:26.979943+0800	Runner	flutter: │               }
默认	11:32:26.979959+0800	Runner	flutter: │             ],
默认	11:32:26.979975+0800	Runner	flutter: │             "social_platforms": [
默认	11:32:26.980012+0800	Runner	flutter: │               "linkedin"
默认	11:32:26.980099+0800	Runner	flutter: │             ],
默认	11:32:26.980154+0800	Runner	flutter: │             "source": "people_data_labs",
默认	11:32:26.980376+0800	Runner	flutter: │             "source_provider": "people_data_labs"
默认	11:32:26.980469+0800	Runner	flutter: │           }
默认	11:32:26.980490+0800	Runner	flutter: │         ],
默认	11:32:26.980513+0800	Runner	flutter: │         "next_page_token": "",
默认	11:32:26.980531+0800	Runner	flutter: │         "provider_summary": {
默认	11:32:26.980551+0800	Runner	flutter: │           "cache_hit": false,
默认	11:32:26.980587+0800	Runner	flutter: │           "primary_provider": "people_data_labs",
默认	11:32:26.980619+0800	Runner	flutter: │           "provider_execution": "REAL_PROVIDER",
默认	11:32:26.980640+0800	Runner	flutter: │           "providers": [
默认	11:32:26.980662+0800	Runner	flutter: │             "people_data_labs"
默认	11:32:26.980695+0800	Runner	flutter: │           ],
默认	11:32:26.980714+0800	Runner	flutter: │           "public_sources": false,
默认	11:32:26.980748+0800	Runner	flutter: │           "source_provider": "people_data_labs",
默认	11:32:26.980783+0800	Runner	flutter: │           "source_providers": [
默认	11:32:26.980827+0800	Runner	flutter: │             "people_data_labs"
默认	11:32:26.980844+0800	Runner	flutter: │           ]
默认	11:32:26.980853+0800	Runner	flutter: │         },
默认	11:32:26.980860+0800	Runner	flutter: │         "task_id": "task_68022659b15a60aa6f84c2a0",
默认	11:32:26.980870+0800	Runner	flutter: │         "update_time": 1783654344793
默认	11:32:26.980882+0800	Runner	flutter: │       }
默认	11:32:26.981199+0800	Runner	flutter: │     }
默认	11:32:26.981230+0800	Runner	flutter: │   ]
默认	11:32:26.981306+0800	Runner	flutter: │ }
默认	11:32:26.981331+0800	Runner	flutter: └───────────────────────────────────────────────────────────────────────────────────────────────────
默认	11:32:26.981549+0800	Runner	flutter: ┌───────────────────────────────────────────────────────────────────────────────────────────────────
默认	11:32:26.981559+0800	Runner	flutter: │ [EventTracking] name=candidate_pageview id=95b7de34-c772-492d-b8f7-3b6c070769dd time=1783654346980 props={"task_id":"task_68022659b15a60aa6f84c2a0","num":10,"confidence_top":35}
默认	11:32:26.981602+0800	Runner	flutter: └───────────────────────────────────────────────────────────────────────────────────────────────────
默认	11:32:26.995138+0800	Runner	flutter: ┌───────────────────────────────────────────────────────────────────────────────────────────────────
默认	11:32:26.995165+0800	Runner	flutter: │ [HTTP] --> POST https://api.truthy.top/gateway/invoke service=tool.event_tracking.EventTrackingService method=TrackEvents
默认	11:32:26.995549+0800	Runner	flutter: └───────────────────────────────────────────────────────────────────────────────────────────────────
默认	11:32:26.995588+0800	Runner	flutter: ┌───────────────────────────────────────────────────────────────────────────────────────────────────
默认	11:32:26.995623+0800	Runner	flutter: │ [HTTP] request:
默认	11:32:26.995740+0800	Runner	flutter: │ {
默认	11:32:26.995769+0800	Runner	flutter: │   "comm": {
默认	11:32:26.995779+0800	Runner	flutter: │     "auth_token": "***",
默认	11:32:26.995788+0800	Runner	flutter: │     "user_id": "user_e5f97712121ebfac3d6f6407",
默认	11:32:26.995795+0800	Runner	flutter: │     "device_id": "c5ece928-513e-4e75-a500-28479ac5102a",
默认	11:32:26.995805+0800	Runner	flutter: │     "client_request_id": "crid_1783654346992187",
默认	11:32:26.995821+0800	Runner	flutter: │     "platform": "ios",
默认	11:32:26.995948+0800	Runner	flutter: │     "app_version": "1.0.0",
默认	11:32:26.995959+0800	Runner	flutter: │     "locale": "zh-Hans-HK",
默认	11:32:26.995969+0800	Runner	flutter: │     "country": "HK",
默认	11:32:26.995978+0800	Runner	flutter: │     "timezone": "UTC+08:00"
默认	11:32:26.995986+0800	Runner	flutter: │   },
默认	11:32:26.996026+0800	Runner	flutter: │   "requests": [
默认	11:32:26.996076+0800	Runner	flutter: │     {
默认	11:32:26.996120+0800	Runner	flutter: │       "id": "req_0",
默认	11:32:26.996292+0800	Runner	flutter: │       "service_name": "tool.event_tracking.EventTrackingService",
默认	11:32:26.996304+0800	Runner	flutter: │       "method_name": "TrackEvents",
默认	11:32:26.996315+0800	Runner	flutter: │       "params": {
默认	11:32:26.996365+0800	Runner	flutter: │         "events": [
默认	11:32:26.996376+0800	Runner	flutter: │           {
默认	11:32:26.996413+0800	Runner	flutter: │             "event_id": "95b7de34-c772-492d-b8f7-3b6c070769dd",
默认	11:32:26.996509+0800	Runner	flutter: │             "event_name": "candidate_pageview",
默认	11:32:26.996521+0800	Runner	flutter: │             "event_time_ms": 1783654346980,
默认	11:32:26.996572+0800	Runner	flutter: │             "properties": {
默认	11:32:26.996620+0800	Runner	flutter: │               "logtime": 1783654346980,
默认	11:32:26.996777+0800	Runner	flutter: │               "log_id": "95b7de34-c772-492d-b8f7-3b6c070769dd",
默认	11:32:26.996838+0800	Runner	flutter: │               "net": "wifi",
默认	11:32:26.996845+0800	Runner	flutter: │               "pkg": "com.sparkjam.truthy.ios",
默认	11:32:26.996867+0800	Runner	flutter: │               "bucket": 56,
默认	11:32:26.996887+0800	Runner	flutter: │               "abslot": 21,
默认	11:32:26.996912+0800	Runner	flutter: │               "ram": "3684MB",
默认	11:32:26.996988+0800	Runner	flutter: │               "cpu": "arm64",
默认	11:32:26.997006+0800	Runner	flutter: │               "sh": 844,
默认	11:32:26.997018+0800	Runner	flutter: │               "sw": 390,
默认	11:32:26.997064+0800	Runner	flutter: │               "city": "",
默认	11:32:26.997095+0800	Runner	flutter: │               "ste": "",
默认	11:32:26.997109+0800	Runner	flutter: │               "lat": "",
默认	11:32:26.997121+0800	Runner	flutter: │               "lng": "",
默认	11:32:26.997169+0800	Runner	flutter: │               "sty": "desk",
默认	11:32:26.997178+0800	Runner	flutter: │               "isp": "",
默认	11:32:26.997205+0800	Runner	flutter: │               "mod": "iphone13,2",
默认	11:32:26.997210+0800	Runner	flutter: │               "brd": "apple",
默认	11:32:26.997239+0800	Runner	flutter: │               "os": "26.3.1",
默认	11:32:26.997343+0800	Runner	flutter: │               "pf": "ios",
默认	11:32:26.997359+0800	Runner	flutter: │               "slan": "zh",
默认	11:32:26.997462+0800	Runner	flutter: │               "reg": "HK",
默认	11:32:26.997476+0800	Runner	flutter: │               "cou": "HK",
默认	11:32:26.997484+0800	Runner	flutter: │               "sub": "",
默认	11:32:26.997493+0800	Runner	flutter: │               "cha": "",
默认	11:32:26.997509+0800	Runner	flutter: │               "verc": "10000",
默认	11:32:26.997519+0800	Runner	flutter: │               "ver": "1.0.0",
默认	11:32:26.997535+0800	Runner	flutter: │               "sid": "5094b07b-cc63-4868-b4ac-6bced54db906",
默认	11:32:26.997544+0800	Runner	flutter: │               "uuid": "***",
默认	11:32:26.997553+0800	Runner	flutter: │               "idfa": "***",
默认	11:32:26.997605+0800	Runner	flutter: │               "idfv": "***",
默认	11:32:26.997617+0800	Runner	flutter: │               "aid": "***",
默认	11:32:26.997627+0800	Runner	flutter: │               "gaid": "***",
默认	11:32:26.997668+0800	Runner	flutter: │               "did": "***",
默认	11:32:26.997678+0800	Runner	flutter: │               "uid": "***",
默认	11:32:26.997740+0800	Runner	flutter: │               "anm": "Truthy",
默认	11:32:26.997757+0800	Runner	flutter: │               "push_id": "",
默认	11:32:26.997767+0800	Runner	flutter: │               "push_type": "",
默认	11:32:26.997783+0800	Runner	flutter: │               "is_pro": "1",
默认	11:32:26.997796+0800	Runner	flutter: │               "task_id": "task_68022659b15a60aa6f84c2a0",
默认	11:32:26.997884+0800	Runner	flutter: │               "num": 10,
默认	11:32:26.997895+0800	Runner	flutter: │               "confidence_top": 35
默认	11:32:26.997905+0800	Runner	flutter: │             }
默认	11:32:26.997914+0800	Runner	flutter: │           }
默认	11:32:26.997961+0800	Runner	flutter: │         ]
默认	11:32:26.997987+0800	Runner	flutter: │       }
默认	11:32:26.997999+0800	Runner	flutter: │     }
默认	11:32:26.998042+0800	Runner	flutter: │   ]
默认	11:32:26.998081+0800	Runner	flutter: │ }
默认	11:32:26.998095+0800	Runner	flutter: └───────────────────────────────────────────────────────────────────────────────────────────────────
默认	11:32:27.174679+0800	Runner	flutter: ┌───────────────────────────────────────────────────────────────────────────────────────────────────
默认	11:32:27.175082+0800	Runner	flutter: │ [HTTP] <-- 200 POST https://api.truthy.top/gateway/invoke service=tool.event_tracking.EventTrackingService method=TrackEvents
默认	11:32:27.175158+0800	Runner	flutter: └───────────────────────────────────────────────────────────────────────────────────────────────────
默认	11:32:27.175574+0800	Runner	flutter: ┌───────────────────────────────────────────────────────────────────────────────────────────────────
默认	11:32:27.175628+0800	Runner	flutter: │ [HTTP] response:
默认	11:32:27.175792+0800	Runner	flutter: │ {
默认	11:32:27.175993+0800	Runner	flutter: │   "code": 0,
默认	11:32:27.176038+0800	Runner	flutter: │   "message": "ok",
默认	11:32:27.176167+0800	Runner	flutter: │   "request_id": "gw_req_cc72cc7ab94e482bf05a7f245727eb3c",
默认	11:32:27.176322+0800	Runner	flutter: │   "trace_id": "trace_67f9a656aacffa017b01d7cbb30bc6f9",
默认	11:32:27.176930+0800	Runner	flutter: │   "responses": [
默认	11:32:27.176976+0800	Runner	flutter: │     {
默认	11:32:27.177018+0800	Runner	flutter: │       "id": "req_0",
默认	11:32:27.177043+0800	Runner	flutter: │       "success": true,
默认	11:32:27.177215+0800	Runner	flutter: │       "code": 0,
默认	11:32:27.177249+0800	Runner	flutter: │       "message": "ok",
默认	11:32:27.177392+0800	Runner	flutter: │       "data": {
默认	11:32:27.177519+0800	Runner	flutter: │         "request_id": "gw_req_cc72cc7ab94e482bf05a7f245727eb3c",
默认	11:32:27.177828+0800	Runner	flutter: │         "trace_id": "trace_67f9a656aacffa017b01d7cbb30bc6f9",
默认	11:32:27.177870+0800	Runner	flutter: │         "accepted_count": 1,
默认	11:32:27.178003+0800	Runner	flutter: │         "event_name": "candidate_pageview",
默认	11:32:27.178128+0800	Runner	flutter: │         "event_names": [
默认	11:32:27.178267+0800	Runner	flutter: │           "candidate_pageview"
默认	11:32:27.178388+0800	Runner	flutter: │         ],
默认	11:32:27.178653+0800	Runner	flutter: │         "events": [
默认	11:32:27.179290+0800	Runner	flutter: │           {
默认	11:32:27.179332+0800	Runner	flutter: │             "index": 0,
默认	11:32:27.179366+0800	Runner	flutter: │             "event_id": "95b7de34-c772-492d-b8f7-3b6c070769dd",
默认	11:32:27.179613+0800	Runner	flutter: │             "event_name": "candidate_pageview",
默认	11:32:27.179641+0800	Runner	flutter: │             "status": "accepted"
默认	11:32:27.179666+0800	Runner	flutter: │           }
默认	11:32:27.179693+0800	Runner	flutter: │         ]
默认	11:32:27.179718+0800	Runner	flutter: │       }
默认	11:32:27.179743+0800	Runner	flutter: │     }
默认	11:32:27.179824+0800	Runner	flutter: │   ]
默认	11:32:27.179905+0800	Runner	flutter: │ }
默认	11:32:27.180082+0800	Runner	flutter: └───────────────────────────────────────────────────────────────────────────────────────────────────
默认	11:48:38.339030+0800	Runner	flutter: ┌───────────────────────────────────────────────────────────────────────────────────────────────────
默认	11:48:38.339076+0800	Runner	flutter: │ [EventTracking] name=candidate_card_click id=9cba2d92-8c3e-4382-85bc-7422dbcded75 time=1783655318332 props={"task_id":"task_68022659b15a60aa6f84c2a0","candidate_id":"report_943c2e492f2ecd83e6e6f95a_candidate_4","confidence":35,"rank":1}
默认	11:48:38.339394+0800	Runner	flutter: └───────────────────────────────────────────────────────────────────────────────────────────────────
默认	11:48:38.354103+0800	Runner	flutter: ┌───────────────────────────────────────────────────────────────────────────────────────────────────
默认	11:48:38.354151+0800	Runner	flutter: │ [EventTracking] name=app_page_stay id=58ad98f4-7c00-4ac2-83ed-ffdc72795372 time=1783655318353 props={"page_from":"candidate","duration_s":9}
默认	11:48:38.354182+0800	Runner	flutter: └───────────────────────────────────────────────────────────────────────────────────────────────────
默认	11:48:38.357511+0800	Runner	flutter: ┌───────────────────────────────────────────────────────────────────────────────────────────────────
默认	11:48:38.357546+0800	Runner	flutter: │ [EventTracking] name=report_pageview id=b223c5b5-9236-43b6-bede-6b54b4f5ce05 time=1783655318357 props={"page_from":"candidate","task_id":"task_68022659b15a60aa6f84c2a0","candidate_id":"report_943c2e492f2ecd83e6e6f95a_candidate_4"}
默认	11:48:38.357589+0800	Runner	flutter: └───────────────────────────────────────────────────────────────────────────────────────────────────
默认	11:48:38.388676+0800	Runner	flutter: ┌───────────────────────────────────────────────────────────────────────────────────────────────────
默认	11:48:38.388838+0800	Runner	flutter: │ [HTTP] --> POST https://api.truthy.top/gateway/invoke service=tool.people_insight.SearchService method=GetTaskCandidateDetail
默认	11:48:38.388912+0800	Runner	flutter: └───────────────────────────────────────────────────────────────────────────────────────────────────
默认	11:48:38.388967+0800	Runner	flutter: ┌───────────────────────────────────────────────────────────────────────────────────────────────────
默认	11:48:38.389060+0800	Runner	flutter: │ [HTTP] request:
默认	11:48:38.389106+0800	Runner	flutter: │ {
默认	11:48:38.389132+0800	Runner	flutter: │   "comm": {
默认	11:48:38.389144+0800	Runner	flutter: │     "auth_token": "***",
默认	11:48:38.389154+0800	Runner	flutter: │     "user_id": "user_e5f97712121ebfac3d6f6407",
默认	11:48:38.389164+0800	Runner	flutter: │     "device_id": "c5ece928-513e-4e75-a500-28479ac5102a",
默认	11:48:38.389173+0800	Runner	flutter: │     "client_request_id": "crid_1783655318376343",
默认	11:48:38.389180+0800	Runner	flutter: │     "platform": "ios",
默认	11:48:38.389189+0800	Runner	flutter: │     "app_version": "1.0.0",
默认	11:48:38.389198+0800	Runner	flutter: │     "locale": "zh-Hans-HK",
默认	11:48:38.389210+0800	Runner	flutter: │     "country": "HK",
默认	11:48:38.389241+0800	Runner	flutter: │     "timezone": "UTC+08:00"
默认	11:48:38.389251+0800	Runner	flutter: │   },
默认	11:48:38.389261+0800	Runner	flutter: │   "requests": [
默认	11:48:38.389358+0800	Runner	flutter: │     {
默认	11:48:38.389383+0800	Runner	flutter: │       "id": "req_0",
默认	11:48:38.389394+0800	Runner	flutter: │       "service_name": "tool.people_insight.SearchService",
默认	11:48:38.389414+0800	Runner	flutter: │       "method_name": "GetTaskCandidateDetail",
默认	11:48:38.389456+0800	Runner	flutter: │       "params": {
默认	11:48:38.389487+0800	Runner	flutter: │         "task_id": "task_68022659b15a60aa6f84c2a0",
默认	11:48:38.389498+0800	Runner	flutter: │         "candidate_id": "report_943c2e492f2ecd83e6e6f95a_candidate_4"
默认	11:48:38.389534+0800	Runner	flutter: │       }
默认	11:48:38.389574+0800	Runner	flutter: │     }
默认	11:48:38.389585+0800	Runner	flutter: │   ]
默认	11:48:38.389595+0800	Runner	flutter: │ }
默认	11:48:38.389605+0800	Runner	flutter: └───────────────────────────────────────────────────────────────────────────────────────────────────
默认	11:48:38.390170+0800	Runner	flutter: ┌───────────────────────────────────────────────────────────────────────────────────────────────────
默认	11:48:38.390192+0800	Runner	flutter: │ [HTTP] --> POST https://api.truthy.top/gateway/invoke service=tool.event_tracking.EventTrackingService method=TrackEvents
默认	11:48:38.390208+0800	Runner	flutter: └───────────────────────────────────────────────────────────────────────────────────────────────────
默认	11:48:38.390341+0800	Runner	flutter: ┌───────────────────────────────────────────────────────────────────────────────────────────────────
默认	11:48:38.390396+0800	Runner	flutter: │ [HTTP] request:
默认	11:48:38.390402+0800	Runner	flutter: │ {
默认	11:48:38.390408+0800	Runner	flutter: │   "comm": {
默认	11:48:38.390443+0800	Runner	flutter: │     "auth_token": "***",
默认	11:48:38.390450+0800	Runner	flutter: │     "user_id": "user_e5f97712121ebfac3d6f6407",
默认	11:48:38.390471+0800	Runner	flutter: │     "device_id": "c5ece928-513e-4e75-a500-28479ac5102a",
默认	11:48:38.390501+0800	Runner	flutter: │     "client_request_id": "crid_1783655318377651",
默认	11:48:38.390528+0800	Runner	flutter: │     "platform": "ios",
默认	11:48:38.390552+0800	Runner	flutter: │     "app_version": "1.0.0",
默认	11:48:38.390638+0800	Runner	flutter: │     "locale": "zh-Hans-HK",
默认	11:48:38.390656+0800	Runner	flutter: │     "country": "HK",
默认	11:48:38.390666+0800	Runner	flutter: │     "timezone": "UTC+08:00"
默认	11:48:38.390711+0800	Runner	flutter: │   },
默认	11:48:38.390718+0800	Runner	flutter: │   "requests": [
默认	11:48:38.390723+0800	Runner	flutter: │     {
默认	11:48:38.390743+0800	Runner	flutter: │       "id": "req_0",
默认	11:48:38.390814+0800	Runner	flutter: │       "service_name": "tool.event_tracking.EventTrackingService",
默认	11:48:38.390820+0800	Runner	flutter: │       "method_name": "TrackEvents",
默认	11:48:38.390837+0800	Runner	flutter: │       "params": {
默认	11:48:38.390856+0800	Runner	flutter: │         "events": [
默认	11:48:38.390880+0800	Runner	flutter: │           {
默认	11:48:38.390945+0800	Runner	flutter: │             "event_id": "9cba2d92-8c3e-4382-85bc-7422dbcded75",
默认	11:48:38.390954+0800	Runner	flutter: │             "event_name": "candidate_card_click",
默认	11:48:38.390976+0800	Runner	flutter: │             "event_time_ms": 1783655318332,
默认	11:48:38.391000+0800	Runner	flutter: │             "properties": {
默认	11:48:38.391022+0800	Runner	flutter: │               "logtime": 1783655318332,
默认	11:48:38.391092+0800	Runner	flutter: │               "log_id": "9cba2d92-8c3e-4382-85bc-7422dbcded75",
默认	11:48:38.391098+0800	Runner	flutter: │               "net": "wifi",
默认	11:48:38.391199+0800	Runner	flutter: │               "pkg": "com.sparkjam.truthy.ios",
默认	11:48:38.391213+0800	Runner	flutter: │               "bucket": 56,
默认	11:48:38.391222+0800	Runner	flutter: │               "abslot": 21,
默认	11:48:38.391232+0800	Runner	flutter: │               "ram": "3684MB",
默认	11:48:38.391244+0800	Runner	flutter: │               "cpu": "arm64",
默认	11:48:38.391254+0800	Runner	flutter: │               "sh": 844,
默认	11:48:38.391347+0800	Runner	flutter: │               "sw": 390,
默认	11:48:38.391359+0800	Runner	flutter: │               "city": "",
默认	11:48:38.391366+0800	Runner	flutter: │               "ste": "",
默认	11:48:38.391375+0800	Runner	flutter: │               "lat": "",
默认	11:48:38.391405+0800	Runner	flutter: │               "lng": "",
默认	11:48:38.391412+0800	Runner	flutter: │               "sty": "desk",
默认	11:48:38.391479+0800	Runner	flutter: │               "isp": "",
默认	11:48:38.391485+0800	Runner	flutter: │               "mod": "iphone13,2",
默认	11:48:38.391490+0800	Runner	flutter: │               "brd": "apple",
默认	11:48:38.391525+0800	Runner	flutter: │               "os": "26.3.1",
默认	11:48:38.391544+0800	Runner	flutter: │               "pf": "ios",
默认	11:48:38.391585+0800	Runner	flutter: │               "slan": "zh",
默认	11:48:38.391592+0800	Runner	flutter: │               "reg": "HK",
默认	11:48:38.391611+0800	Runner	flutter: │               "cou": "HK",
默认	11:48:38.391628+0800	Runner	flutter: │               "sub": "",
默认	11:48:38.391655+0800	Runner	flutter: │               "cha": "",
默认	11:48:38.391748+0800	Runner	flutter: │               "verc": "10000",
默认	11:48:38.391767+0800	Runner	flutter: │               "ver": "1.0.0",
默认	11:48:38.391777+0800	Runner	flutter: │               "sid": "5094b07b-cc63-4868-b4ac-6bced54db906",
默认	11:48:38.391787+0800	Runner	flutter: │               "uuid": "***",
默认	11:48:38.391797+0800	Runner	flutter: │               "idfa": "***",
默认	11:48:38.391866+0800	Runner	flutter: │               "idfv": "***",
默认	11:48:38.391876+0800	Runner	flutter: │               "aid": "***",
默认	11:48:38.391921+0800	Runner	flutter: │               "gaid": "***",
默认	11:48:38.391935+0800	Runner	flutter: │               "did": "***",
默认	11:48:38.391942+0800	Runner	flutter: │               "uid": "***",
默认	11:48:38.392026+0800	Runner	flutter: │               "anm": "Truthy",
默认	11:48:38.392040+0800	Runner	flutter: │               "push_id": "",
默认	11:48:38.392049+0800	Runner	flutter: │               "push_type": "",
默认	11:48:38.392080+0800	Runner	flutter: │               "is_pro": "1",
默认	11:48:38.392087+0800	Runner	flutter: │               "task_id": "task_68022659b15a60aa6f84c2a0",
默认	11:48:38.392110+0800	Runner	flutter: │               "candidate_id": "report_943c2e492f2ecd83e6e6f95a_candidate_4",
默认	11:48:38.392134+0800	Runner	flutter: │               "confidence": 35,
默认	11:48:38.392153+0800	Runner	flutter: │               "rank": 1
默认	11:48:38.392190+0800	Runner	flutter: │             }
默认	11:48:38.392256+0800	Runner	flutter: │           }
默认	11:48:38.392272+0800	Runner	flutter: │         ]
默认	11:48:38.392286+0800	Runner	flutter: │       }
默认	11:48:38.392326+0800	Runner	flutter: │     }
默认	11:48:38.392333+0800	Runner	flutter: │   ]
默认	11:48:38.392383+0800	Runner	flutter: │ }
默认	11:48:38.392388+0800	Runner	flutter: └───────────────────────────────────────────────────────────────────────────────────────────────────
默认	11:48:40.043699+0800	Runner	flutter: ┌───────────────────────────────────────────────────────────────────────────────────────────────────
默认	11:48:40.044090+0800	Runner	flutter: │ [HTTP] <-- 200 POST https://api.truthy.top/gateway/invoke service=tool.people_insight.SearchService method=GetTaskCandidateDetail
默认	11:48:40.044764+0800	Runner	flutter: └───────────────────────────────────────────────────────────────────────────────────────────────────
默认	11:48:40.045593+0800	Runner	flutter: ┌───────────────────────────────────────────────────────────────────────────────────────────────────
默认	11:48:40.045630+0800	Runner	flutter: │ [HTTP] response:
默认	11:48:40.045660+0800	Runner	flutter: │ {
默认	11:48:40.045746+0800	Runner	flutter: │   "code": 0,
默认	11:48:40.045869+0800	Runner	flutter: │   "message": "ok",
默认	11:48:40.045943+0800	Runner	flutter: │   "request_id": "gw_req_8b772d2097463605b1f42fd960b40f11",
默认	11:48:40.046139+0800	Runner	flutter: │   "trace_id": "trace_769c49b8bff8adbef03d2191c7e4db03",
默认	11:48:40.046164+0800	Runner	flutter: │   "responses": [
默认	11:48:40.046248+0800	Runner	flutter: │     {
默认	11:48:40.046334+0800	Runner	flutter: │       "id": "req_0",
默认	11:48:40.046432+0800	Runner	flutter: │       "success": true,
默认	11:48:40.046514+0800	Runner	flutter: │       "code": 0,
默认	11:48:40.046591+0800	Runner	flutter: │       "message": "ok",
默认	11:48:40.046962+0800	Runner	flutter: │       "data": {
默认	11:48:40.047044+0800	Runner	flutter: │         "candidate": {
默认	11:48:40.047065+0800	Runner	flutter: │           "age": 0,
默认	11:48:40.047089+0800	Runner	flutter: │           "avatar_url": "",
默认	11:48:40.047178+0800	Runner	flutter: │           "candidate_id": "report_943c2e492f2ecd83e6e6f95a_candidate_4",
默认	11:48:40.047204+0800	Runner	flutter: │           "confidence_level": "LOW",
默认	11:48:40.047288+0800	Runner	flutter: │           "display_name": "joe lynn",
默认	11:48:40.047390+0800	Runner	flutter: │           "education": "heald college associate of arts associates; allan hancock college animation art general studies; lompoc high school",
默认	11:48:40.047497+0800	Runner	flutter: │           "evidence_count": 38,
默认	11:48:40.047585+0800	Runner	flutter: │           "headline": "basketball referee at los padres basketball officials association",
默认	11:48:40.047691+0800	Runner	flutter: │           "is_best_match": false,
默认	11:48:40.047755+0800	Runner	flutter: │           "is_top_result": true,
默认	11:48:40.047842+0800	Runner	flutter: │           "jobs": [
默认	11:48:40.048057+0800	Runner	flutter: │             "basketball referee at los padres basketball officials association"
默认	11:48:40.048091+0800	Runner	flutter: │           ],
默认	11:48:40.048171+0800	Runner	flutter: │           "location": "united states",
默认	11:48:40.048249+0800	Runner	flutter: │           "match_reasons": [
默认	11:48:40.048326+0800	Runner	flutter: │             "name"
默认	11:48:40.048404+0800	Runner	flutter: │           ],
默认	11:48:40.048496+0800	Runner	flutter: │           "match_score": 35,
默认	11:48:40.048702+0800	Runner	flutter: │           "matched_clue_types": [],
默认	11:48:40.048736+0800	Runner	flutter: │           "person_id": "pdl:0VZv-bgBv8O4bSlSP831RQ_0000",
默认	11:48:40.048825+0800	Runner	flutter: │           "profile_url": "https://linkedin.com/in/josephmarcuslynn",
默认	11:48:40.048911+0800	Runner	flutter: │           "rank_breakdown": {
默认	11:48:40.049036+0800	Runner	flutter: │             "data_completeness": 0.8,
默认	11:48:40.049118+0800	Runner	flutter: │             "geo_relevance": 0,
默认	11:48:40.049211+0800	Runner	flutter: │             "public_influence": 0,
默认	11:48:40.049297+0800	Runner	flutter: │             "social_activity": 0,
默认	11:48:40.049406+0800	Runner	flutter: │             "social_richness": 0.5
默认	11:48:40.049518+0800	Runner	flutter: │           },
默认	11:48:40.049598+0800	Runner	flutter: │           "rank_score": 0.405,
默认	11:48:40.049762+0800	Runner	flutter: │           "rank_version": "candidate_ranking_v1",
默认	11:48:40.049844+0800	Runner	flutter: │           "social_links": [
默认	11:48:40.049927+0800	Runner	flutter: │             {
默认	11:48:40.050010+0800	Runner	flutter: │               "platform": "linkedin",
默认	11:48:40.050226+0800	Runner	flutter: │               "url": "https://linkedin.com/in/josephmarcuslynn",
默认	11:48:40.050255+0800	Runner	flutter: │               "username": "josephmarcuslynn"
默认	11:48:40.050316+0800	Runner	flutter: │             },
默认	11:48:40.050407+0800	Runner	flutter: │             {
默认	11:48:40.050527+0800	Runner	flutter: │               "platform": "facebook",
默认	11:48:40.050601+0800	Runner	flutter: │               "url": "https://facebook.com/stlynnatic",
默认	11:48:40.050797+0800	Runner	flutter: │               "username": "stlynnatic"
默认	11:48:40.050820+0800	Runner	flutter: │             },
默认	11:48:40.050981+0800	Runner	flutter: │             {
默认	11:48:40.051002+0800	Runner	flutter: │               "platform": "x",
默认	11:48:40.051080+0800	Runner	flutter: │               "url": "https://twitter.com/stlynnatic",
默认	11:48:40.051098+0800	Runner	flutter: │               "username": "stlynnatic"
默认	11:48:40.051157+0800	Runner	flutter: │             },
默认	11:48:40.051317+0800	Runner	flutter: │             {
默认	11:48:40.051338+0800	Runner	flutter: │               "platform": "linkedin",
默认	11:48:40.051354+0800	Runner	flutter: │               "url": "https://linkedin.com/in/joseph-lynn-51992253",
默认	11:48:40.051574+0800	Runner	flutter: │               "username": "joseph-lynn-51992253"
默认	11:48:40.051592+0800	Runner	flutter: │             }
默认	11:48:40.051604+0800	Runner	flutter: │           ],
默认	11:48:40.051654+0800	Runner	flutter: │           "social_platforms": [
默认	11:48:40.051737+0800	Runner	flutter: │             "linkedin",
默认	11:48:40.051835+0800	Runner	flutter: │             "facebook",
默认	11:48:40.051851+0800	Runner	flutter: │             "x"
默认	11:48:40.051903+0800	Runner	flutter: │           ],
默认	11:48:40.051985+0800	Runner	flutter: │           "source": "people_data_labs",
默认	11:48:40.052047+0800	Runner	flutter: │           "source_provider": "people_data_labs"
默认	11:48:40.052112+0800	Runner	flutter: │         },
默认	11:48:40.052287+0800	Runner	flutter: │         "candidate_id": "report_943c2e492f2ecd83e6e6f95a_candidate_4",
默认	11:48:40.052304+0800	Runner	flutter: │         "disclaimers": [
默认	11:48:40.052367+0800	Runner	flutter: │           "People Data Labs Person Search returns candidate profiles; review candidates or add stronger clues before relying on an identity match."
默认	11:48:40.052423+0800	Runner	flutter: │         ],
默认	11:48:40.052489+0800	Runner	flutter: │         "entitlement_decision": "ALLOW",
默认	11:48:40.052546+0800	Runner	flutter: │         "evidence": [
默认	11:48:40.052629+0800	Runner	flutter: │           {
默认	11:48:40.052687+0800	Runner	flutter: │             "display_name": "joe lynn",
默认	11:48:40.052805+0800	Runner	flutter: │             "matched_on": [
默认	11:48:40.052823+0800	Runner	flutter: │               "name"
默认	11:48:40.052949+0800	Runner	flutter: │             ],
默认	11:48:40.053009+0800	Runner	flutter: │             "person_id": "pdl:0VZv-bgBv8O4bSlSP831RQ_0000",
默认	11:48:40.053071+0800	Runner	flutter: │             "provider": "people_data_labs",
默认	11:48:40.053142+0800	Runner	flutter: │             "provider_person_id": "0VZv-bgBv8O4bSlSP831RQ_0000",
默认	11:48:40.053339+0800	Runner	flutter: │             "subject_profile_url": "linkedin.com/in/josephmarcuslynn",
默认	11:48:40.053355+0800	Runner	flutter: │             "type": "pdl_matched_on"
默认	11:48:40.053447+0800	Runner	flutter: │           },
默认	11:48:40.053550+0800	Runner	flutter: │           {
默认	11:48:40.053565+0800	Runner	flutter: │             "display_name": "joe lynn",
默认	11:48:40.053611+0800	Runner	flutter: │             "field": "linkedin_url",
默认	11:48:40.054019+0800	Runner	flutter: │             "person_id": "pdl:0VZv-bgBv8O4bSlSP831RQ_0000",
默认	11:48:40.054045+0800	Runner	flutter: │             "provider": "people_data_labs",
默认	11:48:40.054059+0800	Runner	flutter: │             "provider_person_id": "0VZv-bgBv8O4bSlSP831RQ_0000",
默认	11:48:40.054090+0800	Runner	flutter: │             "subject_profile_url": "linkedin.com/in/josephmarcuslynn",
默认	11:48:40.054105+0800	Runner	flutter: │             "type": "pdl_profile_url",
默认	11:48:40.054116+0800	Runner	flutter: │             "url": "linkedin.com/in/josephmarcuslynn"
默认	11:48:40.054127+0800	Runner	flutter: │           },
默认	11:48:40.054140+0800	Runner	flutter: │           {
默认	11:48:40.054259+0800	Runner	flutter: │             "display_name": "joe lynn",
默认	11:48:40.054349+0800	Runner	flutter: │             "field": "facebook_url",
默认	11:48:40.054367+0800	Runner	flutter: │             "person_id": "pdl:0VZv-bgBv8O4bSlSP831RQ_0000",
默认	11:48:40.054461+0800	Runner	flutter: │             "provider": "people_data_labs",
默认	11:48:40.054704+0800	Runner	flutter: │             "provider_person_id": "0VZv-bgBv8O4bSlSP831RQ_0000",
默认	11:48:40.054719+0800	Runner	flutter: │             "subject_profile_url": "linkedin.com/in/josephmarcuslynn",
默认	11:48:40.054733+0800	Runner	flutter: │             "type": "pdl_profile_url",
默认	11:48:40.054747+0800	Runner	flutter: │             "url": "facebook.com/stlynnatic"
默认	11:48:40.054759+0800	Runner	flutter: │           },
默认	11:48:40.054846+0800	Runner	flutter: │           {
默认	11:48:40.054924+0800	Runner	flutter: │             "display_name": "joe lynn",
默认	11:48:40.054939+0800	Runner	flutter: │             "field": "twitter_url",
默认	11:48:40.054980+0800	Runner	flutter: │             "person_id": "pdl:0VZv-bgBv8O4bSlSP831RQ_0000",
默认	11:48:40.055026+0800	Runner	flutter: │             "provider": "people_data_labs",
默认	11:48:40.055193+0800	Runner	flutter: │             "provider_person_id": "0VZv-bgBv8O4bSlSP831RQ_0000",
默认	11:48:40.055207+0800	Runner	flutter: │             "subject_profile_url": "linkedin.com/in/josephmarcuslynn",
默认	11:48:40.055217+0800	Runner	flutter: │             "type": "pdl_profile_url",
默认	11:48:40.055259+0800	Runner	flutter: │             "url": "twitter.com/stlynnatic"
默认	11:48:40.055306+0800	Runner	flutter: │           }
默认	11:48:40.055351+0800	Runner	flutter: │         ],
默认	11:48:40.055430+0800	Runner	flutter: │         "person_id": "pdl:0VZv-bgBv8O4bSlSP831RQ_0000",
默认	11:48:40.055484+0800	Runner	flutter: │         "social_accounts": [
默认	11:48:40.055527+0800	Runner	flutter: │           {
默认	11:48:40.055656+0800	Runner	flutter: │             "display_name": "joe lynn",
默认	11:48:40.055677+0800	Runner	flutter: │             "person_id": "pdl:0VZv-bgBv8O4bSlSP831RQ_0000",
默认	11:48:40.055722+0800	Runner	flutter: │             "platform": "linkedin",
默认	11:48:40.055779+0800	Runner	flutter: │             "profile_url": "https://linkedin.com/in/josephmarcuslynn",
默认	11:48:40.055830+0800	Runner	flutter: │             "source": "people_data_labs",
默认	11:48:40.055879+0800	Runner	flutter: │             "url": "https://linkedin.com/in/josephmarcuslynn",
默认	11:48:40.055928+0800	Runner	flutter: │             "username": "josephmarcuslynn"
默认	11:48:40.056094+0800	Runner	flutter: │           },
默认	11:48:40.056111+0800	Runner	flutter: │           {
默认	11:48:40.056122+0800	Runner	flutter: │             "display_name": "joe lynn",
默认	11:48:40.056186+0800	Runner	flutter: │             "person_id": "pdl:0VZv-bgBv8O4bSlSP831RQ_0000",
默认	11:48:40.056200+0800	Runner	flutter: │             "platform": "facebook",
默认	11:48:40.056253+0800	Runner	flutter: │             "profile_url": "https://linkedin.com/in/josephmarcuslynn",
默认	11:48:40.056371+0800	Runner	flutter: │             "source": "people_data_labs",
默认	11:48:40.056385+0800	Runner	flutter: │             "url": "https://facebook.com/stlynnatic",
默认	11:48:40.056432+0800	Runner	flutter: │             "username": "stlynnatic"
默认	11:48:40.056477+0800	Runner	flutter: │           },
默认	11:48:40.056521+0800	Runner	flutter: │           {
默认	11:48:40.056690+0800	Runner	flutter: │             "display_name": "joe lynn",
默认	11:48:40.056704+0800	Runner	flutter: │             "person_id": "pdl:0VZv-bgBv8O4bSlSP831RQ_0000",
默认	11:48:40.056713+0800	Runner	flutter: │             "platform": "x",
默认	11:48:40.056757+0800	Runner	flutter: │             "profile_url": "https://linkedin.com/in/josephmarcuslynn",
默认	11:48:40.056802+0800	Runner	flutter: │             "source": "people_data_labs",
默认	11:48:40.057032+0800	Runner	flutter: │             "url": "https://twitter.com/stlynnatic",
默认	11:48:40.057046+0800	Runner	flutter: │             "username": "stlynnatic"
默认	11:48:40.057056+0800	Runner	flutter: │           },
默认	11:48:40.057065+0800	Runner	flutter: │           {
默认	11:48:40.057075+0800	Runner	flutter: │             "display_name": "joe lynn",
默认	11:48:40.057121+0800	Runner	flutter: │             "person_id": "pdl:0VZv-bgBv8O4bSlSP831RQ_0000",
默认	11:48:40.057174+0800	Runner	flutter: │             "platform": "linkedin",
默认	11:48:40.057313+0800	Runner	flutter: │             "profile_url": "https://linkedin.com/in/josephmarcuslynn",
默认	11:48:40.057327+0800	Runner	flutter: │             "source": "people_data_labs",
默认	11:48:40.057369+0800	Runner	flutter: │             "url": "https://linkedin.com/in/joseph-lynn-51992253",
默认	11:48:40.057419+0800	Runner	flutter: │             "username": "joseph-lynn-51992253"
默认	11:48:40.057466+0800	Runner	flutter: │           }
默认	11:48:40.057509+0800	Runner	flutter: │         ],
默认	11:48:40.057672+0800	Runner	flutter: │         "task_id": "task_68022659b15a60aa6f84c2a0",
默认	11:48:40.057686+0800	Runner	flutter: │         "ui_sections": {
默认	11:48:40.057696+0800	Runner	flutter: │           "insights": {
默认	11:48:40.057840+0800	Runner	flutter: │             "data": {
默认	11:48:40.057857+0800	Runner	flutter: │               "count": 0,
默认	11:48:40.057868+0800	Runner	flutter: │               "items": []
默认	11:48:40.057892+0800	Runner	flutter: │             },
默认	11:48:40.057946+0800	Runner	flutter: │             "status": "empty"
默认	11:48:40.057993+0800	Runner	flutter: │           },
默认	11:48:40.058275+0800	Runner	flutter: │           "photos": {
默认	11:48:40.058303+0800	Runner	flutter: │             "data": {
默认	11:48:40.058312+0800	Runner	flutter: │               "authenticity_photos": [],
默认	11:48:40.058322+0800	Runner	flutter: │               "baseline_photo_url": "",
默认	11:48:40.058332+0800	Runner	flutter: │               "identity_match_rate": 0,
默认	11:48:40.058348+0800	Runner	flutter: │               "match_photos": []
默认	11:48:40.058360+0800	Runner	flutter: │             },
默认	11:48:40.058407+0800	Runner	flutter: │             "status": "empty"
默认	11:48:40.058465+0800	Runner	flutter: │           },
默认	11:48:40.058516+0800	Runner	flutter: │           "profile": {
默认	11:48:40.058722+0800	Runner	flutter: │             "data": {
默认	11:48:40.058736+0800	Runner	flutter: │               "sections": [
默认	11:48:40.058744+0800	Runner	flutter: │                 {
默认	11:48:40.058851+0800	Runner	flutter: │                   "items": [
默认	11:48:40.058868+0800	Runner	flutter: │                     {
默认	11:48:40.058887+0800	Runner	flutter: │                       "label": "Full Name",
默认	11:48:40.058933+0800	Runner	flutter: │                       "value": "joe lynn"
默认	11:48:40.059020+0800	Runner	flutter: │                     },
默认	11:48:40.059034+0800	Runner	flutter: │                     {
默认	11:48:40.059082+0800	Runner	flutter: │                       "label": "Location",
默认	11:48:40.059247+0800	Runner	flutter: │                       "value": "united states"
默认	11:48:40.059259+0800	Runner	flutter: │                     },
默认	11:48:40.059269+0800	Runner	flutter: │                     {
默认	11:48:40.059320+0800	Runner	flutter: │                       "label": "Profile URL",
默认	11:48:40.059369+0800	Runner	flutter: │                       "value": "https://linkedin.com/in/josephmarcuslynn"
默认	11:48:40.059427+0800	Runner	flutter: │                     }
默认	11:48:40.059477+0800	Runner	flutter: │                   ],
默认	11:48:40.059530+0800	Runner	flutter: │                   "title": "Identity"
默认	11:48:40.059581+0800	Runner	flutter: │                 },
默认	11:48:40.059637+0800	Runner	flutter: │                 {
默认	11:48:40.059689+0800	Runner	flutter: │                   "items": [
默认	11:48:40.059736+0800	Runner	flutter: │                     {
默认	11:48:40.059849+0800	Runner	flutter: │                       "label": "Current Role",
默认	11:48:40.059868+0800	Runner	flutter: │                       "value": "basketball referee at los padres basketball officials association"
默认	11:48:40.059937+0800	Runner	flutter: │                     }
默认	11:48:40.059950+0800	Runner	flutter: │                   ],
默认	11:48:40.060132+0800	Runner	flutter: │                   "title": "Career"
默认	11:48:40.060149+0800	Runner	flutter: │                 },
默认	11:48:40.060159+0800	Runner	flutter: │                 {
默认	11:48:40.060336+0800	Runner	flutter: │                   "items": [
默认	11:48:40.060357+0800	Runner	flutter: │                     {
默认	11:48:40.060369+0800	Runner	flutter: │                       "label": "Education",
默认	11:48:40.060544+0800	Runner	flutter: │                       "value": "heald college associate of arts associates; allan hancock college animation art general studies; lompoc high school"
默认	11:48:40.060574+0800	Runner	flutter: │                     }
默认	11:48:40.060585+0800	Runner	flutter: │                   ],
默认	11:48:40.060632+0800	Runner	flutter: │                   "title": "Background"
默认	11:48:40.060646+0800	Runner	flutter: │                 }
默认	11:48:40.060688+0800	Runner	flutter: │               ]
默认	11:48:40.060764+0800	Runner	flutter: │             },
默认	11:48:40.060817+0800	Runner	flutter: │             "status": "data"
默认	11:48:40.060906+0800	Runner	flutter: │           },
默认	11:48:40.060919+0800	Runner	flutter: │           "social": {
默认	11:48:40.060956+0800	Runner	flutter: │             "data": {
默认	11:48:40.060995+0800	Runner	flutter: │               "private_accounts": [],
默认	11:48:40.061069+0800	Runner	flutter: │               "profiles": [
默认	11:48:40.061120+0800	Runner	flutter: │                 {
默认	11:48:40.061172+0800	Runner	flutter: │                   "display_handle": "josephmarcuslynn",
默认	11:48:40.061211+0800	Runner	flutter: │                   "platform": "linkedin",
默认	11:48:40.061256+0800	Runner	flutter: │                   "url": "https://linkedin.com/in/josephmarcuslynn",
默认	11:48:40.061399+0800	Runner	flutter: │                   "username": "josephmarcuslynn"
默认	11:48:40.061412+0800	Runner	flutter: │                 },
默认	11:48:40.061419+0800	Runner	flutter: │                 {
默认	11:48:40.061463+0800	Runner	flutter: │                   "display_handle": "stlynnatic",
默认	11:48:40.061506+0800	Runner	flutter: │                   "platform": "facebook",
默认	11:48:40.061554+0800	Runner	flutter: │                   "url": "https://facebook.com/stlynnatic",
默认	11:48:40.061610+0800	Runner	flutter: │                   "username": "stlynnatic"
默认	11:48:40.061649+0800	Runner	flutter: │                 },
默认	11:48:40.061687+0800	Runner	flutter: │                 {
默认	11:48:40.061728+0800	Runner	flutter: │                   "display_handle": "stlynnatic",
默认	11:48:40.061799+0800	Runner	flutter: │                   "platform": "x",
默认	11:48:40.061839+0800	Runner	flutter: │                   "url": "https://twitter.com/stlynnatic",
默认	11:48:40.061897+0800	Runner	flutter: │                   "username": "stlynnatic"
默认	11:48:40.061939+0800	Runner	flutter: │                 },
默认	11:48:40.061976+0800	Runner	flutter: │                 {
默认	11:48:40.062072+0800	Runner	flutter: │                   "display_handle": "joseph-lynn-51992253",
默认	11:48:40.062083+0800	Runner	flutter: │                   "platform": "linkedin",
默认	11:48:40.062120+0800	Runner	flutter: │                   "url": "https://linkedin.com/in/joseph-lynn-51992253",
默认	11:48:40.062170+0800	Runner	flutter: │                   "username": "joseph-lynn-51992253"
默认	11:48:40.062211+0800	Runner	flutter: │                 }
默认	11:48:40.062252+0800	Runner	flutter: │               ]
默认	11:48:40.062347+0800	Runner	flutter: │             },
默认	11:48:40.062362+0800	Runner	flutter: │             "status": "data"
默认	11:48:40.062401+0800	Runner	flutter: │           },
默认	11:48:40.062438+0800	Runner	flutter: │           "summary": {
默认	11:48:40.062534+0800	Runner	flutter: │             "data": {
默认	11:48:40.062545+0800	Runner	flutter: │               "age": null,
默认	11:48:40.062582+0800	Runner	flutter: │               "avatar_url": "",
默认	11:48:40.062652+0800	Runner	flutter: │               "candidate_id": "report_943c2e492f2ecd83e6e6f95a_candidate_4",
默认	11:48:40.062700+0800	Runner	flutter: │               "confidence_level": "LOW",
默认	11:48:40.062738+0800	Runner	flutter: │               "disclaimers": [
默认	11:48:40.062818+0800	Runner	flutter: │                 "People Data Labs Person Search returns candidate profiles; review candidates or add stronger clues before relying on an identity match."
默认	11:48:40.062999+0800	Runner	flutter: │               ],
默认	11:48:40.063066+0800	Runner	flutter: │               "display_name": "joe lynn",
默认	11:48:40.063118+0800	Runner	flutter: │               "education": "heald college associate of arts associates; allan hancock college animation art general studies; lompoc high school",
默认	11:48:40.063209+0800	Runner	flutter: │               "generate_time": 1783654344793,
默认	11:48:40.063220+0800	Runner	flutter: │               "headline": "basketball referee at los padres basketball officials association",
默认	11:48:40.063280+0800	Runner	flutter: │               "is_best_match": false,
默认	11:48:40.063347+0800	Runner	flutter: │               "is_top_result": true,
默认	11:48:40.063360+0800	Runner	flutter: │               "jobs": [
默认	11:48:40.063420+0800	Runner	flutter: │                 "basketball referee at los padres basketball officials association"
默认	11:48:40.063472+0800	Runner	flutter: │               ],
默认	11:48:40.063527+0800	Runner	flutter: │               "location": "united states",
默认	11:48:40.063600+0800	Runner	flutter: │               "match_reasons": [
默认	11:48:40.063618+0800	Runner	flutter: │                 "name"
默认	11:48:40.063657+0800	Runner	flutter: │               ],
默认	11:48:40.063694+0800	Runner	flutter: │               "match_score": 35,
默认	11:48:40.063738+0800	Runner	flutter: │               "more_social_count": 0,
默认	11:48:40.063802+0800	Runner	flutter: │               "person_id": "pdl:0VZv-bgBv8O4bSlSP831RQ_0000",
默认	11:48:40.063863+0800	Runner	flutter: │               "primary_image": null,
默认	11:48:40.063915+0800	Runner	flutter: │               "profile_url": "https://linkedin.com/in/josephmarcuslynn",
默认	11:48:40.063986+0800	Runner	flutter: │               "report_expires_at": 1786246342720,
默认	11:48:40.063994+0800	Runner	flutter: │               "social_platforms": [
默认	11:48:40.064028+0800	Runner	flutter: │                 "linkedin",
默认	11:48:40.064120+0800	Runner	flutter: │                 "facebook",
默认	11:48:40.064129+0800	Runner	flutter: │                 "x"
默认	11:48:40.064168+0800	Runner	flutter: │               ]
默认	11:48:40.064249+0800	Runner	flutter: │             },
默认	11:48:40.064327+0800	Runner	flutter: │             "status": "data"
默认	11:48:40.064342+0800	Runner	flutter: │           }
默认	11:48:40.064383+0800	Runner	flutter: │         },
默认	11:48:40.064470+0800	Runner	flutter: │         "update_time": 1783654344793
默认	11:48:40.064491+0800	Runner	flutter: │       }
默认	11:48:40.064537+0800	Runner	flutter: │     }
默认	11:48:40.064544+0800	Runner	flutter: │   ]
默认	11:48:40.064587+0800	Runner	flutter: │ }
默认	11:48:40.064683+0800	Runner	flutter: └───────────────────────────────────────────────────────────────────────────────────────────────────
默认	11:48:40.065000+0800	Runner	flutter: ┌───────────────────────────────────────────────────────────────────────────────────────────────────
默认	11:48:40.065157+0800	Runner	flutter: │ [EventTracking] name=report_load_success id=083df161-6ede-4b42-9914-f5fe0f33ebd7 time=1783655320064 props={"page_from":"candidate","task_id":"task_68022659b15a60aa6f84c2a0","candidate_id":"report_943c2e492f2ecd83e6e6f95a_candidate_4","report":{"summary":{"display_name":"joe lynn","has_avatar":0,"jobs_count":1,"has_education":1,"has_location":1,"social_platforms_count":3},"social":{"status":"data","profiles_count":4,"private_accounts_count":0},"photos":{"status":"empty","identity_match_rate":0,"match_photos_count":0,"authenticity_photos_count":0},"profile":{"status":"data","sections_count":3,"items_count":5},"insights":{"status":"empty","items_count":0,"links_count":0}}}
默认	11:48:40.065202+0800	Runner	flutter: └───────────────────────────────────────────────────────────────────────────────────────────────────
默认	11:48:40.071199+0800	Runner	flutter: ┌───────────────────────────────────────────────────────────────────────────────────────────────────
默认	11:48:40.071259+0800	Runner	flutter: │ [HTTP] <-- 200 POST https://api.truthy.top/gateway/invoke service=tool.event_tracking.EventTrackingService method=TrackEvents
默认	11:48:40.071284+0800	Runner	flutter: └───────────────────────────────────────────────────────────────────────────────────────────────────
默认	11:48:40.071332+0800	Runner	flutter: ┌───────────────────────────────────────────────────────────────────────────────────────────────────
默认	11:48:40.071377+0800	Runner	flutter: │ [HTTP] response:
默认	11:48:40.071487+0800	Runner	flutter: │ {
默认	11:48:40.071566+0800	Runner	flutter: │   "code": 0,
默认	11:48:40.071582+0800	Runner	flutter: │   "message": "ok",
默认	11:48:40.071593+0800	Runner	flutter: │   "request_id": "gw_req_86631899a0db2233ce5a0e5afc735d5c",
默认	11:48:40.071619+0800	Runner	flutter: │   "trace_id": "trace_e8651b5c6a4cca71a6ef36978a8efdf1",
默认	11:48:40.071664+0800	Runner	flutter: │   "responses": [
默认	11:48:40.071727+0800	Runner	flutter: │     {
默认	11:48:40.071774+0800	Runner	flutter: │       "id": "req_0",
默认	11:48:40.071818+0800	Runner	flutter: │       "success": true,
默认	11:48:40.071858+0800	Runner	flutter: │       "code": 0,
默认	11:48:40.071902+0800	Runner	flutter: │       "message": "ok",
默认	11:48:40.071947+0800	Runner	flutter: │       "data": {
默认	11:48:40.072007+0800	Runner	flutter: │         "request_id": "gw_req_86631899a0db2233ce5a0e5afc735d5c",
默认	11:48:40.072051+0800	Runner	flutter: │         "trace_id": "trace_e8651b5c6a4cca71a6ef36978a8efdf1",
默认	11:48:40.072146+0800	Runner	flutter: │         "accepted_count": 1,
默认	11:48:40.072206+0800	Runner	flutter: │         "event_name": "candidate_card_click",
默认	11:48:40.072221+0800	Runner	flutter: │         "event_names": [
默认	11:48:40.072266+0800	Runner	flutter: │           "candidate_card_click"
默认	11:48:40.072283+0800	Runner	flutter: │         ],
默认	11:48:40.072324+0800	Runner	flutter: │         "events": [
默认	11:48:40.072370+0800	Runner	flutter: │           {
默认	11:48:40.072411+0800	Runner	flutter: │             "index": 0,
默认	11:48:40.072468+0800	Runner	flutter: │             "event_id": "9cba2d92-8c3e-4382-85bc-7422dbcded75",
默认	11:48:40.072520+0800	Runner	flutter: │             "event_name": "candidate_card_click",
默认	11:48:40.072576+0800	Runner	flutter: │             "status": "accepted"
默认	11:48:40.072592+0800	Runner	flutter: │           }
默认	11:48:40.072647+0800	Runner	flutter: │         ]
默认	11:48:40.072716+0800	Runner	flutter: │       }
默认	11:48:40.072730+0800	Runner	flutter: │     }
默认	11:48:40.072767+0800	Runner	flutter: │   ]
默认	11:48:40.072803+0800	Runner	flutter: │ }
默认	11:48:40.072866+0800	Runner	flutter: └───────────────────────────────────────────────────────────────────────────────────────────────────
默认	11:48:40.083193+0800	Runner	flutter: ┌───────────────────────────────────────────────────────────────────────────────────────────────────
默认	11:48:40.083235+0800	Runner	flutter: │ [HTTP] --> POST https://api.truthy.top/gateway/invoke service=tool.event_tracking.EventTrackingService method=TrackEvents
默认	11:48:40.083266+0800	Runner	flutter: └───────────────────────────────────────────────────────────────────────────────────────────────────
默认	11:48:40.083735+0800	Runner	flutter: ┌───────────────────────────────────────────────────────────────────────────────────────────────────
默认	11:48:40.083749+0800	Runner	flutter: │ [HTTP] request:
默认	11:48:40.083833+0800	Runner	flutter: │ {
默认	11:48:40.083849+0800	Runner	flutter: │   "comm": {
默认	11:48:40.083862+0800	Runner	flutter: │     "auth_token": "***",
默认	11:48:40.083954+0800	Runner	flutter: │     "user_id": "user_e5f97712121ebfac3d6f6407",
默认	11:48:40.083970+0800	Runner	flutter: │     "device_id": "c5ece928-513e-4e75-a500-28479ac5102a",
默认	11:48:40.083982+0800	Runner	flutter: │     "client_request_id": "crid_1783655320080972",
默认	11:48:40.083993+0800	Runner	flutter: │     "platform": "ios",
默认	11:48:40.084070+0800	Runner	flutter: │     "app_version": "1.0.0",
默认	11:48:40.084114+0800	Runner	flutter: │     "locale": "zh-Hans-HK",
默认	11:48:40.084178+0800	Runner	flutter: │     "country": "HK",
默认	11:48:40.084187+0800	Runner	flutter: │     "timezone": "UTC+08:00"
默认	11:48:40.084197+0800	Runner	flutter: │   },
默认	11:48:40.084206+0800	Runner	flutter: │   "requests": [
默认	11:48:40.084213+0800	Runner	flutter: │     {
默认	11:48:40.084330+0800	Runner	flutter: │       "id": "req_0",
默认	11:48:40.084347+0800	Runner	flutter: │       "service_name": "tool.event_tracking.EventTrackingService",
默认	11:48:40.084357+0800	Runner	flutter: │       "method_name": "TrackEvents",
默认	11:48:40.084403+0800	Runner	flutter: │       "params": {
默认	11:48:40.084414+0800	Runner	flutter: │         "events": [
默认	11:48:40.084466+0800	Runner	flutter: │           {
默认	11:48:40.084475+0800	Runner	flutter: │             "event_id": "58ad98f4-7c00-4ac2-83ed-ffdc72795372",
默认	11:48:40.084546+0800	Runner	flutter: │             "event_name": "app_page_stay",
默认	11:48:40.084561+0800	Runner	flutter: │             "event_time_ms": 1783655318353,
默认	11:48:40.084602+0800	Runner	flutter: │             "properties": {
默认	11:48:40.084611+0800	Runner	flutter: │               "logtime": 1783655318353,
默认	11:48:40.084638+0800	Runner	flutter: │               "log_id": "58ad98f4-7c00-4ac2-83ed-ffdc72795372",
默认	11:48:40.084719+0800	Runner	flutter: │               "net": "wifi",
默认	11:48:40.084728+0800	Runner	flutter: │               "pkg": "com.sparkjam.truthy.ios",
默认	11:48:40.084789+0800	Runner	flutter: │               "bucket": 56,
默认	11:48:40.084804+0800	Runner	flutter: │               "abslot": 21,
默认	11:48:40.084855+0800	Runner	flutter: │               "ram": "3684MB",
默认	11:48:40.084867+0800	Runner	flutter: │               "cpu": "arm64",
默认	11:48:40.084918+0800	Runner	flutter: │               "sh": 844,
默认	11:48:40.084927+0800	Runner	flutter: │               "sw": 390,
默认	11:48:40.084988+0800	Runner	flutter: │               "city": "",
默认	11:48:40.085001+0800	Runner	flutter: │               "ste": "",
默认	11:48:40.085041+0800	Runner	flutter: │               "lat": "",
默认	11:48:40.085056+0800	Runner	flutter: │               "lng": "",
默认	11:48:40.085108+0800	Runner	flutter: │               "sty": "desk",
默认	11:48:40.085185+0800	Runner	flutter: │               "isp": "",
默认	11:48:40.085196+0800	Runner	flutter: │               "mod": "iphone13,2",
默认	11:48:40.085208+0800	Runner	flutter: │               "brd": "apple",
默认	11:48:40.085221+0800	Runner	flutter: │               "os": "26.3.1",
默认	11:48:40.085230+0800	Runner	flutter: │               "pf": "ios",
默认	11:48:40.085330+0800	Runner	flutter: │               "slan": "zh",
默认	11:48:40.085341+0800	Runner	flutter: │               "reg": "HK",
默认	11:48:40.085350+0800	Runner	flutter: │               "cou": "HK",
默认	11:48:40.085376+0800	Runner	flutter: │               "sub": "",
默认	11:48:40.085441+0800	Runner	flutter: │               "cha": "",
默认	11:48:40.085463+0800	Runner	flutter: │               "verc": "10000",
默认	11:48:40.085505+0800	Runner	flutter: │               "ver": "1.0.0",
默认	11:48:40.085515+0800	Runner	flutter: │               "sid": "5094b07b-cc63-4868-b4ac-6bced54db906",
默认	11:48:40.085560+0800	Runner	flutter: │               "uuid": "***",
默认	11:48:40.085576+0800	Runner	flutter: │               "idfa": "***",
默认	11:48:40.085649+0800	Runner	flutter: │               "idfv": "***",
默认	11:48:40.085659+0800	Runner	flutter: │               "aid": "***",
默认	11:48:40.085700+0800	Runner	flutter: │               "gaid": "***",
默认	11:48:40.085714+0800	Runner	flutter: │               "did": "***",
默认	11:48:40.085768+0800	Runner	flutter: │               "uid": "***",
默认	11:48:40.085779+0800	Runner	flutter: │               "anm": "Truthy",
默认	11:48:40.085840+0800	Runner	flutter: │               "push_id": "",
默认	11:48:40.085856+0800	Runner	flutter: │               "push_type": "",
默认	11:48:40.085902+0800	Runner	flutter: │               "is_pro": "1",
默认	11:48:40.085912+0800	Runner	flutter: │               "page_from": "candidate",
默认	11:48:40.085977+0800	Runner	flutter: │               "duration_s": 9
默认	11:48:40.085993+0800	Runner	flutter: │             }
默认	11:48:40.086072+0800	Runner	flutter: │           },
默认	11:48:40.086082+0800	Runner	flutter: │           {
默认	11:48:40.086091+0800	Runner	flutter: │             "event_id": "b223c5b5-9236-43b6-bede-6b54b4f5ce05",
默认	11:48:40.086134+0800	Runner	flutter: │             "event_name": "report_pageview",
默认	11:48:40.086144+0800	Runner	flutter: │             "event_time_ms": 1783655318357,
默认	11:48:40.086199+0800	Runner	flutter: │             "properties": {
默认	11:48:40.086216+0800	Runner	flutter: │               "logtime": 1783655318357,
默认	11:48:40.086268+0800	Runner	flutter: │               "log_id": "b223c5b5-9236-43b6-bede-6b54b4f5ce05",
默认	11:48:40.086278+0800	Runner	flutter: │               "net": "wifi",
默认	11:48:40.086303+0800	Runner	flutter: │               "pkg": "com.sparkjam.truthy.ios",
默认	11:48:40.086333+0800	Runner	flutter: │               "bucket": 56,
默认	11:48:40.086361+0800	Runner	flutter: │               "abslot": 21,
默认	11:48:40.086395+0800	Runner	flutter: │               "ram": "3684MB",
默认	11:48:40.086499+0800	Runner	flutter: │               "cpu": "arm64",
默认	11:48:40.086517+0800	Runner	flutter: │               "sh": 844,
默认	11:48:40.086529+0800	Runner	flutter: │               "sw": 390,
默认	11:48:40.086555+0800	Runner	flutter: │               "city": "",
默认	11:48:40.086600+0800	Runner	flutter: │               "ste": "",
默认	11:48:40.086607+0800	Runner	flutter: │               "lat": "",
默认	11:48:40.086613+0800	Runner	flutter: │               "lng": "",
默认	11:48:40.086638+0800	Runner	flutter: │               "sty": "desk",
默认	11:48:40.086657+0800	Runner	flutter: │               "isp": "",
默认	11:48:40.086683+0800	Runner	flutter: │               "mod": "iphone13,2",
默认	11:48:40.086710+0800	Runner	flutter: │               "brd": "apple",
默认	11:48:40.086736+0800	Runner	flutter: │               "os": "26.3.1",
默认	11:48:40.086797+0800	Runner	flutter: │               "pf": "ios",
默认	11:48:40.086805+0800	Runner	flutter: │               "slan": "zh",
默认	11:48:40.086822+0800	Runner	flutter: │               "reg": "HK",
默认	11:48:40.086839+0800	Runner	flutter: │               "cou": "HK",
默认	11:48:40.086899+0800	Runner	flutter: │               "sub": "",
默认	11:48:40.086905+0800	Runner	flutter: │               "cha": "",
默认	11:48:40.086921+0800	Runner	flutter: │               "verc": "10000",
默认	11:48:40.086939+0800	Runner	flutter: │               "ver": "1.0.0",
默认	11:48:40.086997+0800	Runner	flutter: │               "sid": "5094b07b-cc63-4868-b4ac-6bced54db906",
默认	11:48:40.087003+0800	Runner	flutter: │               "uuid": "***",
默认	11:48:40.087021+0800	Runner	flutter: │               "idfa": "***",
默认	11:48:40.087045+0800	Runner	flutter: │               "idfv": "***",
默认	11:48:40.087102+0800	Runner	flutter: │               "aid": "***",
默认	11:48:40.087109+0800	Runner	flutter: │               "gaid": "***",
默认	11:48:40.087126+0800	Runner	flutter: │               "did": "***",
默认	11:48:40.087145+0800	Runner	flutter: │               "uid": "***",
默认	11:48:40.087173+0800	Runner	flutter: │               "anm": "Truthy",
默认	11:48:40.087218+0800	Runner	flutter: │               "push_id": "",
默认	11:48:40.087264+0800	Runner	flutter: │               "push_type": "",
默认	11:48:40.087285+0800	Runner	flutter: │               "is_pro": "1",
默认	11:48:40.087295+0800	Runner	flutter: │               "page_from": "candidate",
默认	11:48:40.087332+0800	Runner	flutter: │               "task_id": "task_68022659b15a60aa6f84c2a0",
默认	11:48:40.087340+0800	Runner	flutter: │               "candidate_id": "report_943c2e492f2ecd83e6e6f95a_candidate_4"
默认	11:48:40.087363+0800	Runner	flutter: │             }
默认	11:48:40.087380+0800	Runner	flutter: │           },
默认	11:48:40.087402+0800	Runner	flutter: │           {
默认	11:48:40.087460+0800	Runner	flutter: │             "event_id": "083df161-6ede-4b42-9914-f5fe0f33ebd7",
默认	11:48:40.087466+0800	Runner	flutter: │             "event_name": "report_load_success",
默认	11:48:40.087507+0800	Runner	flutter: │             "event_time_ms": 1783655320064,
默认	11:48:40.087512+0800	Runner	flutter: │             "properties": {
默认	11:48:40.087529+0800	Runner	flutter: │               "logtime": 1783655320064,
默认	11:48:40.087590+0800	Runner	flutter: │               "log_id": "083df161-6ede-4b42-9914-f5fe0f33ebd7",
默认	11:48:40.087596+0800	Runner	flutter: │               "net": "wifi",
默认	11:48:40.087615+0800	Runner	flutter: │               "pkg": "com.sparkjam.truthy.ios",
默认	11:48:40.087636+0800	Runner	flutter: │               "bucket": 56,
默认	11:48:40.087754+0800	Runner	flutter: │               "abslot": 21,
默认	11:48:40.087776+0800	Runner	flutter: │               "ram": "3684MB",
默认	11:48:40.087786+0800	Runner	flutter: │               "cpu": "arm64",
默认	11:48:40.087807+0800	Runner	flutter: │               "sh": 844,
默认	11:48:40.087820+0800	Runner	flutter: │               "sw": 390,
默认	11:48:40.087829+0800	Runner	flutter: │               "city": "",
默认	11:48:40.087868+0800	Runner	flutter: │               "ste": "",
默认	11:48:40.087877+0800	Runner	flutter: │               "lat": "",
默认	11:48:40.087881+0800	Runner	flutter: │               "lng": "",
默认	11:48:40.087898+0800	Runner	flutter: │               "sty": "desk",
默认	11:48:40.087970+0800	Runner	flutter: │               "isp": "",
默认	11:48:40.087989+0800	Runner	flutter: │               "mod": "iphone13,2",
默认	11:48:40.087999+0800	Runner	flutter: │               "brd": "apple",
默认	11:48:40.088037+0800	Runner	flutter: │               "os": "26.3.1",
默认	11:48:40.088051+0800	Runner	flutter: │               "pf": "ios",
默认	11:48:40.088103+0800	Runner	flutter: │               "slan": "zh",
默认	11:48:40.088115+0800	Runner	flutter: │               "reg": "HK",
默认	11:48:40.088125+0800	Runner	flutter: │               "cou": "HK",
默认	11:48:40.088152+0800	Runner	flutter: │               "sub": "",
默认	11:48:40.088165+0800	Runner	flutter: │               "cha": "",
默认	11:48:40.088268+0800	Runner	flutter: │               "verc": "10000",
默认	11:48:40.088279+0800	Runner	flutter: │               "ver": "1.0.0",
默认	11:48:40.088288+0800	Runner	flutter: │               "sid": "5094b07b-cc63-4868-b4ac-6bced54db906",
默认	11:48:40.088295+0800	Runner	flutter: │               "uuid": "***",
默认	11:48:40.088399+0800	Runner	flutter: │               "idfa": "***",
默认	11:48:40.088413+0800	Runner	flutter: │               "idfv": "***",
默认	11:48:40.088423+0800	Runner	flutter: │               "aid": "***",
默认	11:48:40.088433+0800	Runner	flutter: │               "gaid": "***",
默认	11:48:40.088444+0800	Runner	flutter: │               "did": "***",
默认	11:48:40.088454+0800	Runner	flutter: │               "uid": "***",
默认	11:48:40.088464+0800	Runner	flutter: │               "anm": "Truthy",
默认	11:48:40.088474+0800	Runner	flutter: │               "push_id": "",
默认	11:48:40.088520+0800	Runner	flutter: │               "push_type": "",
默认	11:48:40.088545+0800	Runner	flutter: │               "is_pro": "1",
默认	11:48:40.088576+0800	Runner	flutter: │               "page_from": "candidate",
默认	11:48:40.088582+0800	Runner	flutter: │               "task_id": "task_68022659b15a60aa6f84c2a0",
默认	11:48:40.088632+0800	Runner	flutter: │               "candidate_id": "report_943c2e492f2ecd83e6e6f95a_candidate_4",
默认	11:48:40.088641+0800	Runner	flutter: │               "report": {
默认	11:48:40.088675+0800	Runner	flutter: │                 "summary": {
默认	11:48:40.088694+0800	Runner	flutter: │                   "display_name": "joe lynn",
默认	11:48:40.088735+0800	Runner	flutter: │                   "has_avatar": 0,
默认	11:48:40.088742+0800	Runner	flutter: │                   "jobs_count": 1,
默认	11:48:40.088762+0800	Runner	flutter: │                   "has_education": 1,
默认	11:48:40.088779+0800	Runner	flutter: │                   "has_location": 1,
默认	11:48:40.088809+0800	Runner	flutter: │                   "social_platforms_count": 3
默认	11:48:40.088831+0800	Runner	flutter: │                 },
默认	11:48:40.088865+0800	Runner	flutter: │                 "social": {
默认	11:48:40.088891+0800	Runner	flutter: │                   "status": "data",
默认	11:48:40.088953+0800	Runner	flutter: │                   "profiles_count": 4,
默认	11:48:40.088958+0800	Runner	flutter: │                   "private_accounts_count": 0
默认	11:48:40.089030+0800	Runner	flutter: │                 },
默认	11:48:40.089045+0800	Runner	flutter: │                 "photos": {
默认	11:48:40.089054+0800	Runner	flutter: │                   "status": "empty",
默认	11:48:40.089093+0800	Runner	flutter: │                   "identity_match_rate": 0,
默认	11:48:40.089102+0800	Runner	flutter: │                   "match_photos_count": 0,
默认	11:48:40.089119+0800	Runner	flutter: │                   "authenticity_photos_count": 0
默认	11:48:40.089143+0800	Runner	flutter: │                 },
默认	11:48:40.089168+0800	Runner	flutter: │                 "profile": {
默认	11:48:40.089189+0800	Runner	flutter: │                   "status": "data",
默认	11:48:40.089247+0800	Runner	flutter: │                   "sections_count": 3,
默认	11:48:40.089253+0800	Runner	flutter: │                   "items_count": 5
默认	11:48:40.089271+0800	Runner	flutter: │                 },
默认	11:48:40.089293+0800	Runner	flutter: │                 "insights": {
默认	11:48:40.089318+0800	Runner	flutter: │                   "status": "empty",
默认	11:48:40.089344+0800	Runner	flutter: │                   "items_count": 0,
默认	11:48:40.089401+0800	Runner	flutter: │                   "links_count": 0
默认	11:48:40.089407+0800	Runner	flutter: │                 }
默认	11:48:40.089462+0800	Runner	flutter: │               }
默认	11:48:40.089468+0800	Runner	flutter: │             }
默认	11:48:40.089472+0800	Runner	flutter: │           }
默认	11:48:40.089490+0800	Runner	flutter: │         ]
默认	11:48:40.089569+0800	Runner	flutter: │       }
默认	11:48:40.089586+0800	Runner	flutter: │     }
默认	11:48:40.089652+0800	Runner	flutter: │   ]
默认	11:48:40.089663+0800	Runner	flutter: │ }
默认	11:48:40.089673+0800	Runner	flutter: └───────────────────────────────────────────────────────────────────────────────────────────────────
默认	11:48:40.450455+0800	Runner	flutter: ┌───────────────────────────────────────────────────────────────────────────────────────────────────
默认	11:48:40.450560+0800	Runner	flutter: │ [HTTP] <-- 200 POST https://api.truthy.top/gateway/invoke service=tool.event_tracking.EventTrackingService method=TrackEvents
默认	11:48:40.450750+0800	Runner	flutter: └───────────────────────────────────────────────────────────────────────────────────────────────────
默认	11:48:40.451265+0800	Runner	flutter: ┌───────────────────────────────────────────────────────────────────────────────────────────────────
默认	11:48:40.451415+0800	Runner	flutter: │ [HTTP] response:
默认	11:48:40.451697+0800	Runner	flutter: │ {
默认	11:48:40.452042+0800	Runner	flutter: │   "code": 0,
默认	11:48:40.452069+0800	Runner	flutter: │   "message": "ok",
默认	11:48:40.452094+0800	Runner	flutter: │   "request_id": "gw_req_9dc2c0b34aeab4c63894e54dacfda003",
默认	11:48:40.452119+0800	Runner	flutter: │   "trace_id": "trace_67b5916b01e4205886e52e20eb6d0e4e",
默认	11:48:40.452420+0800	Runner	flutter: │   "responses": [
默认	11:48:40.452466+0800	Runner	flutter: │     {
默认	11:48:40.452656+0800	Runner	flutter: │       "id": "req_0",
默认	11:48:40.452688+0800	Runner	flutter: │       "success": true,
默认	11:48:40.452822+0800	Runner	flutter: │       "code": 0,
默认	11:48:40.452950+0800	Runner	flutter: │       "message": "ok",
默认	11:48:40.453124+0800	Runner	flutter: │       "data": {
默认	11:48:40.453219+0800	Runner	flutter: │         "request_id": "gw_req_9dc2c0b34aeab4c63894e54dacfda003",
默认	11:48:40.453382+0800	Runner	flutter: │         "trace_id": "trace_67b5916b01e4205886e52e20eb6d0e4e",
默认	11:48:40.453501+0800	Runner	flutter: │         "accepted_count": 3,
默认	11:48:40.453716+0800	Runner	flutter: │         "event_name": "app_page_stay",
默认	11:48:40.453807+0800	Runner	flutter: │         "event_names": [
默认	11:48:40.453943+0800	Runner	flutter: │           "app_page_stay",
默认	11:48:40.454091+0800	Runner	flutter: │           "report_pageview",
默认	11:48:40.454340+0800	Runner	flutter: │           "report_load_success"
默认	11:48:40.454375+0800	Runner	flutter: │         ],
默认	11:48:40.454549+0800	Runner	flutter: │         "events": [
默认	11:48:40.454672+0800	Runner	flutter: │           {
默认	11:48:40.455002+0800	Runner	flutter: │             "index": 0,
默认	11:48:40.455061+0800	Runner	flutter: │             "event_id": "58ad98f4-7c00-4ac2-83ed-ffdc72795372",
默认	11:48:40.455106+0800	Runner	flutter: │             "event_name": "app_page_stay",
默认	11:48:40.455219+0800	Runner	flutter: │             "status": "accepted"
默认	11:48:40.455559+0800	Runner	flutter: │           },
默认	11:48:40.455595+0800	Runner	flutter: │           {
默认	11:48:40.455621+0800	Runner	flutter: │             "index": 1,
默认	11:48:40.455830+0800	Runner	flutter: │             "event_id": "b223c5b5-9236-43b6-bede-6b54b4f5ce05",
默认	11:48:40.455914+0800	Runner	flutter: │             "event_name": "report_pageview",
默认	11:48:40.456000+0800	Runner	flutter: │             "status": "accepted"
默认	11:48:40.456094+0800	Runner	flutter: │           },
默认	11:48:40.456168+0800	Runner	flutter: │           {
默认	11:48:40.456259+0800	Runner	flutter: │             "index": 2,
默认	11:48:40.456381+0800	Runner	flutter: │             "event_id": "083df161-6ede-4b42-9914-f5fe0f33ebd7",
默认	11:48:40.456456+0800	Runner	flutter: │             "event_name": "report_load_success",
默认	11:48:40.456630+0800	Runner	flutter: │             "status": "accepted"
默认	11:48:40.456651+0800	Runner	flutter: │           }
默认	11:48:40.456723+0800	Runner	flutter: │         ]
默认	11:48:40.456928+0800	Runner	flutter: │       }
默认	11:48:40.456948+0800	Runner	flutter: │     }
默认	11:48:40.457020+0800	Runner	flutter: │   ]
默认	11:48:40.457098+0800	Runner	flutter: │ }
默认	11:48:40.457298+0800	Runner	flutter: └───────────────────────────────────────────────────────────────────────────────────────────────────
默认	11:48:40.705363+0800	Runner	flutter: ┌───────────────────────────────────────────────────────────────────────────────────────────────────
默认	11:48:40.705576+0800	Runner	flutter: │ [EventTracking] name=app_page_stay id=cefef4f2-3b3c-4a5b-a8cc-2cd70a0bb432 time=1783655320704 props={"page_from":"report","duration_s":2}
默认	11:48:40.705926+0800	Runner	flutter: └───────────────────────────────────────────────────────────────────────────────────────────────────
默认	11:48:40.731595+0800	Runner	flutter: ┌───────────────────────────────────────────────────────────────────────────────────────────────────
默认	11:48:40.731653+0800	Runner	flutter: │ [HTTP] --> POST https://api.truthy.top/gateway/invoke service=tool.event_tracking.EventTrackingService method=TrackEvents
默认	11:48:40.731687+0800	Runner	flutter: └───────────────────────────────────────────────────────────────────────────────────────────────────
默认	11:48:40.732024+0800	Runner	flutter: ┌───────────────────────────────────────────────────────────────────────────────────────────────────
默认	11:48:40.732039+0800	Runner	flutter: │ [HTTP] request:
默认	11:48:40.732059+0800	Runner	flutter: │ {
默认	11:48:40.732122+0800	Runner	flutter: │   "comm": {
默认	11:48:40.732146+0800	Runner	flutter: │     "auth_token": "***",
默认	11:48:40.732198+0800	Runner	flutter: │     "user_id": "user_e5f97712121ebfac3d6f6407",
默认	11:48:40.732245+0800	Runner	flutter: │     "device_id": "c5ece928-513e-4e75-a500-28479ac5102a",
默认	11:48:40.732481+0800	Runner	flutter: │     "client_request_id": "crid_1783655320725380",
默认	11:48:40.732501+0800	Runner	flutter: │     "platform": "ios",
默认	11:48:40.732511+0800	Runner	flutter: │     "app_version": "1.0.0",
默认	11:48:40.732569+0800	Runner	flutter: │     "locale": "zh-Hans-HK",
默认	11:48:40.732587+0800	Runner	flutter: │     "country": "HK",
默认	11:48:40.732599+0800	Runner	flutter: │     "timezone": "UTC+08:00"
默认	11:48:40.732609+0800	Runner	flutter: │   },
默认	11:48:40.732757+0800	Runner	flutter: │   "requests": [
默认	11:48:40.732773+0800	Runner	flutter: │     {
默认	11:48:40.732783+0800	Runner	flutter: │       "id": "req_0",
默认	11:48:40.732920+0800	Runner	flutter: │       "service_name": "tool.event_tracking.EventTrackingService",
默认	11:48:40.732939+0800	Runner	flutter: │       "method_name": "TrackEvents",
默认	11:48:40.732949+0800	Runner	flutter: │       "params": {
默认	11:48:40.732991+0800	Runner	flutter: │         "events": [
默认	11:48:40.733036+0800	Runner	flutter: │           {
默认	11:48:40.733109+0800	Runner	flutter: │             "event_id": "cefef4f2-3b3c-4a5b-a8cc-2cd70a0bb432",
默认	11:48:40.733150+0800	Runner	flutter: │             "event_name": "app_page_stay",
默认	11:48:40.733190+0800	Runner	flutter: │             "event_time_ms": 1783655320704,
默认	11:48:40.733228+0800	Runner	flutter: │             "properties": {
默认	11:48:40.733280+0800	Runner	flutter: │               "logtime": 1783655320704,
默认	11:48:40.733325+0800	Runner	flutter: │               "log_id": "cefef4f2-3b3c-4a5b-a8cc-2cd70a0bb432",
默认	11:48:40.733431+0800	Runner	flutter: │               "net": "wifi",
默认	11:48:40.733443+0800	Runner	flutter: │               "pkg": "com.sparkjam.truthy.ios",
默认	11:48:40.733479+0800	Runner	flutter: │               "bucket": 56,
默认	11:48:40.733517+0800	Runner	flutter: │               "abslot": 21,
默认	11:48:40.733556+0800	Runner	flutter: │               "ram": "3684MB",
默认	11:48:40.733606+0800	Runner	flutter: │               "cpu": "arm64",
默认	11:48:40.733648+0800	Runner	flutter: │               "sh": 844,
默认	11:48:40.733689+0800	Runner	flutter: │               "sw": 390,
默认	11:48:40.733891+0800	Runner	flutter: │               "city": "",
默认	11:48:40.733901+0800	Runner	flutter: │               "ste": "",
默认	11:48:40.733910+0800	Runner	flutter: │               "lat": "",
默认	11:48:40.733916+0800	Runner	flutter: │               "lng": "",
默认	11:48:40.733925+0800	Runner	flutter: │               "sty": "desk",
默认	11:48:40.733966+0800	Runner	flutter: │               "isp": "",
默认	11:48:40.734006+0800	Runner	flutter: │               "mod": "iphone13,2",
默认	11:48:40.734047+0800	Runner	flutter: │               "brd": "apple",
默认	11:48:40.734093+0800	Runner	flutter: │               "os": "26.3.1",
默认	11:48:40.734281+0800	Runner	flutter: │               "pf": "ios",
默认	11:48:40.734358+0800	Runner	flutter: │               "slan": "zh",
默认	11:48:40.734369+0800	Runner	flutter: │               "reg": "HK",
默认	11:48:40.734378+0800	Runner	flutter: │               "cou": "HK",
默认	11:48:40.734386+0800	Runner	flutter: │               "sub": "",
默认	11:48:40.734395+0800	Runner	flutter: │               "cha": "",
默认	11:48:40.734401+0800	Runner	flutter: │               "verc": "10000",
默认	11:48:40.734445+0800	Runner	flutter: │               "ver": "1.0.0",
默认	11:48:40.734518+0800	Runner	flutter: │               "sid": "5094b07b-cc63-4868-b4ac-6bced54db906",
默认	11:48:40.734554+0800	Runner	flutter: │               "uuid": "***",
默认	11:48:40.734591+0800	Runner	flutter: │               "idfa": "***",
默认	11:48:40.734642+0800	Runner	flutter: │               "idfv": "***",
默认	11:48:40.734694+0800	Runner	flutter: │               "aid": "***",
默认	11:48:40.734731+0800	Runner	flutter: │               "gaid": "***",
默认	11:48:40.734807+0800	Runner	flutter: │               "did": "***",
默认	11:48:40.734945+0800	Runner	flutter: │               "uid": "***",
默认	11:48:40.735052+0800	Runner	flutter: │               "anm": "Truthy",
默认	11:48:40.735093+0800	Runner	flutter: │               "push_id": "",
默认	11:48:40.735133+0800	Runner	flutter: │               "push_type": "",
默认	11:48:40.735199+0800	Runner	flutter: │               "is_pro": "1",
默认	11:48:40.735286+0800	Runner	flutter: │               "page_from": "report",
默认	11:48:40.735297+0800	Runner	flutter: │               "duration_s": 2
默认	11:48:40.735337+0800	Runner	flutter: │             }
默认	11:48:40.735375+0800	Runner	flutter: │           }
默认	11:48:40.735419+0800	Runner	flutter: │         ]
默认	11:48:40.735460+0800	Runner	flutter: │       }
默认	11:48:40.735506+0800	Runner	flutter: │     }
默认	11:48:40.735548+0800	Runner	flutter: │   ]
默认	11:48:40.735610+0800	Runner	flutter: │ }
默认	11:48:40.735681+0800	Runner	flutter: └───────────────────────────────────────────────────────────────────────────────────────────────────
默认	11:48:40.964170+0800	Runner	flutter: ┌───────────────────────────────────────────────────────────────────────────────────────────────────
默认	11:48:40.964335+0800	Runner	flutter: │ [HTTP] <-- 200 POST https://api.truthy.top/gateway/invoke service=tool.event_tracking.EventTrackingService method=TrackEvents
默认	11:48:40.964401+0800	Runner	flutter: └───────────────────────────────────────────────────────────────────────────────────────────────────
默认	11:48:40.964752+0800	Runner	flutter: ┌───────────────────────────────────────────────────────────────────────────────────────────────────
默认	11:48:40.964786+0800	Runner	flutter: │ [HTTP] response:
默认	11:48:40.964823+0800	Runner	flutter: │ {
默认	11:48:40.964842+0800	Runner	flutter: │   "code": 0,
默认	11:48:40.964907+0800	Runner	flutter: │   "message": "ok",
默认	11:48:40.965014+0800	Runner	flutter: │   "request_id": "gw_req_8e32e6345e71d93955e0b9d0ca383b36",
默认	11:48:40.965121+0800	Runner	flutter: │   "trace_id": "trace_4f4f92efeec4391305e5b8a7b46e62c1",
默认	11:48:40.965244+0800	Runner	flutter: │   "responses": [
默认	11:48:40.965267+0800	Runner	flutter: │     {
默认	11:48:40.965348+0800	Runner	flutter: │       "id": "req_0",
默认	11:48:40.965461+0800	Runner	flutter: │       "success": true,
默认	11:48:40.965553+0800	Runner	flutter: │       "code": 0,
默认	11:48:40.965631+0800	Runner	flutter: │       "message": "ok",
默认	11:48:40.965737+0800	Runner	flutter: │       "data": {
默认	11:48:40.965820+0800	Runner	flutter: │         "request_id": "gw_req_8e32e6345e71d93955e0b9d0ca383b36",
默认	11:48:40.966032+0800	Runner	flutter: │         "trace_id": "trace_4f4f92efeec4391305e5b8a7b46e62c1",
默认	11:48:40.966054+0800	Runner	flutter: │         "accepted_count": 1,
默认	11:48:40.966140+0800	Runner	flutter: │         "event_name": "app_page_stay",
默认	11:48:40.966229+0800	Runner	flutter: │         "event_names": [
默认	11:48:40.966314+0800	Runner	flutter: │           "app_page_stay"
默认	11:48:40.966443+0800	Runner	flutter: │         ],
默认	11:48:40.966660+0800	Runner	flutter: │         "events": [
默认	11:48:40.966690+0800	Runner	flutter: │           {
默认	11:48:40.966707+0800	Runner	flutter: │             "index": 0,
默认	11:48:40.966795+0800	Runner	flutter: │             "event_id": "cefef4f2-3b3c-4a5b-a8cc-2cd70a0bb432",
默认	11:48:40.966883+0800	Runner	flutter: │             "event_name": "app_page_stay",
默认	11:48:40.966993+0800	Runner	flutter: │             "status": "accepted"
默认	11:48:40.967061+0800	Runner	flutter: │           }
默认	11:48:40.967148+0800	Runner	flutter: │         ]
默认	11:48:40.967245+0800	Runner	flutter: │       }
默认	11:48:40.967354+0800	Runner	flutter: │     }
默认	11:48:40.967411+0800	Runner	flutter: │   ]
默认	11:48:40.967499+0800	Runner	flutter: │ }
默认	11:48:40.967874+0800	Runner	flutter: └───────────────────────────────────────────────────────────────────────────────────────────────────
默认	11:48:41.078470+0800	Runner	flutter: ┌───────────────────────────────────────────────────────────────────────────────────────────────────
默认	11:48:41.078598+0800	Runner	flutter: │ [EventTracking] name=report_tab_view id=b321b967-fe8c-46f2-81a6-e2d1906d0e71 time=1783655321077 props={"page_from":"candidate","task_id":"task_68022659b15a60aa6f84c2a0","candidate_id":"report_943c2e492f2ecd83e6e6f95a_candidate_4","type":"social","stay_time":1.012}
默认	11:48:41.078639+0800	Runner	flutter: └───────────────────────────────────────────────────────────────────────────────────────────────────
默认	11:48:41.098268+0800	Runner	flutter: ┌───────────────────────────────────────────────────────────────────────────────────────────────────
默认	11:48:41.098335+0800	Runner	flutter: │ [HTTP] --> POST https://api.truthy.top/gateway/invoke service=tool.event_tracking.EventTrackingService method=TrackEvents
默认	11:48:41.098424+0800	Runner	flutter: └───────────────────────────────────────────────────────────────────────────────────────────────────
默认	11:48:41.098812+0800	Runner	flutter: ┌───────────────────────────────────────────────────────────────────────────────────────────────────
默认	11:48:41.098830+0800	Runner	flutter: │ [HTTP] request:
默认	11:48:41.098931+0800	Runner	flutter: │ {
默认	11:48:41.098953+0800	Runner	flutter: │   "comm": {
默认	11:48:41.099033+0800	Runner	flutter: │     "auth_token": "***",
默认	11:48:41.099090+0800	Runner	flutter: │     "user_id": "user_e5f97712121ebfac3d6f6407",
默认	11:48:41.099153+0800	Runner	flutter: │     "device_id": "c5ece928-513e-4e75-a500-28479ac5102a",
默认	11:48:41.099520+0800	Runner	flutter: │     "client_request_id": "crid_1783655321092674",
默认	11:48:41.099544+0800	Runner	flutter: │     "platform": "ios",
默认	11:48:41.099558+0800	Runner	flutter: │     "app_version": "1.0.0",
默认	11:48:41.099570+0800	Runner	flutter: │     "locale": "zh-Hans-HK",
默认	11:48:41.099582+0800	Runner	flutter: │     "country": "HK",
默认	11:48:41.099596+0800	Runner	flutter: │     "timezone": "UTC+08:00"
默认	11:48:41.099694+0800	Runner	flutter: │   },
默认	11:48:41.099726+0800	Runner	flutter: │   "requests": [
默认	11:48:41.099766+0800	Runner	flutter: │     {
默认	11:48:41.099837+0800	Runner	flutter: │       "id": "req_0",
默认	11:48:41.099946+0800	Runner	flutter: │       "service_name": "tool.event_tracking.EventTrackingService",
默认	11:48:41.099996+0800	Runner	flutter: │       "method_name": "TrackEvents",
默认	11:48:41.100045+0800	Runner	flutter: │       "params": {
默认	11:48:41.100100+0800	Runner	flutter: │         "events": [
默认	11:48:41.100156+0800	Runner	flutter: │           {
默认	11:48:41.100213+0800	Runner	flutter: │             "event_id": "b321b967-fe8c-46f2-81a6-e2d1906d0e71",
默认	11:48:41.100294+0800	Runner	flutter: │             "event_name": "report_tab_view",
默认	11:48:41.100342+0800	Runner	flutter: │             "event_time_ms": 1783655321077,
默认	11:48:41.100390+0800	Runner	flutter: │             "properties": {
默认	11:48:41.100442+0800	Runner	flutter: │               "logtime": 1783655321077,
默认	11:48:41.100514+0800	Runner	flutter: │               "log_id": "b321b967-fe8c-46f2-81a6-e2d1906d0e71",
默认	11:48:41.100569+0800	Runner	flutter: │               "net": "wifi",
默认	11:48:41.100680+0800	Runner	flutter: │               "pkg": "com.sparkjam.truthy.ios",
默认	11:48:41.100692+0800	Runner	flutter: │               "bucket": 56,
默认	11:48:41.100734+0800	Runner	flutter: │               "abslot": 21,
默认	11:48:41.100810+0800	Runner	flutter: │               "ram": "3684MB",
默认	11:48:41.100857+0800	Runner	flutter: │               "cpu": "arm64",
默认	11:48:41.100919+0800	Runner	flutter: │               "sh": 844,
默认	11:48:41.100965+0800	Runner	flutter: │               "sw": 390,
默认	11:48:41.101047+0800	Runner	flutter: │               "city": "",
默认	11:48:41.101104+0800	Runner	flutter: │               "ste": "",
默认	11:48:41.101150+0800	Runner	flutter: │               "lat": "",
默认	11:48:41.101212+0800	Runner	flutter: │               "lng": "",
默认	11:48:41.101283+0800	Runner	flutter: │               "sty": "desk",
默认	11:48:41.101352+0800	Runner	flutter: │               "isp": "",
默认	11:48:41.101464+0800	Runner	flutter: │               "mod": "iphone13,2",
默认	11:48:41.101486+0800	Runner	flutter: │               "brd": "apple",
默认	11:48:41.101540+0800	Runner	flutter: │               "os": "26.3.1",
默认	11:48:41.101588+0800	Runner	flutter: │               "pf": "ios",
默认	11:48:41.101632+0800	Runner	flutter: │               "slan": "zh",
默认	11:48:41.101700+0800	Runner	flutter: │               "reg": "HK",
默认	11:48:41.101743+0800	Runner	flutter: │               "cou": "HK",
默认	11:48:41.101805+0800	Runner	flutter: │               "sub": "",
默认	11:48:41.101895+0800	Runner	flutter: │               "cha": "",
默认	11:48:41.101907+0800	Runner	flutter: │               "verc": "10000",
默认	11:48:41.101959+0800	Runner	flutter: │               "ver": "1.0.0",
默认	11:48:41.102082+0800	Runner	flutter: │               "sid": "5094b07b-cc63-4868-b4ac-6bced54db906",
默认	11:48:41.102102+0800	Runner	flutter: │               "uuid": "***",
默认	11:48:41.102154+0800	Runner	flutter: │               "idfa": "***",
默认	11:48:41.102194+0800	Runner	flutter: │               "idfv": "***",
默认	11:48:41.102243+0800	Runner	flutter: │               "aid": "***",
默认	11:48:41.102294+0800	Runner	flutter: │               "gaid": "***",
默认	11:48:41.102396+0800	Runner	flutter: │               "did": "***",
默认	11:48:41.102411+0800	Runner	flutter: │               "uid": "***",
默认	11:48:41.102456+0800	Runner	flutter: │               "anm": "Truthy",
默认	11:48:41.102626+0800	Runner	flutter: │               "push_id": "",
默认	11:48:41.102638+0800	Runner	flutter: │               "push_type": "",
默认	11:48:41.102648+0800	Runner	flutter: │               "is_pro": "1",
默认	11:48:41.102695+0800	Runner	flutter: │               "page_from": "candidate",
默认	11:48:41.102746+0800	Runner	flutter: │               "task_id": "task_68022659b15a60aa6f84c2a0",
默认	11:48:41.102808+0800	Runner	flutter: │               "candidate_id": "report_943c2e492f2ecd83e6e6f95a_candidate_4",
默认	11:48:41.102859+0800	Runner	flutter: │               "type": "social",
默认	11:48:41.102926+0800	Runner	flutter: │               "stay_time": 1.012
默认	11:48:41.102974+0800	Runner	flutter: │             }
默认	11:48:41.103020+0800	Runner	flutter: │           }
默认	11:48:41.103074+0800	Runner	flutter: │         ]
默认	11:48:41.103127+0800	Runner	flutter: │       }
默认	11:48:41.103180+0800	Runner	flutter: │     }
默认	11:48:41.103230+0800	Runner	flutter: │   ]
默认	11:48:41.103307+0800	Runner	flutter: │ }
默认	11:48:41.103401+0800	Runner	flutter: └───────────────────────────────────────────────────────────────────────────────────────────────────
默认	11:48:41.372189+0800	Runner	flutter: ┌───────────────────────────────────────────────────────────────────────────────────────────────────
默认	11:48:41.372366+0800	Runner	flutter: │ [HTTP] <-- 200 POST https://api.truthy.top/gateway/invoke service=tool.event_tracking.EventTrackingService method=TrackEvents
默认	11:48:41.372507+0800	Runner	flutter: └───────────────────────────────────────────────────────────────────────────────────────────────────
默认	11:48:41.372904+0800	Runner	flutter: ┌───────────────────────────────────────────────────────────────────────────────────────────────────
默认	11:48:41.373053+0800	Runner	flutter: │ [HTTP] response:
默认	11:48:41.373199+0800	Runner	flutter: │ {
默认	11:48:41.373338+0800	Runner	flutter: │   "code": 0,
默认	11:48:41.373475+0800	Runner	flutter: │   "message": "ok",
默认	11:48:41.373675+0800	Runner	flutter: │   "request_id": "gw_req_a663d3f82eafcf83b1df45dd863b0809",
默认	11:48:41.373816+0800	Runner	flutter: │   "trace_id": "trace_b1a36f1647a2b087462461b0f21b8273",
默认	11:48:41.373969+0800	Runner	flutter: │   "responses": [
默认	11:48:41.374485+0800	Runner	flutter: │     {
默认	11:48:41.374984+0800	Runner	flutter: │       "id": "req_0",
默认	11:48:41.375168+0800	Runner	flutter: │       "success": true,
默认	11:48:41.375205+0800	Runner	flutter: │       "code": 0,
默认	11:48:41.375231+0800	Runner	flutter: │       "message": "ok",
默认	11:48:41.375381+0800	Runner	flutter: │       "data": {
默认	11:48:41.375451+0800	Runner	flutter: │         "request_id": "gw_req_a663d3f82eafcf83b1df45dd863b0809",
默认	11:48:41.375484+0800	Runner	flutter: │         "trace_id": "trace_b1a36f1647a2b087462461b0f21b8273",
默认	11:48:41.375510+0800	Runner	flutter: │         "accepted_count": 1,
默认	11:48:41.375535+0800	Runner	flutter: │         "event_name": "report_tab_view",
默认	11:48:41.375683+0800	Runner	flutter: │         "event_names": [
默认	11:48:41.375792+0800	Runner	flutter: │           "report_tab_view"
默认	11:48:41.375917+0800	Runner	flutter: │         ],
默认	11:48:41.376041+0800	Runner	flutter: │         "events": [
默认	11:48:41.376207+0800	Runner	flutter: │           {
默认	11:48:41.376374+0800	Runner	flutter: │             "index": 0,
默认	11:48:41.376435+0800	Runner	flutter: │             "event_id": "b321b967-fe8c-46f2-81a6-e2d1906d0e71",
默认	11:48:41.376625+0800	Runner	flutter: │             "event_name": "report_tab_view",
默认	11:48:41.376646+0800	Runner	flutter: │             "status": "accepted"
默认	11:48:41.376715+0800	Runner	flutter: │           }
默认	11:48:41.376792+0800	Runner	flutter: │         ]
默认	11:48:41.377042+0800	Runner	flutter: │       }
默认	11:48:41.377063+0800	Runner	flutter: │     }
默认	11:48:41.377079+0800	Runner	flutter: │   ]
默认	11:48:41.377151+0800	Runner	flutter: │ }
默认	11:48:41.377434+0800	Runner	flutter: └───────────────────────────────────────────────────────────────────────────────────────────────────
默认	11:48:41.409025+0800	Runner	flutter: ┌───────────────────────────────────────────────────────────────────────────────────────────────────
默认	11:48:41.409049+0800	Runner	flutter: │ [EventTracking] name=candidate_card_click id=706a4077-cd20-4f67-9922-2085bc4e9541 time=1783655321406 props={"task_id":"task_68022659b15a60aa6f84c2a0","candidate_id":"report_943c2e492f2ecd83e6e6f95a_candidate_1","confidence":35,"rank":2}
默认	11:48:41.409077+0800	Runner	flutter: └───────────────────────────────────────────────────────────────────────────────────────────────────
默认	11:48:41.425834+0800	Runner	flutter: ┌───────────────────────────────────────────────────────────────────────────────────────────────────
默认	11:48:41.425954+0800	Runner	flutter: │ [EventTracking] name=app_page_stay id=4f439341-14ad-4c67-abd7-224c8a447f5c time=1783655321425 props={"page_from":"candidate","duration_s":0}
默认	11:48:41.426000+0800	Runner	flutter: └───────────────────────────────────────────────────────────────────────────────────────────────────
默认	11:48:41.426656+0800	Runner	flutter: ┌───────────────────────────────────────────────────────────────────────────────────────────────────
默认	11:48:41.426681+0800	Runner	flutter: │ [EventTracking] name=report_pageview id=13584667-1e73-4fe1-8103-c759beb0312f time=1783655321426 props={"page_from":"candidate","task_id":"task_68022659b15a60aa6f84c2a0","candidate_id":"report_943c2e492f2ecd83e6e6f95a_candidate_1"}
默认	11:48:41.426856+0800	Runner	flutter: └───────────────────────────────────────────────────────────────────────────────────────────────────
默认	11:48:41.439871+0800	Runner	flutter: ┌───────────────────────────────────────────────────────────────────────────────────────────────────
默认	11:48:41.439886+0800	Runner	flutter: │ [HTTP] --> POST https://api.truthy.top/gateway/invoke service=tool.event_tracking.EventTrackingService method=TrackEvents
默认	11:48:41.439905+0800	Runner	flutter: └───────────────────────────────────────────────────────────────────────────────────────────────────
默认	11:48:41.439915+0800	Runner	flutter: ┌───────────────────────────────────────────────────────────────────────────────────────────────────
默认	11:48:41.439928+0800	Runner	flutter: │ [HTTP] request:
默认	11:48:41.439935+0800	Runner	flutter: │ {
默认	11:48:41.439990+0800	Runner	flutter: │   "comm": {
默认	11:48:41.440042+0800	Runner	flutter: │     "auth_token": "***",
默认	11:48:41.440109+0800	Runner	flutter: │     "user_id": "user_e5f97712121ebfac3d6f6407",
默认	11:48:41.440123+0800	Runner	flutter: │     "device_id": "c5ece928-513e-4e75-a500-28479ac5102a",
默认	11:48:41.440131+0800	Runner	flutter: │     "client_request_id": "crid_1783655321423055",
默认	11:48:41.440170+0800	Runner	flutter: │     "platform": "ios",
默认	11:48:41.440212+0800	Runner	flutter: │     "app_version": "1.0.0",
默认	11:48:41.440310+0800	Runner	flutter: │     "locale": "zh-Hans-HK",
默认	11:48:41.440330+0800	Runner	flutter: │     "country": "HK",
默认	11:48:41.440342+0800	Runner	flutter: │     "timezone": "UTC+08:00"
默认	11:48:41.440387+0800	Runner	flutter: │   },
默认	11:48:41.440434+0800	Runner	flutter: │   "requests": [
默认	11:48:41.440473+0800	Runner	flutter: │     {
默认	11:48:41.440519+0800	Runner	flutter: │       "id": "req_0",
默认	11:48:41.440656+0800	Runner	flutter: │       "service_name": "tool.event_tracking.EventTrackingService",
默认	11:48:41.440669+0800	Runner	flutter: │       "method_name": "TrackEvents",
默认	11:48:41.440679+0800	Runner	flutter: │       "params": {
默认	11:48:41.440737+0800	Runner	flutter: │         "events": [
默认	11:48:41.440749+0800	Runner	flutter: │           {
默认	11:48:41.440788+0800	Runner	flutter: │             "event_id": "706a4077-cd20-4f67-9922-2085bc4e9541",
默认	11:48:41.440931+0800	Runner	flutter: │             "event_name": "candidate_card_click",
默认	11:48:41.440949+0800	Runner	flutter: │             "event_time_ms": 1783655321406,
默认	11:48:41.440959+0800	Runner	flutter: │             "properties": {
默认	11:48:41.441035+0800	Runner	flutter: │               "logtime": 1783655321406,
默认	11:48:41.441046+0800	Runner	flutter: │               "log_id": "706a4077-cd20-4f67-9922-2085bc4e9541",
默认	11:48:41.441103+0800	Runner	flutter: │               "net": "wifi",
默认	11:48:41.441116+0800	Runner	flutter: │               "pkg": "com.sparkjam.truthy.ios",
默认	11:48:41.441260+0800	Runner	flutter: │               "bucket": 56,
默认	11:48:41.441270+0800	Runner	flutter: │               "abslot": 21,
默认	11:48:41.441278+0800	Runner	flutter: │               "ram": "3684MB",
默认	11:48:41.441317+0800	Runner	flutter: │               "cpu": "arm64",
默认	11:48:41.441400+0800	Runner	flutter: │               "sh": 844,
默认	11:48:41.441528+0800	Runner	flutter: │               "sw": 390,
默认	11:48:41.441589+0800	Runner	flutter: │               "city": "",
默认	11:48:41.441637+0800	Runner	flutter: │               "ste": "",
默认	11:48:41.441679+0800	Runner	flutter: │               "lat": "",
默认	11:48:41.441723+0800	Runner	flutter: │               "lng": "",
默认	11:48:41.441776+0800	Runner	flutter: │               "sty": "desk",
默认	11:48:41.441839+0800	Runner	flutter: │               "isp": "",
默认	11:48:41.441899+0800	Runner	flutter: │               "mod": "iphone13,2",
默认	11:48:41.441946+0800	Runner	flutter: │               "brd": "apple",
默认	11:48:41.442022+0800	Runner	flutter: │               "os": "26.3.1",
默认	11:48:41.442047+0800	Runner	flutter: │               "pf": "ios",
默认	11:48:41.442086+0800	Runner	flutter: │               "slan": "zh",
默认	11:48:41.442127+0800	Runner	flutter: │               "reg": "HK",
默认	11:48:41.442162+0800	Runner	flutter: │               "cou": "HK",
默认	11:48:41.442195+0800	Runner	flutter: │               "sub": "",
默认	11:48:41.442293+0800	Runner	flutter: │               "cha": "",
默认	11:48:41.442310+0800	Runner	flutter: │               "verc": "10000",
默认	11:48:41.442356+0800	Runner	flutter: │               "ver": "1.0.0",
默认	11:48:41.442414+0800	Runner	flutter: │               "sid": "5094b07b-cc63-4868-b4ac-6bced54db906",
默认	11:48:41.442454+0800	Runner	flutter: │               "uuid": "***",
默认	11:48:41.442519+0800	Runner	flutter: │               "idfa": "***",
默认	11:48:41.442528+0800	Runner	flutter: │               "idfv": "***",
默认	11:48:41.442576+0800	Runner	flutter: │               "aid": "***",
默认	11:48:41.442625+0800	Runner	flutter: │               "gaid": "***",
默认	11:48:41.442708+0800	Runner	flutter: │               "did": "***",
默认	11:48:41.442728+0800	Runner	flutter: │               "uid": "***",
默认	11:48:41.442773+0800	Runner	flutter: │               "anm": "Truthy",
默认	11:48:41.442852+0800	Runner	flutter: │               "push_id": "",
默认	11:48:41.442871+0800	Runner	flutter: │               "push_type": "",
默认	11:48:41.442909+0800	Runner	flutter: │               "is_pro": "1",
默认	11:48:41.442965+0800	Runner	flutter: │               "task_id": "task_68022659b15a60aa6f84c2a0",
默认	11:48:41.443008+0800	Runner	flutter: │               "candidate_id": "report_943c2e492f2ecd83e6e6f95a_candidate_1",
默认	11:48:41.443053+0800	Runner	flutter: │               "confidence": 35,
默认	11:48:41.443097+0800	Runner	flutter: │               "rank": 2
默认	11:48:41.443139+0800	Runner	flutter: │             }
默认	11:48:41.443214+0800	Runner	flutter: │           }
默认	11:48:41.443227+0800	Runner	flutter: │         ]
默认	11:48:41.443274+0800	Runner	flutter: │       }
默认	11:48:41.443310+0800	Runner	flutter: │     }
默认	11:48:41.443347+0800	Runner	flutter: │   ]
默认	11:48:41.443411+0800	Runner	flutter: │ }
默认	11:48:41.443486+0800	Runner	flutter: └───────────────────────────────────────────────────────────────────────────────────────────────────
默认	11:48:41.444071+0800	Runner	flutter: ┌───────────────────────────────────────────────────────────────────────────────────────────────────
默认	11:48:41.444128+0800	Runner	flutter: │ [HTTP] --> POST https://api.truthy.top/gateway/invoke service=tool.people_insight.SearchService method=GetTaskCandidateDetail
默认	11:48:41.444211+0800	Runner	flutter: └───────────────────────────────────────────────────────────────────────────────────────────────────
默认	11:48:41.444384+0800	Runner	flutter: ┌───────────────────────────────────────────────────────────────────────────────────────────────────
默认	11:48:41.444395+0800	Runner	flutter: │ [HTTP] request:
默认	11:48:41.444438+0800	Runner	flutter: │ {
默认	11:48:41.444498+0800	Runner	flutter: │   "comm": {
默认	11:48:41.444622+0800	Runner	flutter: │     "auth_token": "***",
默认	11:48:41.444642+0800	Runner	flutter: │     "user_id": "user_e5f97712121ebfac3d6f6407",
默认	11:48:41.444653+0800	Runner	flutter: │     "device_id": "c5ece928-513e-4e75-a500-28479ac5102a",
默认	11:48:41.444709+0800	Runner	flutter: │     "client_request_id": "crid_1783655321434762",
默认	11:48:41.444720+0800	Runner	flutter: │     "platform": "ios",
默认	11:48:41.444756+0800	Runner	flutter: │     "app_version": "1.0.0",
默认	11:48:41.444819+0800	Runner	flutter: │     "locale": "zh-Hans-HK",
默认	11:48:41.444854+0800	Runner	flutter: │     "country": "HK",
默认	11:48:41.444900+0800	Runner	flutter: │     "timezone": "UTC+08:00"
默认	11:48:41.444947+0800	Runner	flutter: │   },
默认	11:48:41.444986+0800	Runner	flutter: │   "requests": [
默认	11:48:41.445030+0800	Runner	flutter: │     {
默认	11:48:41.445097+0800	Runner	flutter: │       "id": "req_0",
默认	11:48:41.445147+0800	Runner	flutter: │       "service_name": "tool.people_insight.SearchService",
默认	11:48:41.445198+0800	Runner	flutter: │       "method_name": "GetTaskCandidateDetail",
默认	11:48:41.445260+0800	Runner	flutter: │       "params": {
默认	11:48:41.445276+0800	Runner	flutter: │         "task_id": "task_68022659b15a60aa6f84c2a0",
默认	11:48:41.445333+0800	Runner	flutter: │         "candidate_id": "report_943c2e492f2ecd83e6e6f95a_candidate_1"
默认	11:48:41.445395+0800	Runner	flutter: │       }
默认	11:48:41.445410+0800	Runner	flutter: │     }
默认	11:48:41.445486+0800	Runner	flutter: │   ]
默认	11:48:41.445496+0800	Runner	flutter: │ }
默认	11:48:41.445586+0800	Runner	flutter: └───────────────────────────────────────────────────────────────────────────────────────────────────
默认	11:48:41.682223+0800	Runner	flutter: ┌───────────────────────────────────────────────────────────────────────────────────────────────────
默认	11:48:41.682761+0800	Runner	flutter: │ [HTTP] <-- 200 POST https://api.truthy.top/gateway/invoke service=tool.event_tracking.EventTrackingService method=TrackEvents
默认	11:48:41.682981+0800	Runner	flutter: └───────────────────────────────────────────────────────────────────────────────────────────────────
默认	11:48:41.683206+0800	Runner	flutter: ┌───────────────────────────────────────────────────────────────────────────────────────────────────
默认	11:48:41.683224+0800	Runner	flutter: │ [HTTP] response:
默认	11:48:41.683243+0800	Runner	flutter: │ {
默认	11:48:41.683255+0800	Runner	flutter: │   "code": 0,
默认	11:48:41.683271+0800	Runner	flutter: │   "message": "ok",
默认	11:48:41.683286+0800	Runner	flutter: │   "request_id": "gw_req_bcf28158d288b984e5fc97df4655709e",
默认	11:48:41.683300+0800	Runner	flutter: │   "trace_id": "trace_a0d65003eeec8d591e9ff9e6e88b12a1",
默认	11:48:41.683314+0800	Runner	flutter: │   "responses": [
默认	11:48:41.683326+0800	Runner	flutter: │     {
默认	11:48:41.683339+0800	Runner	flutter: │       "id": "req_0",
默认	11:48:41.683351+0800	Runner	flutter: │       "success": true,
默认	11:48:41.683362+0800	Runner	flutter: │       "code": 0,
默认	11:48:41.683373+0800	Runner	flutter: │       "message": "ok",
默认	11:48:41.683465+0800	Runner	flutter: │       "data": {
默认	11:48:41.683481+0800	Runner	flutter: │         "request_id": "gw_req_bcf28158d288b984e5fc97df4655709e",
默认	11:48:41.683660+0800	Runner	flutter: │         "trace_id": "trace_a0d65003eeec8d591e9ff9e6e88b12a1",
默认	11:48:41.683933+0800	Runner	flutter: │         "accepted_count": 1,
默认	11:48:41.683959+0800	Runner	flutter: │         "event_name": "candidate_card_click",
默认	11:48:41.683974+0800	Runner	flutter: │         "event_names": [
默认	11:48:41.683985+0800	Runner	flutter: │           "candidate_card_click"
默认	11:48:41.683999+0800	Runner	flutter: │         ],
默认	11:48:41.684050+0800	Runner	flutter: │         "events": [
默认	11:48:41.684063+0800	Runner	flutter: │           {
默认	11:48:41.684125+0800	Runner	flutter: │             "index": 0,
默认	11:48:41.684319+0800	Runner	flutter: │             "event_id": "706a4077-cd20-4f67-9922-2085bc4e9541",
默认	11:48:41.684340+0800	Runner	flutter: │             "event_name": "candidate_card_click",
默认	11:48:41.684353+0800	Runner	flutter: │             "status": "accepted"
默认	11:48:41.684427+0800	Runner	flutter: │           }
默认	11:48:41.684497+0800	Runner	flutter: │         ]
默认	11:48:41.684534+0800	Runner	flutter: │       }
默认	11:48:41.684616+0800	Runner	flutter: │     }
默认	11:48:41.684688+0800	Runner	flutter: │   ]
默认	11:48:41.684747+0800	Runner	flutter: │ }
默认	11:48:41.684917+0800	Runner	flutter: └───────────────────────────────────────────────────────────────────────────────────────────────────
默认	11:48:41.690216+0800	Runner	flutter: ┌───────────────────────────────────────────────────────────────────────────────────────────────────
默认	11:48:41.690234+0800	Runner	flutter: │ [HTTP] <-- 200 POST https://api.truthy.top/gateway/invoke service=tool.people_insight.SearchService method=GetTaskCandidateDetail
默认	11:48:41.690248+0800	Runner	flutter: └───────────────────────────────────────────────────────────────────────────────────────────────────
默认	11:48:41.692687+0800	Runner	flutter: ┌───────────────────────────────────────────────────────────────────────────────────────────────────
默认	11:48:41.692704+0800	Runner	flutter: │ [HTTP] response:
默认	11:48:41.692713+0800	Runner	flutter: │ {
默认	11:48:41.692720+0800	Runner	flutter: │   "code": 0,
默认	11:48:41.692729+0800	Runner	flutter: │   "message": "ok",
默认	11:48:41.692738+0800	Runner	flutter: │   "request_id": "gw_req_a7c23e87f5e808de03047c6cee34c9f0",
默认	11:48:41.692745+0800	Runner	flutter: │   "trace_id": "trace_8adf263eeda030639a3f929db4652e0d",
默认	11:48:41.692753+0800	Runner	flutter: │   "responses": [
默认	11:48:41.692760+0800	Runner	flutter: │     {
默认	11:48:41.692769+0800	Runner	flutter: │       "id": "req_0",
默认	11:48:41.692776+0800	Runner	flutter: │       "success": true,
默认	11:48:41.692785+0800	Runner	flutter: │       "code": 0,
默认	11:48:41.693181+0800	Runner	flutter: │       "message": "ok",
默认	11:48:41.693190+0800	Runner	flutter: │       "data": {
默认	11:48:41.693475+0800	Runner	flutter: │         "candidate": {
默认	11:48:41.693485+0800	Runner	flutter: │           "age": 0,
默认	11:48:41.693492+0800	Runner	flutter: │           "avatar_url": "",
默认	11:48:41.693543+0800	Runner	flutter: │           "candidate_id": "report_943c2e492f2ecd83e6e6f95a_candidate_1",
默认	11:48:41.693636+0800	Runner	flutter: │           "confidence_level": "LOW",
默认	11:48:41.693696+0800	Runner	flutter: │           "display_name": "joe lynn",
默认	11:48:41.693708+0800	Runner	flutter: │           "education": "dollar tree stores bachelors bachelor of arts; michigan state university bachelor of arts bachelors; michigan state university",
默认	11:48:41.693722+0800	Runner	flutter: │           "evidence_count": 38,
默认	11:48:41.693742+0800	Runner	flutter: │           "headline": "engineer at wgn-tv",
默认	11:48:41.693816+0800	Runner	flutter: │           "is_best_match": false,
默认	11:48:41.693825+0800	Runner	flutter: │           "is_top_result": false,
默认	11:48:41.693833+0800	Runner	flutter: │           "jobs": [
默认	11:48:41.693914+0800	Runner	flutter: │             "engineer at wgn-tv"
默认	11:48:41.693923+0800	Runner	flutter: │           ],
默认	11:48:41.693932+0800	Runner	flutter: │           "location": "united states",
默认	11:48:41.693994+0800	Runner	flutter: │           "match_reasons": [
默认	11:48:41.694015+0800	Runner	flutter: │             "name"
默认	11:48:41.694025+0800	Runner	flutter: │           ],
默认	11:48:41.694053+0800	Runner	flutter: │           "match_score": 35,
默认	11:48:41.694063+0800	Runner	flutter: │           "matched_clue_types": [],
默认	11:48:41.694072+0800	Runner	flutter: │           "person_id": "pdl:JhSMMUcePXAeXgX4bZ0MXg_0000",
默认	11:48:41.694081+0800	Runner	flutter: │           "profile_url": "https://linkedin.com/in/joe-lynn-8514b515",
默认	11:48:41.694092+0800	Runner	flutter: │           "rank_breakdown": {
默认	11:48:41.694103+0800	Runner	flutter: │             "data_completeness": 0.8,
默认	11:48:41.694112+0800	Runner	flutter: │             "geo_relevance": 0,
默认	11:48:41.694120+0800	Runner	flutter: │             "public_influence": 0,
默认	11:48:41.694130+0800	Runner	flutter: │             "social_activity": 0,
默认	11:48:41.694142+0800	Runner	flutter: │             "social_richness": 0.5
默认	11:48:41.694255+0800	Runner	flutter: │           },
默认	11:48:41.694263+0800	Runner	flutter: │           "rank_score": 0.405,
默认	11:48:41.694272+0800	Runner	flutter: │           "rank_version": "candidate_ranking_v1",
默认	11:48:41.694338+0800	Runner	flutter: │           "social_links": [
默认	11:48:41.694355+0800	Runner	flutter: │             {
默认	11:48:41.694375+0800	Runner	flutter: │               "platform": "linkedin",
默认	11:48:41.694401+0800	Runner	flutter: │               "url": "https://linkedin.com/in/joe-lynn-8514b515",
默认	11:48:41.694418+0800	Runner	flutter: │               "username": "joe-lynn-8514b515"
默认	11:48:41.694442+0800	Runner	flutter: │             },
默认	11:48:41.694458+0800	Runner	flutter: │             {
默认	11:48:41.694487+0800	Runner	flutter: │               "platform": "facebook",
默认	11:48:41.694497+0800	Runner	flutter: │               "url": "https://facebook.com/josephlynniv",
默认	11:48:41.694505+0800	Runner	flutter: │               "username": "josephlynniv"
默认	11:48:41.694545+0800	Runner	flutter: │             },
默认	11:48:41.694555+0800	Runner	flutter: │             {
默认	11:48:41.694566+0800	Runner	flutter: │               "platform": "youtube",
默认	11:48:41.694576+0800	Runner	flutter: │               "url": "https://youtube.com/user/jknecht",
默认	11:48:41.694585+0800	Runner	flutter: │               "username": "jknecht"
默认	11:48:41.694593+0800	Runner	flutter: │             }
默认	11:48:41.694607+0800	Runner	flutter: │           ],
默认	11:48:41.694619+0800	Runner	flutter: │           "social_platforms": [
默认	11:48:41.694629+0800	Runner	flutter: │             "linkedin",
默认	11:48:41.694708+0800	Runner	flutter: │             "facebook",
默认	11:48:41.694720+0800	Runner	flutter: │             "youtube"
默认	11:48:41.694730+0800	Runner	flutter: │           ],
默认	11:48:41.694740+0800	Runner	flutter: │           "source": "people_data_labs",
默认	11:48:41.694756+0800	Runner	flutter: │           "source_provider": "people_data_labs"
默认	11:48:41.694766+0800	Runner	flutter: │         },
默认	11:48:41.694778+0800	Runner	flutter: │         "candidate_id": "report_943c2e492f2ecd83e6e6f95a_candidate_1",
默认	11:48:41.694792+0800	Runner	flutter: │         "disclaimers": [
默认	11:48:41.694808+0800	Runner	flutter: │           "People Data Labs Person Search returns candidate profiles; review candidates or add stronger clues before relying on an identity match."
默认	11:48:41.694864+0800	Runner	flutter: │         ],
默认	11:48:41.694889+0800	Runner	flutter: │         "entitlement_decision": "ALLOW",
默认	11:48:41.694902+0800	Runner	flutter: │         "evidence": [
默认	11:48:41.694912+0800	Runner	flutter: │           {
默认	11:48:41.694924+0800	Runner	flutter: │             "display_name": "joe lynn",
默认	11:48:41.694936+0800	Runner	flutter: │             "matched_on": [
默认	11:48:41.694946+0800	Runner	flutter: │               "name"
默认	11:48:41.694956+0800	Runner	flutter: │             ],
默认	11:48:41.694964+0800	Runner	flutter: │             "person_id": "pdl:JhSMMUcePXAeXgX4bZ0MXg_0000",
默认	11:48:41.694977+0800	Runner	flutter: │             "provider": "people_data_labs",
默认	11:48:41.694987+0800	Runner	flutter: │             "provider_person_id": "JhSMMUcePXAeXgX4bZ0MXg_0000",
默认	11:48:41.694996+0800	Runner	flutter: │             "subject_profile_url": "linkedin.com/in/joe-lynn-8514b515",
默认	11:48:41.695004+0800	Runner	flutter: │             "type": "pdl_matched_on"
默认	11:48:41.695013+0800	Runner	flutter: │           },
默认	11:48:41.695025+0800	Runner	flutter: │           {
默认	11:48:41.695035+0800	Runner	flutter: │             "display_name": "joe lynn",
默认	11:48:41.695106+0800	Runner	flutter: │             "field": "linkedin_url",
默认	11:48:41.695125+0800	Runner	flutter: │             "person_id": "pdl:JhSMMUcePXAeXgX4bZ0MXg_0000",
默认	11:48:41.695173+0800	Runner	flutter: │             "provider": "people_data_labs",
默认	11:48:41.695208+0800	Runner	flutter: │             "provider_person_id": "JhSMMUcePXAeXgX4bZ0MXg_0000",
默认	11:48:41.695271+0800	Runner	flutter: │             "subject_profile_url": "linkedin.com/in/joe-lynn-8514b515",
默认	11:48:41.695382+0800	Runner	flutter: │             "type": "pdl_profile_url",
默认	11:48:41.695394+0800	Runner	flutter: │             "url": "linkedin.com/in/joe-lynn-8514b515"
默认	11:48:41.695401+0800	Runner	flutter: │           },
默认	11:48:41.695435+0800	Runner	flutter: │           {
默认	11:48:41.695478+0800	Runner	flutter: │             "display_name": "joe lynn",
默认	11:48:41.695539+0800	Runner	flutter: │             "field": "facebook_url",
默认	11:48:41.695574+0800	Runner	flutter: │             "person_id": "pdl:JhSMMUcePXAeXgX4bZ0MXg_0000",
默认	11:48:41.695622+0800	Runner	flutter: │             "provider": "people_data_labs",
默认	11:48:41.695684+0800	Runner	flutter: │             "provider_person_id": "JhSMMUcePXAeXgX4bZ0MXg_0000",
默认	11:48:41.695749+0800	Runner	flutter: │             "subject_profile_url": "linkedin.com/in/joe-lynn-8514b515",
默认	11:48:41.695781+0800	Runner	flutter: │             "type": "pdl_profile_url",
默认	11:48:41.695846+0800	Runner	flutter: │             "url": "facebook.com/josephlynniv"
默认	11:48:41.695918+0800	Runner	flutter: │           },
默认	11:48:41.695938+0800	Runner	flutter: │           {
默认	11:48:41.695985+0800	Runner	flutter: │             "display_name": "joe lynn",
默认	11:48:41.696069+0800	Runner	flutter: │             "field": "job_company_website",
默认	11:48:41.696089+0800	Runner	flutter: │             "person_id": "pdl:JhSMMUcePXAeXgX4bZ0MXg_0000",
默认	11:48:41.696121+0800	Runner	flutter: │             "provider": "people_data_labs",
默认	11:48:41.696158+0800	Runner	flutter: │             "provider_person_id": "JhSMMUcePXAeXgX4bZ0MXg_0000",
默认	11:48:41.696224+0800	Runner	flutter: │             "subject_profile_url": "linkedin.com/in/joe-lynn-8514b515",
默认	11:48:41.696264+0800	Runner	flutter: │             "type": "pdl_profile_url",
默认	11:48:41.696346+0800	Runner	flutter: │             "url": "wgntv.com"
默认	11:48:41.696357+0800	Runner	flutter: │           }
默认	11:48:41.696388+0800	Runner	flutter: │         ],
默认	11:48:41.696439+0800	Runner	flutter: │         "person_id": "pdl:JhSMMUcePXAeXgX4bZ0MXg_0000",
默认	11:48:41.696499+0800	Runner	flutter: │         "social_accounts": [
默认	11:48:41.696571+0800	Runner	flutter: │           {
默认	11:48:41.696588+0800	Runner	flutter: │             "display_name": "joe lynn",
默认	11:48:41.696643+0800	Runner	flutter: │             "person_id": "pdl:JhSMMUcePXAeXgX4bZ0MXg_0000",
默认	11:48:41.696693+0800	Runner	flutter: │             "platform": "linkedin",
默认	11:48:41.696767+0800	Runner	flutter: │             "profile_url": "https://linkedin.com/in/joe-lynn-8514b515",
默认	11:48:41.696775+0800	Runner	flutter: │             "source": "people_data_labs",
默认	11:48:41.696846+0800	Runner	flutter: │             "url": "https://linkedin.com/in/joe-lynn-8514b515",
默认	11:48:41.696882+0800	Runner	flutter: │             "username": "joe-lynn-8514b515"
默认	11:48:41.696919+0800	Runner	flutter: │           },
默认	11:48:41.697001+0800	Runner	flutter: │           {
默认	11:48:41.697052+0800	Runner	flutter: │             "display_name": "joe lynn",
默认	11:48:41.697104+0800	Runner	flutter: │             "person_id": "pdl:JhSMMUcePXAeXgX4bZ0MXg_0000",
默认	11:48:41.697153+0800	Runner	flutter: │             "platform": "facebook",
默认	11:48:41.697213+0800	Runner	flutter: │             "profile_url": "https://linkedin.com/in/joe-lynn-8514b515",
默认	11:48:41.697258+0800	Runner	flutter: │             "source": "people_data_labs",
默认	11:48:41.697305+0800	Runner	flutter: │             "url": "https://facebook.com/josephlynniv",
默认	11:48:41.697351+0800	Runner	flutter: │             "username": "josephlynniv"
默认	11:48:41.697402+0800	Runner	flutter: │           },
默认	11:48:41.697448+0800	Runner	flutter: │           {
默认	11:48:41.697493+0800	Runner	flutter: │             "display_name": "joe lynn",
默认	11:48:41.697546+0800	Runner	flutter: │             "person_id": "pdl:JhSMMUcePXAeXgX4bZ0MXg_0000",
默认	11:48:41.697587+0800	Runner	flutter: │             "platform": "youtube",
默认	11:48:41.697628+0800	Runner	flutter: │             "profile_url": "https://linkedin.com/in/joe-lynn-8514b515",
默认	11:48:41.697694+0800	Runner	flutter: │             "source": "people_data_labs",
默认	11:48:41.697740+0800	Runner	flutter: │             "url": "https://youtube.com/user/jknecht",
默认	11:48:41.697798+0800	Runner	flutter: │             "username": "jknecht"
默认	11:48:41.697871+0800	Runner	flutter: │           }
默认	11:48:41.697897+0800	Runner	flutter: │         ],
默认	11:48:41.697935+0800	Runner	flutter: │         "task_id": "task_68022659b15a60aa6f84c2a0",
默认	11:48:41.697993+0800	Runner	flutter: │         "ui_sections": {
默认	11:48:41.698009+0800	Runner	flutter: │           "insights": {
默认	11:48:41.698061+0800	Runner	flutter: │             "data": {
默认	11:48:41.698115+0800	Runner	flutter: │               "count": 0,
默认	11:48:41.698164+0800	Runner	flutter: │               "items": []
默认	11:48:41.698215+0800	Runner	flutter: │             },
默认	11:48:41.698266+0800	Runner	flutter: │             "status": "empty"
默认	11:48:41.698338+0800	Runner	flutter: │           },
默认	11:48:41.698353+0800	Runner	flutter: │           "photos": {
默认	11:48:41.698396+0800	Runner	flutter: │             "data": {
默认	11:48:41.698431+0800	Runner	flutter: │               "authenticity_photos": [],
默认	11:48:41.698468+0800	Runner	flutter: │               "baseline_photo_url": "",
默认	11:48:41.698534+0800	Runner	flutter: │               "identity_match_rate": 0,
默认	11:48:41.698566+0800	Runner	flutter: │               "match_photos": []
默认	11:48:41.698630+0800	Runner	flutter: │             },
默认	11:48:41.698703+0800	Runner	flutter: │             "status": "empty"
默认	11:48:41.698719+0800	Runner	flutter: │           },
默认	11:48:41.698772+0800	Runner	flutter: │           "profile": {
默认	11:48:41.698786+0800	Runner	flutter: │             "data": {
默认	11:48:41.698841+0800	Runner	flutter: │               "sections": [
默认	11:48:41.698915+0800	Runner	flutter: │                 {
默认	11:48:41.698930+0800	Runner	flutter: │                   "items": [
默认	11:48:41.698982+0800	Runner	flutter: │                     {
默认	11:48:41.699018+0800	Runner	flutter: │                       "label": "Full Name",
默认	11:48:41.699105+0800	Runner	flutter: │                       "value": "joe lynn"
默认	11:48:41.699115+0800	Runner	flutter: │                     },
默认	11:48:41.699172+0800	Runner	flutter: │                     {
默认	11:48:41.699222+0800	Runner	flutter: │                       "label": "Location",
默认	11:48:41.699271+0800	Runner	flutter: │                       "value": "united states"
默认	11:48:41.699285+0800	Runner	flutter: │                     },
默认	11:48:41.699343+0800	Runner	flutter: │                     {
默认	11:48:41.699474+0800	Runner	flutter: │                       "label": "Profile URL",
默认	11:48:41.699492+0800	Runner	flutter: │                       "value": "https://linkedin.com/in/joe-lynn-8514b515"
默认	11:48:41.699501+0800	Runner	flutter: │                     }
默认	11:48:41.699582+0800	Runner	flutter: │                   ],
默认	11:48:41.699646+0800	Runner	flutter: │                   "title": "Identity"
默认	11:48:41.699744+0800	Runner	flutter: │                 },
默认	11:48:41.699794+0800	Runner	flutter: │                 {
默认	11:48:41.699805+0800	Runner	flutter: │                   "items": [
默认	11:48:41.699826+0800	Runner	flutter: │                     {
默认	11:48:41.699858+0800	Runner	flutter: │                       "label": "Current Role",
默认	11:48:41.699884+0800	Runner	flutter: │                       "value": "engineer at wgn-tv"
默认	11:48:41.699928+0800	Runner	flutter: │                     }
默认	11:48:41.699963+0800	Runner	flutter: │                   ],
默认	11:48:41.700304+0800	Runner	flutter: │                   "title": "Career"
默认	11:48:41.700469+0800	Runner	flutter: │                 },
默认	11:48:41.700498+0800	Runner	flutter: │                 {
默认	11:48:41.700789+0800	Runner	flutter: │                   "items": [
默认	11:48:41.700798+0800	Runner	flutter: │                     {
默认	11:48:41.700808+0800	Runner	flutter: │                       "label": "Education",
默认	11:48:41.701217+0800	Runner	flutter: │                       "value": "dollar tree stores bachelors bachelor of arts; michigan state university bachelor of arts bachelors; michigan state university"
默认	11:48:41.701234+0800	Runner	flutter: │                     }
默认	11:48:41.701356+0800	Runner	flutter: │                   ],
默认	11:48:41.701392+0800	Runner	flutter: │                   "title": "Background"
默认	11:48:41.701412+0800	Runner	flutter: │                 }
默认	11:48:41.701432+0800	Runner	flutter: │               ]
默认	11:48:41.701451+0800	Runner	flutter: │             },
默认	11:48:41.701472+0800	Runner	flutter: │             "status": "data"
默认	11:48:41.701503+0800	Runner	flutter: │           },
默认	11:48:41.701527+0800	Runner	flutter: │           "social": {
默认	11:48:41.701546+0800	Runner	flutter: │             "data": {
默认	11:48:41.701574+0800	Runner	flutter: │               "private_accounts": [],
默认	11:48:41.701617+0800	Runner	flutter: │               "profiles": [
默认	11:48:41.701644+0800	Runner	flutter: │                 {
默认	11:48:41.701706+0800	Runner	flutter: │                   "display_handle": "joe-lynn-8514b515",
默认	11:48:41.701742+0800	Runner	flutter: │                   "platform": "linkedin",
默认	11:48:41.701812+0800	Runner	flutter: │                   "url": "https://linkedin.com/in/joe-lynn-8514b515",
默认	11:48:41.701849+0800	Runner	flutter: │                   "username": "joe-lynn-8514b515"
默认	11:48:41.701883+0800	Runner	flutter: │                 },
默认	11:48:41.701983+0800	Runner	flutter: │                 {
默认	11:48:41.702214+0800	Runner	flutter: │                   "display_handle": "josephlynniv",
默认	11:48:41.702235+0800	Runner	flutter: │                   "platform": "facebook",
默认	11:48:41.702256+0800	Runner	flutter: │                   "url": "https://facebook.com/josephlynniv",
默认	11:48:41.702280+0800	Runner	flutter: │                   "username": "josephlynniv"
默认	11:48:41.702292+0800	Runner	flutter: │                 },
默认	11:48:41.702302+0800	Runner	flutter: │                 {
默认	11:48:41.702313+0800	Runner	flutter: │                   "display_handle": "jknecht",
默认	11:48:41.702442+0800	Runner	flutter: │                   "platform": "youtube",
默认	11:48:41.702454+0800	Runner	flutter: │                   "url": "https://youtube.com/user/jknecht",
默认	11:48:41.702466+0800	Runner	flutter: │                   "username": "jknecht"
默认	11:48:41.702476+0800	Runner	flutter: │                 }
默认	11:48:41.702488+0800	Runner	flutter: │               ]
默认	11:48:41.702498+0800	Runner	flutter: │             },
默认	11:48:41.702761+0800	Runner	flutter: │             "status": "data"
默认	11:48:41.702771+0800	Runner	flutter: │           },
默认	11:48:41.702780+0800	Runner	flutter: │           "summary": {
默认	11:48:41.702790+0800	Runner	flutter: │             "data": {
默认	11:48:41.702799+0800	Runner	flutter: │               "age": null,
默认	11:48:41.702809+0800	Runner	flutter: │               "avatar_url": "",
默认	11:48:41.702817+0800	Runner	flutter: │               "candidate_id": "report_943c2e492f2ecd83e6e6f95a_candidate_1",
默认	11:48:41.702826+0800	Runner	flutter: │               "confidence_level": "LOW",
默认	11:48:41.703073+0800	Runner	flutter: │               "disclaimers": [
默认	11:48:41.703082+0800	Runner	flutter: │                 "People Data Labs Person Search returns candidate profiles; review candidates or add stronger clues before relying on an identity match."
默认	11:48:41.703093+0800	Runner	flutter: │               ],
默认	11:48:41.703100+0800	Runner	flutter: │               "display_name": "joe lynn",
默认	11:48:41.703116+0800	Runner	flutter: │               "education": "dollar tree stores bachelors bachelor of arts; michigan state university bachelor of arts bachelors; michigan state university",
默认	11:48:41.703135+0800	Runner	flutter: │               "generate_time": 1783654344793,
默认	11:48:41.703161+0800	Runner	flutter: │               "headline": "engineer at wgn-tv",
默认	11:48:41.703180+0800	Runner	flutter: │               "is_best_match": false,
默认	11:48:41.703233+0800	Runner	flutter: │               "is_top_result": false,
默认	11:48:41.703265+0800	Runner	flutter: │               "jobs": [
默认	11:48:41.703294+0800	Runner	flutter: │                 "engineer at wgn-tv"
默认	11:48:41.703314+0800	Runner	flutter: │               ],
默认	11:48:41.703355+0800	Runner	flutter: │               "location": "united states",
默认	11:48:41.703386+0800	Runner	flutter: │               "match_reasons": [
默认	11:48:41.703443+0800	Runner	flutter: │                 "name"
默认	11:48:41.703465+0800	Runner	flutter: │               ],
默认	11:48:41.703480+0800	Runner	flutter: │               "match_score": 35,
默认	11:48:41.703536+0800	Runner	flutter: │               "more_social_count": 0,
默认	11:48:41.703583+0800	Runner	flutter: │               "person_id": "pdl:JhSMMUcePXAeXgX4bZ0MXg_0000",
默认	11:48:41.703605+0800	Runner	flutter: │               "primary_image": null,
默认	11:48:41.703625+0800	Runner	flutter: │               "profile_url": "https://linkedin.com/in/joe-lynn-8514b515",
默认	11:48:41.703645+0800	Runner	flutter: │               "report_expires_at": 1786246342720,
默认	11:48:41.703669+0800	Runner	flutter: │               "social_platforms": [
默认	11:48:41.703706+0800	Runner	flutter: │                 "linkedin",
默认	11:48:41.703723+0800	Runner	flutter: │                 "facebook",
默认	11:48:41.703756+0800	Runner	flutter: │                 "youtube"
默认	11:48:41.703763+0800	Runner	flutter: │               ]
默认	11:48:41.703782+0800	Runner	flutter: │             },
默认	11:48:41.703800+0800	Runner	flutter: │             "status": "data"
默认	11:48:41.703923+0800	Runner	flutter: │           }
默认	11:48:41.703947+0800	Runner	flutter: │         },
默认	11:48:41.703972+0800	Runner	flutter: │         "update_time": 1783654344793
默认	11:48:41.704035+0800	Runner	flutter: │       }
默认	11:48:41.704058+0800	Runner	flutter: │     }
默认	11:48:41.704083+0800	Runner	flutter: │   ]
默认	11:48:41.704426+0800	Runner	flutter: │ }
默认	11:48:41.704444+0800	Runner	flutter: └───────────────────────────────────────────────────────────────────────────────────────────────────
默认	11:48:41.704463+0800	Runner	flutter: ┌───────────────────────────────────────────────────────────────────────────────────────────────────
默认	11:48:41.704484+0800	Runner	flutter: │ [EventTracking] name=report_load_success id=c79e6f12-c30a-4158-8f21-c18ba31b0a68 time=1783655321703 props={"page_from":"candidate","task_id":"task_68022659b15a60aa6f84c2a0","candidate_id":"report_943c2e492f2ecd83e6e6f95a_candidate_1","report":{"summary":{"display_name":"joe lynn","has_avatar":0,"jobs_count":1,"has_education":1,"has_location":1,"social_platforms_count":3},"social":{"status":"data","profiles_count":3,"private_accounts_count":0},"photos":{"status":"empty","identity_match_rate":0,"match_photos_count":0,"authenticity_photos_count":0},"profile":{"status":"data","sections_count":3,"items_count":5},"insights":{"status":"empty","items_count":0,"links_count":0}}}
默认	11:48:41.704520+0800	Runner	flutter: └───────────────────────────────────────────────────────────────────────────────────────────────────
默认	11:48:41.713093+0800	Runner	flutter: ┌───────────────────────────────────────────────────────────────────────────────────────────────────
默认	11:48:41.713124+0800	Runner	flutter: │ [HTTP] --> POST https://api.truthy.top/gateway/invoke service=tool.event_tracking.EventTrackingService method=TrackEvents
默认	11:48:41.713165+0800	Runner	flutter: └───────────────────────────────────────────────────────────────────────────────────────────────────
默认	11:48:41.713457+0800	Runner	flutter: ┌───────────────────────────────────────────────────────────────────────────────────────────────────
默认	11:48:41.713478+0800	Runner	flutter: │ [HTTP] request:
默认	11:48:41.713510+0800	Runner	flutter: │ {
默认	11:48:41.713531+0800	Runner	flutter: │   "comm": {
默认	11:48:41.713649+0800	Runner	flutter: │     "auth_token": "***",
默认	11:48:41.713663+0800	Runner	flutter: │     "user_id": "user_e5f97712121ebfac3d6f6407",
默认	11:48:41.713671+0800	Runner	flutter: │     "device_id": "c5ece928-513e-4e75-a500-28479ac5102a",
默认	11:48:41.713680+0800	Runner	flutter: │     "client_request_id": "crid_1783655321710781",
默认	11:48:41.713690+0800	Runner	flutter: │     "platform": "ios",
默认	11:48:41.713773+0800	Runner	flutter: │     "app_version": "1.0.0",
默认	11:48:41.713785+0800	Runner	flutter: │     "locale": "zh-Hans-HK",
默认	11:48:41.713794+0800	Runner	flutter: │     "country": "HK",
默认	11:48:41.713848+0800	Runner	flutter: │     "timezone": "UTC+08:00"
默认	11:48:41.713862+0800	Runner	flutter: │   },
默认	11:48:41.713910+0800	Runner	flutter: │   "requests": [
默认	11:48:41.713921+0800	Runner	flutter: │     {
默认	11:48:41.713972+0800	Runner	flutter: │       "id": "req_0",
默认	11:48:41.713987+0800	Runner	flutter: │       "service_name": "tool.event_tracking.EventTrackingService",
默认	11:48:41.714056+0800	Runner	flutter: │       "method_name": "TrackEvents",
默认	11:48:41.714067+0800	Runner	flutter: │       "params": {
默认	11:48:41.714113+0800	Runner	flutter: │         "events": [
默认	11:48:41.714127+0800	Runner	flutter: │           {
默认	11:48:41.714176+0800	Runner	flutter: │             "event_id": "4f439341-14ad-4c67-abd7-224c8a447f5c",
默认	11:48:41.714185+0800	Runner	flutter: │             "event_name": "app_page_stay",
默认	11:48:41.714226+0800	Runner	flutter: │             "event_time_ms": 1783655321425,
默认	11:48:41.714243+0800	Runner	flutter: │             "properties": {
默认	11:48:41.714313+0800	Runner	flutter: │               "logtime": 1783655321425,
默认	11:48:41.714323+0800	Runner	flutter: │               "log_id": "4f439341-14ad-4c67-abd7-224c8a447f5c",
默认	11:48:41.714384+0800	Runner	flutter: │               "net": "wifi",
默认	11:48:41.714395+0800	Runner	flutter: │               "pkg": "com.sparkjam.truthy.ios",
默认	11:48:41.714452+0800	Runner	flutter: │               "bucket": 56,
默认	11:48:41.714462+0800	Runner	flutter: │               "abslot": 21,
默认	11:48:41.714508+0800	Runner	flutter: │               "ram": "3684MB",
默认	11:48:41.714519+0800	Runner	flutter: │               "cpu": "arm64",
默认	11:48:41.714545+0800	Runner	flutter: │               "sh": 844,
默认	11:48:41.714575+0800	Runner	flutter: │               "sw": 390,
默认	11:48:41.714607+0800	Runner	flutter: │               "city": "",
默认	11:48:41.714638+0800	Runner	flutter: │               "ste": "",
默认	11:48:41.714670+0800	Runner	flutter: │               "lat": "",
默认	11:48:41.714704+0800	Runner	flutter: │               "lng": "",
默认	11:48:41.714775+0800	Runner	flutter: │               "sty": "desk",
默认	11:48:41.714782+0800	Runner	flutter: │               "isp": "",
默认	11:48:41.714849+0800	Runner	flutter: │               "mod": "iphone13,2",
默认	11:48:41.714864+0800	Runner	flutter: │               "brd": "apple",
默认	11:48:41.714907+0800	Runner	flutter: │               "os": "26.3.1",
默认	11:48:41.714921+0800	Runner	flutter: │               "pf": "ios",
默认	11:48:41.714971+0800	Runner	flutter: │               "slan": "zh",
默认	11:48:41.714983+0800	Runner	flutter: │               "reg": "HK",
默认	11:48:41.715034+0800	Runner	flutter: │               "cou": "HK",
默认	11:48:41.715044+0800	Runner	flutter: │               "sub": "",
默认	11:48:41.715095+0800	Runner	flutter: │               "cha": "",
默认	11:48:41.715101+0800	Runner	flutter: │               "verc": "10000",
默认	11:48:41.715125+0800	Runner	flutter: │               "ver": "1.0.0",
默认	11:48:41.715204+0800	Runner	flutter: │               "sid": "5094b07b-cc63-4868-b4ac-6bced54db906",
默认	11:48:41.715210+0800	Runner	flutter: │               "uuid": "***",
默认	11:48:41.715239+0800	Runner	flutter: │               "idfa": "***",
默认	11:48:41.715312+0800	Runner	flutter: │               "idfv": "***",
默认	11:48:41.715321+0800	Runner	flutter: │               "aid": "***",
默认	11:48:41.715344+0800	Runner	flutter: │               "gaid": "***",
默认	11:48:41.715425+0800	Runner	flutter: │               "did": "***",
默认	11:48:41.715441+0800	Runner	flutter: │               "uid": "***",
默认	11:48:41.715480+0800	Runner	flutter: │               "anm": "Truthy",
默认	11:48:41.715488+0800	Runner	flutter: │               "push_id": "",
默认	11:48:41.715512+0800	Runner	flutter: │               "push_type": "",
默认	11:48:41.715544+0800	Runner	flutter: │               "is_pro": "1",
默认	11:48:41.715620+0800	Runner	flutter: │               "page_from": "candidate",
默认	11:48:41.715627+0800	Runner	flutter: │               "duration_s": 0
默认	11:48:41.715650+0800	Runner	flutter: │             }
默认	11:48:41.715672+0800	Runner	flutter: │           },
默认	11:48:41.715709+0800	Runner	flutter: │           {
默认	11:48:41.715781+0800	Runner	flutter: │             "event_id": "13584667-1e73-4fe1-8103-c759beb0312f",
默认	11:48:41.715787+0800	Runner	flutter: │             "event_name": "report_pageview",
默认	11:48:41.715821+0800	Runner	flutter: │             "event_time_ms": 1783655321426,
默认	11:48:41.715845+0800	Runner	flutter: │             "properties": {
默认	11:48:41.715924+0800	Runner	flutter: │               "logtime": 1783655321426,
默认	11:48:41.715935+0800	Runner	flutter: │               "log_id": "13584667-1e73-4fe1-8103-c759beb0312f",
默认	11:48:41.715984+0800	Runner	flutter: │               "net": "wifi",
默认	11:48:41.715992+0800	Runner	flutter: │               "pkg": "com.sparkjam.truthy.ios",
默认	11:48:41.716017+0800	Runner	flutter: │               "bucket": 56,
默认	11:48:41.716043+0800	Runner	flutter: │               "abslot": 21,
默认	11:48:41.716126+0800	Runner	flutter: │               "ram": "3684MB",
默认	11:48:41.716134+0800	Runner	flutter: │               "cpu": "arm64",
默认	11:48:41.716188+0800	Runner	flutter: │               "sh": 844,
默认	11:48:41.716206+0800	Runner	flutter: │               "sw": 390,
默认	11:48:41.716257+0800	Runner	flutter: │               "city": "",
默认	11:48:41.716272+0800	Runner	flutter: │               "ste": "",
默认	11:48:41.716321+0800	Runner	flutter: │               "lat": "",
默认	11:48:41.716336+0800	Runner	flutter: │               "lng": "",
默认	11:48:41.716346+0800	Runner	flutter: │               "sty": "desk",
默认	11:48:41.716415+0800	Runner	flutter: │               "isp": "",
默认	11:48:41.716425+0800	Runner	flutter: │               "mod": "iphone13,2",
默认	11:48:41.716471+0800	Runner	flutter: │               "brd": "apple",
默认	11:48:41.716480+0800	Runner	flutter: │               "os": "26.3.1",
默认	11:48:41.716510+0800	Runner	flutter: │               "pf": "ios",
默认	11:48:41.716540+0800	Runner	flutter: │               "slan": "zh",
默认	11:48:41.716568+0800	Runner	flutter: │               "reg": "HK",
默认	11:48:41.716599+0800	Runner	flutter: │               "cou": "HK",
默认	11:48:41.716702+0800	Runner	flutter: │               "sub": "",
默认	11:48:41.716710+0800	Runner	flutter: │               "cha": "",
默认	11:48:41.716715+0800	Runner	flutter: │               "verc": "10000",
默认	11:48:41.716742+0800	Runner	flutter: │               "ver": "1.0.0",
默认	11:48:41.716811+0800	Runner	flutter: │               "sid": "5094b07b-cc63-4868-b4ac-6bced54db906",
默认	11:48:41.716826+0800	Runner	flutter: │               "uuid": "***",
默认	11:48:41.716876+0800	Runner	flutter: │               "idfa": "***",
默认	11:48:41.716886+0800	Runner	flutter: │               "idfv": "***",
默认	11:48:41.716907+0800	Runner	flutter: │               "aid": "***",
默认	11:48:41.716939+0800	Runner	flutter: │               "gaid": "***",
默认	11:48:41.716974+0800	Runner	flutter: │               "did": "***",
默认	11:48:41.717005+0800	Runner	flutter: │               "uid": "***",
默认	11:48:41.717073+0800	Runner	flutter: │               "anm": "Truthy",
默认	11:48:41.717111+0800	Runner	flutter: │               "push_id": "",
默认	11:48:41.717145+0800	Runner	flutter: │               "push_type": "",
默认	11:48:41.717152+0800	Runner	flutter: │               "is_pro": "1",
默认	11:48:41.717180+0800	Runner	flutter: │               "page_from": "candidate",
默认	11:48:41.717225+0800	Runner	flutter: │               "task_id": "task_68022659b15a60aa6f84c2a0",
默认	11:48:41.717250+0800	Runner	flutter: │               "candidate_id": "report_943c2e492f2ecd83e6e6f95a_candidate_1"
默认	11:48:41.717278+0800	Runner	flutter: │             }
默认	11:48:41.717351+0800	Runner	flutter: │           }
默认	11:48:41.717360+0800	Runner	flutter: │         ]
默认	11:48:41.717381+0800	Runner	flutter: │       }
默认	11:48:41.717410+0800	Runner	flutter: │     }
默认	11:48:41.717439+0800	Runner	flutter: │   ]
默认	11:48:41.717470+0800	Runner	flutter: │ }
默认	11:48:41.717554+0800	Runner	flutter: └───────────────────────────────────────────────────────────────────────────────────────────────────
默认	11:48:42.088769+0800	Runner	flutter: ┌───────────────────────────────────────────────────────────────────────────────────────────────────
默认	11:48:42.088871+0800	Runner	flutter: │ [HTTP] <-- 200 POST https://api.truthy.top/gateway/invoke service=tool.event_tracking.EventTrackingService method=TrackEvents
默认	11:48:42.089292+0800	Runner	flutter: └───────────────────────────────────────────────────────────────────────────────────────────────────
默认	11:48:42.089895+0800	Runner	flutter: ┌───────────────────────────────────────────────────────────────────────────────────────────────────
默认	11:48:42.089930+0800	Runner	flutter: │ [HTTP] response:
默认	11:48:42.090051+0800	Runner	flutter: │ {
默认	11:48:42.090090+0800	Runner	flutter: │   "code": 0,
默认	11:48:42.090233+0800	Runner	flutter: │   "message": "ok",
默认	11:48:42.090373+0800	Runner	flutter: │   "request_id": "gw_req_b4858b3e8a31e211a5f0d32dd8c9b345",
默认	11:48:42.090511+0800	Runner	flutter: │   "trace_id": "trace_06801299933d1ddca21f091b4a60b09f",
默认	11:48:42.090641+0800	Runner	flutter: │   "responses": [
默认	11:48:42.090862+0800	Runner	flutter: │     {
默认	11:48:42.091003+0800	Runner	flutter: │       "id": "req_0",
默认	11:48:42.091124+0800	Runner	flutter: │       "success": true,
默认	11:48:42.091247+0800	Runner	flutter: │       "code": 0,
默认	11:48:42.091511+0800	Runner	flutter: │       "message": "ok",
默认	11:48:42.091545+0800	Runner	flutter: │       "data": {
默认	11:48:42.091795+0800	Runner	flutter: │         "request_id": "gw_req_b4858b3e8a31e211a5f0d32dd8c9b345",
默认	11:48:42.091841+0800	Runner	flutter: │         "trace_id": "trace_06801299933d1ddca21f091b4a60b09f",
默认	11:48:42.091950+0800	Runner	flutter: │         "accepted_count": 2,
默认	11:48:42.092242+0800	Runner	flutter: │         "event_name": "app_page_stay",
默认	11:48:42.092278+0800	Runner	flutter: │         "event_names": [
默认	11:48:42.092638+0800	Runner	flutter: │           "app_page_stay",
默认	11:48:42.092674+0800	Runner	flutter: │           "report_pageview"
默认	11:48:42.092699+0800	Runner	flutter: │         ],
默认	11:48:42.092812+0800	Runner	flutter: │         "events": [
默认	11:48:42.093072+0800	Runner	flutter: │           {
默认	11:48:42.093106+0800	Runner	flutter: │             "index": 0,
默认	11:48:42.093214+0800	Runner	flutter: │             "event_id": "4f439341-14ad-4c67-abd7-224c8a447f5c",
默认	11:48:42.093446+0800	Runner	flutter: │             "event_name": "app_page_stay",
默认	11:48:42.093564+0800	Runner	flutter: │             "status": "accepted"
默认	11:48:42.093677+0800	Runner	flutter: │           },
默认	11:48:42.093956+0800	Runner	flutter: │           {
默认	11:48:42.093992+0800	Runner	flutter: │             "index": 1,
默认	11:48:42.094158+0800	Runner	flutter: │             "event_id": "13584667-1e73-4fe1-8103-c759beb0312f",
默认	11:48:42.094398+0800	Runner	flutter: │             "event_name": "report_pageview",
默认	11:48:42.094430+0800	Runner	flutter: │             "status": "accepted"
默认	11:48:42.094548+0800	Runner	flutter: │           }
默认	11:48:42.094768+0800	Runner	flutter: │         ]
默认	11:48:42.094801+0800	Runner	flutter: │       }
默认	11:48:42.095077+0800	Runner	flutter: │     }
默认	11:48:42.095110+0800	Runner	flutter: │   ]
默认	11:48:42.095222+0800	Runner	flutter: │ }
默认	11:48:42.095432+0800	Runner	flutter: └───────────────────────────────────────────────────────────────────────────────────────────────────
默认	11:48:42.114670+0800	Runner	flutter: ┌───────────────────────────────────────────────────────────────────────────────────────────────────
默认	11:48:42.114763+0800	Runner	flutter: │ [HTTP] --> POST https://api.truthy.top/gateway/invoke service=tool.event_tracking.EventTrackingService method=TrackEvents
默认	11:48:42.114866+0800	Runner	flutter: └───────────────────────────────────────────────────────────────────────────────────────────────────
默认	11:48:42.115482+0800	Runner	flutter: ┌───────────────────────────────────────────────────────────────────────────────────────────────────
默认	11:48:42.115509+0800	Runner	flutter: │ [HTTP] request:
默认	11:48:42.115535+0800	Runner	flutter: │ {
默认	11:48:42.115612+0800	Runner	flutter: │   "comm": {
默认	11:48:42.115633+0800	Runner	flutter: │     "auth_token": "***",
默认	11:48:42.115694+0800	Runner	flutter: │     "user_id": "user_e5f97712121ebfac3d6f6407",
默认	11:48:42.115812+0800	Runner	flutter: │     "device_id": "c5ece928-513e-4e75-a500-28479ac5102a",
默认	11:48:42.115829+0800	Runner	flutter: │     "client_request_id": "crid_1783655322109685",
默认	11:48:42.115911+0800	Runner	flutter: │     "platform": "ios",
默认	11:48:42.115969+0800	Runner	flutter: │     "app_version": "1.0.0",
默认	11:48:42.116101+0800	Runner	flutter: │     "locale": "zh-Hans-HK",
默认	11:48:42.116117+0800	Runner	flutter: │     "country": "HK",
默认	11:48:42.116175+0800	Runner	flutter: │     "timezone": "UTC+08:00"
默认	11:48:42.116235+0800	Runner	flutter: │   },
默认	11:48:42.116319+0800	Runner	flutter: │   "requests": [
默认	11:48:42.116389+0800	Runner	flutter: │     {
默认	11:48:42.116447+0800	Runner	flutter: │       "id": "req_0",
默认	11:48:42.116548+0800	Runner	flutter: │       "service_name": "tool.event_tracking.EventTrackingService",
默认	11:48:42.116604+0800	Runner	flutter: │       "method_name": "TrackEvents",
默认	11:48:42.116662+0800	Runner	flutter: │       "params": {
默认	11:48:42.117001+0800	Runner	flutter: │         "events": [
默认	11:48:42.117022+0800	Runner	flutter: │           {
默认	11:48:42.117037+0800	Runner	flutter: │             "event_id": "c79e6f12-c30a-4158-8f21-c18ba31b0a68",
默认	11:48:42.117050+0800	Runner	flutter: │             "event_name": "report_load_success",
默认	11:48:42.117059+0800	Runner	flutter: │             "event_time_ms": 1783655321703,
默认	11:48:42.117094+0800	Runner	flutter: │             "properties": {
默认	11:48:42.117151+0800	Runner	flutter: │               "logtime": 1783655321703,
默认	11:48:42.117197+0800	Runner	flutter: │               "log_id": "c79e6f12-c30a-4158-8f21-c18ba31b0a68",
默认	11:48:42.117244+0800	Runner	flutter: │               "net": "wifi",
默认	11:48:42.117355+0800	Runner	flutter: │               "pkg": "com.sparkjam.truthy.ios",
默认	11:48:42.117367+0800	Runner	flutter: │               "bucket": 56,
默认	11:48:42.117412+0800	Runner	flutter: │               "abslot": 21,
默认	11:48:42.117527+0800	Runner	flutter: │               "ram": "3684MB",
默认	11:48:42.117539+0800	Runner	flutter: │               "cpu": "arm64",
默认	11:48:42.117590+0800	Runner	flutter: │               "sh": 844,
默认	11:48:42.117650+0800	Runner	flutter: │               "sw": 390,
默认	11:48:42.117696+0800	Runner	flutter: │               "city": "",
默认	11:48:42.117742+0800	Runner	flutter: │               "ste": "",
默认	11:48:42.117863+0800	Runner	flutter: │               "lat": "",
默认	11:48:42.117877+0800	Runner	flutter: │               "lng": "",
默认	11:48:42.117908+0800	Runner	flutter: │               "sty": "desk",
默认	11:48:42.117999+0800	Runner	flutter: │               "isp": "",
默认	11:48:42.118046+0800	Runner	flutter: │               "mod": "iphone13,2",
默认	11:48:42.118096+0800	Runner	flutter: │               "brd": "apple",
默认	11:48:42.118153+0800	Runner	flutter: │               "os": "26.3.1",
默认	11:48:42.118264+0800	Runner	flutter: │               "pf": "ios",
默认	11:48:42.118278+0800	Runner	flutter: │               "slan": "zh",
默认	11:48:42.118320+0800	Runner	flutter: │               "reg": "HK",
默认	11:48:42.118367+0800	Runner	flutter: │               "cou": "HK",
默认	11:48:42.118426+0800	Runner	flutter: │               "sub": "",
默认	11:48:42.118474+0800	Runner	flutter: │               "cha": "",
默认	11:48:42.118571+0800	Runner	flutter: │               "verc": "10000",
默认	11:48:42.118655+0800	Runner	flutter: │               "ver": "1.0.0",
默认	11:48:42.118700+0800	Runner	flutter: │               "sid": "5094b07b-cc63-4868-b4ac-6bced54db906",
默认	11:48:42.118756+0800	Runner	flutter: │               "uuid": "***",
默认	11:48:42.118807+0800	Runner	flutter: │               "idfa": "***",
默认	11:48:42.118841+0800	Runner	flutter: │               "idfv": "***",
默认	11:48:42.119076+0800	Runner	flutter: │               "aid": "***",
默认	11:48:42.119107+0800	Runner	flutter: │               "gaid": "***",
默认	11:48:42.119117+0800	Runner	flutter: │               "did": "***",
默认	11:48:42.119127+0800	Runner	flutter: │               "uid": "***",
默认	11:48:42.119173+0800	Runner	flutter: │               "anm": "Truthy",
默认	11:48:42.119187+0800	Runner	flutter: │               "push_id": "",
默认	11:48:42.119230+0800	Runner	flutter: │               "push_type": "",
默认	11:48:42.119280+0800	Runner	flutter: │               "is_pro": "1",
默认	11:48:42.119401+0800	Runner	flutter: │               "page_from": "candidate",
默认	11:48:42.119415+0800	Runner	flutter: │               "task_id": "task_68022659b15a60aa6f84c2a0",
默认	11:48:42.119456+0800	Runner	flutter: │               "candidate_id": "report_943c2e492f2ecd83e6e6f95a_candidate_1",
默认	11:48:42.119508+0800	Runner	flutter: │               "report": {
默认	11:48:42.119585+0800	Runner	flutter: │                 "summary": {
默认	11:48:42.119633+0800	Runner	flutter: │                   "display_name": "joe lynn",
默认	11:48:42.119679+0800	Runner	flutter: │                   "has_avatar": 0,
默认	11:48:42.119731+0800	Runner	flutter: │                   "jobs_count": 1,
默认	11:48:42.119842+0800	Runner	flutter: │                   "has_education": 1,
默认	11:48:42.119854+0800	Runner	flutter: │                   "has_location": 1,
默认	11:48:42.119926+0800	Runner	flutter: │                   "social_platforms_count": 3
默认	11:48:42.119976+0800	Runner	flutter: │                 },
默认	11:48:42.120023+0800	Runner	flutter: │                 "social": {
默认	11:48:42.120104+0800	Runner	flutter: │                   "status": "data",
默认	11:48:42.120148+0800	Runner	flutter: │                   "profiles_count": 3,
默认	11:48:42.120424+0800	Runner	flutter: │                   "private_accounts_count": 0
默认	11:48:42.120439+0800	Runner	flutter: │                 },
默认	11:48:42.120450+0800	Runner	flutter: │                 "photos": {
默认	11:48:42.120460+0800	Runner	flutter: │                   "status": "empty",
默认	11:48:42.120472+0800	Runner	flutter: │                   "identity_match_rate": 0,
默认	11:48:42.120518+0800	Runner	flutter: │                   "match_photos_count": 0,
默认	11:48:42.120636+0800	Runner	flutter: │                   "authenticity_photos_count": 0
默认	11:48:42.120651+0800	Runner	flutter: │                 },
默认	11:48:42.120693+0800	Runner	flutter: │                 "profile": {
默认	11:48:42.120743+0800	Runner	flutter: │                   "status": "data",
默认	11:48:42.120796+0800	Runner	flutter: │                   "sections_count": 3,
默认	11:48:42.120851+0800	Runner	flutter: │                   "items_count": 5
默认	11:48:42.120907+0800	Runner	flutter: │                 },
默认	11:48:42.120982+0800	Runner	flutter: │                 "insights": {
默认	11:48:42.121028+0800	Runner	flutter: │                   "status": "empty",
默认	11:48:42.121066+0800	Runner	flutter: │                   "items_count": 0,
默认	11:48:42.121130+0800	Runner	flutter: │                   "links_count": 0
默认	11:48:42.121176+0800	Runner	flutter: │                 }
默认	11:48:42.121218+0800	Runner	flutter: │               }
默认	11:48:42.121258+0800	Runner	flutter: │             }
默认	11:48:42.121298+0800	Runner	flutter: │           }
默认	11:48:42.121400+0800	Runner	flutter: │         ]
默认	11:48:42.121412+0800	Runner	flutter: │       }
默认	11:48:42.121421+0800	Runner	flutter: │     }
默认	11:48:42.121459+0800	Runner	flutter: │   ]
默认	11:48:42.121531+0800	Runner	flutter: │ }
默认	11:48:42.121582+0800	Runner	flutter: └───────────────────────────────────────────────────────────────────────────────────────────────────
默认	11:48:42.332600+0800	Runner	flutter: ┌───────────────────────────────────────────────────────────────────────────────────────────────────
默认	11:48:42.332632+0800	Runner	flutter: │ [HTTP] <-- 200 POST https://api.truthy.top/gateway/invoke service=tool.event_tracking.EventTrackingService method=TrackEvents
默认	11:48:42.332700+0800	Runner	flutter: └───────────────────────────────────────────────────────────────────────────────────────────────────
默认	11:48:42.332743+0800	Runner	flutter: ┌───────────────────────────────────────────────────────────────────────────────────────────────────
默认	11:48:42.332783+0800	Runner	flutter: │ [HTTP] response:
默认	11:48:42.333317+0800	Runner	flutter: │ {
默认	11:48:42.333383+0800	Runner	flutter: │   "code": 0,
默认	11:48:42.333411+0800	Runner	flutter: │   "message": "ok",
默认	11:48:42.333440+0800	Runner	flutter: │   "request_id": "gw_req_0bb15c4b64729e14b99ae0dacc7b3aa7",
默认	11:48:42.333723+0800	Runner	flutter: │   "trace_id": "trace_b370f33f2a7884ecb943c3b21682f9a3",
默认	11:48:42.333771+0800	Runner	flutter: │   "responses": [
默认	11:48:42.333796+0800	Runner	flutter: │     {
默认	11:48:42.333820+0800	Runner	flutter: │       "id": "req_0",
默认	11:48:42.333843+0800	Runner	flutter: │       "success": true,
默认	11:48:42.333868+0800	Runner	flutter: │       "code": 0,
默认	11:48:42.333890+0800	Runner	flutter: │       "message": "ok",
默认	11:48:42.333913+0800	Runner	flutter: │       "data": {
默认	11:48:42.333936+0800	Runner	flutter: │         "request_id": "gw_req_0bb15c4b64729e14b99ae0dacc7b3aa7",
默认	11:48:42.333960+0800	Runner	flutter: │         "trace_id": "trace_b370f33f2a7884ecb943c3b21682f9a3",
默认	11:48:42.334594+0800	Runner	flutter: │         "accepted_count": 1,
默认	11:48:42.334871+0800	Runner	flutter: │         "event_name": "report_load_success",
默认	11:48:42.335494+0800	Runner	flutter: │         "event_names": [
默认	11:48:42.335536+0800	Runner	flutter: │           "report_load_success"
默认	11:48:42.335599+0800	Runner	flutter: │         ],
默认	11:48:42.335726+0800	Runner	flutter: │         "events": [
默认	11:48:42.335779+0800	Runner	flutter: │           {
默认	11:48:42.335840+0800	Runner	flutter: │             "index": 0,
默认	11:48:42.335913+0800	Runner	flutter: │             "event_id": "c79e6f12-c30a-4158-8f21-c18ba31b0a68",
默认	11:48:42.335972+0800	Runner	flutter: │             "event_name": "report_load_success",
默认	11:48:42.336034+0800	Runner	flutter: │             "status": "accepted"
默认	11:48:42.336329+0800	Runner	flutter: │           }
默认	11:48:42.336407+0800	Runner	flutter: │         ]
默认	11:48:42.336530+0800	Runner	flutter: │       }
默认	11:48:42.336766+0800	Runner	flutter: │     }
默认	11:48:42.336819+0800	Runner	flutter: │   ]
默认	11:48:42.336985+0800	Runner	flutter: │ }
默认	11:48:42.337060+0800	Runner	flutter: └───────────────────────────────────────────────────────────────────────────────────────────────────
默认	11:48:42.579525+0800	Runner	flutter: ┌───────────────────────────────────────────────────────────────────────────────────────────────────
默认	11:48:42.579689+0800	Runner	flutter: │ [EventTracking] name=app_page_stay id=dd2b79a0-cf89-4a01-ad50-587fcd3f4013 time=1783655322576 props={"page_from":"report","duration_s":1}
默认	11:48:42.579715+0800	Runner	flutter: └───────────────────────────────────────────────────────────────────────────────────────────────────
默认	11:48:42.604996+0800	Runner	flutter: ┌───────────────────────────────────────────────────────────────────────────────────────────────────
默认	11:48:42.605107+0800	Runner	flutter: │ [HTTP] --> POST https://api.truthy.top/gateway/invoke service=tool.event_tracking.EventTrackingService method=TrackEvents
默认	11:48:42.605467+0800	Runner	flutter: └───────────────────────────────────────────────────────────────────────────────────────────────────
默认	11:48:42.605583+0800	Runner	flutter: ┌───────────────────────────────────────────────────────────────────────────────────────────────────
默认	11:48:42.605597+0800	Runner	flutter: │ [HTTP] request:
默认	11:48:42.605654+0800	Runner	flutter: │ {
默认	11:48:42.605703+0800	Runner	flutter: │   "comm": {
默认	11:48:42.605752+0800	Runner	flutter: │     "auth_token": "***",
默认	11:48:42.605886+0800	Runner	flutter: │     "user_id": "user_e5f97712121ebfac3d6f6407",
默认	11:48:42.605904+0800	Runner	flutter: │     "device_id": "c5ece928-513e-4e75-a500-28479ac5102a",
默认	11:48:42.605957+0800	Runner	flutter: │     "client_request_id": "crid_1783655322591842",
默认	11:48:42.606007+0800	Runner	flutter: │     "platform": "ios",
默认	11:48:42.606054+0800	Runner	flutter: │     "app_version": "1.0.0",
默认	11:48:42.606183+0800	Runner	flutter: │     "locale": "zh-Hans-HK",
默认	11:48:42.606195+0800	Runner	flutter: │     "country": "HK",
默认	11:48:42.606264+0800	Runner	flutter: │     "timezone": "UTC+08:00"
默认	11:48:42.606277+0800	Runner	flutter: │   },
默认	11:48:42.606336+0800	Runner	flutter: │   "requests": [
默认	11:48:42.606456+0800	Runner	flutter: │     {
默认	11:48:42.606477+0800	Runner	flutter: │       "id": "req_0",
默认	11:48:42.606550+0800	Runner	flutter: │       "service_name": "tool.event_tracking.EventTrackingService",
默认	11:48:42.606565+0800	Runner	flutter: │       "method_name": "TrackEvents",
默认	11:48:42.606617+0800	Runner	flutter: │       "params": {
默认	11:48:42.606669+0800	Runner	flutter: │         "events": [
默认	11:48:42.606715+0800	Runner	flutter: │           {
默认	11:48:42.606823+0800	Runner	flutter: │             "event_id": "dd2b79a0-cf89-4a01-ad50-587fcd3f4013",
默认	11:48:42.606873+0800	Runner	flutter: │             "event_name": "app_page_stay",
默认	11:48:42.606921+0800	Runner	flutter: │             "event_time_ms": 1783655322576,
默认	11:48:42.606973+0800	Runner	flutter: │             "properties": {
默认	11:48:42.607043+0800	Runner	flutter: │               "logtime": 1783655322576,
默认	11:48:42.607093+0800	Runner	flutter: │               "log_id": "dd2b79a0-cf89-4a01-ad50-587fcd3f4013",
默认	11:48:42.607208+0800	Runner	flutter: │               "net": "wifi",
默认	11:48:42.607220+0800	Runner	flutter: │               "pkg": "com.sparkjam.truthy.ios",
默认	11:48:42.607270+0800	Runner	flutter: │               "bucket": 56,
默认	11:48:42.607383+0800	Runner	flutter: │               "abslot": 21,
默认	11:48:42.607395+0800	Runner	flutter: │               "ram": "3684MB",
默认	11:48:42.607491+0800	Runner	flutter: │               "cpu": "arm64",
默认	11:48:42.607522+0800	Runner	flutter: │               "sh": 844,
默认	11:48:42.607589+0800	Runner	flutter: │               "sw": 390,
默认	11:48:42.607604+0800	Runner	flutter: │               "city": "",
默认	11:48:42.607753+0800	Runner	flutter: │               "ste": "",
默认	11:48:42.607777+0800	Runner	flutter: │               "lat": "",
默认	11:48:42.607806+0800	Runner	flutter: │               "lng": "",
默认	11:48:42.607836+0800	Runner	flutter: │               "sty": "desk",
默认	11:48:42.607943+0800	Runner	flutter: │               "isp": "",
默认	11:48:42.607953+0800	Runner	flutter: │               "mod": "iphone13,2",
默认	11:48:42.609213+0800	Runner	flutter: │               "brd": "apple",
默认	11:48:42.610061+0800	Runner	flutter: │               "os": "26.3.1",
默认	11:48:42.610163+0800	Runner	flutter: │               "pf": "ios",
默认	11:48:42.610172+0800	Runner	flutter: │               "slan": "zh",
默认	11:48:42.610182+0800	Runner	flutter: │               "reg": "HK",
默认	11:48:42.610198+0800	Runner	flutter: │               "cou": "HK",
默认	11:48:42.610586+0800	Runner	flutter: │               "sub": "",
默认	11:48:42.610789+0800	Runner	flutter: │               "cha": "",
默认	11:48:42.610796+0800	Runner	flutter: │               "verc": "10000",
默认	11:48:42.610822+0800	Runner	flutter: │               "ver": "1.0.0",
默认	11:48:42.610865+0800	Runner	flutter: │               "sid": "5094b07b-cc63-4868-b4ac-6bced54db906",
默认	11:48:42.610889+0800	Runner	flutter: │               "uuid": "***",
默认	11:48:42.610898+0800	Runner	flutter: │               "idfa": "***",
默认	11:48:42.610905+0800	Runner	flutter: │               "idfv": "***",
默认	11:48:42.610923+0800	Runner	flutter: │               "aid": "***",
默认	11:48:42.611001+0800	Runner	flutter: │               "gaid": "***",
默认	11:48:42.611413+0800	Runner	flutter: │               "did": "***",
默认	11:48:42.611531+0800	Runner	flutter: │               "uid": "***",
默认	11:48:42.611541+0800	Runner	flutter: │               "anm": "Truthy",
默认	11:48:42.611679+0800	Runner	flutter: │               "push_id": "",
默认	11:48:42.611809+0800	Runner	flutter: │               "push_type": "",
默认	11:48:42.611819+0800	Runner	flutter: │               "is_pro": "1",
默认	11:48:42.611826+0800	Runner	flutter: │               "page_from": "report",
默认	11:48:42.611834+0800	Runner	flutter: │               "duration_s": 1
默认	11:48:42.611843+0800	Runner	flutter: │             }
默认	11:48:42.611850+0800	Runner	flutter: │           }
默认	11:48:42.611859+0800	Runner	flutter: │         ]
默认	11:48:42.611867+0800	Runner	flutter: │       }
默认	11:48:42.611881+0800	Runner	flutter: │     }
默认	11:48:42.611917+0800	Runner	flutter: │   ]
默认	11:48:42.611948+0800	Runner	flutter: │ }
默认	11:48:42.611958+0800	Runner	flutter: └───────────────────────────────────────────────────────────────────────────────────────────────────
默认	11:48:42.818850+0800	Runner	flutter: ┌───────────────────────────────────────────────────────────────────────────────────────────────────
默认	11:48:42.819001+0800	Runner	flutter: │ [HTTP] <-- 200 POST https://api.truthy.top/gateway/invoke service=tool.event_tracking.EventTrackingService method=TrackEvents
默认	11:48:42.819047+0800	Runner	flutter: └───────────────────────────────────────────────────────────────────────────────────────────────────
默认	11:48:42.819070+0800	Runner	flutter: ┌───────────────────────────────────────────────────────────────────────────────────────────────────
默认	11:48:42.819093+0800	Runner	flutter: │ [HTTP] response:
默认	11:48:42.819242+0800	Runner	flutter: │ {
默认	11:48:42.819300+0800	Runner	flutter: │   "code": 0,
默认	11:48:42.819421+0800	Runner	flutter: │   "message": "ok",
默认	11:48:42.819453+0800	Runner	flutter: │   "request_id": "gw_req_695303f3ce9fbe16c18f9e3d13a33b7f",
默认	11:48:42.819536+0800	Runner	flutter: │   "trace_id": "trace_1cf7270261671dc0613cbb2ead70a4f6",
默认	11:48:42.819613+0800	Runner	flutter: │   "responses": [
默认	11:48:42.819837+0800	Runner	flutter: │     {
默认	11:48:42.819863+0800	Runner	flutter: │       "id": "req_0",
默认	11:48:42.819936+0800	Runner	flutter: │       "success": true,
默认	11:48:42.820017+0800	Runner	flutter: │       "code": 0,
默认	11:48:42.820097+0800	Runner	flutter: │       "message": "ok",
默认	11:48:42.820297+0800	Runner	flutter: │       "data": {
默认	11:48:42.820322+0800	Runner	flutter: │         "request_id": "gw_req_695303f3ce9fbe16c18f9e3d13a33b7f",
默认	11:48:42.820394+0800	Runner	flutter: │         "trace_id": "trace_1cf7270261671dc0613cbb2ead70a4f6",
默认	11:48:42.820476+0800	Runner	flutter: │         "accepted_count": 1,
默认	11:48:42.820843+0800	Runner	flutter: │         "event_name": "app_page_stay",
默认	11:48:42.820874+0800	Runner	flutter: │         "event_names": [
默认	11:48:42.820893+0800	Runner	flutter: │           "app_page_stay"
默认	11:48:42.820909+0800	Runner	flutter: │         ],
默认	11:48:42.821019+0800	Runner	flutter: │         "events": [
默认	11:48:42.821041+0800	Runner	flutter: │           {
默认	11:48:42.821166+0800	Runner	flutter: │             "index": 0,
默认	11:48:42.821235+0800	Runner	flutter: │             "event_id": "dd2b79a0-cf89-4a01-ad50-587fcd3f4013",
默认	11:48:42.821324+0800	Runner	flutter: │             "event_name": "app_page_stay",
默认	11:48:42.821441+0800	Runner	flutter: │             "status": "accepted"
默认	11:48:42.821528+0800	Runner	flutter: │           }
默认	11:48:42.821621+0800	Runner	flutter: │         ]
默认	11:48:42.821716+0800	Runner	flutter: │       }
默认	11:48:42.821799+0800	Runner	flutter: │     }
默认	11:48:42.821902+0800	Runner	flutter: │   ]
默认	11:48:42.821990+0800	Runner	flutter: │ }
默认	11:48:42.822177+0800	Runner	flutter: └───────────────────────────────────────────────────────────────────────────────────────────────────
默认	11:48:42.953634+0800	Runner	flutter: ┌───────────────────────────────────────────────────────────────────────────────────────────────────
默认	11:48:42.953677+0800	Runner	flutter: │ [EventTracking] name=report_tab_view id=966ca5ff-b617-4170-9c23-8b1e566288a6 time=1783655322950 props={"page_from":"candidate","task_id":"task_68022659b15a60aa6f84c2a0","candidate_id":"report_943c2e492f2ecd83e6e6f95a_candidate_1","type":"social","stay_time":1.245}
默认	11:48:42.954041+0800	Runner	flutter: └───────────────────────────────────────────────────────────────────────────────────────────────────
默认	11:48:42.971343+0800	Runner	flutter: ┌───────────────────────────────────────────────────────────────────────────────────────────────────
默认	11:48:42.971396+0800	Runner	flutter: │ [HTTP] --> POST https://api.truthy.top/gateway/invoke service=tool.event_tracking.EventTrackingService method=TrackEvents
默认	11:48:42.971435+0800	Runner	flutter: └───────────────────────────────────────────────────────────────────────────────────────────────────
默认	11:48:42.971859+0800	Runner	flutter: ┌───────────────────────────────────────────────────────────────────────────────────────────────────
默认	11:48:42.971880+0800	Runner	flutter: │ [HTTP] request:
默认	11:48:42.971905+0800	Runner	flutter: │ {
默认	11:48:42.971956+0800	Runner	flutter: │   "comm": {
默认	11:48:42.971976+0800	Runner	flutter: │     "auth_token": "***",
默认	11:48:42.972032+0800	Runner	flutter: │     "user_id": "user_e5f97712121ebfac3d6f6407",
默认	11:48:42.972335+0800	Runner	flutter: │     "device_id": "c5ece928-513e-4e75-a500-28479ac5102a",
默认	11:48:42.972368+0800	Runner	flutter: │     "client_request_id": "crid_1783655322966005",
默认	11:48:42.972378+0800	Runner	flutter: │     "platform": "ios",
默认	11:48:42.972388+0800	Runner	flutter: │     "app_version": "1.0.0",
默认	11:48:42.972398+0800	Runner	flutter: │     "locale": "zh-Hans-HK",
默认	11:48:42.972596+0800	Runner	flutter: │     "country": "HK",
默认	11:48:42.972624+0800	Runner	flutter: │     "timezone": "UTC+08:00"
默认	11:48:42.972635+0800	Runner	flutter: │   },
默认	11:48:42.972790+0800	Runner	flutter: │   "requests": [
默认	11:48:42.972848+0800	Runner	flutter: │     {
默认	11:48:42.972873+0800	Runner	flutter: │       "id": "req_0",
默认	11:48:42.972883+0800	Runner	flutter: │       "service_name": "tool.event_tracking.EventTrackingService",
默认	11:48:42.972893+0800	Runner	flutter: │       "method_name": "TrackEvents",
默认	11:48:42.972903+0800	Runner	flutter: │       "params": {
默认	11:48:42.972912+0800	Runner	flutter: │         "events": [
默认	11:48:42.972922+0800	Runner	flutter: │           {
默认	11:48:42.973031+0800	Runner	flutter: │             "event_id": "966ca5ff-b617-4170-9c23-8b1e566288a6",
默认	11:48:42.973045+0800	Runner	flutter: │             "event_name": "report_tab_view",
默认	11:48:42.973092+0800	Runner	flutter: │             "event_time_ms": 1783655322950,
默认	11:48:42.973170+0800	Runner	flutter: │             "properties": {
默认	11:48:42.973220+0800	Runner	flutter: │               "logtime": 1783655322950,
默认	11:48:42.973345+0800	Runner	flutter: │               "log_id": "966ca5ff-b617-4170-9c23-8b1e566288a6",
默认	11:48:42.973378+0800	Runner	flutter: │               "net": "wifi",
默认	11:48:42.973396+0800	Runner	flutter: │               "pkg": "com.sparkjam.truthy.ios",
默认	11:48:42.973438+0800	Runner	flutter: │               "bucket": 56,
默认	11:48:42.973488+0800	Runner	flutter: │               "abslot": 21,
默认	11:48:42.973571+0800	Runner	flutter: │               "ram": "3684MB",
默认	11:48:42.973638+0800	Runner	flutter: │               "cpu": "arm64",
默认	11:48:42.973653+0800	Runner	flutter: │               "sh": 844,
默认	11:48:42.973696+0800	Runner	flutter: │               "sw": 390,
默认	11:48:42.973809+0800	Runner	flutter: │               "city": "",
默认	11:48:42.973886+0800	Runner	flutter: │               "ste": "",
默认	11:48:42.973906+0800	Runner	flutter: │               "lat": "",
默认	11:48:42.973988+0800	Runner	flutter: │               "lng": "",
默认	11:48:42.974061+0800	Runner	flutter: │               "sty": "desk",
默认	11:48:42.974072+0800	Runner	flutter: │               "isp": "",
默认	11:48:42.974134+0800	Runner	flutter: │               "mod": "iphone13,2",
默认	11:48:42.974149+0800	Runner	flutter: │               "brd": "apple",
默认	11:48:42.974194+0800	Runner	flutter: │               "os": "26.3.1",
默认	11:48:42.974364+0800	Runner	flutter: │               "pf": "ios",
默认	11:48:42.974376+0800	Runner	flutter: │               "slan": "zh",
默认	11:48:42.974387+0800	Runner	flutter: │               "reg": "HK",
默认	11:48:42.974502+0800	Runner	flutter: │               "cou": "HK",
默认	11:48:42.974514+0800	Runner	flutter: │               "sub": "",
默认	11:48:42.974524+0800	Runner	flutter: │               "cha": "",
默认	11:48:42.974575+0800	Runner	flutter: │               "verc": "10000",
默认	11:48:42.974622+0800	Runner	flutter: │               "ver": "1.0.0",
默认	11:48:42.974766+0800	Runner	flutter: │               "sid": "5094b07b-cc63-4868-b4ac-6bced54db906",
默认	11:48:42.974797+0800	Runner	flutter: │               "uuid": "***",
默认	11:48:42.974854+0800	Runner	flutter: │               "idfa": "***",
默认	11:48:42.974869+0800	Runner	flutter: │               "idfv": "***",
默认	11:48:42.974914+0800	Runner	flutter: │               "aid": "***",
默认	11:48:42.974961+0800	Runner	flutter: │               "gaid": "***",
默认	11:48:42.975017+0800	Runner	flutter: │               "did": "***",
默认	11:48:42.975117+0800	Runner	flutter: │               "uid": "***",
默认	11:48:42.975130+0800	Runner	flutter: │               "anm": "Truthy",
默认	11:48:42.975198+0800	Runner	flutter: │               "push_id": "",
默认	11:48:42.975250+0800	Runner	flutter: │               "push_type": "",
默认	11:48:42.975300+0800	Runner	flutter: │               "is_pro": "1",
默认	11:48:42.975374+0800	Runner	flutter: │               "page_from": "candidate",
默认	11:48:42.975421+0800	Runner	flutter: │               "task_id": "task_68022659b15a60aa6f84c2a0",
默认	11:48:42.975493+0800	Runner	flutter: │               "candidate_id": "report_943c2e492f2ecd83e6e6f95a_candidate_1",
默认	11:48:42.975545+0800	Runner	flutter: │               "type": "social",
默认	11:48:42.975588+0800	Runner	flutter: │               "stay_time": 1.245
默认	11:48:42.975630+0800	Runner	flutter: │             }
默认	11:48:42.975747+0800	Runner	flutter: │           }
默认	11:48:42.975759+0800	Runner	flutter: │         ]
默认	11:48:42.975768+0800	Runner	flutter: │       }
默认	11:48:42.975809+0800	Runner	flutter: │     }
默认	11:48:42.975928+0800	Runner	flutter: │   ]
默认	11:48:42.975940+0800	Runner	flutter: │ }
默认	11:48:42.975950+0800	Runner	flutter: └───────────────────────────────────────────────────────────────────────────────────────────────────
默认	11:48:43.214901+0800	Runner	flutter: ┌───────────────────────────────────────────────────────────────────────────────────────────────────
默认	11:48:43.215039+0800	Runner	flutter: │ [HTTP] <-- 200 POST https://api.truthy.top/gateway/invoke service=tool.event_tracking.EventTrackingService method=TrackEvents
默认	11:48:43.215150+0800	Runner	flutter: └───────────────────────────────────────────────────────────────────────────────────────────────────
默认	11:48:43.215441+0800	Runner	flutter: ┌───────────────────────────────────────────────────────────────────────────────────────────────────
默认	11:48:43.215473+0800	Runner	flutter: │ [HTTP] response:
默认	11:48:43.215507+0800	Runner	flutter: │ {
默认	11:48:43.215589+0800	Runner	flutter: │   "code": 0,
默认	11:48:43.215672+0800	Runner	flutter: │   "message": "ok",
默认	11:48:43.215797+0800	Runner	flutter: │   "request_id": "gw_req_9aa06ffee08e71dc8d477a83fed3caad",
默认	11:48:43.215881+0800	Runner	flutter: │   "trace_id": "trace_1663fb596e37d23ae06d8641a10fdc89",
默认	11:48:43.216010+0800	Runner	flutter: │   "responses": [
默认	11:48:43.216095+0800	Runner	flutter: │     {
默认	11:48:43.216170+0800	Runner	flutter: │       "id": "req_0",
默认	11:48:43.216284+0800	Runner	flutter: │       "success": true,
默认	11:48:43.216449+0800	Runner	flutter: │       "code": 0,
默认	11:48:43.216474+0800	Runner	flutter: │       "message": "ok",
默认	11:48:43.216538+0800	Runner	flutter: │       "data": {
默认	11:48:43.216665+0800	Runner	flutter: │         "request_id": "gw_req_9aa06ffee08e71dc8d477a83fed3caad",
默认	11:48:43.216741+0800	Runner	flutter: │         "trace_id": "trace_1663fb596e37d23ae06d8641a10fdc89",
默认	11:48:43.216886+0800	Runner	flutter: │         "accepted_count": 1,
默认	11:48:43.216967+0800	Runner	flutter: │         "event_name": "report_tab_view",
默认	11:48:43.217047+0800	Runner	flutter: │         "event_names": [
默认	11:48:43.217123+0800	Runner	flutter: │           "report_tab_view"
默认	11:48:43.217372+0800	Runner	flutter: │         ],
默认	11:48:43.217396+0800	Runner	flutter: │         "events": [
默认	11:48:43.217412+0800	Runner	flutter: │           {
默认	11:48:43.217494+0800	Runner	flutter: │             "index": 0,
默认	11:48:43.217612+0800	Runner	flutter: │             "event_id": "966ca5ff-b617-4170-9c23-8b1e566288a6",
默认	11:48:43.217693+0800	Runner	flutter: │             "event_name": "report_tab_view",
默认	11:48:43.217861+0800	Runner	flutter: │             "status": "accepted"
默认	11:48:43.217885+0800	Runner	flutter: │           }
默认	11:48:43.217957+0800	Runner	flutter: │         ]
默认	11:48:43.218194+0800	Runner	flutter: │       }
默认	11:48:43.218221+0800	Runner	flutter: │     }
默认	11:48:43.218239+0800	Runner	flutter: │   ]
默认	11:48:43.218312+0800	Runner	flutter: │ }
默认	11:48:43.218508+0800	Runner	flutter: └───────────────────────────────────────────────────────────────────────────────────────────────────
默认	11:48:43.495390+0800	Runner	flutter: ┌───────────────────────────────────────────────────────────────────────────────────────────────────
默认	11:48:43.495587+0800	Runner	flutter: │ [EventTracking] name=candidate_card_click id=4df5f6c8-f0b5-4a1b-9fea-8f604aa039fd time=1783655323494 props={"task_id":"task_68022659b15a60aa6f84c2a0","candidate_id":"report_943c2e492f2ecd83e6e6f95a_candidate_8","confidence":35,"rank":3}
默认	11:48:43.495752+0800	Runner	flutter: └───────────────────────────────────────────────────────────────────────────────────────────────────
默认	11:48:43.514466+0800	Runner	flutter: ┌───────────────────────────────────────────────────────────────────────────────────────────────────
默认	11:48:43.514525+0800	Runner	flutter: │ [EventTracking] name=app_page_stay id=7d031052-0465-4231-983a-909fe1dda9fc time=1783655323513 props={"page_from":"candidate","duration_s":0}
默认	11:48:43.514616+0800	Runner	flutter: └───────────────────────────────────────────────────────────────────────────────────────────────────
默认	11:48:43.515486+0800	Runner	flutter: ┌───────────────────────────────────────────────────────────────────────────────────────────────────
默认	11:48:43.515723+0800	Runner	flutter: │ [EventTracking] name=report_pageview id=f32315eb-9523-490b-a469-8e34aca3a5ba time=1783655323515 props={"page_from":"candidate","task_id":"task_68022659b15a60aa6f84c2a0","candidate_id":"report_943c2e492f2ecd83e6e6f95a_candidate_8"}
默认	11:48:43.515767+0800	Runner	flutter: └───────────────────────────────────────────────────────────────────────────────────────────────────
默认	11:48:43.527786+0800	Runner	flutter: ┌───────────────────────────────────────────────────────────────────────────────────────────────────
默认	11:48:43.527815+0800	Runner	flutter: │ [HTTP] --> POST https://api.truthy.top/gateway/invoke service=tool.event_tracking.EventTrackingService method=TrackEvents
默认	11:48:43.528671+0800	Runner	flutter: └───────────────────────────────────────────────────────────────────────────────────────────────────
默认	11:48:43.528737+0800	Runner	flutter: ┌───────────────────────────────────────────────────────────────────────────────────────────────────
默认	11:48:43.528753+0800	Runner	flutter: │ [HTTP] request:
默认	11:48:43.528772+0800	Runner	flutter: │ {
默认	11:48:43.528781+0800	Runner	flutter: │   "comm": {
默认	11:48:43.528808+0800	Runner	flutter: │     "auth_token": "***",
默认	11:48:43.528816+0800	Runner	flutter: │     "user_id": "user_e5f97712121ebfac3d6f6407",
默认	11:48:43.528825+0800	Runner	flutter: │     "device_id": "c5ece928-513e-4e75-a500-28479ac5102a",
默认	11:48:43.528834+0800	Runner	flutter: │     "client_request_id": "crid_1783655323511889",
默认	11:48:43.528873+0800	Runner	flutter: │     "platform": "ios",
默认	11:48:43.528898+0800	Runner	flutter: │     "app_version": "1.0.0",
默认	11:48:43.528908+0800	Runner	flutter: │     "locale": "zh-Hans-HK",
默认	11:48:43.528915+0800	Runner	flutter: │     "country": "HK",
默认	11:48:43.528924+0800	Runner	flutter: │     "timezone": "UTC+08:00"
默认	11:48:43.528932+0800	Runner	flutter: │   },
默认	11:48:43.528968+0800	Runner	flutter: │   "requests": [
默认	11:48:43.528997+0800	Runner	flutter: │     {
默认	11:48:43.529007+0800	Runner	flutter: │       "id": "req_0",
默认	11:48:43.529016+0800	Runner	flutter: │       "service_name": "tool.event_tracking.EventTrackingService",
默认	11:48:43.529104+0800	Runner	flutter: │       "method_name": "TrackEvents",
默认	11:48:43.529145+0800	Runner	flutter: │       "params": {
默认	11:48:43.529187+0800	Runner	flutter: │         "events": [
默认	11:48:43.529232+0800	Runner	flutter: │           {
默认	11:48:43.529273+0800	Runner	flutter: │             "event_id": "4df5f6c8-f0b5-4a1b-9fea-8f604aa039fd",
默认	11:48:43.529416+0800	Runner	flutter: │             "event_name": "candidate_card_click",
默认	11:48:43.529484+0800	Runner	flutter: │             "event_time_ms": 1783655323494,
默认	11:48:43.529531+0800	Runner	flutter: │             "properties": {
默认	11:48:43.529594+0800	Runner	flutter: │               "logtime": 1783655323494,
默认	11:48:43.529680+0800	Runner	flutter: │               "log_id": "4df5f6c8-f0b5-4a1b-9fea-8f604aa039fd",
默认	11:48:43.529690+0800	Runner	flutter: │               "net": "wifi",
默认	11:48:43.529732+0800	Runner	flutter: │               "pkg": "com.sparkjam.truthy.ios",
默认	11:48:43.529781+0800	Runner	flutter: │               "bucket": 56,
默认	11:48:43.529871+0800	Runner	flutter: │               "abslot": 21,
默认	11:48:43.529944+0800	Runner	flutter: │               "ram": "3684MB",
默认	11:48:43.529957+0800	Runner	flutter: │               "cpu": "arm64",
默认	11:48:43.529984+0800	Runner	flutter: │               "sh": 844,
默认	11:48:43.530015+0800	Runner	flutter: │               "sw": 390,
默认	11:48:43.530092+0800	Runner	flutter: │               "city": "",
默认	11:48:43.530111+0800	Runner	flutter: │               "ste": "",
默认	11:48:43.530164+0800	Runner	flutter: │               "lat": "",
默认	11:48:43.530210+0800	Runner	flutter: │               "lng": "",
默认	11:48:43.530246+0800	Runner	flutter: │               "sty": "desk",
默认	11:48:43.530278+0800	Runner	flutter: │               "isp": "",
默认	11:48:43.530323+0800	Runner	flutter: │               "mod": "iphone13,2",
默认	11:48:43.530385+0800	Runner	flutter: │               "brd": "apple",
默认	11:48:43.530442+0800	Runner	flutter: │               "os": "26.3.1",
默认	11:48:43.530509+0800	Runner	flutter: │               "pf": "ios",
默认	11:48:43.530523+0800	Runner	flutter: │               "slan": "zh",
默认	11:48:43.530575+0800	Runner	flutter: │               "reg": "HK",
默认	11:48:43.530622+0800	Runner	flutter: │               "cou": "HK",
默认	11:48:43.530693+0800	Runner	flutter: │               "sub": "",
默认	11:48:43.530700+0800	Runner	flutter: │               "cha": "",
默认	11:48:43.530731+0800	Runner	flutter: │               "verc": "10000",
默认	11:48:43.530797+0800	Runner	flutter: │               "ver": "1.0.0",
默认	11:48:43.530836+0800	Runner	flutter: │               "sid": "5094b07b-cc63-4868-b4ac-6bced54db906",
默认	11:48:43.530915+0800	Runner	flutter: │               "uuid": "***",
默认	11:48:43.530930+0800	Runner	flutter: │               "idfa": "***",
默认	11:48:43.530981+0800	Runner	flutter: │               "idfv": "***",
默认	11:48:43.531014+0800	Runner	flutter: │               "aid": "***",
默认	11:48:43.531047+0800	Runner	flutter: │               "gaid": "***",
默认	11:48:43.531116+0800	Runner	flutter: │               "did": "***",
默认	11:48:43.531157+0800	Runner	flutter: │               "uid": "***",
默认	11:48:43.531191+0800	Runner	flutter: │               "anm": "Truthy",
默认	11:48:43.531256+0800	Runner	flutter: │               "push_id": "",
默认	11:48:43.531291+0800	Runner	flutter: │               "push_type": "",
默认	11:48:43.531356+0800	Runner	flutter: │               "is_pro": "1",
默认	11:48:43.531404+0800	Runner	flutter: │               "task_id": "task_68022659b15a60aa6f84c2a0",
默认	11:48:43.531490+0800	Runner	flutter: │               "candidate_id": "report_943c2e492f2ecd83e6e6f95a_candidate_8",
默认	11:48:43.531514+0800	Runner	flutter: │               "confidence": 35,
默认	11:48:43.531557+0800	Runner	flutter: │               "rank": 3
默认	11:48:43.531631+0800	Runner	flutter: │             }
默认	11:48:43.531646+0800	Runner	flutter: │           }
默认	11:48:43.531717+0800	Runner	flutter: │         ]
默认	11:48:43.531761+0800	Runner	flutter: │       }
默认	11:48:43.531776+0800	Runner	flutter: │     }
默认	11:48:43.531838+0800	Runner	flutter: │   ]
默认	11:48:43.531850+0800	Runner	flutter: │ }
默认	11:48:43.531935+0800	Runner	flutter: └───────────────────────────────────────────────────────────────────────────────────────────────────
默认	11:48:43.532536+0800	Runner	flutter: ┌───────────────────────────────────────────────────────────────────────────────────────────────────
默认	11:48:43.532607+0800	Runner	flutter: │ [HTTP] --> POST https://api.truthy.top/gateway/invoke service=tool.people_insight.SearchService method=GetTaskCandidateDetail
默认	11:48:43.532665+0800	Runner	flutter: └───────────────────────────────────────────────────────────────────────────────────────────────────
默认	11:48:43.532805+0800	Runner	flutter: ┌───────────────────────────────────────────────────────────────────────────────────────────────────
默认	11:48:43.532845+0800	Runner	flutter: │ [HTTP] request:
默认	11:48:43.532931+0800	Runner	flutter: │ {
默认	11:48:43.532939+0800	Runner	flutter: │   "comm": {
默认	11:48:43.532987+0800	Runner	flutter: │     "auth_token": "***",
默认	11:48:43.533026+0800	Runner	flutter: │     "user_id": "user_e5f97712121ebfac3d6f6407",
默认	11:48:43.533113+0800	Runner	flutter: │     "device_id": "c5ece928-513e-4e75-a500-28479ac5102a",
默认	11:48:43.533123+0800	Runner	flutter: │     "client_request_id": "crid_1783655323523416",
默认	11:48:43.533164+0800	Runner	flutter: │     "platform": "ios",
默认	11:48:43.533226+0800	Runner	flutter: │     "app_version": "1.0.0",
默认	11:48:43.533258+0800	Runner	flutter: │     "locale": "zh-Hans-HK",
默认	11:48:43.533308+0800	Runner	flutter: │     "country": "HK",
默认	11:48:43.533351+0800	Runner	flutter: │     "timezone": "UTC+08:00"
默认	11:48:43.533396+0800	Runner	flutter: │   },
默认	11:48:43.533437+0800	Runner	flutter: │   "requests": [
默认	11:48:43.533500+0800	Runner	flutter: │     {
默认	11:48:43.533560+0800	Runner	flutter: │       "id": "req_0",
默认	11:48:43.533642+0800	Runner	flutter: │       "service_name": "tool.people_insight.SearchService",
默认	11:48:43.533662+0800	Runner	flutter: │       "method_name": "GetTaskCandidateDetail",
默认	11:48:43.533706+0800	Runner	flutter: │       "params": {
默认	11:48:43.533776+0800	Runner	flutter: │         "task_id": "task_68022659b15a60aa6f84c2a0",
默认	11:48:43.533797+0800	Runner	flutter: │         "candidate_id": "report_943c2e492f2ecd83e6e6f95a_candidate_8"
默认	11:48:43.533865+0800	Runner	flutter: │       }
默认	11:48:43.533876+0800	Runner	flutter: │     }
默认	11:48:43.533915+0800	Runner	flutter: │   ]
默认	11:48:43.533955+0800	Runner	flutter: │ }
默认	11:48:43.534045+0800	Runner	flutter: └───────────────────────────────────────────────────────────────────────────────────────────────────
默认	11:48:43.833581+0800	Runner	flutter: ┌───────────────────────────────────────────────────────────────────────────────────────────────────
默认	11:48:43.836704+0800	Runner	flutter: │ [HTTP] <-- 200 POST https://api.truthy.top/gateway/invoke service=tool.event_tracking.EventTrackingService method=TrackEvents
默认	11:48:43.836802+0800	Runner	flutter: └───────────────────────────────────────────────────────────────────────────────────────────────────
默认	11:48:43.836827+0800	Runner	flutter: ┌───────────────────────────────────────────────────────────────────────────────────────────────────
默认	11:48:43.836855+0800	Runner	flutter: │ [HTTP] response:
默认	11:48:43.836889+0800	Runner	flutter: │ {
默认	11:48:43.836909+0800	Runner	flutter: │   "code": 0,
默认	11:48:43.836929+0800	Runner	flutter: │   "message": "ok",
默认	11:48:43.837264+0800	Runner	flutter: │   "request_id": "gw_req_5d1544f872e7e76be9aeaf64806f132c",
默认	11:48:43.837290+0800	Runner	flutter: │   "trace_id": "trace_999ff13e5b85e5161b6013bd8e24b625",
默认	11:48:43.837311+0800	Runner	flutter: │   "responses": [
默认	11:48:43.837327+0800	Runner	flutter: │     {
默认	11:48:43.837398+0800	Runner	flutter: │       "id": "req_0",
默认	11:48:43.837440+0800	Runner	flutter: │       "success": true,
默认	11:48:43.837461+0800	Runner	flutter: │       "code": 0,
默认	11:48:43.837486+0800	Runner	flutter: │       "message": "ok",
默认	11:48:43.837506+0800	Runner	flutter: │       "data": {
默认	11:48:43.837522+0800	Runner	flutter: │         "request_id": "gw_req_5d1544f872e7e76be9aeaf64806f132c",
默认	11:48:43.837538+0800	Runner	flutter: │         "trace_id": "trace_999ff13e5b85e5161b6013bd8e24b625",
默认	11:48:43.837554+0800	Runner	flutter: │         "accepted_count": 1,
默认	11:48:43.837572+0800	Runner	flutter: │         "event_name": "candidate_card_click",
默认	11:48:43.837600+0800	Runner	flutter: │         "event_names": [
默认	11:48:43.837740+0800	Runner	flutter: │           "candidate_card_click"
默认	11:48:43.837758+0800	Runner	flutter: │         ],
默认	11:48:43.837774+0800	Runner	flutter: │         "events": [
默认	11:48:43.837790+0800	Runner	flutter: │           {
默认	11:48:43.837805+0800	Runner	flutter: │             "index": 0,
默认	11:48:43.837821+0800	Runner	flutter: │             "event_id": "4df5f6c8-f0b5-4a1b-9fea-8f604aa039fd",
默认	11:48:43.837836+0800	Runner	flutter: │             "event_name": "candidate_card_click",
默认	11:48:43.837852+0800	Runner	flutter: │             "status": "accepted"
默认	11:48:43.837867+0800	Runner	flutter: │           }
默认	11:48:43.837882+0800	Runner	flutter: │         ]
默认	11:48:43.837898+0800	Runner	flutter: │       }
默认	11:48:43.838012+0800	Runner	flutter: │     }
默认	11:48:43.838036+0800	Runner	flutter: │   ]
默认	11:48:43.838129+0800	Runner	flutter: │ }
默认	11:48:43.838448+0800	Runner	flutter: └───────────────────────────────────────────────────────────────────────────────────────────────────
默认	11:48:43.842334+0800	Runner	flutter: ┌───────────────────────────────────────────────────────────────────────────────────────────────────
默认	11:48:43.842379+0800	Runner	flutter: │ [HTTP] <-- 200 POST https://api.truthy.top/gateway/invoke service=tool.people_insight.SearchService method=GetTaskCandidateDetail
默认	11:48:43.842433+0800	Runner	flutter: └───────────────────────────────────────────────────────────────────────────────────────────────────
默认	11:48:43.843405+0800	Runner	flutter: ┌───────────────────────────────────────────────────────────────────────────────────────────────────
默认	11:48:43.843435+0800	Runner	flutter: │ [HTTP] response:
默认	11:48:43.843508+0800	Runner	flutter: │ {
默认	11:48:43.843525+0800	Runner	flutter: │   "code": 0,
默认	11:48:43.843595+0800	Runner	flutter: │   "message": "ok",
默认	11:48:43.843698+0800	Runner	flutter: │   "request_id": "gw_req_40b90faf61a2a845e4aad46153c1f12f",
默认	11:48:43.843769+0800	Runner	flutter: │   "trace_id": "trace_094eb9a342ec39157701f69a81dfcfba",
默认	11:48:43.843869+0800	Runner	flutter: │   "responses": [
默认	11:48:43.843888+0800	Runner	flutter: │     {
默认	11:48:43.843952+0800	Runner	flutter: │       "id": "req_0",
默认	11:48:43.844014+0800	Runner	flutter: │       "success": true,
默认	11:48:43.844132+0800	Runner	flutter: │       "code": 0,
默认	11:48:43.844150+0800	Runner	flutter: │       "message": "ok",
默认	11:48:43.844240+0800	Runner	flutter: │       "data": {
默认	11:48:43.844291+0800	Runner	flutter: │         "candidate": {
默认	11:48:43.844346+0800	Runner	flutter: │           "age": 0,
默认	11:48:43.844434+0800	Runner	flutter: │           "avatar_url": "",
默认	11:48:43.844491+0800	Runner	flutter: │           "candidate_id": "report_943c2e492f2ecd83e6e6f95a_candidate_8",
默认	11:48:43.844538+0800	Runner	flutter: │           "confidence_level": "LOW",
默认	11:48:43.844595+0800	Runner	flutter: │           "display_name": "joe lynn",
默认	11:48:43.844717+0800	Runner	flutter: │           "education": "freed - hardeman university bachelor of science bachelors; north attleboro high school; freed–hardeman university mathematics",
默认	11:48:43.844746+0800	Runner	flutter: │           "evidence_count": 38,
默认	11:48:43.844794+0800	Runner	flutter: │           "headline": "actuarial associate at cash balance actuaries, llc",
默认	11:48:43.844850+0800	Runner	flutter: │           "is_best_match": false,
默认	11:48:43.844902+0800	Runner	flutter: │           "is_top_result": false,
默认	11:48:43.845004+0800	Runner	flutter: │           "jobs": [
默认	11:48:43.845015+0800	Runner	flutter: │             "actuarial associate at cash balance actuaries, llc"
默认	11:48:43.845062+0800	Runner	flutter: │           ],
默认	11:48:43.845105+0800	Runner	flutter: │           "location": "united states",
默认	11:48:43.845274+0800	Runner	flutter: │           "match_reasons": [
默认	11:48:43.845288+0800	Runner	flutter: │             "name"
默认	11:48:43.845298+0800	Runner	flutter: │           ],
默认	11:48:43.845344+0800	Runner	flutter: │           "match_score": 35,
默认	11:48:43.845388+0800	Runner	flutter: │           "matched_clue_types": [],
默认	11:48:43.845433+0800	Runner	flutter: │           "person_id": "pdl:5KEYGvA65fsnFr0F51JEbA_0000",
默认	11:48:43.845494+0800	Runner	flutter: │           "profile_url": "https://linkedin.com/in/joelynn",
默认	11:48:43.845593+0800	Runner	flutter: │           "rank_breakdown": {
默认	11:48:43.845606+0800	Runner	flutter: │             "data_completeness": 0.8,
默认	11:48:43.845669+0800	Runner	flutter: │             "geo_relevance": 0,
默认	11:48:43.845717+0800	Runner	flutter: │             "public_influence": 0,
默认	11:48:43.845767+0800	Runner	flutter: │             "social_activity": 0,
默认	11:48:43.845815+0800	Runner	flutter: │             "social_richness": 0.5
默认	11:48:43.845987+0800	Runner	flutter: │           },
默认	11:48:43.846003+0800	Runner	flutter: │           "rank_score": 0.405,
默认	11:48:43.846170+0800	Runner	flutter: │           "rank_version": "candidate_ranking_v1",
默认	11:48:43.846183+0800	Runner	flutter: │           "social_links": [
默认	11:48:43.846194+0800	Runner	flutter: │             {
默认	11:48:43.846220+0800	Runner	flutter: │               "platform": "linkedin",
默认	11:48:43.846234+0800	Runner	flutter: │               "url": "https://linkedin.com/in/joelynn",
默认	11:48:43.846426+0800	Runner	flutter: │               "username": "joelynn"
默认	11:48:43.846441+0800	Runner	flutter: │             },
默认	11:48:43.846452+0800	Runner	flutter: │             {
默认	11:48:43.846463+0800	Runner	flutter: │               "platform": "facebook",
默认	11:48:43.846630+0800	Runner	flutter: │               "url": "https://facebook.com/joelynn",
默认	11:48:43.846642+0800	Runner	flutter: │               "username": "joelynn"
默认	11:48:43.846652+0800	Runner	flutter: │             },
默认	11:48:43.846699+0800	Runner	flutter: │             {
默认	11:48:43.846755+0800	Runner	flutter: │               "platform": "x",
默认	11:48:43.846858+0800	Runner	flutter: │               "url": "https://twitter.com/joelynn84",
默认	11:48:43.846872+0800	Runner	flutter: │               "username": "joelynn84"
默认	11:48:43.846920+0800	Runner	flutter: │             }
默认	11:48:43.847067+0800	Runner	flutter: │           ],
默认	11:48:43.847079+0800	Runner	flutter: │           "social_platforms": [
默认	11:48:43.847090+0800	Runner	flutter: │             "linkedin",
默认	11:48:43.847215+0800	Runner	flutter: │             "facebook",
默认	11:48:43.847230+0800	Runner	flutter: │             "x"
默认	11:48:43.847328+0800	Runner	flutter: │           ],
默认	11:48:43.847383+0800	Runner	flutter: │           "source": "people_data_labs",
默认	11:48:43.847395+0800	Runner	flutter: │           "source_provider": "people_data_labs"
默认	11:48:43.847419+0800	Runner	flutter: │         },
默认	11:48:43.847461+0800	Runner	flutter: │         "candidate_id": "report_943c2e492f2ecd83e6e6f95a_candidate_8",
默认	11:48:43.847512+0800	Runner	flutter: │         "disclaimers": [
默认	11:48:43.847645+0800	Runner	flutter: │           "People Data Labs Person Search returns candidate profiles; review candidates or add stronger clues before relying on an identity match."
默认	11:48:43.847671+0800	Runner	flutter: │         ],
默认	11:48:43.847735+0800	Runner	flutter: │         "entitlement_decision": "ALLOW",
默认	11:48:43.847748+0800	Runner	flutter: │         "evidence": [
默认	11:48:43.847790+0800	Runner	flutter: │           {
默认	11:48:43.847939+0800	Runner	flutter: │             "display_name": "joe lynn",
默认	11:48:43.847955+0800	Runner	flutter: │             "matched_on": [
默认	11:48:43.848021+0800	Runner	flutter: │               "name"
默认	11:48:43.848064+0800	Runner	flutter: │             ],
默认	11:48:43.848170+0800	Runner	flutter: │             "person_id": "pdl:5KEYGvA65fsnFr0F51JEbA_0000",
默认	11:48:43.848186+0800	Runner	flutter: │             "provider": "people_data_labs",
默认	11:48:43.848232+0800	Runner	flutter: │             "provider_person_id": "5KEYGvA65fsnFr0F51JEbA_0000",
默认	11:48:43.848609+0800	Runner	flutter: │             "subject_profile_url": "linkedin.com/in/joelynn",
默认	11:48:43.848629+0800	Runner	flutter: │             "type": "pdl_matched_on"
默认	11:48:43.848639+0800	Runner	flutter: │           },
默认	11:48:43.848649+0800	Runner	flutter: │           {
默认	11:48:43.848900+0800	Runner	flutter: │             "display_name": "joe lynn",
默认	11:48:43.848916+0800	Runner	flutter: │             "field": "linkedin_url",
默认	11:48:43.848923+0800	Runner	flutter: │             "person_id": "pdl:5KEYGvA65fsnFr0F51JEbA_0000",
默认	11:48:43.848932+0800	Runner	flutter: │             "provider": "people_data_labs",
默认	11:48:43.848952+0800	Runner	flutter: │             "provider_person_id": "5KEYGvA65fsnFr0F51JEbA_0000",
默认	11:48:43.848959+0800	Runner	flutter: │             "subject_profile_url": "linkedin.com/in/joelynn",
默认	11:48:43.848968+0800	Runner	flutter: │             "type": "pdl_profile_url",
默认	11:48:43.849026+0800	Runner	flutter: │             "url": "linkedin.com/in/joelynn"
默认	11:48:43.849277+0800	Runner	flutter: │           },
默认	11:48:43.849292+0800	Runner	flutter: │           {
默认	11:48:43.849301+0800	Runner	flutter: │             "display_name": "joe lynn",
默认	11:48:43.849575+0800	Runner	flutter: │             "field": "facebook_url",
默认	11:48:43.849596+0800	Runner	flutter: │             "person_id": "pdl:5KEYGvA65fsnFr0F51JEbA_0000",
默认	11:48:43.849605+0800	Runner	flutter: │             "provider": "people_data_labs",
默认	11:48:43.849612+0800	Runner	flutter: │             "provider_person_id": "5KEYGvA65fsnFr0F51JEbA_0000",
默认	11:48:43.849621+0800	Runner	flutter: │             "subject_profile_url": "linkedin.com/in/joelynn",
默认	11:48:43.849628+0800	Runner	flutter: │             "type": "pdl_profile_url",
默认	11:48:43.849637+0800	Runner	flutter: │             "url": "facebook.com/joelynn"
默认	11:48:43.849644+0800	Runner	flutter: │           },
默认	11:48:43.849653+0800	Runner	flutter: │           {
默认	11:48:43.849662+0800	Runner	flutter: │             "display_name": "joe lynn",
默认	11:48:43.849670+0800	Runner	flutter: │             "field": "twitter_url",
默认	11:48:43.849678+0800	Runner	flutter: │             "person_id": "pdl:5KEYGvA65fsnFr0F51JEbA_0000",
默认	11:48:43.849741+0800	Runner	flutter: │             "provider": "people_data_labs",
默认	11:48:43.849750+0800	Runner	flutter: │             "provider_person_id": "5KEYGvA65fsnFr0F51JEbA_0000",
默认	11:48:43.849759+0800	Runner	flutter: │             "subject_profile_url": "linkedin.com/in/joelynn",
默认	11:48:43.849766+0800	Runner	flutter: │             "type": "pdl_profile_url",
默认	11:48:43.849808+0800	Runner	flutter: │             "url": "twitter.com/joelynn84"
默认	11:48:43.849853+0800	Runner	flutter: │           },
默认	11:48:43.849951+0800	Runner	flutter: │           {
默认	11:48:43.849972+0800	Runner	flutter: │             "display_name": "joe lynn",
默认	11:48:43.850147+0800	Runner	flutter: │             "field": "job_company_website",
默认	11:48:43.850158+0800	Runner	flutter: │             "person_id": "pdl:5KEYGvA65fsnFr0F51JEbA_0000",
默认	11:48:43.850167+0800	Runner	flutter: │             "provider": "people_data_labs",
默认	11:48:43.850174+0800	Runner	flutter: │             "provider_person_id": "5KEYGvA65fsnFr0F51JEbA_0000",
默认	11:48:43.850331+0800	Runner	flutter: │             "subject_profile_url": "linkedin.com/in/joelynn",
默认	11:48:43.850343+0800	Runner	flutter: │             "type": "pdl_profile_url",
默认	11:48:43.850410+0800	Runner	flutter: │             "url": "cashbalanceactuaries.com"
默认	11:48:43.850420+0800	Runner	flutter: │           }
默认	11:48:43.850429+0800	Runner	flutter: │         ],
默认	11:48:43.850436+0800	Runner	flutter: │         "person_id": "pdl:5KEYGvA65fsnFr0F51JEbA_0000",
默认	11:48:43.850652+0800	Runner	flutter: │         "social_accounts": [
默认	11:48:43.850665+0800	Runner	flutter: │           {
默认	11:48:43.850673+0800	Runner	flutter: │             "display_name": "joe lynn",
默认	11:48:43.850761+0800	Runner	flutter: │             "person_id": "pdl:5KEYGvA65fsnFr0F51JEbA_0000",
默认	11:48:43.850806+0800	Runner	flutter: │             "platform": "linkedin",
默认	11:48:43.850910+0800	Runner	flutter: │             "profile_url": "https://linkedin.com/in/joelynn",
默认	11:48:43.850923+0800	Runner	flutter: │             "source": "people_data_labs",
默认	11:48:43.850930+0800	Runner	flutter: │             "url": "https://linkedin.com/in/joelynn",
默认	11:48:43.850939+0800	Runner	flutter: │             "username": "joelynn"
默认	11:48:43.850946+0800	Runner	flutter: │           },
默认	11:48:43.850954+0800	Runner	flutter: │           {
默认	11:48:43.851095+0800	Runner	flutter: │             "display_name": "joe lynn",
默认	11:48:43.851114+0800	Runner	flutter: │             "person_id": "pdl:5KEYGvA65fsnFr0F51JEbA_0000",
默认	11:48:43.851140+0800	Runner	flutter: │             "platform": "facebook",
默认	11:48:43.851151+0800	Runner	flutter: │             "profile_url": "https://linkedin.com/in/joelynn",
默认	11:48:43.851160+0800	Runner	flutter: │             "source": "people_data_labs",
默认	11:48:43.851171+0800	Runner	flutter: │             "url": "https://facebook.com/joelynn",
默认	11:48:43.851241+0800	Runner	flutter: │             "username": "joelynn"
默认	11:48:43.851288+0800	Runner	flutter: │           },
默认	11:48:43.851329+0800	Runner	flutter: │           {
默认	11:48:43.851368+0800	Runner	flutter: │             "display_name": "joe lynn",
默认	11:48:43.851414+0800	Runner	flutter: │             "person_id": "pdl:5KEYGvA65fsnFr0F51JEbA_0000",
默认	11:48:43.851484+0800	Runner	flutter: │             "platform": "x",
默认	11:48:43.851666+0800	Runner	flutter: │             "profile_url": "https://linkedin.com/in/joelynn",
默认	11:48:43.851682+0800	Runner	flutter: │             "source": "people_data_labs",
默认	11:48:43.851692+0800	Runner	flutter: │             "url": "https://twitter.com/joelynn84",
默认	11:48:43.851701+0800	Runner	flutter: │             "username": "joelynn84"
默认	11:48:43.851710+0800	Runner	flutter: │           }
默认	11:48:43.851722+0800	Runner	flutter: │         ],
默认	11:48:43.851763+0800	Runner	flutter: │         "task_id": "task_68022659b15a60aa6f84c2a0",
默认	11:48:43.851839+0800	Runner	flutter: │         "ui_sections": {
默认	11:48:43.851878+0800	Runner	flutter: │           "insights": {
默认	11:48:43.851922+0800	Runner	flutter: │             "data": {
默认	11:48:43.851977+0800	Runner	flutter: │               "count": 0,
默认	11:48:43.852013+0800	Runner	flutter: │               "items": []
默认	11:48:43.852051+0800	Runner	flutter: │             },
默认	11:48:43.852158+0800	Runner	flutter: │             "status": "empty"
默认	11:48:43.852169+0800	Runner	flutter: │           },
默认	11:48:43.852261+0800	Runner	flutter: │           "photos": {
默认	11:48:43.852273+0800	Runner	flutter: │             "data": {
默认	11:48:43.852466+0800	Runner	flutter: │               "authenticity_photos": [],
默认	11:48:43.852487+0800	Runner	flutter: │               "baseline_photo_url": "",
默认	11:48:43.852526+0800	Runner	flutter: │               "identity_match_rate": 0,
默认	11:48:43.852602+0800	Runner	flutter: │               "match_photos": []
默认	11:48:43.852638+0800	Runner	flutter: │             },
默认	11:48:43.852694+0800	Runner	flutter: │             "status": "empty"
默认	11:48:43.852705+0800	Runner	flutter: │           },
默认	11:48:43.852751+0800	Runner	flutter: │           "profile": {
默认	11:48:43.852793+0800	Runner	flutter: │             "data": {
默认	11:48:43.852857+0800	Runner	flutter: │               "sections": [
默认	11:48:43.852941+0800	Runner	flutter: │                 {
默认	11:48:43.852957+0800	Runner	flutter: │                   "items": [
默认	11:48:43.853008+0800	Runner	flutter: │                     {
默认	11:48:43.853044+0800	Runner	flutter: │                       "label": "Full Name",
默认	11:48:43.853081+0800	Runner	flutter: │                       "value": "joe lynn"
默认	11:48:43.853143+0800	Runner	flutter: │                     },
默认	11:48:43.853219+0800	Runner	flutter: │                     {
默认	11:48:43.853236+0800	Runner	flutter: │                       "label": "Location",
默认	11:48:43.853285+0800	Runner	flutter: │                       "value": "united states"
默认	11:48:43.853358+0800	Runner	flutter: │                     },
默认	11:48:43.853375+0800	Runner	flutter: │                     {
默认	11:48:43.853423+0800	Runner	flutter: │                       "label": "Profile URL",
默认	11:48:43.853460+0800	Runner	flutter: │                       "value": "https://linkedin.com/in/joelynn"
默认	11:48:43.853511+0800	Runner	flutter: │                     }
默认	11:48:43.853566+0800	Runner	flutter: │                   ],
默认	11:48:43.853600+0800	Runner	flutter: │                   "title": "Identity"
默认	11:48:43.853642+0800	Runner	flutter: │                 },
默认	11:48:43.853682+0800	Runner	flutter: │                 {
默认	11:48:43.853715+0800	Runner	flutter: │                   "items": [
默认	11:48:43.853779+0800	Runner	flutter: │                     {
默认	11:48:43.853811+0800	Runner	flutter: │                       "label": "Current Role",
默认	11:48:43.853883+0800	Runner	flutter: │                       "value": "actuarial associate at cash balance actuaries, llc"
默认	11:48:43.853970+0800	Runner	flutter: │                     }
默认	11:48:43.853988+0800	Runner	flutter: │                   ],
默认	11:48:43.854022+0800	Runner	flutter: │                   "title": "Career"
默认	11:48:43.854058+0800	Runner	flutter: │                 },
默认	11:48:43.854110+0800	Runner	flutter: │                 {
默认	11:48:43.854131+0800	Runner	flutter: │                   "items": [
默认	11:48:43.854192+0800	Runner	flutter: │                     {
默认	11:48:43.854243+0800	Runner	flutter: │                       "label": "Education",
默认	11:48:43.854340+0800	Runner	flutter: │                       "value": "freed - hardeman university bachelor of science bachelors; north attleboro high school; freed–hardeman university mathematics"
默认	11:48:43.854367+0800	Runner	flutter: │                     }
默认	11:48:43.854413+0800	Runner	flutter: │                   ],
默认	11:48:43.854461+0800	Runner	flutter: │                   "title": "Background"
默认	11:48:43.854541+0800	Runner	flutter: │                 }
默认	11:48:43.854551+0800	Runner	flutter: │               ]
默认	11:48:43.854557+0800	Runner	flutter: │             },
默认	11:48:43.854598+0800	Runner	flutter: │             "status": "data"
默认	11:48:43.854656+0800	Runner	flutter: │           },
默认	11:48:43.854691+0800	Runner	flutter: │           "social": {
默认	11:48:43.854721+0800	Runner	flutter: │             "data": {
默认	11:48:43.854783+0800	Runner	flutter: │               "private_accounts": [],
默认	11:48:43.854815+0800	Runner	flutter: │               "profiles": [
默认	11:48:43.854861+0800	Runner	flutter: │                 {
默认	11:48:43.854934+0800	Runner	flutter: │                   "display_handle": "joelynn",
默认	11:48:43.854981+0800	Runner	flutter: │                   "platform": "linkedin",
默认	11:48:43.855032+0800	Runner	flutter: │                   "url": "https://linkedin.com/in/joelynn",
默认	11:48:43.855077+0800	Runner	flutter: │                   "username": "joelynn"
默认	11:48:43.855117+0800	Runner	flutter: │                 },
默认	11:48:43.855179+0800	Runner	flutter: │                 {
默认	11:48:43.855220+0800	Runner	flutter: │                   "display_handle": "joelynn",
默认	11:48:43.855295+0800	Runner	flutter: │                   "platform": "facebook",
默认	11:48:43.855304+0800	Runner	flutter: │                   "url": "https://facebook.com/joelynn",
默认	11:48:43.855340+0800	Runner	flutter: │                   "username": "joelynn"
默认	11:48:43.855406+0800	Runner	flutter: │                 },
默认	11:48:43.855443+0800	Runner	flutter: │                 {
默认	11:48:43.855490+0800	Runner	flutter: │                   "display_handle": "joelynn84",
默认	11:48:43.855581+0800	Runner	flutter: │                   "platform": "x",
默认	11:48:43.855613+0800	Runner	flutter: │                   "url": "https://twitter.com/joelynn84",
默认	11:48:43.855679+0800	Runner	flutter: │                   "username": "joelynn84"
默认	11:48:43.855710+0800	Runner	flutter: │                 }
默认	11:48:43.855746+0800	Runner	flutter: │               ]
默认	11:48:43.855813+0800	Runner	flutter: │             },
默认	11:48:43.855870+0800	Runner	flutter: │             "status": "data"
默认	11:48:43.855963+0800	Runner	flutter: │           },
默认	11:48:43.855973+0800	Runner	flutter: │           "summary": {
默认	11:48:43.855979+0800	Runner	flutter: │             "data": {
默认	11:48:43.856080+0800	Runner	flutter: │               "age": null,
默认	11:48:43.856089+0800	Runner	flutter: │               "avatar_url": "",
默认	11:48:43.856134+0800	Runner	flutter: │               "candidate_id": "report_943c2e492f2ecd83e6e6f95a_candidate_8",
默认	11:48:43.856262+0800	Runner	flutter: │               "confidence_level": "LOW",
默认	11:48:43.856324+0800	Runner	flutter: │               "disclaimers": [
默认	11:48:43.856342+0800	Runner	flutter: │                 "People Data Labs Person Search returns candidate profiles; review candidates or add stronger clues before relying on an identity match."
默认	11:48:43.856369+0800	Runner	flutter: │               ],
默认	11:48:43.856381+0800	Runner	flutter: │               "display_name": "joe lynn",
默认	11:48:43.856456+0800	Runner	flutter: │               "education": "freed - hardeman university bachelor of science bachelors; north attleboro high school; freed–hardeman university mathematics",
默认	11:48:43.856472+0800	Runner	flutter: │               "generate_time": 1783654344793,
默认	11:48:43.856506+0800	Runner	flutter: │               "headline": "actuarial associate at cash balance actuaries, llc",
默认	11:48:43.856573+0800	Runner	flutter: │               "is_best_match": false,
默认	11:48:43.856612+0800	Runner	flutter: │               "is_top_result": false,
默认	11:48:43.856656+0800	Runner	flutter: │               "jobs": [
默认	11:48:43.856705+0800	Runner	flutter: │                 "actuarial associate at cash balance actuaries, llc"
默认	11:48:43.856750+0800	Runner	flutter: │               ],
默认	11:48:43.856822+0800	Runner	flutter: │               "location": "united states",
默认	11:48:43.856857+0800	Runner	flutter: │               "match_reasons": [
默认	11:48:43.856929+0800	Runner	flutter: │                 "name"
默认	11:48:43.856962+0800	Runner	flutter: │               ],
默认	11:48:43.857031+0800	Runner	flutter: │               "match_score": 35,
默认	11:48:43.857067+0800	Runner	flutter: │               "more_social_count": 0,
默认	11:48:43.857129+0800	Runner	flutter: │               "person_id": "pdl:5KEYGvA65fsnFr0F51JEbA_0000",
默认	11:48:43.857203+0800	Runner	flutter: │               "primary_image": null,
默认	11:48:43.857223+0800	Runner	flutter: │               "profile_url": "https://linkedin.com/in/joelynn",
默认	11:48:43.857274+0800	Runner	flutter: │               "report_expires_at": 1786246342720,
默认	11:48:43.857345+0800	Runner	flutter: │               "social_platforms": [
默认	11:48:43.857353+0800	Runner	flutter: │                 "linkedin",
默认	11:48:43.857386+0800	Runner	flutter: │                 "facebook",
默认	11:48:43.857436+0800	Runner	flutter: │                 "x"
默认	11:48:43.857481+0800	Runner	flutter: │               ]
默认	11:48:43.857578+0800	Runner	flutter: │             },
默认	11:48:43.857597+0800	Runner	flutter: │             "status": "data"
默认	11:48:43.857644+0800	Runner	flutter: │           }
默认	11:48:43.857717+0800	Runner	flutter: │         },
默认	11:48:43.857736+0800	Runner	flutter: │         "update_time": 1783654344793
默认	11:48:43.857795+0800	Runner	flutter: │       }
默认	11:48:43.857806+0800	Runner	flutter: │     }
默认	11:48:43.857851+0800	Runner	flutter: │   ]
默认	11:48:43.857889+0800	Runner	flutter: │ }
默认	11:48:43.857997+0800	Runner	flutter: └───────────────────────────────────────────────────────────────────────────────────────────────────
默认	11:48:43.858273+0800	Runner	flutter: ┌───────────────────────────────────────────────────────────────────────────────────────────────────
默认	11:48:43.858416+0800	Runner	flutter: │ [EventTracking] name=report_load_success id=1db638f1-2199-4872-b61c-d048b5fdf276 time=1783655323858 props={"page_from":"candidate","task_id":"task_68022659b15a60aa6f84c2a0","candidate_id":"report_943c2e492f2ecd83e6e6f95a_candidate_8","report":{"summary":{"display_name":"joe lynn","has_avatar":0,"jobs_count":1,"has_education":1,"has_location":1,"social_platforms_count":3},"social":{"status":"data","profiles_count":3,"private_accounts_count":0},"photos":{"status":"empty","identity_match_rate":0,"match_photos_count":0,"authenticity_photos_count":0},"profile":{"status":"data","sections_count":3,"items_count":5},"insights":{"status":"empty","items_count":0,"links_count":0}}}
默认	11:48:43.858483+0800	Runner	flutter: └───────────────────────────────────────────────────────────────────────────────────────────────────
默认	11:48:43.868674+0800	Runner	flutter: ┌───────────────────────────────────────────────────────────────────────────────────────────────────
默认	11:48:43.868725+0800	Runner	flutter: │ [HTTP] --> POST https://api.truthy.top/gateway/invoke service=tool.event_tracking.EventTrackingService method=TrackEvents
默认	11:48:43.868774+0800	Runner	flutter: └───────────────────────────────────────────────────────────────────────────────────────────────────
默认	11:48:43.869050+0800	Runner	flutter: ┌───────────────────────────────────────────────────────────────────────────────────────────────────
默认	11:48:43.869059+0800	Runner	flutter: │ [HTTP] request:
默认	11:48:43.869095+0800	Runner	flutter: │ {
默认	11:48:43.869122+0800	Runner	flutter: │   "comm": {
默认	11:48:43.869149+0800	Runner	flutter: │     "auth_token": "***",
默认	11:48:43.869226+0800	Runner	flutter: │     "user_id": "user_e5f97712121ebfac3d6f6407",
默认	11:48:43.869235+0800	Runner	flutter: │     "device_id": "c5ece928-513e-4e75-a500-28479ac5102a",
默认	11:48:43.869294+0800	Runner	flutter: │     "client_request_id": "crid_1783655323866231",
默认	11:48:43.869309+0800	Runner	flutter: │     "platform": "ios",
默认	11:48:43.869338+0800	Runner	flutter: │     "app_version": "1.0.0",
默认	11:48:43.869388+0800	Runner	flutter: │     "locale": "zh-Hans-HK",
默认	11:48:43.869396+0800	Runner	flutter: │     "country": "HK",
默认	11:48:43.869420+0800	Runner	flutter: │     "timezone": "UTC+08:00"
默认	11:48:43.869448+0800	Runner	flutter: │   },
默认	11:48:43.869522+0800	Runner	flutter: │   "requests": [
默认	11:48:43.869529+0800	Runner	flutter: │     {
默认	11:48:43.869550+0800	Runner	flutter: │       "id": "req_0",
默认	11:48:43.869580+0800	Runner	flutter: │       "service_name": "tool.event_tracking.EventTrackingService",
默认	11:48:43.869657+0800	Runner	flutter: │       "method_name": "TrackEvents",
默认	11:48:43.869663+0800	Runner	flutter: │       "params": {
默认	11:48:43.869685+0800	Runner	flutter: │         "events": [
默认	11:48:43.869708+0800	Runner	flutter: │           {
默认	11:48:43.869784+0800	Runner	flutter: │             "event_id": "7d031052-0465-4231-983a-909fe1dda9fc",
默认	11:48:43.869791+0800	Runner	flutter: │             "event_name": "app_page_stay",
默认	11:48:43.869812+0800	Runner	flutter: │             "event_time_ms": 1783655323513,
默认	11:48:43.869844+0800	Runner	flutter: │             "properties": {
默认	11:48:43.869913+0800	Runner	flutter: │               "logtime": 1783655323513,
默认	11:48:43.869921+0800	Runner	flutter: │               "log_id": "7d031052-0465-4231-983a-909fe1dda9fc",
默认	11:48:43.869949+0800	Runner	flutter: │               "net": "wifi",
默认	11:48:43.869981+0800	Runner	flutter: │               "pkg": "com.sparkjam.truthy.ios",
默认	11:48:43.870053+0800	Runner	flutter: │               "bucket": 56,
默认	11:48:43.870060+0800	Runner	flutter: │               "abslot": 21,
默认	11:48:43.870153+0800	Runner	flutter: │               "ram": "3684MB",
默认	11:48:43.870160+0800	Runner	flutter: │               "cpu": "arm64",
默认	11:48:43.870165+0800	Runner	flutter: │               "sh": 844,
默认	11:48:43.870369+0800	Runner	flutter: │               "sw": 390,
默认	11:48:43.870428+0800	Runner	flutter: │               "city": "",
默认	11:48:43.870457+0800	Runner	flutter: │               "ste": "",
默认	11:48:43.870479+0800	Runner	flutter: │               "lat": "",
默认	11:48:43.870510+0800	Runner	flutter: │               "lng": "",
默认	11:48:43.870537+0800	Runner	flutter: │               "sty": "desk",
默认	11:48:43.870599+0800	Runner	flutter: │               "isp": "",
默认	11:48:43.870616+0800	Runner	flutter: │               "mod": "iphone13,2",
默认	11:48:43.870640+0800	Runner	flutter: │               "brd": "apple",
默认	11:48:43.870650+0800	Runner	flutter: │               "os": "26.3.1",
默认	11:48:43.870659+0800	Runner	flutter: │               "pf": "ios",
默认	11:48:43.870675+0800	Runner	flutter: │               "slan": "zh",
默认	11:48:43.870685+0800	Runner	flutter: │               "reg": "HK",
默认	11:48:43.870781+0800	Runner	flutter: │               "cou": "HK",
默认	11:48:43.870840+0800	Runner	flutter: │               "sub": "",
默认	11:48:43.870861+0800	Runner	flutter: │               "cha": "",
默认	11:48:43.870877+0800	Runner	flutter: │               "verc": "10000",
默认	11:48:43.870899+0800	Runner	flutter: │               "ver": "1.0.0",
默认	11:48:43.870918+0800	Runner	flutter: │               "sid": "5094b07b-cc63-4868-b4ac-6bced54db906",
默认	11:48:43.870935+0800	Runner	flutter: │               "uuid": "***",
默认	11:48:43.870989+0800	Runner	flutter: │               "idfa": "***",
默认	11:48:43.871095+0800	Runner	flutter: │               "idfv": "***",
默认	11:48:43.871107+0800	Runner	flutter: │               "aid": "***",
默认	11:48:43.871117+0800	Runner	flutter: │               "gaid": "***",
默认	11:48:43.871129+0800	Runner	flutter: │               "did": "***",
默认	11:48:43.871238+0800	Runner	flutter: │               "uid": "***",
默认	11:48:43.871257+0800	Runner	flutter: │               "anm": "Truthy",
默认	11:48:43.871273+0800	Runner	flutter: │               "push_id": "",
默认	11:48:43.871290+0800	Runner	flutter: │               "push_type": "",
默认	11:48:43.871306+0800	Runner	flutter: │               "is_pro": "1",
默认	11:48:43.871368+0800	Runner	flutter: │               "page_from": "candidate",
默认	11:48:43.871381+0800	Runner	flutter: │               "duration_s": 0
默认	11:48:43.871393+0800	Runner	flutter: │             }
默认	11:48:43.871406+0800	Runner	flutter: │           },
默认	11:48:43.871418+0800	Runner	flutter: │           {
默认	11:48:43.871429+0800	Runner	flutter: │             "event_id": "f32315eb-9523-490b-a469-8e34aca3a5ba",
默认	11:48:43.871438+0800	Runner	flutter: │             "event_name": "report_pageview",
默认	11:48:43.871448+0800	Runner	flutter: │             "event_time_ms": 1783655323515,
默认	11:48:43.871493+0800	Runner	flutter: │             "properties": {
默认	11:48:43.871504+0800	Runner	flutter: │               "logtime": 1783655323515,
默认	11:48:43.871527+0800	Runner	flutter: │               "log_id": "f32315eb-9523-490b-a469-8e34aca3a5ba",
默认	11:48:43.871561+0800	Runner	flutter: │               "net": "wifi",
默认	11:48:43.871659+0800	Runner	flutter: │               "pkg": "com.sparkjam.truthy.ios",
默认	11:48:43.871666+0800	Runner	flutter: │               "bucket": 56,
默认	11:48:43.871671+0800	Runner	flutter: │               "abslot": 21,
默认	11:48:43.871695+0800	Runner	flutter: │               "ram": "3684MB",
默认	11:48:43.871726+0800	Runner	flutter: │               "cpu": "arm64",
默认	11:48:43.871776+0800	Runner	flutter: │               "sh": 844,
默认	11:48:43.871851+0800	Runner	flutter: │               "sw": 390,
默认	11:48:43.871862+0800	Runner	flutter: │               "city": "",
默认	11:48:43.871970+0800	Runner	flutter: │               "ste": "",
默认	11:48:43.871983+0800	Runner	flutter: │               "lat": "",
默认	11:48:43.871990+0800	Runner	flutter: │               "lng": "",
默认	11:48:43.871999+0800	Runner	flutter: │               "sty": "desk",
默认	11:48:43.872037+0800	Runner	flutter: │               "isp": "",
默认	11:48:43.872047+0800	Runner	flutter: │               "mod": "iphone13,2",
默认	11:48:43.872086+0800	Runner	flutter: │               "brd": "apple",
默认	11:48:43.872092+0800	Runner	flutter: │               "os": "26.3.1",
默认	11:48:43.872123+0800	Runner	flutter: │               "pf": "ios",
默认	11:48:43.872157+0800	Runner	flutter: │               "slan": "zh",
默认	11:48:43.872234+0800	Runner	flutter: │               "reg": "HK",
默认	11:48:43.872241+0800	Runner	flutter: │               "cou": "HK",
默认	11:48:43.872312+0800	Runner	flutter: │               "sub": "",
默认	11:48:43.872325+0800	Runner	flutter: │               "cha": "",
默认	11:48:43.872363+0800	Runner	flutter: │               "verc": "10000",
默认	11:48:43.872407+0800	Runner	flutter: │               "ver": "1.0.0",
默认	11:48:43.872421+0800	Runner	flutter: │               "sid": "5094b07b-cc63-4868-b4ac-6bced54db906",
默认	11:48:43.872447+0800	Runner	flutter: │               "uuid": "***",
默认	11:48:43.872499+0800	Runner	flutter: │               "idfa": "***",
默认	11:48:43.872514+0800	Runner	flutter: │               "idfv": "***",
默认	11:48:43.872562+0800	Runner	flutter: │               "aid": "***",
默认	11:48:43.872575+0800	Runner	flutter: │               "gaid": "***",
默认	11:48:43.872627+0800	Runner	flutter: │               "did": "***",
默认	11:48:43.872639+0800	Runner	flutter: │               "uid": "***",
默认	11:48:43.872692+0800	Runner	flutter: │               "anm": "Truthy",
默认	11:48:43.872747+0800	Runner	flutter: │               "push_id": "",
默认	11:48:43.872783+0800	Runner	flutter: │               "push_type": "",
默认	11:48:43.872814+0800	Runner	flutter: │               "is_pro": "1",
默认	11:48:43.872867+0800	Runner	flutter: │               "page_from": "candidate",
默认	11:48:43.872987+0800	Runner	flutter: │               "task_id": "task_68022659b15a60aa6f84c2a0",
默认	11:48:43.873034+0800	Runner	flutter: │               "candidate_id": "report_943c2e492f2ecd83e6e6f95a_candidate_8"
默认	11:48:43.873063+0800	Runner	flutter: │             }
默认	11:48:43.873083+0800	Runner	flutter: │           }
默认	11:48:43.873101+0800	Runner	flutter: │         ]
默认	11:48:43.873126+0800	Runner	flutter: │       }
默认	11:48:43.873135+0800	Runner	flutter: │     }
默认	11:48:43.873151+0800	Runner	flutter: │   ]
默认	11:48:43.873188+0800	Runner	flutter: │ }
默认	11:48:43.873203+0800	Runner	flutter: └───────────────────────────────────────────────────────────────────────────────────────────────────
默认	11:48:44.356863+0800	Runner	flutter: ┌───────────────────────────────────────────────────────────────────────────────────────────────────
默认	11:48:44.356990+0800	Runner	flutter: │ [HTTP] <-- 200 POST https://api.truthy.top/gateway/invoke service=tool.event_tracking.EventTrackingService method=TrackEvents
默认	11:48:44.357114+0800	Runner	flutter: └───────────────────────────────────────────────────────────────────────────────────────────────────
默认	11:48:44.357362+0800	Runner	flutter: ┌───────────────────────────────────────────────────────────────────────────────────────────────────
默认	11:48:44.357453+0800	Runner	flutter: │ [HTTP] response:
默认	11:48:44.357539+0800	Runner	flutter: │ {
默认	11:48:44.357623+0800	Runner	flutter: │   "code": 0,
默认	11:48:44.357717+0800	Runner	flutter: │   "message": "ok",
默认	11:48:44.357841+0800	Runner	flutter: │   "request_id": "gw_req_b1bbc8c0abca1e5acdf9bcf1275996da",
默认	11:48:44.357919+0800	Runner	flutter: │   "trace_id": "trace_5329dc86bbf0f03834abf50f3acb6674",
默认	11:48:44.358043+0800	Runner	flutter: │   "responses": [
默认	11:48:44.358134+0800	Runner	flutter: │     {
默认	11:48:44.358217+0800	Runner	flutter: │       "id": "req_0",
默认	11:48:44.358292+0800	Runner	flutter: │       "success": true,
默认	11:48:44.358469+0800	Runner	flutter: │       "code": 0,
默认	11:48:44.358493+0800	Runner	flutter: │       "message": "ok",
默认	11:48:44.358563+0800	Runner	flutter: │       "data": {
默认	11:48:44.358844+0800	Runner	flutter: │         "request_id": "gw_req_b1bbc8c0abca1e5acdf9bcf1275996da",
默认	11:48:44.358881+0800	Runner	flutter: │         "trace_id": "trace_5329dc86bbf0f03834abf50f3acb6674",
默认	11:48:44.359050+0800	Runner	flutter: │         "accepted_count": 2,
默认	11:48:44.359086+0800	Runner	flutter: │         "event_name": "app_page_stay",
默认	11:48:44.359108+0800	Runner	flutter: │         "event_names": [
默认	11:48:44.359250+0800	Runner	flutter: │           "app_page_stay",
默认	11:48:44.359285+0800	Runner	flutter: │           "report_pageview"
默认	11:48:44.359426+0800	Runner	flutter: │         ],
默认	11:48:44.359544+0800	Runner	flutter: │         "events": [
默认	11:48:44.359733+0800	Runner	flutter: │           {
默认	11:48:44.359853+0800	Runner	flutter: │             "index": 0,
默认	11:48:44.360135+0800	Runner	flutter: │             "event_id": "7d031052-0465-4231-983a-909fe1dda9fc",
默认	11:48:44.360189+0800	Runner	flutter: │             "event_name": "app_page_stay",
默认	11:48:44.360312+0800	Runner	flutter: │             "status": "accepted"
默认	11:48:44.360512+0800	Runner	flutter: │           },
默认	11:48:44.360534+0800	Runner	flutter: │           {
默认	11:48:44.360641+0800	Runner	flutter: │             "index": 1,
默认	11:48:44.360848+0800	Runner	flutter: │             "event_id": "f32315eb-9523-490b-a469-8e34aca3a5ba",
默认	11:48:44.362442+0800	Runner	flutter: │             "event_name": "report_pageview",
默认	11:48:44.362515+0800	Runner	flutter: │             "status": "accepted"
默认	11:48:44.362534+0800	Runner	flutter: │           }
默认	11:48:44.362551+0800	Runner	flutter: │         ]
默认	11:48:44.362668+0800	Runner	flutter: │       }
默认	11:48:44.362723+0800	Runner	flutter: │     }
默认	11:48:44.362759+0800	Runner	flutter: │   ]
默认	11:48:44.362791+0800	Runner	flutter: │ }
默认	11:48:44.362854+0800	Runner	flutter: └───────────────────────────────────────────────────────────────────────────────────────────────────
默认	11:48:44.380445+0800	Runner	flutter: ┌───────────────────────────────────────────────────────────────────────────────────────────────────
默认	11:48:44.380490+0800	Runner	flutter: │ [HTTP] --> POST https://api.truthy.top/gateway/invoke service=tool.event_tracking.EventTrackingService method=TrackEvents
默认	11:48:44.380656+0800	Runner	flutter: └───────────────────────────────────────────────────────────────────────────────────────────────────
默认	11:48:44.381139+0800	Runner	flutter: ┌───────────────────────────────────────────────────────────────────────────────────────────────────
默认	11:48:44.381158+0800	Runner	flutter: │ [HTTP] request:
默认	11:48:44.381175+0800	Runner	flutter: │ {
默认	11:48:44.381217+0800	Runner	flutter: │   "comm": {
默认	11:48:44.381278+0800	Runner	flutter: │     "auth_token": "***",
默认	11:48:44.381392+0800	Runner	flutter: │     "user_id": "user_e5f97712121ebfac3d6f6407",
默认	11:48:44.381455+0800	Runner	flutter: │     "device_id": "c5ece928-513e-4e75-a500-28479ac5102a",
默认	11:48:44.381529+0800	Runner	flutter: │     "client_request_id": "crid_1783655324374918",
默认	11:48:44.381601+0800	Runner	flutter: │     "platform": "ios",
默认	11:48:44.381645+0800	Runner	flutter: │     "app_version": "1.0.0",
默认	11:48:44.381706+0800	Runner	flutter: │     "locale": "zh-Hans-HK",
默认	11:48:44.381817+0800	Runner	flutter: │     "country": "HK",
默认	11:48:44.381942+0800	Runner	flutter: │     "timezone": "UTC+08:00"
默认	11:48:44.381982+0800	Runner	flutter: │   },
默认	11:48:44.382023+0800	Runner	flutter: │   "requests": [
默认	11:48:44.382087+0800	Runner	flutter: │     {
默认	11:48:44.382148+0800	Runner	flutter: │       "id": "req_0",
默认	11:48:44.382213+0800	Runner	flutter: │       "service_name": "tool.event_tracking.EventTrackingService",
默认	11:48:44.382287+0800	Runner	flutter: │       "method_name": "TrackEvents",
默认	11:48:44.382343+0800	Runner	flutter: │       "params": {
默认	11:48:44.382536+0800	Runner	flutter: │         "events": [
默认	11:48:44.382555+0800	Runner	flutter: │           {
默认	11:48:44.382566+0800	Runner	flutter: │             "event_id": "1db638f1-2199-4872-b61c-d048b5fdf276",
默认	11:48:44.382664+0800	Runner	flutter: │             "event_name": "report_load_success",
默认	11:48:44.382682+0800	Runner	flutter: │             "event_time_ms": 1783655323858,
默认	11:48:44.382755+0800	Runner	flutter: │             "properties": {
默认	11:48:44.382822+0800	Runner	flutter: │               "logtime": 1783655323858,
默认	11:48:44.383207+0800	Runner	flutter: │               "log_id": "1db638f1-2199-4872-b61c-d048b5fdf276",
默认	11:48:44.383233+0800	Runner	flutter: │               "net": "wifi",
默认	11:48:44.383246+0800	Runner	flutter: │               "pkg": "com.sparkjam.truthy.ios",
默认	11:48:44.383260+0800	Runner	flutter: │               "bucket": 56,
默认	11:48:44.383271+0800	Runner	flutter: │               "abslot": 21,
默认	11:48:44.383285+0800	Runner	flutter: │               "ram": "3684MB",
默认	11:48:44.383296+0800	Runner	flutter: │               "cpu": "arm64",
默认	11:48:44.383357+0800	Runner	flutter: │               "sh": 844,
默认	11:48:44.383632+0800	Runner	flutter: │               "sw": 390,
默认	11:48:44.383685+0800	Runner	flutter: │               "city": "",
默认	11:48:44.383713+0800	Runner	flutter: │               "ste": "",
默认	11:48:44.383725+0800	Runner	flutter: │               "lat": "",
默认	11:48:44.383738+0800	Runner	flutter: │               "lng": "",
默认	11:48:44.383795+0800	Runner	flutter: │               "sty": "desk",
默认	11:48:44.383816+0800	Runner	flutter: │               "isp": "",
默认	11:48:44.384001+0800	Runner	flutter: │               "mod": "iphone13,2",
默认	11:48:44.384020+0800	Runner	flutter: │               "brd": "apple",
默认	11:48:44.384049+0800	Runner	flutter: │               "os": "26.3.1",
默认	11:48:44.384105+0800	Runner	flutter: │               "pf": "ios",
默认	11:48:44.384171+0800	Runner	flutter: │               "slan": "zh",
默认	11:48:44.384303+0800	Runner	flutter: │               "reg": "HK",
默认	11:48:44.384321+0800	Runner	flutter: │               "cou": "HK",
默认	11:48:44.384381+0800	Runner	flutter: │               "sub": "",
默认	11:48:44.384445+0800	Runner	flutter: │               "cha": "",
默认	11:48:44.384552+0800	Runner	flutter: │               "verc": "10000",
默认	11:48:44.384572+0800	Runner	flutter: │               "ver": "1.0.0",
默认	11:48:44.384736+0800	Runner	flutter: │               "sid": "5094b07b-cc63-4868-b4ac-6bced54db906",
默认	11:48:44.384759+0800	Runner	flutter: │               "uuid": "***",
默认	11:48:44.384927+0800	Runner	flutter: │               "idfa": "***",
默认	11:48:44.384942+0800	Runner	flutter: │               "idfv": "***",
默认	11:48:44.384954+0800	Runner	flutter: │               "aid": "***",
默认	11:48:44.385010+0800	Runner	flutter: │               "gaid": "***",
默认	11:48:44.385061+0800	Runner	flutter: │               "did": "***",
默认	11:48:44.385129+0800	Runner	flutter: │               "uid": "***",
默认	11:48:44.385178+0800	Runner	flutter: │               "anm": "Truthy",
默认	11:48:44.385256+0800	Runner	flutter: │               "push_id": "",
默认	11:48:44.385319+0800	Runner	flutter: │               "push_type": "",
默认	11:48:44.385334+0800	Runner	flutter: │               "is_pro": "1",
默认	11:48:44.385503+0800	Runner	flutter: │               "page_from": "candidate",
默认	11:48:44.385516+0800	Runner	flutter: │               "task_id": "task_68022659b15a60aa6f84c2a0",
默认	11:48:44.385529+0800	Runner	flutter: │               "candidate_id": "report_943c2e492f2ecd83e6e6f95a_candidate_8",
默认	11:48:44.385610+0800	Runner	flutter: │               "report": {
默认	11:48:44.385623+0800	Runner	flutter: │                 "summary": {
默认	11:48:44.385668+0800	Runner	flutter: │                   "display_name": "joe lynn",
默认	11:48:44.385714+0800	Runner	flutter: │                   "has_avatar": 0,
默认	11:48:44.385907+0800	Runner	flutter: │                   "jobs_count": 1,
默认	11:48:44.385925+0800	Runner	flutter: │                   "has_education": 1,
默认	11:48:44.385935+0800	Runner	flutter: │                   "has_location": 1,
默认	11:48:44.386034+0800	Runner	flutter: │                   "social_platforms_count": 3
默认	11:48:44.386045+0800	Runner	flutter: │                 },
默认	11:48:44.386075+0800	Runner	flutter: │                 "social": {
默认	11:48:44.386148+0800	Runner	flutter: │                   "status": "data",
默认	11:48:44.386183+0800	Runner	flutter: │                   "profiles_count": 3,
默认	11:48:44.386229+0800	Runner	flutter: │                   "private_accounts_count": 0
默认	11:48:44.386276+0800	Runner	flutter: │                 },
默认	11:48:44.386326+0800	Runner	flutter: │                 "photos": {
默认	11:48:44.386435+0800	Runner	flutter: │                   "status": "empty",
默认	11:48:44.386450+0800	Runner	flutter: │                   "identity_match_rate": 0,
默认	11:48:44.386492+0800	Runner	flutter: │                   "match_photos_count": 0,
默认	11:48:44.386643+0800	Runner	flutter: │                   "authenticity_photos_count": 0
默认	11:48:44.386657+0800	Runner	flutter: │                 },
默认	11:48:44.386668+0800	Runner	flutter: │                 "profile": {
默认	11:48:44.386722+0800	Runner	flutter: │                   "status": "data",
默认	11:48:44.386770+0800	Runner	flutter: │                   "sections_count": 3,
默认	11:48:44.386847+0800	Runner	flutter: │                   "items_count": 5
默认	11:48:44.386893+0800	Runner	flutter: │                 },
默认	11:48:44.386943+0800	Runner	flutter: │                 "insights": {
默认	11:48:44.387043+0800	Runner	flutter: │                   "status": "empty",
默认	11:48:44.387058+0800	Runner	flutter: │                   "items_count": 0,
默认	11:48:44.387110+0800	Runner	flutter: │                   "links_count": 0
默认	11:48:44.387161+0800	Runner	flutter: │                 }
默认	11:48:44.387254+0800	Runner	flutter: │               }
默认	11:48:44.387269+0800	Runner	flutter: │             }
默认	11:48:44.387442+0800	Runner	flutter: │           }
默认	11:48:44.387454+0800	Runner	flutter: │         ]
默认	11:48:44.387489+0800	Runner	flutter: │       }
默认	11:48:44.387561+0800	Runner	flutter: │     }
默认	11:48:44.387576+0800	Runner	flutter: │   ]
默认	11:48:44.387586+0800	Runner	flutter: │ }
默认	11:48:44.387727+0800	Runner	flutter: └───────────────────────────────────────────────────────────────────────────────────────────────────
默认	11:48:44.673217+0800	Runner	flutter: ┌───────────────────────────────────────────────────────────────────────────────────────────────────
默认	11:48:44.673233+0800	Runner	flutter: │ [EventTracking] name=app_page_stay id=f798c817-45ad-4d57-9f7f-b8ad31b26958 time=1783655324670 props={"page_from":"report","duration_s":1}
默认	11:48:44.673269+0800	Runner	flutter: └───────────────────────────────────────────────────────────────────────────────────────────────────
默认	11:48:44.755064+0800	Runner	flutter: ┌───────────────────────────────────────────────────────────────────────────────────────────────────
默认	11:48:44.755248+0800	Runner	flutter: │ [HTTP] <-- 200 POST https://api.truthy.top/gateway/invoke service=tool.event_tracking.EventTrackingService method=TrackEvents
默认	11:48:44.755281+0800	Runner	flutter: └───────────────────────────────────────────────────────────────────────────────────────────────────
默认	11:48:44.755456+0800	Runner	flutter: ┌───────────────────────────────────────────────────────────────────────────────────────────────────
默认	11:48:44.755897+0800	Runner	flutter: │ [HTTP] response:
默认	11:48:44.755985+0800	Runner	flutter: │ {
默认	11:48:44.756153+0800	Runner	flutter: │   "code": 0,
默认	11:48:44.756172+0800	Runner	flutter: │   "message": "ok",
默认	11:48:44.756190+0800	Runner	flutter: │   "request_id": "gw_req_6e9ba43f582fc4820a3319e23941dcb1",
默认	11:48:44.756202+0800	Runner	flutter: │   "trace_id": "trace_f310650090811da04bd5817e9c3c6d7f",
默认	11:48:44.756215+0800	Runner	flutter: │   "responses": [
默认	11:48:44.756227+0800	Runner	flutter: │     {
默认	11:48:44.757863+0800	Runner	flutter: │       "id": "req_0",
默认	11:48:44.758013+0800	Runner	flutter: │       "success": true,
默认	11:48:44.758112+0800	Runner	flutter: │       "code": 0,
默认	11:48:44.758126+0800	Runner	flutter: │       "message": "ok",
默认	11:48:44.758140+0800	Runner	flutter: │       "data": {
默认	11:48:44.758152+0800	Runner	flutter: │         "request_id": "gw_req_6e9ba43f582fc4820a3319e23941dcb1",
默认	11:48:44.758166+0800	Runner	flutter: │         "trace_id": "trace_f310650090811da04bd5817e9c3c6d7f",
默认	11:48:44.758183+0800	Runner	flutter: │         "accepted_count": 1,
默认	11:48:44.758244+0800	Runner	flutter: │         "event_name": "report_load_success",
默认	11:48:44.758269+0800	Runner	flutter: │         "event_names": [
默认	11:48:44.758280+0800	Runner	flutter: │           "report_load_success"
默认	11:48:44.758291+0800	Runner	flutter: │         ],
默认	11:48:44.758302+0800	Runner	flutter: │         "events": [
默认	11:48:44.758313+0800	Runner	flutter: │           {
默认	11:48:44.758371+0800	Runner	flutter: │             "index": 0,
默认	11:48:44.758394+0800	Runner	flutter: │             "event_id": "1db638f1-2199-4872-b61c-d048b5fdf276",
默认	11:48:44.758405+0800	Runner	flutter: │             "event_name": "report_load_success",
默认	11:48:44.758418+0800	Runner	flutter: │             "status": "accepted"
默认	11:48:44.758429+0800	Runner	flutter: │           }
默认	11:48:44.758440+0800	Runner	flutter: │         ]
默认	11:48:44.758459+0800	Runner	flutter: │       }
默认	11:48:44.758471+0800	Runner	flutter: │     }
默认	11:48:44.758496+0800	Runner	flutter: │   ]
默认	11:48:44.758507+0800	Runner	flutter: │ }
默认	11:48:44.758557+0800	Runner	flutter: └───────────────────────────────────────────────────────────────────────────────────────────────────
默认	11:48:44.776906+0800	Runner	flutter: ┌───────────────────────────────────────────────────────────────────────────────────────────────────
默认	11:48:44.776926+0800	Runner	flutter: │ [HTTP] --> POST https://api.truthy.top/gateway/invoke service=tool.event_tracking.EventTrackingService method=TrackEvents
默认	11:48:44.776945+0800	Runner	flutter: └───────────────────────────────────────────────────────────────────────────────────────────────────
默认	11:48:44.777039+0800	Runner	flutter: ┌───────────────────────────────────────────────────────────────────────────────────────────────────
默认	11:48:44.777060+0800	Runner	flutter: │ [HTTP] request:
默认	11:48:44.777080+0800	Runner	flutter: │ {
默认	11:48:44.777137+0800	Runner	flutter: │   "comm": {
默认	11:48:44.777213+0800	Runner	flutter: │     "auth_token": "***",
默认	11:48:44.777309+0800	Runner	flutter: │     "user_id": "user_e5f97712121ebfac3d6f6407",
默认	11:48:44.777321+0800	Runner	flutter: │     "device_id": "c5ece928-513e-4e75-a500-28479ac5102a",
默认	11:48:44.777333+0800	Runner	flutter: │     "client_request_id": "crid_1783655324770557",
默认	11:48:44.777364+0800	Runner	flutter: │     "platform": "ios",
默认	11:48:44.777380+0800	Runner	flutter: │     "app_version": "1.0.0",
默认	11:48:44.777391+0800	Runner	flutter: │     "locale": "zh-Hans-HK",
默认	11:48:44.777404+0800	Runner	flutter: │     "country": "HK",
默认	11:48:44.777414+0800	Runner	flutter: │     "timezone": "UTC+08:00"
默认	11:48:44.777422+0800	Runner	flutter: │   },
默认	11:48:44.777432+0800	Runner	flutter: │   "requests": [
默认	11:48:44.777496+0800	Runner	flutter: │     {
默认	11:48:44.777512+0800	Runner	flutter: │       "id": "req_0",
默认	11:48:44.777525+0800	Runner	flutter: │       "service_name": "tool.event_tracking.EventTrackingService",
默认	11:48:44.777539+0800	Runner	flutter: │       "method_name": "TrackEvents",
默认	11:48:44.778348+0800	Runner	flutter: │       "params": {
默认	11:48:44.778382+0800	Runner	flutter: │         "events": [
默认	11:48:44.778404+0800	Runner	flutter: │           {
默认	11:48:44.778426+0800	Runner	flutter: │             "event_id": "f798c817-45ad-4d57-9f7f-b8ad31b26958",
默认	11:48:44.778449+0800	Runner	flutter: │             "event_name": "app_page_stay",
默认	11:48:44.778466+0800	Runner	flutter: │             "event_time_ms": 1783655324670,
默认	11:48:44.778476+0800	Runner	flutter: │             "properties": {
默认	11:48:44.778486+0800	Runner	flutter: │               "logtime": 1783655324670,
默认	11:48:44.778495+0800	Runner	flutter: │               "log_id": "f798c817-45ad-4d57-9f7f-b8ad31b26958",
默认	11:48:44.778505+0800	Runner	flutter: │               "net": "wifi",
默认	11:48:44.778513+0800	Runner	flutter: │               "pkg": "com.sparkjam.truthy.ios",
默认	11:48:44.778522+0800	Runner	flutter: │               "bucket": 56,
默认	11:48:44.778532+0800	Runner	flutter: │               "abslot": 21,
默认	11:48:44.778541+0800	Runner	flutter: │               "ram": "3684MB",
默认	11:48:44.778620+0800	Runner	flutter: │               "cpu": "arm64",
默认	11:48:44.778640+0800	Runner	flutter: │               "sh": 844,
默认	11:48:44.778650+0800	Runner	flutter: │               "sw": 390,
默认	11:48:44.778661+0800	Runner	flutter: │               "city": "",
默认	11:48:44.779222+0800	Runner	flutter: │               "ste": "",
默认	11:48:44.779251+0800	Runner	flutter: │               "lat": "",
默认	11:48:44.779262+0800	Runner	flutter: │               "lng": "",
默认	11:48:44.779273+0800	Runner	flutter: │               "sty": "desk",
默认	11:48:44.779282+0800	Runner	flutter: │               "isp": "",
默认	11:48:44.779292+0800	Runner	flutter: │               "mod": "iphone13,2",
默认	11:48:44.779341+0800	Runner	flutter: │               "brd": "apple",
默认	11:48:44.779356+0800	Runner	flutter: │               "os": "26.3.1",
默认	11:48:44.779865+0800	Runner	flutter: │               "pf": "ios",
默认	11:48:44.779892+0800	Runner	flutter: │               "slan": "zh",
默认	11:48:44.779903+0800	Runner	flutter: │               "reg": "HK",
默认	11:48:44.779913+0800	Runner	flutter: │               "cou": "HK",
默认	11:48:44.779923+0800	Runner	flutter: │               "sub": "",
默认	11:48:44.779934+0800	Runner	flutter: │               "cha": "",
默认	11:48:44.780098+0800	Runner	flutter: │               "verc": "10000",
默认	11:48:44.780108+0800	Runner	flutter: │               "ver": "1.0.0",
默认	11:48:44.780118+0800	Runner	flutter: │               "sid": "5094b07b-cc63-4868-b4ac-6bced54db906",
默认	11:48:44.780128+0800	Runner	flutter: │               "uuid": "***",
默认	11:48:44.780138+0800	Runner	flutter: │               "idfa": "***",
默认	11:48:44.780147+0800	Runner	flutter: │               "idfv": "***",
默认	11:48:44.780215+0800	Runner	flutter: │               "aid": "***",
默认	11:48:44.780276+0800	Runner	flutter: │               "gaid": "***",
默认	11:48:44.780286+0800	Runner	flutter: │               "did": "***",
默认	11:48:44.780294+0800	Runner	flutter: │               "uid": "***",
默认	11:48:44.780303+0800	Runner	flutter: │               "anm": "Truthy",
默认	11:48:44.780313+0800	Runner	flutter: │               "push_id": "",
默认	11:48:44.780322+0800	Runner	flutter: │               "push_type": "",
默认	11:48:44.780330+0800	Runner	flutter: │               "is_pro": "1",
默认	11:48:44.780339+0800	Runner	flutter: │               "page_from": "report",
默认	11:48:44.780349+0800	Runner	flutter: │               "duration_s": 1
默认	11:48:44.780370+0800	Runner	flutter: │             }
默认	11:48:44.780407+0800	Runner	flutter: │           }
默认	11:48:44.781364+0800	Runner	flutter: │         ]
默认	11:48:44.781527+0800	Runner	flutter: │       }
默认	11:48:44.781560+0800	Runner	flutter: │     }
默认	11:48:44.781588+0800	Runner	flutter: │   ]
默认	11:48:44.781734+0800	Runner	flutter: │ }
默认	11:48:44.781780+0800	Runner	flutter: └───────────────────────────────────────────────────────────────────────────────────────────────────
默认	11:48:45.037925+0800	Runner	flutter: ┌───────────────────────────────────────────────────────────────────────────────────────────────────
默认	11:48:45.037954+0800	Runner	flutter: │ [EventTracking] name=report_tab_view id=03faf3b4-f9a7-4736-8065-9f4eb20633db time=1783655325037 props={"page_from":"candidate","task_id":"task_68022659b15a60aa6f84c2a0","candidate_id":"report_943c2e492f2ecd83e6e6f95a_candidate_8","type":"social","stay_time":1.178}
默认	11:48:45.038140+0800	Runner	flutter: └───────────────────────────────────────────────────────────────────────────────────────────────────
默认	11:48:45.159920+0800	Runner	flutter: ┌───────────────────────────────────────────────────────────────────────────────────────────────────
默认	11:48:45.159986+0800	Runner	flutter: │ [HTTP] <-- 200 POST https://api.truthy.top/gateway/invoke service=tool.event_tracking.EventTrackingService method=TrackEvents
默认	11:48:45.160119+0800	Runner	flutter: └───────────────────────────────────────────────────────────────────────────────────────────────────
默认	11:48:45.160487+0800	Runner	flutter: ┌───────────────────────────────────────────────────────────────────────────────────────────────────
默认	11:48:45.160516+0800	Runner	flutter: │ [HTTP] response:
默认	11:48:45.160547+0800	Runner	flutter: │ {
默认	11:48:45.160628+0800	Runner	flutter: │   "code": 0,
默认	11:48:45.160728+0800	Runner	flutter: │   "message": "ok",
默认	11:48:45.160821+0800	Runner	flutter: │   "request_id": "gw_req_521715a8e252f3e055ee77e0e6247a74",
默认	11:48:45.161034+0800	Runner	flutter: │   "trace_id": "trace_44fc739aa1b3693d1def868ecd7a93f1",
默认	11:48:45.161056+0800	Runner	flutter: │   "responses": [
默认	11:48:45.161125+0800	Runner	flutter: │     {
默认	11:48:45.161222+0800	Runner	flutter: │       "id": "req_0",
默认	11:48:45.161305+0800	Runner	flutter: │       "success": true,
默认	11:48:45.161386+0800	Runner	flutter: │       "code": 0,
默认	11:48:45.161465+0800	Runner	flutter: │       "message": "ok",
默认	11:48:45.161556+0800	Runner	flutter: │       "data": {
默认	11:48:45.161678+0800	Runner	flutter: │         "request_id": "gw_req_521715a8e252f3e055ee77e0e6247a74",
默认	11:48:45.161763+0800	Runner	flutter: │         "trace_id": "trace_44fc739aa1b3693d1def868ecd7a93f1",
默认	11:48:45.161885+0800	Runner	flutter: │         "accepted_count": 1,
默认	11:48:45.161983+0800	Runner	flutter: │         "event_name": "app_page_stay",
默认	11:48:45.162067+0800	Runner	flutter: │         "event_names": [
默认	11:48:45.162149+0800	Runner	flutter: │           "app_page_stay"
默认	11:48:45.162446+0800	Runner	flutter: │         ],
默认	11:48:45.162482+0800	Runner	flutter: │         "events": [
默认	11:48:45.162501+0800	Runner	flutter: │           {
默认	11:48:45.162518+0800	Runner	flutter: │             "index": 0,
默认	11:48:45.162595+0800	Runner	flutter: │             "event_id": "f798c817-45ad-4d57-9f7f-b8ad31b26958",
默认	11:48:45.162687+0800	Runner	flutter: │             "event_name": "app_page_stay",
默认	11:48:45.162810+0800	Runner	flutter: │             "status": "accepted"
默认	11:48:45.162880+0800	Runner	flutter: │           }
默认	11:48:45.162962+0800	Runner	flutter: │         ]
默认	11:48:45.163136+0800	Runner	flutter: │       }
默认	11:48:45.163158+0800	Runner	flutter: │     }
默认	11:48:45.163228+0800	Runner	flutter: │   ]
默认	11:48:45.163357+0800	Runner	flutter: │ }
默认	11:48:45.163467+0800	Runner	flutter: └───────────────────────────────────────────────────────────────────────────────────────────────────
默认	11:48:45.183772+0800	Runner	flutter: ┌───────────────────────────────────────────────────────────────────────────────────────────────────
默认	11:48:45.183829+0800	Runner	flutter: │ [HTTP] --> POST https://api.truthy.top/gateway/invoke service=tool.event_tracking.EventTrackingService method=TrackEvents
默认	11:48:45.183978+0800	Runner	flutter: └───────────────────────────────────────────────────────────────────────────────────────────────────
默认	11:48:45.184402+0800	Runner	flutter: ┌───────────────────────────────────────────────────────────────────────────────────────────────────
默认	11:48:45.184434+0800	Runner	flutter: │ [HTTP] request:
默认	11:48:45.184462+0800	Runner	flutter: │ {
默认	11:48:45.184499+0800	Runner	flutter: │   "comm": {
默认	11:48:45.184571+0800	Runner	flutter: │     "auth_token": "***",
默认	11:48:45.184643+0800	Runner	flutter: │     "user_id": "user_e5f97712121ebfac3d6f6407",
默认	11:48:45.184712+0800	Runner	flutter: │     "device_id": "c5ece928-513e-4e75-a500-28479ac5102a",
默认	11:48:45.184956+0800	Runner	flutter: │     "client_request_id": "crid_1783655325178456",
默认	11:48:45.184976+0800	Runner	flutter: │     "platform": "ios",
默认	11:48:45.184992+0800	Runner	flutter: │     "app_version": "1.0.0",
默认	11:48:45.185071+0800	Runner	flutter: │     "locale": "zh-Hans-HK",
默认	11:48:45.185108+0800	Runner	flutter: │     "country": "HK",
默认	11:48:45.185173+0800	Runner	flutter: │     "timezone": "UTC+08:00"
默认	11:48:45.185236+0800	Runner	flutter: │   },
默认	11:48:45.185292+0800	Runner	flutter: │   "requests": [
默认	11:48:45.185461+0800	Runner	flutter: │     {
默认	11:48:45.185478+0800	Runner	flutter: │       "id": "req_0",
默认	11:48:45.185535+0800	Runner	flutter: │       "service_name": "tool.event_tracking.EventTrackingService",
默认	11:48:45.185698+0800	Runner	flutter: │       "method_name": "TrackEvents",
默认	11:48:45.185715+0800	Runner	flutter: │       "params": {
默认	11:48:45.185870+0800	Runner	flutter: │         "events": [
默认	11:48:45.185904+0800	Runner	flutter: │           {
默认	11:48:45.185975+0800	Runner	flutter: │             "event_id": "03faf3b4-f9a7-4736-8065-9f4eb20633db",
默认	11:48:45.185992+0800	Runner	flutter: │             "event_name": "report_tab_view",
默认	11:48:45.186144+0800	Runner	flutter: │             "event_time_ms": 1783655325037,
默认	11:48:45.186172+0800	Runner	flutter: │             "properties": {
默认	11:48:45.186186+0800	Runner	flutter: │               "logtime": 1783655325037,
默认	11:48:45.186239+0800	Runner	flutter: │               "log_id": "03faf3b4-f9a7-4736-8065-9f4eb20633db",
默认	11:48:45.186297+0800	Runner	flutter: │               "net": "wifi",
默认	11:48:45.186367+0800	Runner	flutter: │               "pkg": "com.sparkjam.truthy.ios",
默认	11:48:45.186470+0800	Runner	flutter: │               "bucket": 56,
默认	11:48:45.186522+0800	Runner	flutter: │               "abslot": 21,
默认	11:48:45.186585+0800	Runner	flutter: │               "ram": "3684MB",
默认	11:48:45.186671+0800	Runner	flutter: │               "cpu": "arm64",
默认	11:48:45.186734+0800	Runner	flutter: │               "sh": 844,
默认	11:48:45.186800+0800	Runner	flutter: │               "sw": 390,
默认	11:48:45.186878+0800	Runner	flutter: │               "city": "",
默认	11:48:45.186938+0800	Runner	flutter: │               "ste": "",
默认	11:48:45.187041+0800	Runner	flutter: │               "lat": "",
默认	11:48:45.187088+0800	Runner	flutter: │               "lng": "",
默认	11:48:45.187148+0800	Runner	flutter: │               "sty": "desk",
默认	11:48:45.187311+0800	Runner	flutter: │               "isp": "",
默认	11:48:45.187329+0800	Runner	flutter: │               "mod": "iphone13,2",
默认	11:48:45.187448+0800	Runner	flutter: │               "brd": "apple",
默认	11:48:45.187465+0800	Runner	flutter: │               "os": "26.3.1",
默认	11:48:45.187614+0800	Runner	flutter: │               "pf": "ios",
默认	11:48:45.187638+0800	Runner	flutter: │               "slan": "zh",
默认	11:48:45.187649+0800	Runner	flutter: │               "reg": "HK",
默认	11:48:45.187707+0800	Runner	flutter: │               "cou": "HK",
默认	11:48:45.187764+0800	Runner	flutter: │               "sub": "",
默认	11:48:45.187932+0800	Runner	flutter: │               "cha": "",
默认	11:48:45.187949+0800	Runner	flutter: │               "verc": "10000",
默认	11:48:45.187998+0800	Runner	flutter: │               "ver": "1.0.0",
默认	11:48:45.188045+0800	Runner	flutter: │               "sid": "5094b07b-cc63-4868-b4ac-6bced54db906",
默认	11:48:45.188096+0800	Runner	flutter: │               "uuid": "***",
默认	11:48:45.188141+0800	Runner	flutter: │               "idfa": "***",
默认	11:48:45.188252+0800	Runner	flutter: │               "idfv": "***",
默认	11:48:45.188266+0800	Runner	flutter: │               "aid": "***",
默认	11:48:45.188364+0800	Runner	flutter: │               "gaid": "***",
默认	11:48:45.188378+0800	Runner	flutter: │               "did": "***",
默认	11:48:45.188427+0800	Runner	flutter: │               "uid": "***",
默认	11:48:45.188477+0800	Runner	flutter: │               "anm": "Truthy",
默认	11:48:45.188559+0800	Runner	flutter: │               "push_id": "",
默认	11:48:45.188605+0800	Runner	flutter: │               "push_type": "",
默认	11:48:45.188652+0800	Runner	flutter: │               "is_pro": "1",
默认	11:48:45.188702+0800	Runner	flutter: │               "page_from": "candidate",
默认	11:48:45.188817+0800	Runner	flutter: │               "task_id": "task_68022659b15a60aa6f84c2a0",
默认	11:48:45.188838+0800	Runner	flutter: │               "candidate_id": "report_943c2e492f2ecd83e6e6f95a_candidate_8",
默认	11:48:45.188889+0800	Runner	flutter: │               "type": "social",
默认	11:48:45.188937+0800	Runner	flutter: │               "stay_time": 1.178
默认	11:48:45.188991+0800	Runner	flutter: │             }
默认	11:48:45.189042+0800	Runner	flutter: │           }
默认	11:48:45.189151+0800	Runner	flutter: │         ]
默认	11:48:45.189165+0800	Runner	flutter: │       }
默认	11:48:45.189234+0800	Runner	flutter: │     }
默认	11:48:45.189280+0800	Runner	flutter: │   ]
默认	11:48:45.189363+0800	Runner	flutter: │ }
默认	11:48:45.189461+0800	Runner	flutter: └───────────────────────────────────────────────────────────────────────────────────────────────────
默认	11:48:45.570072+0800	Runner	flutter: ┌───────────────────────────────────────────────────────────────────────────────────────────────────
默认	11:48:45.570179+0800	Runner	flutter: │ [HTTP] <-- 200 POST https://api.truthy.top/gateway/invoke service=tool.event_tracking.EventTrackingService method=TrackEvents
默认	11:48:45.570287+0800	Runner	flutter: └───────────────────────────────────────────────────────────────────────────────────────────────────
默认	11:48:45.570638+0800	Runner	flutter: ┌───────────────────────────────────────────────────────────────────────────────────────────────────
默认	11:48:45.570671+0800	Runner	flutter: │ [HTTP] response:
默认	11:48:45.570741+0800	Runner	flutter: │ {
默认	11:48:45.570842+0800	Runner	flutter: │   "code": 0,
默认	11:48:45.570930+0800	Runner	flutter: │   "message": "ok",
默认	11:48:45.571016+0800	Runner	flutter: │   "request_id": "gw_req_1f7c0ff96b214b35fbcbd7cf9b90320d",
默认	11:48:45.571154+0800	Runner	flutter: │   "trace_id": "trace_72052ca353a87e57275689cdcb52167c",
默认	11:48:45.571420+0800	Runner	flutter: │   "responses": [
默认	11:48:45.571460+0800	Runner	flutter: │     {
默认	11:48:45.571949+0800	Runner	flutter: │       "id": "req_0",
默认	11:48:45.571979+0800	Runner	flutter: │       "success": true,
默认	11:48:45.572026+0800	Runner	flutter: │       "code": 0,
默认	11:48:45.572055+0800	Runner	flutter: │       "message": "ok",
默认	11:48:45.572079+0800	Runner	flutter: │       "data": {
默认	11:48:45.572346+0800	Runner	flutter: │         "request_id": "gw_req_1f7c0ff96b214b35fbcbd7cf9b90320d",
默认	11:48:45.572398+0800	Runner	flutter: │         "trace_id": "trace_72052ca353a87e57275689cdcb52167c",
默认	11:48:45.572521+0800	Runner	flutter: │         "accepted_count": 1,
默认	11:48:45.572812+0800	Runner	flutter: │         "event_name": "report_tab_view",
默认	11:48:45.572850+0800	Runner	flutter: │         "event_names": [
默认	11:48:45.573158+0800	Runner	flutter: │           "report_tab_view"
默认	11:48:45.573184+0800	Runner	flutter: │         ],
默认	11:48:45.573395+0800	Runner	flutter: │         "events": [
默认	11:48:45.573422+0800	Runner	flutter: │           {
默认	11:48:45.573537+0800	Runner	flutter: │             "index": 0,
默认	11:48:45.573652+0800	Runner	flutter: │             "event_id": "03faf3b4-f9a7-4736-8065-9f4eb20633db",
默认	11:48:45.573878+0800	Runner	flutter: │             "event_name": "report_tab_view",
默认	11:48:45.573997+0800	Runner	flutter: │             "status": "accepted"
默认	11:48:45.574120+0800	Runner	flutter: │           }
默认	11:48:45.574383+0800	Runner	flutter: │         ]
默认	11:48:45.574418+0800	Runner	flutter: │       }
默认	11:48:45.574538+0800	Runner	flutter: │     }
默认	11:48:45.574842+0800	Runner	flutter: │   ]
默认	11:48:45.574878+0800	Runner	flutter: │ }
默认	11:48:45.575081+0800	Runner	flutter: └───────────────────────────────────────────────────────────────────────────────────────────────────
默认	11:48:46.278672+0800	Runner	flutter: ┌───────────────────────────────────────────────────────────────────────────────────────────────────
默认	11:48:46.278718+0800	Runner	flutter: │ [EventTracking] name=candidate_card_click id=0b8cdf40-51f6-41dd-97d5-c0c9b8c79d54 time=1783655326272 props={"task_id":"task_68022659b15a60aa6f84c2a0","candidate_id":"report_943c2e492f2ecd83e6e6f95a_candidate_8","confidence":35,"rank":3}
默认	11:48:46.278773+0800	Runner	flutter: └───────────────────────────────────────────────────────────────────────────────────────────────────
默认	11:48:46.289680+0800	Runner	flutter: ┌───────────────────────────────────────────────────────────────────────────────────────────────────
默认	11:48:46.289736+0800	Runner	flutter: │ [EventTracking] name=app_page_stay id=d5bafde0-6688-4415-bd01-f22ef47f96ff time=1783655326289 props={"page_from":"candidate","duration_s":1}
默认	11:48:46.289781+0800	Runner	flutter: └───────────────────────────────────────────────────────────────────────────────────────────────────
默认	11:48:46.290673+0800	Runner	flutter: ┌───────────────────────────────────────────────────────────────────────────────────────────────────
默认	11:48:46.290705+0800	Runner	flutter: │ [EventTracking] name=report_pageview id=84991e0d-d58e-4c0c-ac8f-1ef34a33d6dc time=1783655326290 props={"page_from":"candidate","task_id":"task_68022659b15a60aa6f84c2a0","candidate_id":"report_943c2e492f2ecd83e6e6f95a_candidate_8"}
默认	11:48:46.290916+0800	Runner	flutter: └───────────────────────────────────────────────────────────────────────────────────────────────────
默认	11:48:46.304996+0800	Runner	flutter: ┌───────────────────────────────────────────────────────────────────────────────────────────────────
默认	11:48:46.305027+0800	Runner	flutter: │ [HTTP] --> POST https://api.truthy.top/gateway/invoke service=tool.people_insight.SearchService method=GetTaskCandidateDetail
默认	11:48:46.305052+0800	Runner	flutter: └───────────────────────────────────────────────────────────────────────────────────────────────────
默认	11:48:46.305241+0800	Runner	flutter: ┌───────────────────────────────────────────────────────────────────────────────────────────────────
默认	11:48:46.305259+0800	Runner	flutter: │ [HTTP] request:
默认	11:48:46.305277+0800	Runner	flutter: │ {
默认	11:48:46.305334+0800	Runner	flutter: │   "comm": {
默认	11:48:46.305349+0800	Runner	flutter: │     "auth_token": "***",
默认	11:48:46.305392+0800	Runner	flutter: │     "user_id": "user_e5f97712121ebfac3d6f6407",
默认	11:48:46.305444+0800	Runner	flutter: │     "device_id": "c5ece928-513e-4e75-a500-28479ac5102a",
默认	11:48:46.305485+0800	Runner	flutter: │     "client_request_id": "crid_1783655326299055",
默认	11:48:46.305773+0800	Runner	flutter: │     "platform": "ios",
默认	11:48:46.305798+0800	Runner	flutter: │     "app_version": "1.0.0",
默认	11:48:46.305807+0800	Runner	flutter: │     "locale": "zh-Hans-HK",
默认	11:48:46.305815+0800	Runner	flutter: │     "country": "HK",
默认	11:48:46.305824+0800	Runner	flutter: │     "timezone": "UTC+08:00"
默认	11:48:46.305833+0800	Runner	flutter: │   },
默认	11:48:46.305840+0800	Runner	flutter: │   "requests": [
默认	11:48:46.305910+0800	Runner	flutter: │     {
默认	11:48:46.305924+0800	Runner	flutter: │       "id": "req_0",
默认	11:48:46.305937+0800	Runner	flutter: │       "service_name": "tool.people_insight.SearchService",
默认	11:48:46.305984+0800	Runner	flutter: │       "method_name": "GetTaskCandidateDetail",
默认	11:48:46.306024+0800	Runner	flutter: │       "params": {
默认	11:48:46.306114+0800	Runner	flutter: │         "task_id": "task_68022659b15a60aa6f84c2a0",
默认	11:48:46.306312+0800	Runner	flutter: │         "candidate_id": "report_943c2e492f2ecd83e6e6f95a_candidate_8"
默认	11:48:46.306369+0800	Runner	flutter: │       }
默认	11:48:46.306453+0800	Runner	flutter: │     }
默认	11:48:46.306467+0800	Runner	flutter: │   ]
默认	11:48:46.306509+0800	Runner	flutter: │ }
默认	11:48:46.306607+0800	Runner	flutter: └───────────────────────────────────────────────────────────────────────────────────────────────────
默认	11:48:46.312113+0800	Runner	flutter: ┌───────────────────────────────────────────────────────────────────────────────────────────────────
默认	11:48:46.312187+0800	Runner	flutter: │ [HTTP] --> POST https://api.truthy.top/gateway/invoke service=tool.event_tracking.EventTrackingService method=TrackEvents
默认	11:48:46.312247+0800	Runner	flutter: └───────────────────────────────────────────────────────────────────────────────────────────────────
默认	11:48:46.312489+0800	Runner	flutter: ┌───────────────────────────────────────────────────────────────────────────────────────────────────
默认	11:48:46.312561+0800	Runner	flutter: │ [HTTP] request:
默认	11:48:46.312580+0800	Runner	flutter: │ {
默认	11:48:46.312614+0800	Runner	flutter: │   "comm": {
默认	11:48:46.312657+0800	Runner	flutter: │     "auth_token": "***",
默认	11:48:46.312725+0800	Runner	flutter: │     "user_id": "user_e5f97712121ebfac3d6f6407",
默认	11:48:46.312776+0800	Runner	flutter: │     "device_id": "c5ece928-513e-4e75-a500-28479ac5102a",
默认	11:48:46.312833+0800	Runner	flutter: │     "client_request_id": "crid_1783655326299531",
默认	11:48:46.312911+0800	Runner	flutter: │     "platform": "ios",
默认	11:48:46.312921+0800	Runner	flutter: │     "app_version": "1.0.0",
默认	11:48:46.312963+0800	Runner	flutter: │     "locale": "zh-Hans-HK",
默认	11:48:46.313003+0800	Runner	flutter: │     "country": "HK",
默认	11:48:46.313090+0800	Runner	flutter: │     "timezone": "UTC+08:00"
默认	11:48:46.313100+0800	Runner	flutter: │   },
默认	11:48:46.313141+0800	Runner	flutter: │   "requests": [
默认	11:48:46.313206+0800	Runner	flutter: │     {
默认	11:48:46.313278+0800	Runner	flutter: │       "id": "req_0",
默认	11:48:46.313299+0800	Runner	flutter: │       "service_name": "tool.event_tracking.EventTrackingService",
默认	11:48:46.313378+0800	Runner	flutter: │       "method_name": "TrackEvents",
默认	11:48:46.313389+0800	Runner	flutter: │       "params": {
默认	11:48:46.313427+0800	Runner	flutter: │         "events": [
默认	11:48:46.313493+0800	Runner	flutter: │           {
默认	11:48:46.313536+0800	Runner	flutter: │             "event_id": "0b8cdf40-51f6-41dd-97d5-c0c9b8c79d54",
默认	11:48:46.313585+0800	Runner	flutter: │             "event_name": "candidate_card_click",
默认	11:48:46.313652+0800	Runner	flutter: │             "event_time_ms": 1783655326272,
默认	11:48:46.313716+0800	Runner	flutter: │             "properties": {
默认	11:48:46.313730+0800	Runner	flutter: │               "logtime": 1783655326272,
默认	11:48:46.313790+0800	Runner	flutter: │               "log_id": "0b8cdf40-51f6-41dd-97d5-c0c9b8c79d54",
默认	11:48:46.313837+0800	Runner	flutter: │               "net": "wifi",
默认	11:48:46.313875+0800	Runner	flutter: │               "pkg": "com.sparkjam.truthy.ios",
默认	11:48:46.313914+0800	Runner	flutter: │               "bucket": 56,
默认	11:48:46.313986+0800	Runner	flutter: │               "abslot": 21,
默认	11:48:46.314027+0800	Runner	flutter: │               "ram": "3684MB",
默认	11:48:46.314064+0800	Runner	flutter: │               "cpu": "arm64",
默认	11:48:46.314110+0800	Runner	flutter: │               "sh": 844,
默认	11:48:46.314156+0800	Runner	flutter: │               "sw": 390,
默认	11:48:46.314215+0800	Runner	flutter: │               "city": "",
默认	11:48:46.314291+0800	Runner	flutter: │               "ste": "",
默认	11:48:46.314300+0800	Runner	flutter: │               "lat": "",
默认	11:48:46.314331+0800	Runner	flutter: │               "lng": "",
默认	11:48:46.314383+0800	Runner	flutter: │               "sty": "desk",
默认	11:48:46.314441+0800	Runner	flutter: │               "isp": "",
默认	11:48:46.314523+0800	Runner	flutter: │               "mod": "iphone13,2",
默认	11:48:46.314543+0800	Runner	flutter: │               "brd": "apple",
默认	11:48:46.314603+0800	Runner	flutter: │               "os": "26.3.1",
默认	11:48:46.314615+0800	Runner	flutter: │               "pf": "ios",
默认	11:48:46.314694+0800	Runner	flutter: │               "slan": "zh",
默认	11:48:46.314704+0800	Runner	flutter: │               "reg": "HK",
默认	11:48:46.314752+0800	Runner	flutter: │               "cou": "HK",
默认	11:48:46.314800+0800	Runner	flutter: │               "sub": "",
默认	11:48:46.314851+0800	Runner	flutter: │               "cha": "",
默认	11:48:46.314899+0800	Runner	flutter: │               "verc": "10000",
默认	11:48:46.314953+0800	Runner	flutter: │               "ver": "1.0.0",
默认	11:48:46.315028+0800	Runner	flutter: │               "sid": "5094b07b-cc63-4868-b4ac-6bced54db906",
默认	11:48:46.315042+0800	Runner	flutter: │               "uuid": "***",
默认	11:48:46.315088+0800	Runner	flutter: │               "idfa": "***",
默认	11:48:46.315119+0800	Runner	flutter: │               "idfv": "***",
默认	11:48:46.315155+0800	Runner	flutter: │               "aid": "***",
默认	11:48:46.315227+0800	Runner	flutter: │               "gaid": "***",
默认	11:48:46.315260+0800	Runner	flutter: │               "did": "***",
默认	11:48:46.315320+0800	Runner	flutter: │               "uid": "***",
默认	11:48:46.315352+0800	Runner	flutter: │               "anm": "Truthy",
默认	11:48:46.315397+0800	Runner	flutter: │               "push_id": "",
默认	11:48:46.315460+0800	Runner	flutter: │               "push_type": "",
默认	11:48:46.315495+0800	Runner	flutter: │               "is_pro": "1",
默认	11:48:46.315536+0800	Runner	flutter: │               "task_id": "task_68022659b15a60aa6f84c2a0",
默认	11:48:46.315634+0800	Runner	flutter: │               "candidate_id": "report_943c2e492f2ecd83e6e6f95a_candidate_8",
默认	11:48:46.315649+0800	Runner	flutter: │               "confidence": 35,
默认	11:48:46.315685+0800	Runner	flutter: │               "rank": 3
默认	11:48:46.315726+0800	Runner	flutter: │             }
默认	11:48:46.315809+0800	Runner	flutter: │           }
默认	11:48:46.315865+0800	Runner	flutter: │         ]
默认	11:48:46.315876+0800	Runner	flutter: │       }
默认	11:48:46.315893+0800	Runner	flutter: │     }
默认	11:48:46.315949+0800	Runner	flutter: │   ]
默认	11:48:46.316001+0800	Runner	flutter: │ }
默认	11:48:46.316063+0800	Runner	flutter: └───────────────────────────────────────────────────────────────────────────────────────────────────
默认	11:48:46.518539+0800	Runner	flutter: ┌───────────────────────────────────────────────────────────────────────────────────────────────────
默认	11:48:46.518598+0800	Runner	flutter: │ [HTTP] <-- 200 POST https://api.truthy.top/gateway/invoke service=tool.people_insight.SearchService method=GetTaskCandidateDetail
默认	11:48:46.518627+0800	Runner	flutter: └───────────────────────────────────────────────────────────────────────────────────────────────────
默认	11:48:46.520005+0800	Runner	flutter: ┌───────────────────────────────────────────────────────────────────────────────────────────────────
默认	11:48:46.520159+0800	Runner	flutter: │ [HTTP] response:
默认	11:48:46.520209+0800	Runner	flutter: │ {
默认	11:48:46.520225+0800	Runner	flutter: │   "code": 0,
默认	11:48:46.520240+0800	Runner	flutter: │   "message": "ok",
默认	11:48:46.520255+0800	Runner	flutter: │   "request_id": "gw_req_5c3053d7677fb40f8e4f4cdad4f35fa8",
默认	11:48:46.520405+0800	Runner	flutter: │   "trace_id": "trace_7f9a8521f8a3f44a48e2e7613f1ebcca",
默认	11:48:46.520426+0800	Runner	flutter: │   "responses": [
默认	11:48:46.520438+0800	Runner	flutter: │     {
默认	11:48:46.520451+0800	Runner	flutter: │       "id": "req_0",
默认	11:48:46.520512+0800	Runner	flutter: │       "success": true,
默认	11:48:46.520577+0800	Runner	flutter: │       "code": 0,
默认	11:48:46.520644+0800	Runner	flutter: │       "message": "ok",
默认	11:48:46.520704+0800	Runner	flutter: │       "data": {
默认	11:48:46.520788+0800	Runner	flutter: │         "candidate": {
默认	11:48:46.520854+0800	Runner	flutter: │           "age": 0,
默认	11:48:46.520911+0800	Runner	flutter: │           "avatar_url": "",
默认	11:48:46.521003+0800	Runner	flutter: │           "candidate_id": "report_943c2e492f2ecd83e6e6f95a_candidate_8",
默认	11:48:46.521063+0800	Runner	flutter: │           "confidence_level": "LOW",
默认	11:48:46.521234+0800	Runner	flutter: │           "display_name": "joe lynn",
默认	11:48:46.521251+0800	Runner	flutter: │           "education": "freed - hardeman university bachelor of science bachelors; north attleboro high school; freed–hardeman university mathematics",
默认	11:48:46.521321+0800	Runner	flutter: │           "evidence_count": 38,
默认	11:48:46.521378+0800	Runner	flutter: │           "headline": "actuarial associate at cash balance actuaries, llc",
默认	11:48:46.521467+0800	Runner	flutter: │           "is_best_match": false,
默认	11:48:46.521528+0800	Runner	flutter: │           "is_top_result": false,
默认	11:48:46.521641+0800	Runner	flutter: │           "jobs": [
默认	11:48:46.521787+0800	Runner	flutter: │             "actuarial associate at cash balance actuaries, llc"
默认	11:48:46.521805+0800	Runner	flutter: │           ],
默认	11:48:46.521817+0800	Runner	flutter: │           "location": "united states",
默认	11:48:46.521909+0800	Runner	flutter: │           "match_reasons": [
默认	11:48:46.521971+0800	Runner	flutter: │             "name"
默认	11:48:46.522028+0800	Runner	flutter: │           ],
默认	11:48:46.522341+0800	Runner	flutter: │           "match_score": 35,
默认	11:48:46.522365+0800	Runner	flutter: │           "matched_clue_types": [],
默认	11:48:46.522380+0800	Runner	flutter: │           "person_id": "pdl:5KEYGvA65fsnFr0F51JEbA_0000",
默认	11:48:46.522417+0800	Runner	flutter: │           "profile_url": "https://linkedin.com/in/joelynn",
默认	11:48:46.522479+0800	Runner	flutter: │           "rank_breakdown": {
默认	11:48:46.522541+0800	Runner	flutter: │             "data_completeness": 0.8,
默认	11:48:46.522598+0800	Runner	flutter: │             "geo_relevance": 0,
默认	11:48:46.522799+0800	Runner	flutter: │             "public_influence": 0,
默认	11:48:46.522821+0800	Runner	flutter: │             "social_activity": 0,
默认	11:48:46.522929+0800	Runner	flutter: │             "social_richness": 0.5
默认	11:48:46.523077+0800	Runner	flutter: │           },
默认	11:48:46.523097+0800	Runner	flutter: │           "rank_score": 0.405,
默认	11:48:46.523109+0800	Runner	flutter: │           "rank_version": "candidate_ranking_v1",
默认	11:48:46.523123+0800	Runner	flutter: │           "social_links": [
默认	11:48:46.523808+0800	Runner	flutter: │             {
默认	11:48:46.523833+0800	Runner	flutter: │               "platform": "linkedin",
默认	11:48:46.523844+0800	Runner	flutter: │               "url": "https://linkedin.com/in/joelynn",
默认	11:48:46.523854+0800	Runner	flutter: │               "username": "joelynn"
默认	11:48:46.523864+0800	Runner	flutter: │             },
默认	11:48:46.523875+0800	Runner	flutter: │             {
默认	11:48:46.523889+0800	Runner	flutter: │               "platform": "facebook",
默认	11:48:46.523899+0800	Runner	flutter: │               "url": "https://facebook.com/joelynn",
默认	11:48:46.523909+0800	Runner	flutter: │               "username": "joelynn"
默认	11:48:46.523922+0800	Runner	flutter: │             },
默认	11:48:46.523932+0800	Runner	flutter: │             {
默认	11:48:46.523998+0800	Runner	flutter: │               "platform": "x",
默认	11:48:46.524012+0800	Runner	flutter: │               "url": "https://twitter.com/joelynn84",
默认	11:48:46.524058+0800	Runner	flutter: │               "username": "joelynn84"
默认	11:48:46.524101+0800	Runner	flutter: │             }
默认	11:48:46.524148+0800	Runner	flutter: │           ],
默认	11:48:46.524270+0800	Runner	flutter: │           "social_platforms": [
默认	11:48:46.524283+0800	Runner	flutter: │             "linkedin",
默认	11:48:46.524331+0800	Runner	flutter: │             "facebook",
默认	11:48:46.524375+0800	Runner	flutter: │             "x"
默认	11:48:46.524422+0800	Runner	flutter: │           ],
默认	11:48:46.524522+0800	Runner	flutter: │           "source": "people_data_labs",
默认	11:48:46.524535+0800	Runner	flutter: │           "source_provider": "people_data_labs"
默认	11:48:46.524593+0800	Runner	flutter: │         },
默认	11:48:46.524657+0800	Runner	flutter: │         "candidate_id": "report_943c2e492f2ecd83e6e6f95a_candidate_8",
默认	11:48:46.524741+0800	Runner	flutter: │         "disclaimers": [
默认	11:48:46.524792+0800	Runner	flutter: │           "People Data Labs Person Search returns candidate profiles; review candidates or add stronger clues before relying on an identity match."
默认	11:48:46.524840+0800	Runner	flutter: │         ],
默认	11:48:46.524893+0800	Runner	flutter: │         "entitlement_decision": "ALLOW",
默认	11:48:46.524945+0800	Runner	flutter: │         "evidence": [
默认	11:48:46.524997+0800	Runner	flutter: │           {
默认	11:48:46.525116+0800	Runner	flutter: │             "display_name": "joe lynn",
默认	11:48:46.525130+0800	Runner	flutter: │             "matched_on": [
默认	11:48:46.525177+0800	Runner	flutter: │               "name"
默认	11:48:46.525222+0800	Runner	flutter: │             ],
默认	11:48:46.525316+0800	Runner	flutter: │             "person_id": "pdl:5KEYGvA65fsnFr0F51JEbA_0000",
默认	11:48:46.525923+0800	Runner	flutter: │             "provider": "people_data_labs",
默认	11:48:46.526222+0800	Runner	flutter: │             "provider_person_id": "5KEYGvA65fsnFr0F51JEbA_0000",
默认	11:48:46.526238+0800	Runner	flutter: │             "subject_profile_url": "linkedin.com/in/joelynn",
默认	11:48:46.526249+0800	Runner	flutter: │             "type": "pdl_matched_on"
默认	11:48:46.526259+0800	Runner	flutter: │           },
默认	11:48:46.526269+0800	Runner	flutter: │           {
默认	11:48:46.526279+0800	Runner	flutter: │             "display_name": "joe lynn",
默认	11:48:46.526367+0800	Runner	flutter: │             "field": "linkedin_url",
默认	11:48:46.526380+0800	Runner	flutter: │             "person_id": "pdl:5KEYGvA65fsnFr0F51JEbA_0000",
默认	11:48:46.526390+0800	Runner	flutter: │             "provider": "people_data_labs",
默认	11:48:46.526398+0800	Runner	flutter: │             "provider_person_id": "5KEYGvA65fsnFr0F51JEbA_0000",
默认	11:48:46.526407+0800	Runner	flutter: │             "subject_profile_url": "linkedin.com/in/joelynn",
默认	11:48:46.526417+0800	Runner	flutter: │             "type": "pdl_profile_url",
默认	11:48:46.526426+0800	Runner	flutter: │             "url": "linkedin.com/in/joelynn"
默认	11:48:46.526434+0800	Runner	flutter: │           },
默认	11:48:46.526443+0800	Runner	flutter: │           {
默认	11:48:46.526542+0800	Runner	flutter: │             "display_name": "joe lynn",
默认	11:48:46.526561+0800	Runner	flutter: │             "field": "facebook_url",
默认	11:48:46.526571+0800	Runner	flutter: │             "person_id": "pdl:5KEYGvA65fsnFr0F51JEbA_0000",
默认	11:48:46.526638+0800	Runner	flutter: │             "provider": "people_data_labs",
默认	11:48:46.526654+0800	Runner	flutter: │             "provider_person_id": "5KEYGvA65fsnFr0F51JEbA_0000",
默认	11:48:46.526732+0800	Runner	flutter: │             "subject_profile_url": "linkedin.com/in/joelynn",
默认	11:48:46.526782+0800	Runner	flutter: │             "type": "pdl_profile_url",
默认	11:48:46.526832+0800	Runner	flutter: │             "url": "facebook.com/joelynn"
默认	11:48:46.526889+0800	Runner	flutter: │           },
默认	11:48:46.526935+0800	Runner	flutter: │           {
默认	11:48:46.527009+0800	Runner	flutter: │             "display_name": "joe lynn",
默认	11:48:46.527061+0800	Runner	flutter: │             "field": "twitter_url",
默认	11:48:46.527122+0800	Runner	flutter: │             "person_id": "pdl:5KEYGvA65fsnFr0F51JEbA_0000",
默认	11:48:46.527201+0800	Runner	flutter: │             "provider": "people_data_labs",
默认	11:48:46.527247+0800	Runner	flutter: │             "provider_person_id": "5KEYGvA65fsnFr0F51JEbA_0000",
默认	11:48:46.527304+0800	Runner	flutter: │             "subject_profile_url": "linkedin.com/in/joelynn",
默认	11:48:46.527376+0800	Runner	flutter: │             "type": "pdl_profile_url",
默认	11:48:46.527425+0800	Runner	flutter: │             "url": "twitter.com/joelynn84"
默认	11:48:46.527525+0800	Runner	flutter: │           },
默认	11:48:46.527589+0800	Runner	flutter: │           {
默认	11:48:46.527602+0800	Runner	flutter: │             "display_name": "joe lynn",
默认	11:48:46.527648+0800	Runner	flutter: │             "field": "job_company_website",
默认	11:48:46.527693+0800	Runner	flutter: │             "person_id": "pdl:5KEYGvA65fsnFr0F51JEbA_0000",
默认	11:48:46.527731+0800	Runner	flutter: │             "provider": "people_data_labs",
默认	11:48:46.527789+0800	Runner	flutter: │             "provider_person_id": "5KEYGvA65fsnFr0F51JEbA_0000",
默认	11:48:46.527833+0800	Runner	flutter: │             "subject_profile_url": "linkedin.com/in/joelynn",
默认	11:48:46.527890+0800	Runner	flutter: │             "type": "pdl_profile_url",
默认	11:48:46.527930+0800	Runner	flutter: │             "url": "cashbalanceactuaries.com"
默认	11:48:46.527977+0800	Runner	flutter: │           }
默认	11:48:46.528017+0800	Runner	flutter: │         ],
默认	11:48:46.528060+0800	Runner	flutter: │         "person_id": "pdl:5KEYGvA65fsnFr0F51JEbA_0000",
默认	11:48:46.528119+0800	Runner	flutter: │         "social_accounts": [
默认	11:48:46.528162+0800	Runner	flutter: │           {
默认	11:48:46.528201+0800	Runner	flutter: │             "display_name": "joe lynn",
默认	11:48:46.528261+0800	Runner	flutter: │             "person_id": "pdl:5KEYGvA65fsnFr0F51JEbA_0000",
默认	11:48:46.528300+0800	Runner	flutter: │             "platform": "linkedin",
默认	11:48:46.528362+0800	Runner	flutter: │             "profile_url": "https://linkedin.com/in/joelynn",
默认	11:48:46.528402+0800	Runner	flutter: │             "source": "people_data_labs",
默认	11:48:46.528501+0800	Runner	flutter: │             "url": "https://linkedin.com/in/joelynn",
默认	11:48:46.528606+0800	Runner	flutter: │             "username": "joelynn"
默认	11:48:46.528618+0800	Runner	flutter: │           },
默认	11:48:46.528671+0800	Runner	flutter: │           {
默认	11:48:46.528714+0800	Runner	flutter: │             "display_name": "joe lynn",
默认	11:48:46.528769+0800	Runner	flutter: │             "person_id": "pdl:5KEYGvA65fsnFr0F51JEbA_0000",
默认	11:48:46.528808+0800	Runner	flutter: │             "platform": "facebook",
默认	11:48:46.528867+0800	Runner	flutter: │             "profile_url": "https://linkedin.com/in/joelynn",
默认	11:48:46.528907+0800	Runner	flutter: │             "source": "people_data_labs",
默认	11:48:46.528966+0800	Runner	flutter: │             "url": "https://facebook.com/joelynn",
默认	11:48:46.529010+0800	Runner	flutter: │             "username": "joelynn"
默认	11:48:46.529047+0800	Runner	flutter: │           },
默认	11:48:46.529108+0800	Runner	flutter: │           {
默认	11:48:46.529145+0800	Runner	flutter: │             "display_name": "joe lynn",
默认	11:48:46.529215+0800	Runner	flutter: │             "person_id": "pdl:5KEYGvA65fsnFr0F51JEbA_0000",
默认	11:48:46.529254+0800	Runner	flutter: │             "platform": "x",
默认	11:48:46.529297+0800	Runner	flutter: │             "profile_url": "https://linkedin.com/in/joelynn",
默认	11:48:46.529369+0800	Runner	flutter: │             "source": "people_data_labs",
默认	11:48:46.529407+0800	Runner	flutter: │             "url": "https://twitter.com/joelynn84",
默认	11:48:46.529479+0800	Runner	flutter: │             "username": "joelynn84"
默认	11:48:46.529525+0800	Runner	flutter: │           }
默认	11:48:46.529536+0800	Runner	flutter: │         ],
默认	11:48:46.529637+0800	Runner	flutter: │         "task_id": "task_68022659b15a60aa6f84c2a0",
默认	11:48:46.529650+0800	Runner	flutter: │         "ui_sections": {
默认	11:48:46.529784+0800	Runner	flutter: │           "insights": {
默认	11:48:46.529850+0800	Runner	flutter: │             "data": {
默认	11:48:46.529928+0800	Runner	flutter: │               "count": 0,
默认	11:48:46.529942+0800	Runner	flutter: │               "items": []
默认	11:48:46.529983+0800	Runner	flutter: │             },
默认	11:48:46.530050+0800	Runner	flutter: │             "status": "empty"
默认	11:48:46.530092+0800	Runner	flutter: │           },
默认	11:48:46.530128+0800	Runner	flutter: │           "photos": {
默认	11:48:46.530216+0800	Runner	flutter: │             "data": {
默认	11:48:46.530227+0800	Runner	flutter: │               "authenticity_photos": [],
默认	11:48:46.530276+0800	Runner	flutter: │               "baseline_photo_url": "",
默认	11:48:46.530327+0800	Runner	flutter: │               "identity_match_rate": 0,
默认	11:48:46.530378+0800	Runner	flutter: │               "match_photos": []
默认	11:48:46.530426+0800	Runner	flutter: │             },
默认	11:48:46.530476+0800	Runner	flutter: │             "status": "empty"
默认	11:48:46.530525+0800	Runner	flutter: │           },
默认	11:48:46.530581+0800	Runner	flutter: │           "profile": {
默认	11:48:46.530603+0800	Runner	flutter: │             "data": {
默认	11:48:46.530652+0800	Runner	flutter: │               "sections": [
默认	11:48:46.530725+0800	Runner	flutter: │                 {
默认	11:48:46.530735+0800	Runner	flutter: │                   "items": [
默认	11:48:46.530776+0800	Runner	flutter: │                     {
默认	11:48:46.530839+0800	Runner	flutter: │                       "label": "Full Name",
默认	11:48:46.530910+0800	Runner	flutter: │                       "value": "joe lynn"
默认	11:48:46.530926+0800	Runner	flutter: │                     },
默认	11:48:46.530977+0800	Runner	flutter: │                     {
默认	11:48:46.531028+0800	Runner	flutter: │                       "label": "Location",
默认	11:48:46.531095+0800	Runner	flutter: │                       "value": "united states"
默认	11:48:46.531105+0800	Runner	flutter: │                     },
默认	11:48:46.531142+0800	Runner	flutter: │                     {
默认	11:48:46.531213+0800	Runner	flutter: │                       "label": "Profile URL",
默认	11:48:46.531250+0800	Runner	flutter: │                       "value": "https://linkedin.com/in/joelynn"
默认	11:48:46.531297+0800	Runner	flutter: │                     }
默认	11:48:46.531343+0800	Runner	flutter: │                   ],
默认	11:48:46.531415+0800	Runner	flutter: │                   "title": "Identity"
默认	11:48:46.531472+0800	Runner	flutter: │                 },
默认	11:48:46.531522+0800	Runner	flutter: │                 {
默认	11:48:46.531546+0800	Runner	flutter: │                   "items": [
默认	11:48:46.531599+0800	Runner	flutter: │                     {
默认	11:48:46.531639+0800	Runner	flutter: │                       "label": "Current Role",
默认	11:48:46.531685+0800	Runner	flutter: │                       "value": "actuarial associate at cash balance actuaries, llc"
默认	11:48:46.531735+0800	Runner	flutter: │                     }
默认	11:48:46.531790+0800	Runner	flutter: │                   ],
默认	11:48:46.531856+0800	Runner	flutter: │                   "title": "Career"
默认	11:48:46.531863+0800	Runner	flutter: │                 },
默认	11:48:46.531918+0800	Runner	flutter: │                 {
默认	11:48:46.531965+0800	Runner	flutter: │                   "items": [
默认	11:48:46.532021+0800	Runner	flutter: │                     {
默认	11:48:46.532075+0800	Runner	flutter: │                       "label": "Education",
默认	11:48:46.532155+0800	Runner	flutter: │                       "value": "freed - hardeman university bachelor of science bachelors; north attleboro high school; freed–hardeman university mathematics"
默认	11:48:46.532180+0800	Runner	flutter: │                     }
默认	11:48:46.532252+0800	Runner	flutter: │                   ],
默认	11:48:46.532259+0800	Runner	flutter: │                   "title": "Background"
默认	11:48:46.532335+0800	Runner	flutter: │                 }
默认	11:48:46.532342+0800	Runner	flutter: │               ]
默认	11:48:46.532376+0800	Runner	flutter: │             },
默认	11:48:46.532457+0800	Runner	flutter: │             "status": "data"
默认	11:48:46.532466+0800	Runner	flutter: │           },
默认	11:48:46.532515+0800	Runner	flutter: │           "social": {
默认	11:48:46.532557+0800	Runner	flutter: │             "data": {
默认	11:48:46.532648+0800	Runner	flutter: │               "private_accounts": [],
默认	11:48:46.532663+0800	Runner	flutter: │               "profiles": [
默认	11:48:46.532712+0800	Runner	flutter: │                 {
默认	11:48:46.532747+0800	Runner	flutter: │                   "display_handle": "joelynn",
默认	11:48:46.532783+0800	Runner	flutter: │                   "platform": "linkedin",
默认	11:48:46.532850+0800	Runner	flutter: │                   "url": "https://linkedin.com/in/joelynn",
默认	11:48:46.532882+0800	Runner	flutter: │                   "username": "joelynn"
默认	11:48:46.532932+0800	Runner	flutter: │                 },
默认	11:48:46.532974+0800	Runner	flutter: │                 {
默认	11:48:46.533062+0800	Runner	flutter: │                   "display_handle": "joelynn",
默认	11:48:46.533072+0800	Runner	flutter: │                   "platform": "facebook",
默认	11:48:46.533113+0800	Runner	flutter: │                   "url": "https://facebook.com/joelynn",
默认	11:48:46.533171+0800	Runner	flutter: │                   "username": "joelynn"
默认	11:48:46.533252+0800	Runner	flutter: │                 },
默认	11:48:46.533268+0800	Runner	flutter: │                 {
默认	11:48:46.533318+0800	Runner	flutter: │                   "display_handle": "joelynn84",
默认	11:48:46.533366+0800	Runner	flutter: │                   "platform": "x",
默认	11:48:46.533406+0800	Runner	flutter: │                   "url": "https://twitter.com/joelynn84",
默认	11:48:46.533453+0800	Runner	flutter: │                   "username": "joelynn84"
默认	11:48:46.533525+0800	Runner	flutter: │                 }
默认	11:48:46.533538+0800	Runner	flutter: │               ]
默认	11:48:46.533572+0800	Runner	flutter: │             },
默认	11:48:46.533622+0800	Runner	flutter: │             "status": "data"
默认	11:48:46.533667+0800	Runner	flutter: │           },
默认	11:48:46.533735+0800	Runner	flutter: │           "summary": {
默认	11:48:46.533777+0800	Runner	flutter: │             "data": {
默认	11:48:46.533848+0800	Runner	flutter: │               "age": null,
默认	11:48:46.533863+0800	Runner	flutter: │               "avatar_url": "",
默认	11:48:46.533914+0800	Runner	flutter: │               "candidate_id": "report_943c2e492f2ecd83e6e6f95a_candidate_8",
默认	11:48:46.533987+0800	Runner	flutter: │               "confidence_level": "LOW",
默认	11:48:46.534001+0800	Runner	flutter: │               "disclaimers": [
默认	11:48:46.534092+0800	Runner	flutter: │                 "People Data Labs Person Search returns candidate profiles; review candidates or add stronger clues before relying on an identity match."
默认	11:48:46.534117+0800	Runner	flutter: │               ],
默认	11:48:46.534157+0800	Runner	flutter: │               "display_name": "joe lynn",
默认	11:48:46.534244+0800	Runner	flutter: │               "education": "freed - hardeman university bachelor of science bachelors; north attleboro high school; freed–hardeman university mathematics",
默认	11:48:46.534255+0800	Runner	flutter: │               "generate_time": 1783654344793,
默认	11:48:46.534300+0800	Runner	flutter: │               "headline": "actuarial associate at cash balance actuaries, llc",
默认	11:48:46.534357+0800	Runner	flutter: │               "is_best_match": false,
默认	11:48:46.534399+0800	Runner	flutter: │               "is_top_result": false,
默认	11:48:46.534473+0800	Runner	flutter: │               "jobs": [
默认	11:48:46.534506+0800	Runner	flutter: │                 "actuarial associate at cash balance actuaries, llc"
默认	11:48:46.534568+0800	Runner	flutter: │               ],
默认	11:48:46.534605+0800	Runner	flutter: │               "location": "united states",
默认	11:48:46.534666+0800	Runner	flutter: │               "match_reasons": [
默认	11:48:46.534704+0800	Runner	flutter: │                 "name"
默认	11:48:46.534761+0800	Runner	flutter: │               ],
默认	11:48:46.534800+0800	Runner	flutter: │               "match_score": 35,
默认	11:48:46.534831+0800	Runner	flutter: │               "more_social_count": 0,
默认	11:48:46.534898+0800	Runner	flutter: │               "person_id": "pdl:5KEYGvA65fsnFr0F51JEbA_0000",
默认	11:48:46.534953+0800	Runner	flutter: │               "primary_image": null,
默认	11:48:46.535000+0800	Runner	flutter: │               "profile_url": "https://linkedin.com/in/joelynn",
默认	11:48:46.535034+0800	Runner	flutter: │               "report_expires_at": 1786246342720,
默认	11:48:46.535069+0800	Runner	flutter: │               "social_platforms": [
默认	11:48:46.535134+0800	Runner	flutter: │                 "linkedin",
默认	11:48:46.535203+0800	Runner	flutter: │                 "facebook",
默认	11:48:46.535218+0800	Runner	flutter: │                 "x"
默认	11:48:46.535254+0800	Runner	flutter: │               ]
默认	11:48:46.535315+0800	Runner	flutter: │             },
默认	11:48:46.535382+0800	Runner	flutter: │             "status": "data"
默认	11:48:46.535392+0800	Runner	flutter: │           }
默认	11:48:46.535423+0800	Runner	flutter: │         },
默认	11:48:46.535490+0800	Runner	flutter: │         "update_time": 1783654344793
默认	11:48:46.535521+0800	Runner	flutter: │       }
默认	11:48:46.535557+0800	Runner	flutter: │     }
默认	11:48:46.535640+0800	Runner	flutter: │   ]
默认	11:48:46.535698+0800	Runner	flutter: │ }
默认	11:48:46.535727+0800	Runner	flutter: └───────────────────────────────────────────────────────────────────────────────────────────────────
默认	11:48:46.536062+0800	Runner	flutter: ┌───────────────────────────────────────────────────────────────────────────────────────────────────
默认	11:48:46.536173+0800	Runner	flutter: │ [EventTracking] name=report_load_success id=4cd43fb9-e50a-45f3-9357-d331f3cb4fcb time=1783655326535 props={"page_from":"candidate","task_id":"task_68022659b15a60aa6f84c2a0","candidate_id":"report_943c2e492f2ecd83e6e6f95a_candidate_8","report":{"summary":{"display_name":"joe lynn","has_avatar":0,"jobs_count":1,"has_education":1,"has_location":1,"social_platforms_count":3},"social":{"status":"data","profiles_count":3,"private_accounts_count":0},"photos":{"status":"empty","identity_match_rate":0,"match_photos_count":0,"authenticity_photos_count":0},"profile":{"status":"data","sections_count":3,"items_count":5},"insights":{"status":"empty","items_count":0,"links_count":0}}}
默认	11:48:46.536252+0800	Runner	flutter: └───────────────────────────────────────────────────────────────────────────────────────────────────
默认	11:48:46.679178+0800	Runner	flutter: ┌───────────────────────────────────────────────────────────────────────────────────────────────────
默认	11:48:46.679436+0800	Runner	flutter: │ [HTTP] <-- 200 POST https://api.truthy.top/gateway/invoke service=tool.event_tracking.EventTrackingService method=TrackEvents
默认	11:48:46.679491+0800	Runner	flutter: └───────────────────────────────────────────────────────────────────────────────────────────────────
默认	11:48:46.679698+0800	Runner	flutter: ┌───────────────────────────────────────────────────────────────────────────────────────────────────
默认	11:48:46.679730+0800	Runner	flutter: │ [HTTP] response:
默认	11:48:46.679774+0800	Runner	flutter: │ {
默认	11:48:46.679913+0800	Runner	flutter: │   "code": 0,
默认	11:48:46.680031+0800	Runner	flutter: │   "message": "ok",
默认	11:48:46.680062+0800	Runner	flutter: │   "request_id": "gw_req_9c8cd50cf0e2ea69c8e796ccd90305e2",
默认	11:48:46.680200+0800	Runner	flutter: │   "trace_id": "trace_4e60099d604d906b769499cd00d70cae",
默认	11:48:46.680262+0800	Runner	flutter: │   "responses": [
默认	11:48:46.680349+0800	Runner	flutter: │     {
默认	11:48:46.680442+0800	Runner	flutter: │       "id": "req_0",
默认	11:48:46.680526+0800	Runner	flutter: │       "success": true,
默认	11:48:46.680644+0800	Runner	flutter: │       "code": 0,
默认	11:48:46.680850+0800	Runner	flutter: │       "message": "ok",
默认	11:48:46.680890+0800	Runner	flutter: │       "data": {
默认	11:48:46.680910+0800	Runner	flutter: │         "request_id": "gw_req_9c8cd50cf0e2ea69c8e796ccd90305e2",
默认	11:48:46.680989+0800	Runner	flutter: │         "trace_id": "trace_4e60099d604d906b769499cd00d70cae",
默认	11:48:46.681082+0800	Runner	flutter: │         "accepted_count": 1,
默认	11:48:46.681265+0800	Runner	flutter: │         "event_name": "candidate_card_click",
默认	11:48:46.681292+0800	Runner	flutter: │         "event_names": [
默认	11:48:46.681377+0800	Runner	flutter: │           "candidate_card_click"
默认	11:48:46.681457+0800	Runner	flutter: │         ],
默认	11:48:46.681549+0800	Runner	flutter: │         "events": [
默认	11:48:46.681643+0800	Runner	flutter: │           {
默认	11:48:46.681734+0800	Runner	flutter: │             "index": 0,
默认	11:48:46.681829+0800	Runner	flutter: │             "event_id": "0b8cdf40-51f6-41dd-97d5-c0c9b8c79d54",
默认	11:48:46.681925+0800	Runner	flutter: │             "event_name": "candidate_card_click",
默认	11:48:46.682010+0800	Runner	flutter: │             "status": "accepted"
默认	11:48:46.682128+0800	Runner	flutter: │           }
默认	11:48:46.682221+0800	Runner	flutter: │         ]
默认	11:48:46.682316+0800	Runner	flutter: │       }
默认	11:48:46.682414+0800	Runner	flutter: │     }
默认	11:48:46.682511+0800	Runner	flutter: │   ]
默认	11:48:46.682604+0800	Runner	flutter: │ }
默认	11:48:46.682780+0800	Runner	flutter: └───────────────────────────────────────────────────────────────────────────────────────────────────
默认	11:48:46.711942+0800	Runner	flutter: ┌───────────────────────────────────────────────────────────────────────────────────────────────────
默认	11:48:46.711976+0800	Runner	flutter: │ [HTTP] --> POST https://api.truthy.top/gateway/invoke service=tool.event_tracking.EventTrackingService method=TrackEvents
默认	11:48:46.712038+0800	Runner	flutter: └───────────────────────────────────────────────────────────────────────────────────────────────────
默认	11:48:46.712719+0800	Runner	flutter: ┌───────────────────────────────────────────────────────────────────────────────────────────────────
默认	11:48:46.712762+0800	Runner	flutter: │ [HTTP] request:
默认	11:48:46.712814+0800	Runner	flutter: │ {
默认	11:48:46.712861+0800	Runner	flutter: │   "comm": {
默认	11:48:46.712912+0800	Runner	flutter: │     "auth_token": "***",
默认	11:48:46.712970+0800	Runner	flutter: │     "user_id": "user_e5f97712121ebfac3d6f6407",
默认	11:48:46.713032+0800	Runner	flutter: │     "device_id": "c5ece928-513e-4e75-a500-28479ac5102a",
默认	11:48:46.713078+0800	Runner	flutter: │     "client_request_id": "crid_1783655326707986",
默认	11:48:46.713115+0800	Runner	flutter: │     "platform": "ios",
默认	11:48:46.713165+0800	Runner	flutter: │     "app_version": "1.0.0",
默认	11:48:46.713219+0800	Runner	flutter: │     "locale": "zh-Hans-HK",
默认	11:48:46.713296+0800	Runner	flutter: │     "country": "HK",
默认	11:48:46.713315+0800	Runner	flutter: │     "timezone": "UTC+08:00"
默认	11:48:46.713354+0800	Runner	flutter: │   },
默认	11:48:46.713409+0800	Runner	flutter: │   "requests": [
默认	11:48:46.713432+0800	Runner	flutter: │     {
默认	11:48:46.713475+0800	Runner	flutter: │       "id": "req_0",
默认	11:48:46.713526+0800	Runner	flutter: │       "service_name": "tool.event_tracking.EventTrackingService",
默认	11:48:46.713586+0800	Runner	flutter: │       "method_name": "TrackEvents",
默认	11:48:46.713618+0800	Runner	flutter: │       "params": {
默认	11:48:46.713665+0800	Runner	flutter: │         "events": [
默认	11:48:46.713705+0800	Runner	flutter: │           {
默认	11:48:46.713814+0800	Runner	flutter: │             "event_id": "d5bafde0-6688-4415-bd01-f22ef47f96ff",
默认	11:48:46.713834+0800	Runner	flutter: │             "event_name": "app_page_stay",
默认	11:48:46.713871+0800	Runner	flutter: │             "event_time_ms": 1783655326289,
默认	11:48:46.713908+0800	Runner	flutter: │             "properties": {
默认	11:48:46.713947+0800	Runner	flutter: │               "logtime": 1783655326289,
默认	11:48:46.714035+0800	Runner	flutter: │               "log_id": "d5bafde0-6688-4415-bd01-f22ef47f96ff",
默认	11:48:46.714046+0800	Runner	flutter: │               "net": "wifi",
默认	11:48:46.714083+0800	Runner	flutter: │               "pkg": "com.sparkjam.truthy.ios",
默认	11:48:46.714191+0800	Runner	flutter: │               "bucket": 56,
默认	11:48:46.714226+0800	Runner	flutter: │               "abslot": 21,
默认	11:48:46.714246+0800	Runner	flutter: │               "ram": "3684MB",
默认	11:48:46.714308+0800	Runner	flutter: │               "cpu": "arm64",
默认	11:48:46.714320+0800	Runner	flutter: │               "sh": 844,
默认	11:48:46.714353+0800	Runner	flutter: │               "sw": 390,
默认	11:48:46.714427+0800	Runner	flutter: │               "city": "",
默认	11:48:46.714449+0800	Runner	flutter: │               "ste": "",
默认	11:48:46.714535+0800	Runner	flutter: │               "lat": "",
默认	11:48:46.714574+0800	Runner	flutter: │               "lng": "",
默认	11:48:46.714589+0800	Runner	flutter: │               "sty": "desk",
默认	11:48:46.714643+0800	Runner	flutter: │               "isp": "",
默认	11:48:46.714711+0800	Runner	flutter: │               "mod": "iphone13,2",
默认	11:48:46.714821+0800	Runner	flutter: │               "brd": "apple",
默认	11:48:46.714844+0800	Runner	flutter: │               "os": "26.3.1",
默认	11:48:46.714853+0800	Runner	flutter: │               "pf": "ios",
默认	11:48:46.714905+0800	Runner	flutter: │               "slan": "zh",
默认	11:48:46.714921+0800	Runner	flutter: │               "reg": "HK",
默认	11:48:46.714986+0800	Runner	flutter: │               "cou": "HK",
默认	11:48:46.714998+0800	Runner	flutter: │               "sub": "",
默认	11:48:46.715046+0800	Runner	flutter: │               "cha": "",
默认	11:48:46.715095+0800	Runner	flutter: │               "verc": "10000",
默认	11:48:46.715131+0800	Runner	flutter: │               "ver": "1.0.0",
默认	11:48:46.715179+0800	Runner	flutter: │               "sid": "5094b07b-cc63-4868-b4ac-6bced54db906",
默认	11:48:46.715225+0800	Runner	flutter: │               "uuid": "***",
默认	11:48:46.715313+0800	Runner	flutter: │               "idfa": "***",
默认	11:48:46.715323+0800	Runner	flutter: │               "idfv": "***",
默认	11:48:46.715361+0800	Runner	flutter: │               "aid": "***",
默认	11:48:46.715429+0800	Runner	flutter: │               "gaid": "***",
默认	11:48:46.715466+0800	Runner	flutter: │               "did": "***",
默认	11:48:46.715507+0800	Runner	flutter: │               "uid": "***",
默认	11:48:46.715548+0800	Runner	flutter: │               "anm": "Truthy",
默认	11:48:46.715588+0800	Runner	flutter: │               "push_id": "",
默认	11:48:46.715641+0800	Runner	flutter: │               "push_type": "",
默认	11:48:46.715729+0800	Runner	flutter: │               "is_pro": "1",
默认	11:48:46.715739+0800	Runner	flutter: │               "page_from": "candidate",
默认	11:48:46.715771+0800	Runner	flutter: │               "duration_s": 1
默认	11:48:46.715836+0800	Runner	flutter: │             }
默认	11:48:46.715909+0800	Runner	flutter: │           },
默认	11:48:46.715926+0800	Runner	flutter: │           {
默认	11:48:46.715975+0800	Runner	flutter: │             "event_id": "84991e0d-d58e-4c0c-ac8f-1ef34a33d6dc",
默认	11:48:46.716051+0800	Runner	flutter: │             "event_name": "report_pageview",
默认	11:48:46.716065+0800	Runner	flutter: │             "event_time_ms": 1783655326290,
默认	11:48:46.716118+0800	Runner	flutter: │             "properties": {
默认	11:48:46.716159+0800	Runner	flutter: │               "logtime": 1783655326290,
默认	11:48:46.716197+0800	Runner	flutter: │               "log_id": "84991e0d-d58e-4c0c-ac8f-1ef34a33d6dc",
默认	11:48:46.716240+0800	Runner	flutter: │               "net": "wifi",
默认	11:48:46.716300+0800	Runner	flutter: │               "pkg": "com.sparkjam.truthy.ios",
默认	11:48:46.716371+0800	Runner	flutter: │               "bucket": 56,
默认	11:48:46.716387+0800	Runner	flutter: │               "abslot": 21,
默认	11:48:46.716437+0800	Runner	flutter: │               "ram": "3684MB",
默认	11:48:46.716473+0800	Runner	flutter: │               "cpu": "arm64",
默认	11:48:46.716516+0800	Runner	flutter: │               "sh": 844,
默认	11:48:46.716562+0800	Runner	flutter: │               "sw": 390,
默认	11:48:46.716619+0800	Runner	flutter: │               "city": "",
默认	11:48:46.716655+0800	Runner	flutter: │               "ste": "",
默认	11:48:46.716694+0800	Runner	flutter: │               "lat": "",
默认	11:48:46.716757+0800	Runner	flutter: │               "lng": "",
默认	11:48:46.716794+0800	Runner	flutter: │               "sty": "desk",
默认	11:48:46.716835+0800	Runner	flutter: │               "isp": "",
默认	11:48:46.716883+0800	Runner	flutter: │               "mod": "iphone13,2",
默认	11:48:46.716933+0800	Runner	flutter: │               "brd": "apple",
默认	11:48:46.716994+0800	Runner	flutter: │               "os": "26.3.1",
默认	11:48:46.717060+0800	Runner	flutter: │               "pf": "ios",
默认	11:48:46.717077+0800	Runner	flutter: │               "slan": "zh",
默认	11:48:46.717129+0800	Runner	flutter: │               "reg": "HK",
默认	11:48:46.717164+0800	Runner	flutter: │               "cou": "HK",
默认	11:48:46.717233+0800	Runner	flutter: │               "sub": "",
默认	11:48:46.717252+0800	Runner	flutter: │               "cha": "",
默认	11:48:46.717303+0800	Runner	flutter: │               "verc": "10000",
默认	11:48:46.717369+0800	Runner	flutter: │               "ver": "1.0.0",
默认	11:48:46.717376+0800	Runner	flutter: │               "sid": "5094b07b-cc63-4868-b4ac-6bced54db906",
默认	11:48:46.717417+0800	Runner	flutter: │               "uuid": "***",
默认	11:48:46.717483+0800	Runner	flutter: │               "idfa": "***",
默认	11:48:46.717523+0800	Runner	flutter: │               "idfv": "***",
默认	11:48:46.717556+0800	Runner	flutter: │               "aid": "***",
默认	11:48:46.717617+0800	Runner	flutter: │               "gaid": "***",
默认	11:48:46.717658+0800	Runner	flutter: │               "did": "***",
默认	11:48:46.717695+0800	Runner	flutter: │               "uid": "***",
默认	11:48:46.717741+0800	Runner	flutter: │               "anm": "Truthy",
默认	11:48:46.717803+0800	Runner	flutter: │               "push_id": "",
默认	11:48:46.717865+0800	Runner	flutter: │               "push_type": "",
默认	11:48:46.717900+0800	Runner	flutter: │               "is_pro": "1",
默认	11:48:46.717938+0800	Runner	flutter: │               "page_from": "candidate",
默认	11:48:46.717978+0800	Runner	flutter: │               "task_id": "task_68022659b15a60aa6f84c2a0",
默认	11:48:46.718046+0800	Runner	flutter: │               "candidate_id": "report_943c2e492f2ecd83e6e6f95a_candidate_8"
默认	11:48:46.718108+0800	Runner	flutter: │             }
默认	11:48:46.718127+0800	Runner	flutter: │           },
默认	11:48:46.718188+0800	Runner	flutter: │           {
默认	11:48:46.718234+0800	Runner	flutter: │             "event_id": "4cd43fb9-e50a-45f3-9357-d331f3cb4fcb",
默认	11:48:46.718276+0800	Runner	flutter: │             "event_name": "report_load_success",
默认	11:48:46.718324+0800	Runner	flutter: │             "event_time_ms": 1783655326535,
默认	11:48:46.718394+0800	Runner	flutter: │             "properties": {
默认	11:48:46.718413+0800	Runner	flutter: │               "logtime": 1783655326535,
默认	11:48:46.718467+0800	Runner	flutter: │               "log_id": "4cd43fb9-e50a-45f3-9357-d331f3cb4fcb",
默认	11:48:46.718514+0800	Runner	flutter: │               "net": "wifi",
默认	11:48:46.718559+0800	Runner	flutter: │               "pkg": "com.sparkjam.truthy.ios",
默认	11:48:46.718597+0800	Runner	flutter: │               "bucket": 56,
默认	11:48:46.718628+0800	Runner	flutter: │               "abslot": 21,
默认	11:48:46.718699+0800	Runner	flutter: │               "ram": "3684MB",
默认	11:48:46.718734+0800	Runner	flutter: │               "cpu": "arm64",
默认	11:48:46.718774+0800	Runner	flutter: │               "sh": 844,
默认	11:48:46.718816+0800	Runner	flutter: │               "sw": 390,
默认	11:48:46.718903+0800	Runner	flutter: │               "city": "",
默认	11:48:46.718913+0800	Runner	flutter: │               "ste": "",
默认	11:48:46.718966+0800	Runner	flutter: │               "lat": "",
默认	11:48:46.718997+0800	Runner	flutter: │               "lng": "",
默认	11:48:46.719058+0800	Runner	flutter: │               "sty": "desk",
默认	11:48:46.719127+0800	Runner	flutter: │               "isp": "",
默认	11:48:46.719135+0800	Runner	flutter: │               "mod": "iphone13,2",
默认	11:48:46.719178+0800	Runner	flutter: │               "brd": "apple",
默认	11:48:46.719228+0800	Runner	flutter: │               "os": "26.3.1",
默认	11:48:46.719316+0800	Runner	flutter: │               "pf": "ios",
默认	11:48:46.719331+0800	Runner	flutter: │               "slan": "zh",
默认	11:48:46.719400+0800	Runner	flutter: │               "reg": "HK",
默认	11:48:46.719412+0800	Runner	flutter: │               "cou": "HK",
默认	11:48:46.719446+0800	Runner	flutter: │               "sub": "",
默认	11:48:46.719491+0800	Runner	flutter: │               "cha": "",
默认	11:48:46.719548+0800	Runner	flutter: │               "verc": "10000",
默认	11:48:46.719603+0800	Runner	flutter: │               "ver": "1.0.0",
默认	11:48:46.719667+0800	Runner	flutter: │               "sid": "5094b07b-cc63-4868-b4ac-6bced54db906",
默认	11:48:46.719686+0800	Runner	flutter: │               "uuid": "***",
默认	11:48:46.719733+0800	Runner	flutter: │               "idfa": "***",
默认	11:48:46.719767+0800	Runner	flutter: │               "idfv": "***",
默认	11:48:46.719801+0800	Runner	flutter: │               "aid": "***",
默认	11:48:46.719868+0800	Runner	flutter: │               "gaid": "***",
默认	11:48:46.719907+0800	Runner	flutter: │               "did": "***",
默认	11:48:46.719944+0800	Runner	flutter: │               "uid": "***",
默认	11:48:46.720011+0800	Runner	flutter: │               "anm": "Truthy",
默认	11:48:46.720068+0800	Runner	flutter: │               "push_id": "",
默认	11:48:46.720109+0800	Runner	flutter: │               "push_type": "",
默认	11:48:46.720146+0800	Runner	flutter: │               "is_pro": "1",
默认	11:48:46.720189+0800	Runner	flutter: │               "page_from": "candidate",
默认	11:48:46.720247+0800	Runner	flutter: │               "task_id": "task_68022659b15a60aa6f84c2a0",
默认	11:48:46.720312+0800	Runner	flutter: │               "candidate_id": "report_943c2e492f2ecd83e6e6f95a_candidate_8",
默认	11:48:46.720331+0800	Runner	flutter: │               "report": {
默认	11:48:46.720377+0800	Runner	flutter: │                 "summary": {
默认	11:48:46.720413+0800	Runner	flutter: │                   "display_name": "joe lynn",
默认	11:48:46.720448+0800	Runner	flutter: │                   "has_avatar": 0,
默认	11:48:46.720516+0800	Runner	flutter: │                   "jobs_count": 1,
默认	11:48:46.720575+0800	Runner	flutter: │                   "has_education": 1,
默认	11:48:46.720639+0800	Runner	flutter: │                   "has_location": 1,
默认	11:48:46.720662+0800	Runner	flutter: │                   "social_platforms_count": 3
默认	11:48:46.720737+0800	Runner	flutter: │                 },
默认	11:48:46.720881+0800	Runner	flutter: │                 "social": {
默认	11:48:46.720911+0800	Runner	flutter: │                   "status": "data",
默认	11:48:46.720935+0800	Runner	flutter: │                   "profiles_count": 3,
默认	11:48:46.720952+0800	Runner	flutter: │                   "private_accounts_count": 0
默认	11:48:46.720977+0800	Runner	flutter: │                 },
默认	11:48:46.721077+0800	Runner	flutter: │                 "photos": {
默认	11:48:46.721096+0800	Runner	flutter: │                   "status": "empty",
默认	11:48:46.721117+0800	Runner	flutter: │                   "identity_match_rate": 0,
默认	11:48:46.721165+0800	Runner	flutter: │                   "match_photos_count": 0,
默认	11:48:46.721189+0800	Runner	flutter: │                   "authenticity_photos_count": 0
默认	11:48:46.721210+0800	Runner	flutter: │                 },
默认	11:48:46.721303+0800	Runner	flutter: │                 "profile": {
默认	11:48:46.721463+0800	Runner	flutter: │                   "status": "data",
默认	11:48:46.721498+0800	Runner	flutter: │                   "sections_count": 3,
默认	11:48:46.721632+0800	Runner	flutter: │                   "items_count": 5
默认	11:48:46.721666+0800	Runner	flutter: │                 },
默认	11:48:46.721718+0800	Runner	flutter: │                 "insights": {
默认	11:48:46.721740+0800	Runner	flutter: │                   "status": "empty",
默认	11:48:46.721776+0800	Runner	flutter: │                   "items_count": 0,
默认	11:48:46.721796+0800	Runner	flutter: │                   "links_count": 0
默认	11:48:46.721824+0800	Runner	flutter: │                 }
默认	11:48:46.721833+0800	Runner	flutter: │               }
默认	11:48:46.721843+0800	Runner	flutter: │             }
默认	11:48:46.721851+0800	Runner	flutter: │           }
默认	11:48:46.721868+0800	Runner	flutter: │         ]
默认	11:48:46.721884+0800	Runner	flutter: │       }
默认	11:48:46.721904+0800	Runner	flutter: │     }
默认	11:48:46.721923+0800	Runner	flutter: │   ]
默认	11:48:46.721965+0800	Runner	flutter: │ }
默认	11:48:46.722067+0800	Runner	flutter: └───────────────────────────────────────────────────────────────────────────────────────────────────
默认	11:48:47.107170+0800	Runner	flutter: ┌───────────────────────────────────────────────────────────────────────────────────────────────────
默认	11:48:47.107254+0800	Runner	flutter: │ [HTTP] <-- 200 POST https://api.truthy.top/gateway/invoke service=tool.event_tracking.EventTrackingService method=TrackEvents
默认	11:48:47.107510+0800	Runner	flutter: └───────────────────────────────────────────────────────────────────────────────────────────────────
默认	11:48:47.108073+0800	Runner	flutter: ┌───────────────────────────────────────────────────────────────────────────────────────────────────
默认	11:48:47.108191+0800	Runner	flutter: │ [HTTP] response:
默认	11:48:47.108313+0800	Runner	flutter: │ {
默认	11:48:47.108439+0800	Runner	flutter: │   "code": 0,
默认	11:48:47.108582+0800	Runner	flutter: │   "message": "ok",
默认	11:48:47.108727+0800	Runner	flutter: │   "request_id": "gw_req_119c0620b192be83bba9ceef7c78322e",
默认	11:48:47.108876+0800	Runner	flutter: │   "trace_id": "trace_fa242a3ed53e975757757e492de1260f",
默认	11:48:47.109087+0800	Runner	flutter: │   "responses": [
默认	11:48:47.109209+0800	Runner	flutter: │     {
默认	11:48:47.109324+0800	Runner	flutter: │       "id": "req_0",
默认	11:48:47.109504+0800	Runner	flutter: │       "success": true,
默认	11:48:47.109600+0800	Runner	flutter: │       "code": 0,
默认	11:48:47.109721+0800	Runner	flutter: │       "message": "ok",
默认	11:48:47.110169+0800	Runner	flutter: │       "data": {
默认	11:48:47.110214+0800	Runner	flutter: │         "request_id": "gw_req_119c0620b192be83bba9ceef7c78322e",
默认	11:48:47.110346+0800	Runner	flutter: │         "trace_id": "trace_fa242a3ed53e975757757e492de1260f",
默认	11:48:47.110480+0800	Runner	flutter: │         "accepted_count": 3,
默认	11:48:47.110516+0800	Runner	flutter: │         "event_name": "app_page_stay",
默认	11:48:47.110573+0800	Runner	flutter: │         "event_names": [
默认	11:48:47.110694+0800	Runner	flutter: │           "app_page_stay",
默认	11:48:47.110980+0800	Runner	flutter: │           "report_pageview",
默认	11:48:47.111042+0800	Runner	flutter: │           "report_load_success"
默认	11:48:47.111156+0800	Runner	flutter: │         ],
默认	11:48:47.111284+0800	Runner	flutter: │         "events": [
默认	11:48:47.111468+0800	Runner	flutter: │           {
默认	11:48:47.111566+0800	Runner	flutter: │             "index": 0,
默认	11:48:47.111790+0800	Runner	flutter: │             "event_id": "d5bafde0-6688-4415-bd01-f22ef47f96ff",
默认	11:48:47.111850+0800	Runner	flutter: │             "event_name": "app_page_stay",
默认	11:48:47.112101+0800	Runner	flutter: │             "status": "accepted"
默认	11:48:47.112133+0800	Runner	flutter: │           },
默认	11:48:47.112237+0800	Runner	flutter: │           {
默认	11:48:47.112495+0800	Runner	flutter: │             "index": 1,
默认	11:48:47.112529+0800	Runner	flutter: │             "event_id": "84991e0d-d58e-4c0c-ac8f-1ef34a33d6dc",
默认	11:48:47.112776+0800	Runner	flutter: │             "event_name": "report_pageview",
默认	11:48:47.112809+0800	Runner	flutter: │             "status": "accepted"
默认	11:48:47.112934+0800	Runner	flutter: │           },
默认	11:48:47.113050+0800	Runner	flutter: │           {
默认	11:48:47.113413+0800	Runner	flutter: │             "index": 2,
默认	11:48:47.113688+0800	Runner	flutter: │             "event_id": "4cd43fb9-e50a-45f3-9357-d331f3cb4fcb",
默认	11:48:47.113718+0800	Runner	flutter: │             "event_name": "report_load_success",
默认	11:48:47.113737+0800	Runner	flutter: │             "status": "accepted"
默认	11:48:47.113753+0800	Runner	flutter: │           }
默认	11:48:47.113796+0800	Runner	flutter: │         ]
默认	11:48:47.113996+0800	Runner	flutter: │       }
默认	11:48:47.114042+0800	Runner	flutter: │     }
默认	11:48:47.114089+0800	Runner	flutter: │   ]
默认	11:48:47.114167+0800	Runner	flutter: │ }
默认	11:48:47.114379+0800	Runner	flutter: └───────────────────────────────────────────────────────────────────────────────────────────────────
默认	11:48:48.116667+0800	Runner	flutter: ┌───────────────────────────────────────────────────────────────────────────────────────────────────
默认	11:48:48.116707+0800	Runner	flutter: │ [EventTracking] name=app_page_stay id=1152d773-433e-4090-b928-925f3de6c5a8 time=1783655328109 props={"page_from":"report","duration_s":1}
默认	11:48:48.116729+0800	Runner	flutter: └───────────────────────────────────────────────────────────────────────────────────────────────────
默认	11:48:48.136173+0800	Runner	flutter: ┌───────────────────────────────────────────────────────────────────────────────────────────────────
默认	11:48:48.136282+0800	Runner	flutter: │ [HTTP] --> POST https://api.truthy.top/gateway/invoke service=tool.event_tracking.EventTrackingService method=TrackEvents
默认	11:48:48.136323+0800	Runner	flutter: └───────────────────────────────────────────────────────────────────────────────────────────────────
默认	11:48:48.136524+0800	Runner	flutter: ┌───────────────────────────────────────────────────────────────────────────────────────────────────
默认	11:48:48.136542+0800	Runner	flutter: │ [HTTP] request:
默认	11:48:48.136625+0800	Runner	flutter: │ {
默认	11:48:48.136640+0800	Runner	flutter: │   "comm": {
默认	11:48:48.136671+0800	Runner	flutter: │     "auth_token": "***",
默认	11:48:48.136718+0800	Runner	flutter: │     "user_id": "user_e5f97712121ebfac3d6f6407",
默认	11:48:48.136781+0800	Runner	flutter: │     "device_id": "c5ece928-513e-4e75-a500-28479ac5102a",
默认	11:48:48.136836+0800	Runner	flutter: │     "client_request_id": "crid_1783655328130189",
默认	11:48:48.136929+0800	Runner	flutter: │     "platform": "ios",
默认	11:48:48.136943+0800	Runner	flutter: │     "app_version": "1.0.0",
默认	11:48:48.137151+0800	Runner	flutter: │     "locale": "zh-Hans-HK",
默认	11:48:48.137167+0800	Runner	flutter: │     "country": "HK",
默认	11:48:48.137177+0800	Runner	flutter: │     "timezone": "UTC+08:00"
默认	11:48:48.137278+0800	Runner	flutter: │   },
默认	11:48:48.137306+0800	Runner	flutter: │   "requests": [
默认	11:48:48.137317+0800	Runner	flutter: │     {
默认	11:48:48.137329+0800	Runner	flutter: │       "id": "req_0",
默认	11:48:48.137404+0800	Runner	flutter: │       "service_name": "tool.event_tracking.EventTrackingService",
默认	11:48:48.137501+0800	Runner	flutter: │       "method_name": "TrackEvents",
默认	11:48:48.137516+0800	Runner	flutter: │       "params": {
默认	11:48:48.137561+0800	Runner	flutter: │         "events": [
默认	11:48:48.137605+0800	Runner	flutter: │           {
默认	11:48:48.137711+0800	Runner	flutter: │             "event_id": "1152d773-433e-4090-b928-925f3de6c5a8",
默认	11:48:48.137756+0800	Runner	flutter: │             "event_name": "app_page_stay",
默认	11:48:48.137800+0800	Runner	flutter: │             "event_time_ms": 1783655328109,
默认	11:48:48.137846+0800	Runner	flutter: │             "properties": {
默认	11:48:48.137968+0800	Runner	flutter: │               "logtime": 1783655328109,
默认	11:48:48.137980+0800	Runner	flutter: │               "log_id": "1152d773-433e-4090-b928-925f3de6c5a8",
默认	11:48:48.138025+0800	Runner	flutter: │               "net": "wifi",
默认	11:48:48.138073+0800	Runner	flutter: │               "pkg": "com.sparkjam.truthy.ios",
默认	11:48:48.138124+0800	Runner	flutter: │               "bucket": 56,
默认	11:48:48.138236+0800	Runner	flutter: │               "abslot": 21,
默认	11:48:48.138251+0800	Runner	flutter: │               "ram": "3684MB",
默认	11:48:48.138293+0800	Runner	flutter: │               "cpu": "arm64",
默认	11:48:48.138344+0800	Runner	flutter: │               "sh": 844,
默认	11:48:48.138398+0800	Runner	flutter: │               "sw": 390,
默认	11:48:48.138453+0800	Runner	flutter: │               "city": "",
默认	11:48:48.138504+0800	Runner	flutter: │               "ste": "",
默认	11:48:48.138626+0800	Runner	flutter: │               "lat": "",
默认	11:48:48.138639+0800	Runner	flutter: │               "lng": "",
默认	11:48:48.138679+0800	Runner	flutter: │               "sty": "desk",
默认	11:48:48.138716+0800	Runner	flutter: │               "isp": "",
默认	11:48:48.138756+0800	Runner	flutter: │               "mod": "iphone13,2",
默认	11:48:48.138895+0800	Runner	flutter: │               "brd": "apple",
默认	11:48:48.138906+0800	Runner	flutter: │               "os": "26.3.1",
默认	11:48:48.138915+0800	Runner	flutter: │               "pf": "ios",
默认	11:48:48.138952+0800	Runner	flutter: │               "slan": "zh",
默认	11:48:48.138993+0800	Runner	flutter: │               "reg": "HK",
默认	11:48:48.139029+0800	Runner	flutter: │               "cou": "HK",
默认	11:48:48.139069+0800	Runner	flutter: │               "sub": "",
默认	11:48:48.139153+0800	Runner	flutter: │               "cha": "",
默认	11:48:48.139163+0800	Runner	flutter: │               "verc": "10000",
默认	11:48:48.139256+0800	Runner	flutter: │               "ver": "1.0.0",
默认	11:48:48.139303+0800	Runner	flutter: │               "sid": "5094b07b-cc63-4868-b4ac-6bced54db906",
默认	11:48:48.139369+0800	Runner	flutter: │               "uuid": "***",
默认	11:48:48.139379+0800	Runner	flutter: │               "idfa": "***",
默认	11:48:48.139483+0800	Runner	flutter: │               "idfv": "***",
默认	11:48:48.139497+0800	Runner	flutter: │               "aid": "***",
默认	11:48:48.139507+0800	Runner	flutter: │               "gaid": "***",
默认	11:48:48.139539+0800	Runner	flutter: │               "did": "***",
默认	11:48:48.139635+0800	Runner	flutter: │               "uid": "***",
默认	11:48:48.139679+0800	Runner	flutter: │               "anm": "Truthy",
默认	11:48:48.139692+0800	Runner	flutter: │               "push_id": "",
默认	11:48:48.139733+0800	Runner	flutter: │               "push_type": "",
默认	11:48:48.139766+0800	Runner	flutter: │               "is_pro": "1",
默认	11:48:48.139869+0800	Runner	flutter: │               "page_from": "report",
默认	11:48:48.139880+0800	Runner	flutter: │               "duration_s": 1
默认	11:48:48.139918+0800	Runner	flutter: │             }
默认	11:48:48.139957+0800	Runner	flutter: │           }
默认	11:48:48.140007+0800	Runner	flutter: │         ]
默认	11:48:48.140045+0800	Runner	flutter: │       }
默认	11:48:48.140094+0800	Runner	flutter: │     }
默认	11:48:48.140162+0800	Runner	flutter: │   ]
默认	11:48:48.140199+0800	Runner	flutter: │ }
默认	11:48:48.140347+0800	Runner	flutter: └───────────────────────────────────────────────────────────────────────────────────────────────────
默认	11:48:48.354368+0800	Runner	flutter: ┌───────────────────────────────────────────────────────────────────────────────────────────────────
默认	11:48:48.354518+0800	Runner	flutter: │ [HTTP] <-- 200 POST https://api.truthy.top/gateway/invoke service=tool.event_tracking.EventTrackingService method=TrackEvents
默认	11:48:48.354607+0800	Runner	flutter: └───────────────────────────────────────────────────────────────────────────────────────────────────
默认	11:48:48.354933+0800	Runner	flutter: ┌───────────────────────────────────────────────────────────────────────────────────────────────────
默认	11:48:48.354965+0800	Runner	flutter: │ [HTTP] response:
默认	11:48:48.355004+0800	Runner	flutter: │ {
默认	11:48:48.355129+0800	Runner	flutter: │   "code": 0,
默认	11:48:48.355165+0800	Runner	flutter: │   "message": "ok",
默认	11:48:48.355254+0800	Runner	flutter: │   "request_id": "gw_req_7d65a0301e1c57ca3430a63d77b25745",
默认	11:48:48.355427+0800	Runner	flutter: │   "trace_id": "trace_ab8e2df148133fc555669c650f854165",
默认	11:48:48.355453+0800	Runner	flutter: │   "responses": [
默认	11:48:48.355535+0800	Runner	flutter: │     {
默认	11:48:48.355618+0800	Runner	flutter: │       "id": "req_0",
默认	11:48:48.355710+0800	Runner	flutter: │       "success": true,
默认	11:48:48.355804+0800	Runner	flutter: │       "code": 0,
默认	11:48:48.355902+0800	Runner	flutter: │       "message": "ok",
默认	11:48:48.356023+0800	Runner	flutter: │       "data": {
默认	11:48:48.356106+0800	Runner	flutter: │         "request_id": "gw_req_7d65a0301e1c57ca3430a63d77b25745",
默认	11:48:48.356275+0800	Runner	flutter: │         "trace_id": "trace_ab8e2df148133fc555669c650f854165",
默认	11:48:48.356298+0800	Runner	flutter: │         "accepted_count": 1,
默认	11:48:48.356618+0800	Runner	flutter: │         "event_name": "app_page_stay",
默认	11:48:48.356646+0800	Runner	flutter: │         "event_names": [
默认	11:48:48.356662+0800	Runner	flutter: │           "app_page_stay"
默认	11:48:48.356744+0800	Runner	flutter: │         ],
默认	11:48:48.356905+0800	Runner	flutter: │         "events": [
默认	11:48:48.356933+0800	Runner	flutter: │           {
默认	11:48:48.357014+0800	Runner	flutter: │             "index": 0,
默认	11:48:48.357248+0800	Runner	flutter: │             "event_id": "1152d773-433e-4090-b928-925f3de6c5a8",
默认	11:48:48.357270+0800	Runner	flutter: │             "event_name": "app_page_stay",
默认	11:48:48.357377+0800	Runner	flutter: │             "status": "accepted"
默认	11:48:48.357398+0800	Runner	flutter: │           }
默认	11:48:48.357472+0800	Runner	flutter: │         ]
默认	11:48:48.357726+0800	Runner	flutter: │       }
默认	11:48:48.357748+0800	Runner	flutter: │     }
默认	11:48:48.357764+0800	Runner	flutter: │   ]
默认	11:48:48.357837+0800	Runner	flutter: │ }
默认	11:48:48.358016+0800	Runner	flutter: └───────────────────────────────────────────────────────────────────────────────────────────────────
默认	11:48:48.481281+0800	Runner	flutter: ┌───────────────────────────────────────────────────────────────────────────────────────────────────
默认	11:48:48.481671+0800	Runner	flutter: │ [EventTracking] name=report_tab_view id=d40ef7cd-29de-4408-8d97-4aab1ad6b38d time=1783655328480 props={"page_from":"candidate","task_id":"task_68022659b15a60aa6f84c2a0","candidate_id":"report_943c2e492f2ecd83e6e6f95a_candidate_8","type":"social","stay_time":1.944}
默认	11:48:48.481868+0800	Runner	flutter: └───────────────────────────────────────────────────────────────────────────────────────────────────
默认	11:48:48.502322+0800	Runner	flutter: ┌───────────────────────────────────────────────────────────────────────────────────────────────────
默认	11:48:48.502357+0800	Runner	flutter: │ [HTTP] --> POST https://api.truthy.top/gateway/invoke service=tool.event_tracking.EventTrackingService method=TrackEvents
默认	11:48:48.502428+0800	Runner	flutter: └───────────────────────────────────────────────────────────────────────────────────────────────────
默认	11:48:48.502919+0800	Runner	flutter: ┌───────────────────────────────────────────────────────────────────────────────────────────────────
默认	11:48:48.502943+0800	Runner	flutter: │ [HTTP] request:
默认	11:48:48.502981+0800	Runner	flutter: │ {
默认	11:48:48.502995+0800	Runner	flutter: │   "comm": {
默认	11:48:48.503007+0800	Runner	flutter: │     "auth_token": "***",
默认	11:48:48.503056+0800	Runner	flutter: │     "user_id": "user_e5f97712121ebfac3d6f6407",
默认	11:48:48.503114+0800	Runner	flutter: │     "device_id": "c5ece928-513e-4e75-a500-28479ac5102a",
默认	11:48:48.503233+0800	Runner	flutter: │     "client_request_id": "crid_1783655328495550",
默认	11:48:48.503249+0800	Runner	flutter: │     "platform": "ios",
默认	11:48:48.503261+0800	Runner	flutter: │     "app_version": "1.0.0",
默认	11:48:48.503314+0800	Runner	flutter: │     "locale": "zh-Hans-HK",
默认	11:48:48.503369+0800	Runner	flutter: │     "country": "HK",
默认	11:48:48.503426+0800	Runner	flutter: │     "timezone": "UTC+08:00"
默认	11:48:48.503479+0800	Runner	flutter: │   },
默认	11:48:48.503520+0800	Runner	flutter: │   "requests": [
默认	11:48:48.503563+0800	Runner	flutter: │     {
默认	11:48:48.503601+0800	Runner	flutter: │       "id": "req_0",
默认	11:48:48.503660+0800	Runner	flutter: │       "service_name": "tool.event_tracking.EventTrackingService",
默认	11:48:48.503710+0800	Runner	flutter: │       "method_name": "TrackEvents",
默认	11:48:48.503751+0800	Runner	flutter: │       "params": {
默认	11:48:48.503825+0800	Runner	flutter: │         "events": [
默认	11:48:48.503855+0800	Runner	flutter: │           {
默认	11:48:48.503886+0800	Runner	flutter: │             "event_id": "d40ef7cd-29de-4408-8d97-4aab1ad6b38d",
默认	11:48:48.503926+0800	Runner	flutter: │             "event_name": "report_tab_view",
默认	11:48:48.503989+0800	Runner	flutter: │             "event_time_ms": 1783655328480,
默认	11:48:48.504030+0800	Runner	flutter: │             "properties": {
默认	11:48:48.504126+0800	Runner	flutter: │               "logtime": 1783655328480,
默认	11:48:48.504137+0800	Runner	flutter: │               "log_id": "d40ef7cd-29de-4408-8d97-4aab1ad6b38d",
默认	11:48:48.504174+0800	Runner	flutter: │               "net": "wifi",
默认	11:48:48.504259+0800	Runner	flutter: │               "pkg": "com.sparkjam.truthy.ios",
默认	11:48:48.504270+0800	Runner	flutter: │               "bucket": 56,
默认	11:48:48.504307+0800	Runner	flutter: │               "abslot": 21,
默认	11:48:48.504394+0800	Runner	flutter: │               "ram": "3684MB",
默认	11:48:48.504405+0800	Runner	flutter: │               "cpu": "arm64",
默认	11:48:48.504486+0800	Runner	flutter: │               "sh": 844,
默认	11:48:48.504497+0800	Runner	flutter: │               "sw": 390,
默认	11:48:48.504534+0800	Runner	flutter: │               "city": "",
默认	11:48:48.504637+0800	Runner	flutter: │               "ste": "",
默认	11:48:48.504648+0800	Runner	flutter: │               "lat": "",
默认	11:48:48.504810+0800	Runner	flutter: │               "lng": "",
默认	11:48:48.504820+0800	Runner	flutter: │               "sty": "desk",
默认	11:48:48.504827+0800	Runner	flutter: │               "isp": "",
默认	11:48:48.504836+0800	Runner	flutter: │               "mod": "iphone13,2",
默认	11:48:48.504875+0800	Runner	flutter: │               "brd": "apple",
默认	11:48:48.504916+0800	Runner	flutter: │               "os": "26.3.1",
默认	11:48:48.504954+0800	Runner	flutter: │               "pf": "ios",
默认	11:48:48.505033+0800	Runner	flutter: │               "slan": "zh",
默认	11:48:48.505058+0800	Runner	flutter: │               "reg": "HK",
默认	11:48:48.505100+0800	Runner	flutter: │               "cou": "HK",
默认	11:48:48.505137+0800	Runner	flutter: │               "sub": "",
默认	11:48:48.505178+0800	Runner	flutter: │               "cha": "",
默认	11:48:48.505250+0800	Runner	flutter: │               "verc": "10000",
默认	11:48:48.505424+0800	Runner	flutter: │               "ver": "1.0.0",
默认	11:48:48.505496+0800	Runner	flutter: │               "sid": "5094b07b-cc63-4868-b4ac-6bced54db906",
默认	11:48:48.505515+0800	Runner	flutter: │               "uuid": "***",
默认	11:48:48.505554+0800	Runner	flutter: │               "idfa": "***",
默认	11:48:48.505593+0800	Runner	flutter: │               "idfv": "***",
默认	11:48:48.505662+0800	Runner	flutter: │               "aid": "***",
默认	11:48:48.505733+0800	Runner	flutter: │               "gaid": "***",
默认	11:48:48.505745+0800	Runner	flutter: │               "did": "***",
默认	11:48:48.505820+0800	Runner	flutter: │               "uid": "***",
默认	11:48:48.505831+0800	Runner	flutter: │               "anm": "Truthy",
默认	11:48:48.505881+0800	Runner	flutter: │               "push_id": "",
默认	11:48:48.505920+0800	Runner	flutter: │               "push_type": "",
默认	11:48:48.505968+0800	Runner	flutter: │               "is_pro": "1",
默认	11:48:48.506031+0800	Runner	flutter: │               "page_from": "candidate",
默认	11:48:48.506078+0800	Runner	flutter: │               "task_id": "task_68022659b15a60aa6f84c2a0",
默认	11:48:48.506150+0800	Runner	flutter: │               "candidate_id": "report_943c2e492f2ecd83e6e6f95a_candidate_8",
默认	11:48:48.506169+0800	Runner	flutter: │               "type": "social",
默认	11:48:48.506206+0800	Runner	flutter: │               "stay_time": 1.944
默认	11:48:48.506237+0800	Runner	flutter: │             }
默认	11:48:48.506302+0800	Runner	flutter: │           }
默认	11:48:48.506334+0800	Runner	flutter: │         ]
默认	11:48:48.506370+0800	Runner	flutter: │       }
默认	11:48:48.506421+0800	Runner	flutter: │     }
默认	11:48:48.506490+0800	Runner	flutter: │   ]
默认	11:48:48.506505+0800	Runner	flutter: │ }
默认	11:48:48.506606+0800	Runner	flutter: └───────────────────────────────────────────────────────────────────────────────────────────────────
默认	11:48:48.745188+0800	Runner	flutter: ┌───────────────────────────────────────────────────────────────────────────────────────────────────
默认	11:48:48.745377+0800	Runner	flutter: │ [HTTP] <-- 200 POST https://api.truthy.top/gateway/invoke service=tool.event_tracking.EventTrackingService method=TrackEvents
默认	11:48:48.745551+0800	Runner	flutter: └───────────────────────────────────────────────────────────────────────────────────────────────────
默认	11:48:48.745635+0800	Runner	flutter: ┌───────────────────────────────────────────────────────────────────────────────────────────────────
默认	11:48:48.745744+0800	Runner	flutter: │ [HTTP] response:
默认	11:48:48.745846+0800	Runner	flutter: │ {
默认	11:48:48.745933+0800	Runner	flutter: │   "code": 0,
默认	11:48:48.746011+0800	Runner	flutter: │   "message": "ok",
默认	11:48:48.746150+0800	Runner	flutter: │   "request_id": "gw_req_f482d39d59910a1864abb342a2352720",
默认	11:48:48.746228+0800	Runner	flutter: │   "trace_id": "trace_cdd720c34f5cce1449aa171d7751fd24",
默认	11:48:48.746313+0800	Runner	flutter: │   "responses": [
默认	11:48:48.746421+0800	Runner	flutter: │     {
默认	11:48:48.746568+0800	Runner	flutter: │       "id": "req_0",
默认	11:48:48.746591+0800	Runner	flutter: │       "success": true,
默认	11:48:48.746665+0800	Runner	flutter: │       "code": 0,
默认	11:48:48.746742+0800	Runner	flutter: │       "message": "ok",
默认	11:48:48.746841+0800	Runner	flutter: │       "data": {
默认	11:48:48.747555+0800	Runner	flutter: │         "request_id": "gw_req_f482d39d59910a1864abb342a2352720",
默认	11:48:48.747605+0800	Runner	flutter: │         "trace_id": "trace_cdd720c34f5cce1449aa171d7751fd24",
默认	11:48:48.747625+0800	Runner	flutter: │         "accepted_count": 1,
默认	11:48:48.747642+0800	Runner	flutter: │         "event_name": "report_tab_view",
默认	11:48:48.747658+0800	Runner	flutter: │         "event_names": [
默认	11:48:48.747673+0800	Runner	flutter: │           "report_tab_view"
默认	11:48:48.747689+0800	Runner	flutter: │         ],
默认	11:48:48.747705+0800	Runner	flutter: │         "events": [
默认	11:48:48.747806+0800	Runner	flutter: │           {
默认	11:48:48.747828+0800	Runner	flutter: │             "index": 0,
默认	11:48:48.747901+0800	Runner	flutter: │             "event_id": "d40ef7cd-29de-4408-8d97-4aab1ad6b38d",
默认	11:48:48.748094+0800	Runner	flutter: │             "event_name": "report_tab_view",
默认	11:48:48.748117+0800	Runner	flutter: │             "status": "accepted"
默认	11:48:48.748188+0800	Runner	flutter: │           }
默认	11:48:48.748270+0800	Runner	flutter: │         ]
默认	11:48:48.748368+0800	Runner	flutter: │       }
默认	11:48:48.748445+0800	Runner	flutter: │     }
默认	11:48:48.748528+0800	Runner	flutter: │   ]
默认	11:48:48.748611+0800	Runner	flutter: │ }
默认	11:48:48.748817+0800	Runner	flutter: └───────────────────────────────────────────────────────────────────────────────────────────────────
默认	11:48:49.883517+0800	Runner	flutter: ┌───────────────────────────────────────────────────────────────────────────────────────────────────
默认	11:48:49.883564+0800	Runner	flutter: │ [EventTracking] name=candidate_card_click id=d44caeb3-876a-4399-908e-6c5cb786e4b6 time=1783655329880 props={"task_id":"task_68022659b15a60aa6f84c2a0","candidate_id":"report_943c2e492f2ecd83e6e6f95a_candidate_5","confidence":35,"rank":6}
默认	11:48:49.883606+0800	Runner	flutter: └───────────────────────────────────────────────────────────────────────────────────────────────────
默认	11:48:49.895844+0800	Runner	flutter: ┌───────────────────────────────────────────────────────────────────────────────────────────────────
默认	11:48:49.895885+0800	Runner	flutter: │ [EventTracking] name=app_page_stay id=fdc59287-90ab-45d4-827a-4b87d5ae3f3d time=1783655329895 props={"page_from":"candidate","duration_s":1}
默认	11:48:49.896070+0800	Runner	flutter: └───────────────────────────────────────────────────────────────────────────────────────────────────
默认	11:48:49.896878+0800	Runner	flutter: ┌───────────────────────────────────────────────────────────────────────────────────────────────────
默认	11:48:49.896905+0800	Runner	flutter: │ [EventTracking] name=report_pageview id=f94d0212-aae2-45cf-bd2a-0304b1c8d241 time=1783655329896 props={"page_from":"candidate","task_id":"task_68022659b15a60aa6f84c2a0","candidate_id":"report_943c2e492f2ecd83e6e6f95a_candidate_5"}
默认	11:48:49.897603+0800	Runner	flutter: └───────────────────────────────────────────────────────────────────────────────────────────────────
默认	11:48:49.917067+0800	Runner	flutter: ┌───────────────────────────────────────────────────────────────────────────────────────────────────
默认	11:48:49.917098+0800	Runner	flutter: │ [HTTP] --> POST https://api.truthy.top/gateway/invoke service=tool.people_insight.SearchService method=GetTaskCandidateDetail
默认	11:48:49.917450+0800	Runner	flutter: └───────────────────────────────────────────────────────────────────────────────────────────────────
默认	11:48:49.917476+0800	Runner	flutter: ┌───────────────────────────────────────────────────────────────────────────────────────────────────
默认	11:48:49.917543+0800	Runner	flutter: │ [HTTP] request:
默认	11:48:49.917566+0800	Runner	flutter: │ {
默认	11:48:49.917576+0800	Runner	flutter: │   "comm": {
默认	11:48:49.917587+0800	Runner	flutter: │     "auth_token": "***",
默认	11:48:49.917597+0800	Runner	flutter: │     "user_id": "user_e5f97712121ebfac3d6f6407",
默认	11:48:49.917606+0800	Runner	flutter: │     "device_id": "c5ece928-513e-4e75-a500-28479ac5102a",
默认	11:48:49.917613+0800	Runner	flutter: │     "client_request_id": "crid_1783655329910969",
默认	11:48:49.917674+0800	Runner	flutter: │     "platform": "ios",
默认	11:48:49.917685+0800	Runner	flutter: │     "app_version": "1.0.0",
默认	11:48:49.917743+0800	Runner	flutter: │     "locale": "zh-Hans-HK",
默认	11:48:49.917768+0800	Runner	flutter: │     "country": "HK",
默认	11:48:49.917812+0800	Runner	flutter: │     "timezone": "UTC+08:00"
默认	11:48:49.917865+0800	Runner	flutter: │   },
默认	11:48:49.917881+0800	Runner	flutter: │   "requests": [
默认	11:48:49.917939+0800	Runner	flutter: │     {
默认	11:48:49.917990+0800	Runner	flutter: │       "id": "req_0",
默认	11:48:49.918067+0800	Runner	flutter: │       "service_name": "tool.people_insight.SearchService",
默认	11:48:49.918077+0800	Runner	flutter: │       "method_name": "GetTaskCandidateDetail",
默认	11:48:49.918127+0800	Runner	flutter: │       "params": {
默认	11:48:49.918179+0800	Runner	flutter: │         "task_id": "task_68022659b15a60aa6f84c2a0",
默认	11:48:49.918231+0800	Runner	flutter: │         "candidate_id": "report_943c2e492f2ecd83e6e6f95a_candidate_5"
默认	11:48:49.918281+0800	Runner	flutter: │       }
默认	11:48:49.918318+0800	Runner	flutter: │     }
默认	11:48:49.918385+0800	Runner	flutter: │   ]
默认	11:48:49.918427+0800	Runner	flutter: │ }
默认	11:48:49.918503+0800	Runner	flutter: └───────────────────────────────────────────────────────────────────────────────────────────────────
默认	11:48:49.918941+0800	Runner	flutter: ┌───────────────────────────────────────────────────────────────────────────────────────────────────
默认	11:48:49.918982+0800	Runner	flutter: │ [HTTP] --> POST https://api.truthy.top/gateway/invoke service=tool.event_tracking.EventTrackingService method=TrackEvents
默认	11:48:49.919070+0800	Runner	flutter: └───────────────────────────────────────────────────────────────────────────────────────────────────
默认	11:48:49.919316+0800	Runner	flutter: ┌───────────────────────────────────────────────────────────────────────────────────────────────────
默认	11:48:49.919349+0800	Runner	flutter: │ [HTTP] request:
默认	11:48:49.919393+0800	Runner	flutter: │ {
默认	11:48:49.919454+0800	Runner	flutter: │   "comm": {
默认	11:48:49.919521+0800	Runner	flutter: │     "auth_token": "***",
默认	11:48:49.919529+0800	Runner	flutter: │     "user_id": "user_e5f97712121ebfac3d6f6407",
默认	11:48:49.919593+0800	Runner	flutter: │     "device_id": "c5ece928-513e-4e75-a500-28479ac5102a",
默认	11:48:49.919625+0800	Runner	flutter: │     "client_request_id": "crid_1783655329911519",
默认	11:48:49.919675+0800	Runner	flutter: │     "platform": "ios",
默认	11:48:49.919718+0800	Runner	flutter: │     "app_version": "1.0.0",
默认	11:48:49.919811+0800	Runner	flutter: │     "locale": "zh-Hans-HK",
默认	11:48:49.919826+0800	Runner	flutter: │     "country": "HK",
默认	11:48:49.919871+0800	Runner	flutter: │     "timezone": "UTC+08:00"
默认	11:48:49.919905+0800	Runner	flutter: │   },
默认	11:48:49.919943+0800	Runner	flutter: │   "requests": [
默认	11:48:49.920006+0800	Runner	flutter: │     {
默认	11:48:49.920046+0800	Runner	flutter: │       "id": "req_0",
默认	11:48:49.920111+0800	Runner	flutter: │       "service_name": "tool.event_tracking.EventTrackingService",
默认	11:48:49.920224+0800	Runner	flutter: │       "method_name": "TrackEvents",
默认	11:48:49.920253+0800	Runner	flutter: │       "params": {
默认	11:48:49.920264+0800	Runner	flutter: │         "events": [
默认	11:48:49.920278+0800	Runner	flutter: │           {
默认	11:48:49.920331+0800	Runner	flutter: │             "event_id": "d44caeb3-876a-4399-908e-6c5cb786e4b6",
默认	11:48:49.920378+0800	Runner	flutter: │             "event_name": "candidate_card_click",
默认	11:48:49.920424+0800	Runner	flutter: │             "event_time_ms": 1783655329880,
默认	11:48:49.920469+0800	Runner	flutter: │             "properties": {
默认	11:48:49.920505+0800	Runner	flutter: │               "logtime": 1783655329880,
默认	11:48:49.920545+0800	Runner	flutter: │               "log_id": "d44caeb3-876a-4399-908e-6c5cb786e4b6",
默认	11:48:49.920607+0800	Runner	flutter: │               "net": "wifi",
默认	11:48:49.920646+0800	Runner	flutter: │               "pkg": "com.sparkjam.truthy.ios",
默认	11:48:49.920680+0800	Runner	flutter: │               "bucket": 56,
默认	11:48:49.920742+0800	Runner	flutter: │               "abslot": 21,
默认	11:48:49.920775+0800	Runner	flutter: │               "ram": "3684MB",
默认	11:48:49.920824+0800	Runner	flutter: │               "cpu": "arm64",
默认	11:48:49.920886+0800	Runner	flutter: │               "sh": 844,
默认	11:48:49.920984+0800	Runner	flutter: │               "sw": 390,
默认	11:48:49.920994+0800	Runner	flutter: │               "city": "",
默认	11:48:49.921082+0800	Runner	flutter: │               "ste": "",
默认	11:48:49.921097+0800	Runner	flutter: │               "lat": "",
默认	11:48:49.921168+0800	Runner	flutter: │               "lng": "",
默认	11:48:49.921194+0800	Runner	flutter: │               "sty": "desk",
默认	11:48:49.921205+0800	Runner	flutter: │               "isp": "",
默认	11:48:49.921251+0800	Runner	flutter: │               "mod": "iphone13,2",
默认	11:48:49.921295+0800	Runner	flutter: │               "brd": "apple",
默认	11:48:49.921341+0800	Runner	flutter: │               "os": "26.3.1",
默认	11:48:49.921386+0800	Runner	flutter: │               "pf": "ios",
默认	11:48:49.921432+0800	Runner	flutter: │               "slan": "zh",
默认	11:48:49.921477+0800	Runner	flutter: │               "reg": "HK",
默认	11:48:49.921523+0800	Runner	flutter: │               "cou": "HK",
默认	11:48:49.921567+0800	Runner	flutter: │               "sub": "",
默认	11:48:49.921616+0800	Runner	flutter: │               "cha": "",
默认	11:48:49.921659+0800	Runner	flutter: │               "verc": "10000",
默认	11:48:49.921705+0800	Runner	flutter: │               "ver": "1.0.0",
默认	11:48:49.921787+0800	Runner	flutter: │               "sid": "5094b07b-cc63-4868-b4ac-6bced54db906",
默认	11:48:49.921802+0800	Runner	flutter: │               "uuid": "***",
默认	11:48:49.921843+0800	Runner	flutter: │               "idfa": "***",
默认	11:48:49.921880+0800	Runner	flutter: │               "idfv": "***",
默认	11:48:49.921941+0800	Runner	flutter: │               "aid": "***",
默认	11:48:49.921987+0800	Runner	flutter: │               "gaid": "***",
默认	11:48:49.922024+0800	Runner	flutter: │               "did": "***",
默认	11:48:49.922056+0800	Runner	flutter: │               "uid": "***",
默认	11:48:49.922126+0800	Runner	flutter: │               "anm": "Truthy",
默认	11:48:49.922158+0800	Runner	flutter: │               "push_id": "",
默认	11:48:49.922209+0800	Runner	flutter: │               "push_type": "",
默认	11:48:49.922244+0800	Runner	flutter: │               "is_pro": "1",
默认	11:48:49.922285+0800	Runner	flutter: │               "task_id": "task_68022659b15a60aa6f84c2a0",
默认	11:48:49.922349+0800	Runner	flutter: │               "candidate_id": "report_943c2e492f2ecd83e6e6f95a_candidate_5",
默认	11:48:49.922384+0800	Runner	flutter: │               "confidence": 35,
默认	11:48:49.922439+0800	Runner	flutter: │               "rank": 6
默认	11:48:49.922486+0800	Runner	flutter: │             }
默认	11:48:49.922537+0800	Runner	flutter: │           }
默认	11:48:49.922596+0800	Runner	flutter: │         ]
默认	11:48:49.922614+0800	Runner	flutter: │       }
默认	11:48:49.922663+0800	Runner	flutter: │     }
默认	11:48:49.922749+0800	Runner	flutter: │   ]
默认	11:48:49.922760+0800	Runner	flutter: │ }
默认	11:48:49.922799+0800	Runner	flutter: └───────────────────────────────────────────────────────────────────────────────────────────────────
默认	11:48:50.126849+0800	Runner	flutter: ┌───────────────────────────────────────────────────────────────────────────────────────────────────
默认	11:48:50.126914+0800	Runner	flutter: │ [HTTP] <-- 200 POST https://api.truthy.top/gateway/invoke service=tool.people_insight.SearchService method=GetTaskCandidateDetail
默认	11:48:50.126950+0800	Runner	flutter: └───────────────────────────────────────────────────────────────────────────────────────────────────
默认	11:48:50.127882+0800	Runner	flutter: ┌───────────────────────────────────────────────────────────────────────────────────────────────────
默认	11:48:50.127907+0800	Runner	flutter: │ [HTTP] response:
默认	11:48:50.127931+0800	Runner	flutter: │ {
默认	11:48:50.127990+0800	Runner	flutter: │   "code": 0,
默认	11:48:50.128051+0800	Runner	flutter: │   "message": "ok",
默认	11:48:50.128127+0800	Runner	flutter: │   "request_id": "gw_req_246dabfbbc9a261ea4ac64a33bf0b8fa",
默认	11:48:50.128211+0800	Runner	flutter: │   "trace_id": "trace_f956c696c025d1bb4a570cb30e400a4b",
默认	11:48:50.128266+0800	Runner	flutter: │   "responses": [
默认	11:48:50.128340+0800	Runner	flutter: │     {
默认	11:48:50.128515+0800	Runner	flutter: │       "id": "req_0",
默认	11:48:50.128534+0800	Runner	flutter: │       "success": true,
默认	11:48:50.128593+0800	Runner	flutter: │       "code": 0,
默认	11:48:50.128650+0800	Runner	flutter: │       "message": "ok",
默认	11:48:50.128746+0800	Runner	flutter: │       "data": {
默认	11:48:50.128786+0800	Runner	flutter: │         "candidate": {
默认	11:48:50.128845+0800	Runner	flutter: │           "age": 0,
默认	11:48:50.128952+0800	Runner	flutter: │           "avatar_url": "",
默认	11:48:50.129024+0800	Runner	flutter: │           "candidate_id": "report_943c2e492f2ecd83e6e6f95a_candidate_5",
默认	11:48:50.129123+0800	Runner	flutter: │           "confidence_level": "LOW",
默认	11:48:50.129141+0800	Runner	flutter: │           "display_name": "joe lynn",
默认	11:48:50.129235+0800	Runner	flutter: │           "education": "portland community college welding; hillsboro union high school, hillsboro oregon; hillsboro high school",
默认	11:48:50.129290+0800	Runner	flutter: │           "evidence_count": 38,
默认	11:48:50.129410+0800	Runner	flutter: │           "headline": "lead operator water reclamation facility at town of wellington",
默认	11:48:50.129487+0800	Runner	flutter: │           "is_best_match": false,
默认	11:48:50.129554+0800	Runner	flutter: │           "is_top_result": false,
默认	11:48:50.129631+0800	Runner	flutter: │           "jobs": [
默认	11:48:50.129709+0800	Runner	flutter: │             "lead operator water reclamation facility at town of wellington"
默认	11:48:50.129777+0800	Runner	flutter: │           ],
默认	11:48:50.129939+0800	Runner	flutter: │           "location": "united states",
默认	11:48:50.129956+0800	Runner	flutter: │           "match_reasons": [
默认	11:48:50.130065+0800	Runner	flutter: │             "name"
默认	11:48:50.130163+0800	Runner	flutter: │           ],
默认	11:48:50.130181+0800	Runner	flutter: │           "match_score": 35,
默认	11:48:50.130240+0800	Runner	flutter: │           "matched_clue_types": [],
默认	11:48:50.130296+0800	Runner	flutter: │           "person_id": "pdl:vFKW1VBtLMIQ032psYDtBg_0000",
默认	11:48:50.130357+0800	Runner	flutter: │           "profile_url": "https://linkedin.com/in/joe-lynn-357a7b6a",
默认	11:48:50.130563+0800	Runner	flutter: │           "rank_breakdown": {
默认	11:48:50.130594+0800	Runner	flutter: │             "data_completeness": 0.8,
默认	11:48:50.130609+0800	Runner	flutter: │             "geo_relevance": 0,
默认	11:48:50.130623+0800	Runner	flutter: │             "public_influence": 0,
默认	11:48:50.130791+0800	Runner	flutter: │             "social_activity": 0,
默认	11:48:50.130810+0800	Runner	flutter: │             "social_richness": 0.3333
默认	11:48:50.130872+0800	Runner	flutter: │           },
默认	11:48:50.130954+0800	Runner	flutter: │           "rank_score": 0.3633,
默认	11:48:50.131015+0800	Runner	flutter: │           "rank_version": "candidate_ranking_v1",
默认	11:48:50.131119+0800	Runner	flutter: │           "social_links": [
默认	11:48:50.131175+0800	Runner	flutter: │             {
默认	11:48:50.131233+0800	Runner	flutter: │               "platform": "linkedin",
默认	11:48:50.131325+0800	Runner	flutter: │               "url": "https://linkedin.com/in/joe-lynn-357a7b6a",
默认	11:48:50.131382+0800	Runner	flutter: │               "username": "joe-lynn-357a7b6a"
默认	11:48:50.131485+0800	Runner	flutter: │             },
默认	11:48:50.131541+0800	Runner	flutter: │             {
默认	11:48:50.131599+0800	Runner	flutter: │               "platform": "facebook",
默认	11:48:50.131702+0800	Runner	flutter: │               "url": "https://facebook.com/joe.lynn.56",
默认	11:48:50.131755+0800	Runner	flutter: │               "username": "joe.lynn.56"
默认	11:48:50.131814+0800	Runner	flutter: │             }
默认	11:48:50.131999+0800	Runner	flutter: │           ],
默认	11:48:50.132014+0800	Runner	flutter: │           "social_platforms": [
默认	11:48:50.132028+0800	Runner	flutter: │             "linkedin",
默认	11:48:50.132091+0800	Runner	flutter: │             "facebook"
默认	11:48:50.132149+0800	Runner	flutter: │           ],
默认	11:48:50.132215+0800	Runner	flutter: │           "source": "people_data_labs",
默认	11:48:50.132328+0800	Runner	flutter: │           "source_provider": "people_data_labs"
默认	11:48:50.132347+0800	Runner	flutter: │         },
默认	11:48:50.132496+0800	Runner	flutter: │         "candidate_id": "report_943c2e492f2ecd83e6e6f95a_candidate_5",
默认	11:48:50.132515+0800	Runner	flutter: │         "disclaimers": [
默认	11:48:50.132653+0800	Runner	flutter: │           "People Data Labs Person Search returns candidate profiles; review candidates or add stronger clues before relying on an identity match."
默认	11:48:50.132679+0800	Runner	flutter: │         ],
默认	11:48:50.132749+0800	Runner	flutter: │         "entitlement_decision": "ALLOW",
默认	11:48:50.132832+0800	Runner	flutter: │         "evidence": [
默认	11:48:50.132847+0800	Runner	flutter: │           {
默认	11:48:50.132915+0800	Runner	flutter: │             "display_name": "joe lynn",
默认	11:48:50.132929+0800	Runner	flutter: │             "matched_on": [
默认	11:48:50.132982+0800	Runner	flutter: │               "name"
默认	11:48:50.133213+0800	Runner	flutter: │             ],
默认	11:48:50.133230+0800	Runner	flutter: │             "person_id": "pdl:vFKW1VBtLMIQ032psYDtBg_0000",
默认	11:48:50.133241+0800	Runner	flutter: │             "provider": "people_data_labs",
默认	11:48:50.133250+0800	Runner	flutter: │             "provider_person_id": "vFKW1VBtLMIQ032psYDtBg_0000",
默认	11:48:50.133261+0800	Runner	flutter: │             "subject_profile_url": "linkedin.com/in/joe-lynn-357a7b6a",
默认	11:48:50.133308+0800	Runner	flutter: │             "type": "pdl_matched_on"
默认	11:48:50.133387+0800	Runner	flutter: │           },
默认	11:48:50.133431+0800	Runner	flutter: │           {
默认	11:48:50.133537+0800	Runner	flutter: │             "display_name": "joe lynn",
默认	11:48:50.133550+0800	Runner	flutter: │             "field": "linkedin_url",
默认	11:48:50.133598+0800	Runner	flutter: │             "person_id": "pdl:vFKW1VBtLMIQ032psYDtBg_0000",
默认	11:48:50.133681+0800	Runner	flutter: │             "provider": "people_data_labs",
默认	11:48:50.133730+0800	Runner	flutter: │             "provider_person_id": "vFKW1VBtLMIQ032psYDtBg_0000",
默认	11:48:50.133774+0800	Runner	flutter: │             "subject_profile_url": "linkedin.com/in/joe-lynn-357a7b6a",
默认	11:48:50.133939+0800	Runner	flutter: │             "type": "pdl_profile_url",
默认	11:48:50.133953+0800	Runner	flutter: │             "url": "linkedin.com/in/joe-lynn-357a7b6a"
默认	11:48:50.133963+0800	Runner	flutter: │           },
默认	11:48:50.134028+0800	Runner	flutter: │           {
默认	11:48:50.134042+0800	Runner	flutter: │             "display_name": "joe lynn",
默认	11:48:50.134089+0800	Runner	flutter: │             "field": "facebook_url",
默认	11:48:50.134210+0800	Runner	flutter: │             "person_id": "pdl:vFKW1VBtLMIQ032psYDtBg_0000",
默认	11:48:50.134222+0800	Runner	flutter: │             "provider": "people_data_labs",
默认	11:48:50.134267+0800	Runner	flutter: │             "provider_person_id": "vFKW1VBtLMIQ032psYDtBg_0000",
默认	11:48:50.134314+0800	Runner	flutter: │             "subject_profile_url": "linkedin.com/in/joe-lynn-357a7b6a",
默认	11:48:50.134390+0800	Runner	flutter: │             "type": "pdl_profile_url",
默认	11:48:50.134435+0800	Runner	flutter: │             "url": "facebook.com/joe.lynn.56"
默认	11:48:50.134485+0800	Runner	flutter: │           },
默认	11:48:50.134536+0800	Runner	flutter: │           {
默认	11:48:50.134701+0800	Runner	flutter: │             "display_name": "joe lynn",
默认	11:48:50.134716+0800	Runner	flutter: │             "field": "job_company_website",
默认	11:48:50.134726+0800	Runner	flutter: │             "person_id": "pdl:vFKW1VBtLMIQ032psYDtBg_0000",
默认	11:48:50.134774+0800	Runner	flutter: │             "provider": "people_data_labs",
默认	11:48:50.134819+0800	Runner	flutter: │             "provider_person_id": "vFKW1VBtLMIQ032psYDtBg_0000",
默认	11:48:50.134865+0800	Runner	flutter: │             "subject_profile_url": "linkedin.com/in/joe-lynn-357a7b6a",
默认	11:48:50.135034+0800	Runner	flutter: │             "type": "pdl_profile_url",
默认	11:48:50.135046+0800	Runner	flutter: │             "url": "wellingtoncolorado.gov"
默认	11:48:50.135056+0800	Runner	flutter: │           }
默认	11:48:50.135109+0800	Runner	flutter: │         ],
默认	11:48:50.135154+0800	Runner	flutter: │         "person_id": "pdl:vFKW1VBtLMIQ032psYDtBg_0000",
默认	11:48:50.135309+0800	Runner	flutter: │         "social_accounts": [
默认	11:48:50.135324+0800	Runner	flutter: │           {
默认	11:48:50.135334+0800	Runner	flutter: │             "display_name": "joe lynn",
默认	11:48:50.135365+0800	Runner	flutter: │             "person_id": "pdl:vFKW1VBtLMIQ032psYDtBg_0000",
默认	11:48:50.135440+0800	Runner	flutter: │             "platform": "linkedin",
默认	11:48:50.135488+0800	Runner	flutter: │             "profile_url": "https://linkedin.com/in/joe-lynn-357a7b6a",
默认	11:48:50.135608+0800	Runner	flutter: │             "source": "people_data_labs",
默认	11:48:50.135622+0800	Runner	flutter: │             "url": "https://linkedin.com/in/joe-lynn-357a7b6a",
默认	11:48:50.135664+0800	Runner	flutter: │             "username": "joe-lynn-357a7b6a"
默认	11:48:50.135711+0800	Runner	flutter: │           },
默认	11:48:50.135760+0800	Runner	flutter: │           {
默认	11:48:50.135878+0800	Runner	flutter: │             "display_name": "joe lynn",
默认	11:48:50.135890+0800	Runner	flutter: │             "person_id": "pdl:vFKW1VBtLMIQ032psYDtBg_0000",
默认	11:48:50.135934+0800	Runner	flutter: │             "platform": "facebook",
默认	11:48:50.135982+0800	Runner	flutter: │             "profile_url": "https://linkedin.com/in/joe-lynn-357a7b6a",
默认	11:48:50.136064+0800	Runner	flutter: │             "source": "people_data_labs",
默认	11:48:50.136115+0800	Runner	flutter: │             "url": "https://facebook.com/joe.lynn.56",
默认	11:48:50.136162+0800	Runner	flutter: │             "username": "joe.lynn.56"
默认	11:48:50.136214+0800	Runner	flutter: │           }
默认	11:48:50.136262+0800	Runner	flutter: │         ],
默认	11:48:50.136468+0800	Runner	flutter: │         "task_id": "task_68022659b15a60aa6f84c2a0",
默认	11:48:50.136482+0800	Runner	flutter: │         "ui_sections": {
默认	11:48:50.136492+0800	Runner	flutter: │           "insights": {
默认	11:48:50.136502+0800	Runner	flutter: │             "data": {
默认	11:48:50.136545+0800	Runner	flutter: │               "count": 0,
默认	11:48:50.136593+0800	Runner	flutter: │               "items": []
默认	11:48:50.136687+0800	Runner	flutter: │             },
默认	11:48:50.136702+0800	Runner	flutter: │             "status": "empty"
默认	11:48:50.136749+0800	Runner	flutter: │           },
默认	11:48:50.136795+0800	Runner	flutter: │           "photos": {
默认	11:48:50.136845+0800	Runner	flutter: │             "data": {
默认	11:48:50.136924+0800	Runner	flutter: │               "authenticity_photos": [],
默认	11:48:50.136972+0800	Runner	flutter: │               "baseline_photo_url": "",
默认	11:48:50.137018+0800	Runner	flutter: │               "identity_match_rate": 0,
默认	11:48:50.137068+0800	Runner	flutter: │               "match_photos": []
默认	11:48:50.137156+0800	Runner	flutter: │             },
默认	11:48:50.137200+0800	Runner	flutter: │             "status": "empty"
默认	11:48:50.137316+0800	Runner	flutter: │           },
默认	11:48:50.137331+0800	Runner	flutter: │           "profile": {
默认	11:48:50.137438+0800	Runner	flutter: │             "data": {
默认	11:48:50.137499+0800	Runner	flutter: │               "sections": [
默认	11:48:50.137541+0800	Runner	flutter: │                 {
默认	11:48:50.137681+0800	Runner	flutter: │                   "items": [
默认	11:48:50.137698+0800	Runner	flutter: │                     {
默认	11:48:50.137712+0800	Runner	flutter: │                       "label": "Full Name",
默认	11:48:50.137774+0800	Runner	flutter: │                       "value": "joe lynn"
默认	11:48:50.137823+0800	Runner	flutter: │                     },
默认	11:48:50.137870+0800	Runner	flutter: │                     {
默认	11:48:50.137931+0800	Runner	flutter: │                       "label": "Location",
默认	11:48:50.137983+0800	Runner	flutter: │                       "value": "united states"
默认	11:48:50.138026+0800	Runner	flutter: │                     },
默认	11:48:50.138072+0800	Runner	flutter: │                     {
默认	11:48:50.138149+0800	Runner	flutter: │                       "label": "Profile URL",
默认	11:48:50.138201+0800	Runner	flutter: │                       "value": "https://linkedin.com/in/joe-lynn-357a7b6a"
默认	11:48:50.138290+0800	Runner	flutter: │                     }
默认	11:48:50.138360+0800	Runner	flutter: │                   ],
默认	11:48:50.138370+0800	Runner	flutter: │                   "title": "Identity"
默认	11:48:50.138407+0800	Runner	flutter: │                 },
默认	11:48:50.138452+0800	Runner	flutter: │                 {
默认	11:48:50.138591+0800	Runner	flutter: │                   "items": [
默认	11:48:50.138619+0800	Runner	flutter: │                     {
默认	11:48:50.138628+0800	Runner	flutter: │                       "label": "Current Role",
默认	11:48:50.138746+0800	Runner	flutter: │                       "value": "lead operator water reclamation facility at town of wellington"
默认	11:48:50.138760+0800	Runner	flutter: │                     }
默认	11:48:50.138767+0800	Runner	flutter: │                   ],
默认	11:48:50.138776+0800	Runner	flutter: │                   "title": "Career"
默认	11:48:50.138813+0800	Runner	flutter: │                 },
默认	11:48:50.138896+0800	Runner	flutter: │                 {
默认	11:48:50.138907+0800	Runner	flutter: │                   "items": [
默认	11:48:50.138942+0800	Runner	flutter: │                     {
默认	11:48:50.139058+0800	Runner	flutter: │                       "label": "Education",
默认	11:48:50.139204+0800	Runner	flutter: │                       "value": "portland community college welding; hillsboro union high school, hillsboro oregon; hillsboro high school"
默认	11:48:50.139224+0800	Runner	flutter: │                     }
默认	11:48:50.139234+0800	Runner	flutter: │                   ],
默认	11:48:50.139285+0800	Runner	flutter: │                   "title": "Background"
默认	11:48:50.139297+0800	Runner	flutter: │                 }
默认	11:48:50.139333+0800	Runner	flutter: │               ]
默认	11:48:50.139396+0800	Runner	flutter: │             },
默认	11:48:50.139410+0800	Runner	flutter: │             "status": "data"
默认	11:48:50.139446+0800	Runner	flutter: │           },
默认	11:48:50.139539+0800	Runner	flutter: │           "social": {
默认	11:48:50.139550+0800	Runner	flutter: │             "data": {
默认	11:48:50.139631+0800	Runner	flutter: │               "private_accounts": [],
默认	11:48:50.139643+0800	Runner	flutter: │               "profiles": [
默认	11:48:50.139704+0800	Runner	flutter: │                 {
默认	11:48:50.139741+0800	Runner	flutter: │                   "display_handle": "joe-lynn-357a7b6a",
默认	11:48:50.139781+0800	Runner	flutter: │                   "platform": "linkedin",
默认	11:48:50.139833+0800	Runner	flutter: │                   "url": "https://linkedin.com/in/joe-lynn-357a7b6a",
默认	11:48:50.139879+0800	Runner	flutter: │                   "username": "joe-lynn-357a7b6a"
默认	11:48:50.139983+0800	Runner	flutter: │                 },
默认	11:48:50.139996+0800	Runner	flutter: │                 {
默认	11:48:50.140032+0800	Runner	flutter: │                   "display_handle": "joe.lynn.56",
默认	11:48:50.140078+0800	Runner	flutter: │                   "platform": "facebook",
默认	11:48:50.140115+0800	Runner	flutter: │                   "url": "https://facebook.com/joe.lynn.56",
默认	11:48:50.140172+0800	Runner	flutter: │                   "username": "joe.lynn.56"
默认	11:48:50.140208+0800	Runner	flutter: │                 }
默认	11:48:50.140455+0800	Runner	flutter: │               ]
默认	11:48:50.140477+0800	Runner	flutter: │             },
默认	11:48:50.140491+0800	Runner	flutter: │             "status": "data"
默认	11:48:50.140539+0800	Runner	flutter: │           },
默认	11:48:50.140583+0800	Runner	flutter: │           "summary": {
默认	11:48:50.140626+0800	Runner	flutter: │             "data": {
默认	11:48:50.140676+0800	Runner	flutter: │               "age": null,
默认	11:48:50.140743+0800	Runner	flutter: │               "avatar_url": "",
默认	11:48:50.140799+0800	Runner	flutter: │               "candidate_id": "report_943c2e492f2ecd83e6e6f95a_candidate_5",
默认	11:48:50.140866+0800	Runner	flutter: │               "confidence_level": "LOW",
默认	11:48:50.140875+0800	Runner	flutter: │               "disclaimers": [
默认	11:48:50.140970+0800	Runner	flutter: │                 "People Data Labs Person Search returns candidate profiles; review candidates or add stronger clues before relying on an identity match."
默认	11:48:50.140996+0800	Runner	flutter: │               ],
默认	11:48:50.141036+0800	Runner	flutter: │               "display_name": "joe lynn",
默认	11:48:50.141151+0800	Runner	flutter: │               "education": "portland community college welding; hillsboro union high school, hillsboro oregon; hillsboro high school",
默认	11:48:50.141177+0800	Runner	flutter: │               "generate_time": 1783654344793,
默认	11:48:50.141189+0800	Runner	flutter: │               "headline": "lead operator water reclamation facility at town of wellington",
默认	11:48:50.141243+0800	Runner	flutter: │               "is_best_match": false,
默认	11:48:50.141302+0800	Runner	flutter: │               "is_top_result": false,
默认	11:48:50.141350+0800	Runner	flutter: │               "jobs": [
默认	11:48:50.141418+0800	Runner	flutter: │                 "lead operator water reclamation facility at town of wellington"
默认	11:48:50.141427+0800	Runner	flutter: │               ],
默认	11:48:50.141472+0800	Runner	flutter: │               "location": "united states",
默认	11:48:50.141551+0800	Runner	flutter: │               "match_reasons": [
默认	11:48:50.141606+0800	Runner	flutter: │                 "name"
默认	11:48:50.141654+0800	Runner	flutter: │               ],
默认	11:48:50.141700+0800	Runner	flutter: │               "match_score": 35,
默认	11:48:50.141746+0800	Runner	flutter: │               "more_social_count": 0,
默认	11:48:50.141788+0800	Runner	flutter: │               "person_id": "pdl:vFKW1VBtLMIQ032psYDtBg_0000",
默认	11:48:50.141825+0800	Runner	flutter: │               "primary_image": null,
默认	11:48:50.141917+0800	Runner	flutter: │               "profile_url": "https://linkedin.com/in/joe-lynn-357a7b6a",
默认	11:48:50.141927+0800	Runner	flutter: │               "report_expires_at": 1786246342720,
默认	11:48:50.141971+0800	Runner	flutter: │               "social_platforms": [
默认	11:48:50.142033+0800	Runner	flutter: │                 "linkedin",
默认	11:48:50.142085+0800	Runner	flutter: │                 "facebook"
默认	11:48:50.142157+0800	Runner	flutter: │               ]
默认	11:48:50.142174+0800	Runner	flutter: │             },
默认	11:48:50.142215+0800	Runner	flutter: │             "status": "data"
默认	11:48:50.142251+0800	Runner	flutter: │           }
默认	11:48:50.142294+0800	Runner	flutter: │         },
默认	11:48:50.142342+0800	Runner	flutter: │         "update_time": 1783654344793
默认	11:48:50.142381+0800	Runner	flutter: │       }
默认	11:48:50.142422+0800	Runner	flutter: │     }
默认	11:48:50.142469+0800	Runner	flutter: │   ]
默认	11:48:50.142510+0800	Runner	flutter: │ }
默认	11:48:50.142607+0800	Runner	flutter: └───────────────────────────────────────────────────────────────────────────────────────────────────
默认	11:48:50.142913+0800	Runner	flutter: ┌───────────────────────────────────────────────────────────────────────────────────────────────────
默认	11:48:50.143054+0800	Runner	flutter: │ [EventTracking] name=report_load_success id=a67a2d33-9ad2-4a99-b615-d264e468cb3b time=1783655330142 props={"page_from":"candidate","task_id":"task_68022659b15a60aa6f84c2a0","candidate_id":"report_943c2e492f2ecd83e6e6f95a_candidate_5","report":{"summary":{"display_name":"joe lynn","has_avatar":0,"jobs_count":1,"has_education":1,"has_location":1,"social_platforms_count":2},"social":{"status":"data","profiles_count":2,"private_accounts_count":0},"photos":{"status":"empty","identity_match_rate":0,"match_photos_count":0,"authenticity_photos_count":0},"profile":{"status":"data","sections_count":3,"items_count":5},"insights":{"status":"empty","items_count":0,"links_count":0}}}
默认	11:48:50.143119+0800	Runner	flutter: └───────────────────────────────────────────────────────────────────────────────────────────────────
默认	11:48:51.362633+0800	Runner	flutter: ┌───────────────────────────────────────────────────────────────────────────────────────────────────
默认	11:48:51.362775+0800	Runner	flutter: │ [HTTP] <-- 200 POST https://api.truthy.top/gateway/invoke service=tool.event_tracking.EventTrackingService method=TrackEvents
默认	11:48:51.362962+0800	Runner	flutter: └───────────────────────────────────────────────────────────────────────────────────────────────────
默认	11:48:51.363527+0800	Runner	flutter: ┌───────────────────────────────────────────────────────────────────────────────────────────────────
默认	11:48:51.363562+0800	Runner	flutter: │ [HTTP] response:
默认	11:48:51.363717+0800	Runner	flutter: │ {
默认	11:48:51.363873+0800	Runner	flutter: │   "code": 0,
默认	11:48:51.364059+0800	Runner	flutter: │   "message": "ok",
默认	11:48:51.364270+0800	Runner	flutter: │   "request_id": "gw_req_28f96f6dee0e2aad52fe2a77f0761b2f",
默认	11:48:51.364315+0800	Runner	flutter: │   "trace_id": "trace_26c323e7aa4e8ac1df155216a77d297f",
默认	11:48:51.364532+0800	Runner	flutter: │   "responses": [
默认	11:48:51.364568+0800	Runner	flutter: │     {
默认	11:48:51.364694+0800	Runner	flutter: │       "id": "req_0",
默认	11:48:51.364845+0800	Runner	flutter: │       "success": true,
默认	11:48:51.364964+0800	Runner	flutter: │       "code": 0,
默认	11:48:51.365298+0800	Runner	flutter: │       "message": "ok",
默认	11:48:51.365334+0800	Runner	flutter: │       "data": {
默认	11:48:51.365427+0800	Runner	flutter: │         "request_id": "gw_req_28f96f6dee0e2aad52fe2a77f0761b2f",
默认	11:48:51.365566+0800	Runner	flutter: │         "trace_id": "trace_26c323e7aa4e8ac1df155216a77d297f",
默认	11:48:51.365684+0800	Runner	flutter: │         "accepted_count": 1,
默认	11:48:51.365958+0800	Runner	flutter: │         "event_name": "candidate_card_click",
默认	11:48:51.365992+0800	Runner	flutter: │         "event_names": [
默认	11:48:51.366106+0800	Runner	flutter: │           "candidate_card_click"
默认	11:48:51.366374+0800	Runner	flutter: │         ],
默认	11:48:51.366406+0800	Runner	flutter: │         "events": [
默认	11:48:51.366658+0800	Runner	flutter: │           {
默认	11:48:51.366692+0800	Runner	flutter: │             "index": 0,
默认	11:48:51.367042+0800	Runner	flutter: │             "event_id": "d44caeb3-876a-4399-908e-6c5cb786e4b6",
默认	11:48:51.367090+0800	Runner	flutter: │             "event_name": "candidate_card_click",
默认	11:48:51.367116+0800	Runner	flutter: │             "status": "accepted"
默认	11:48:51.367350+0800	Runner	flutter: │           }
默认	11:48:51.367394+0800	Runner	flutter: │         ]
默认	11:48:51.367532+0800	Runner	flutter: │       }
默认	11:48:51.367655+0800	Runner	flutter: │     }
默认	11:48:51.367784+0800	Runner	flutter: │   ]
默认	11:48:51.367912+0800	Runner	flutter: │ }
默认	11:48:51.368164+0800	Runner	flutter: └───────────────────────────────────────────────────────────────────────────────────────────────────
默认	11:48:51.397660+0800	Runner	flutter: ┌───────────────────────────────────────────────────────────────────────────────────────────────────
默认	11:48:51.397727+0800	Runner	flutter: │ [HTTP] --> POST https://api.truthy.top/gateway/invoke service=tool.event_tracking.EventTrackingService method=TrackEvents
默认	11:48:51.397753+0800	Runner	flutter: └───────────────────────────────────────────────────────────────────────────────────────────────────
默认	11:48:51.398333+0800	Runner	flutter: ┌───────────────────────────────────────────────────────────────────────────────────────────────────
默认	11:48:51.398350+0800	Runner	flutter: │ [HTTP] request:
默认	11:48:51.398407+0800	Runner	flutter: │ {
默认	11:48:51.398552+0800	Runner	flutter: │   "comm": {
默认	11:48:51.398581+0800	Runner	flutter: │     "auth_token": "***",
默认	11:48:51.398592+0800	Runner	flutter: │     "user_id": "user_e5f97712121ebfac3d6f6407",
默认	11:48:51.398607+0800	Runner	flutter: │     "device_id": "c5ece928-513e-4e75-a500-28479ac5102a",
默认	11:48:51.398659+0800	Runner	flutter: │     "client_request_id": "crid_1783655331393398",
默认	11:48:51.398708+0800	Runner	flutter: │     "platform": "ios",
默认	11:48:51.398763+0800	Runner	flutter: │     "app_version": "1.0.0",
默认	11:48:51.398893+0800	Runner	flutter: │     "locale": "zh-Hans-HK",
默认	11:48:51.398946+0800	Runner	flutter: │     "country": "HK",
默认	11:48:51.399019+0800	Runner	flutter: │     "timezone": "UTC+08:00"
默认	11:48:51.399033+0800	Runner	flutter: │   },
默认	11:48:51.399044+0800	Runner	flutter: │   "requests": [
默认	11:48:51.399127+0800	Runner	flutter: │     {
默认	11:48:51.399138+0800	Runner	flutter: │       "id": "req_0",
默认	11:48:51.399188+0800	Runner	flutter: │       "service_name": "tool.event_tracking.EventTrackingService",
默认	11:48:51.399266+0800	Runner	flutter: │       "method_name": "TrackEvents",
默认	11:48:51.399312+0800	Runner	flutter: │       "params": {
默认	11:48:51.399359+0800	Runner	flutter: │         "events": [
默认	11:48:51.399524+0800	Runner	flutter: │           {
默认	11:48:51.399538+0800	Runner	flutter: │             "event_id": "fdc59287-90ab-45d4-827a-4b87d5ae3f3d",
默认	11:48:51.399548+0800	Runner	flutter: │             "event_name": "app_page_stay",
默认	11:48:51.399597+0800	Runner	flutter: │             "event_time_ms": 1783655329895,
默认	11:48:51.399653+0800	Runner	flutter: │             "properties": {
默认	11:48:51.399827+0800	Runner	flutter: │               "logtime": 1783655329895,
默认	11:48:51.399842+0800	Runner	flutter: │               "log_id": "fdc59287-90ab-45d4-827a-4b87d5ae3f3d",
默认	11:48:51.399852+0800	Runner	flutter: │               "net": "wifi",
默认	11:48:51.399900+0800	Runner	flutter: │               "pkg": "com.sparkjam.truthy.ios",
默认	11:48:51.399950+0800	Runner	flutter: │               "bucket": 56,
默认	11:48:51.399996+0800	Runner	flutter: │               "abslot": 21,
默认	11:48:51.400155+0800	Runner	flutter: │               "ram": "3684MB",
默认	11:48:51.400166+0800	Runner	flutter: │               "cpu": "arm64",
默认	11:48:51.400175+0800	Runner	flutter: │               "sh": 844,
默认	11:48:51.400216+0800	Runner	flutter: │               "sw": 390,
默认	11:48:51.400254+0800	Runner	flutter: │               "city": "",
默认	11:48:51.400408+0800	Runner	flutter: │               "ste": "",
默认	11:48:51.400419+0800	Runner	flutter: │               "lat": "",
默认	11:48:51.400501+0800	Runner	flutter: │               "lng": "",
默认	11:48:51.400609+0800	Runner	flutter: │               "sty": "desk",
默认	11:48:51.400620+0800	Runner	flutter: │               "isp": "",
默认	11:48:51.400629+0800	Runner	flutter: │               "mod": "iphone13,2",
默认	11:48:51.400636+0800	Runner	flutter: │               "brd": "apple",
默认	11:48:51.400644+0800	Runner	flutter: │               "os": "26.3.1",
默认	11:48:51.400665+0800	Runner	flutter: │               "pf": "ios",
默认	11:48:51.400708+0800	Runner	flutter: │               "slan": "zh",
默认	11:48:51.400875+0800	Runner	flutter: │               "reg": "HK",
默认	11:48:51.400892+0800	Runner	flutter: │               "cou": "HK",
默认	11:48:51.400899+0800	Runner	flutter: │               "sub": "",
默认	11:48:51.400907+0800	Runner	flutter: │               "cha": "",
默认	11:48:51.400945+0800	Runner	flutter: │               "verc": "10000",
默认	11:48:51.400984+0800	Runner	flutter: │               "ver": "1.0.0",
默认	11:48:51.401106+0800	Runner	flutter: │               "sid": "5094b07b-cc63-4868-b4ac-6bced54db906",
默认	11:48:51.401119+0800	Runner	flutter: │               "uuid": "***",
默认	11:48:51.401129+0800	Runner	flutter: │               "idfa": "***",
默认	11:48:51.401170+0800	Runner	flutter: │               "idfv": "***",
默认	11:48:51.401209+0800	Runner	flutter: │               "aid": "***",
默认	11:48:51.401268+0800	Runner	flutter: │               "gaid": "***",
默认	11:48:51.401336+0800	Runner	flutter: │               "did": "***",
默认	11:48:51.401366+0800	Runner	flutter: │               "uid": "***",
默认	11:48:51.401411+0800	Runner	flutter: │               "anm": "Truthy",
默认	11:48:51.401549+0800	Runner	flutter: │               "push_id": "",
默认	11:48:51.401560+0800	Runner	flutter: │               "push_type": "",
默认	11:48:51.401617+0800	Runner	flutter: │               "is_pro": "1",
默认	11:48:51.401628+0800	Runner	flutter: │               "page_from": "candidate",
默认	11:48:51.401772+0800	Runner	flutter: │               "duration_s": 1
默认	11:48:51.401782+0800	Runner	flutter: │             }
默认	11:48:51.401791+0800	Runner	flutter: │           },
默认	11:48:51.401829+0800	Runner	flutter: │           {
默认	11:48:51.401920+0800	Runner	flutter: │             "event_id": "f94d0212-aae2-45cf-bd2a-0304b1c8d241",
默认	11:48:51.401932+0800	Runner	flutter: │             "event_name": "report_pageview",
默认	11:48:51.401973+0800	Runner	flutter: │             "event_time_ms": 1783655329896,
默认	11:48:51.402055+0800	Runner	flutter: │             "properties": {
默认	11:48:51.402199+0800	Runner	flutter: │               "logtime": 1783655329896,
默认	11:48:51.402264+0800	Runner	flutter: │               "log_id": "f94d0212-aae2-45cf-bd2a-0304b1c8d241",
默认	11:48:51.402309+0800	Runner	flutter: │               "net": "wifi",
默认	11:48:51.402380+0800	Runner	flutter: │               "pkg": "com.sparkjam.truthy.ios",
默认	11:48:51.402420+0800	Runner	flutter: │               "bucket": 56,
默认	11:48:51.402525+0800	Runner	flutter: │               "abslot": 21,
默认	11:48:51.402540+0800	Runner	flutter: │               "ram": "3684MB",
默认	11:48:51.402559+0800	Runner	flutter: │               "cpu": "arm64",
默认	11:48:51.402620+0800	Runner	flutter: │               "sh": 844,
默认	11:48:51.402671+0800	Runner	flutter: │               "sw": 390,
默认	11:48:51.402708+0800	Runner	flutter: │               "city": "",
默认	11:48:51.402750+0800	Runner	flutter: │               "ste": "",
默认	11:48:51.402790+0800	Runner	flutter: │               "lat": "",
默认	11:48:51.402823+0800	Runner	flutter: │               "lng": "",
默认	11:48:51.402889+0800	Runner	flutter: │               "sty": "desk",
默认	11:48:51.402968+0800	Runner	flutter: │               "isp": "",
默认	11:48:51.402986+0800	Runner	flutter: │               "mod": "iphone13,2",
默认	11:48:51.403054+0800	Runner	flutter: │               "brd": "apple",
默认	11:48:51.403065+0800	Runner	flutter: │               "os": "26.3.1",
默认	11:48:51.403103+0800	Runner	flutter: │               "pf": "ios",
默认	11:48:51.403167+0800	Runner	flutter: │               "slan": "zh",
默认	11:48:51.403228+0800	Runner	flutter: │               "reg": "HK",
默认	11:48:51.403301+0800	Runner	flutter: │               "cou": "HK",
默认	11:48:51.403316+0800	Runner	flutter: │               "sub": "",
默认	11:48:51.403367+0800	Runner	flutter: │               "cha": "",
默认	11:48:51.403415+0800	Runner	flutter: │               "verc": "10000",
默认	11:48:51.403465+0800	Runner	flutter: │               "ver": "1.0.0",
默认	11:48:51.403513+0800	Runner	flutter: │               "sid": "5094b07b-cc63-4868-b4ac-6bced54db906",
默认	11:48:51.403557+0800	Runner	flutter: │               "uuid": "***",
默认	11:48:51.403605+0800	Runner	flutter: │               "idfa": "***",
默认	11:48:51.403654+0800	Runner	flutter: │               "idfv": "***",
默认	11:48:51.403723+0800	Runner	flutter: │               "aid": "***",
默认	11:48:51.403738+0800	Runner	flutter: │               "gaid": "***",
默认	11:48:51.403789+0800	Runner	flutter: │               "did": "***",
默认	11:48:51.403825+0800	Runner	flutter: │               "uid": "***",
默认	11:48:51.403857+0800	Runner	flutter: │               "anm": "Truthy",
默认	11:48:51.403903+0800	Runner	flutter: │               "push_id": "",
默认	11:48:51.403963+0800	Runner	flutter: │               "push_type": "",
默认	11:48:51.404016+0800	Runner	flutter: │               "is_pro": "1",
默认	11:48:51.404072+0800	Runner	flutter: │               "page_from": "candidate",
默认	11:48:51.404125+0800	Runner	flutter: │               "task_id": "task_68022659b15a60aa6f84c2a0",
默认	11:48:51.404202+0800	Runner	flutter: │               "candidate_id": "report_943c2e492f2ecd83e6e6f95a_candidate_5"
默认	11:48:51.404220+0800	Runner	flutter: │             }
默认	11:48:51.404283+0800	Runner	flutter: │           },
默认	11:48:51.404292+0800	Runner	flutter: │           {
默认	11:48:51.404398+0800	Runner	flutter: │             "event_id": "a67a2d33-9ad2-4a99-b615-d264e468cb3b",
默认	11:48:51.404413+0800	Runner	flutter: │             "event_name": "report_load_success",
默认	11:48:51.404447+0800	Runner	flutter: │             "event_time_ms": 1783655330142,
默认	11:48:51.404483+0800	Runner	flutter: │             "properties": {
默认	11:48:51.404525+0800	Runner	flutter: │               "logtime": 1783655330142,
默认	11:48:51.404573+0800	Runner	flutter: │               "log_id": "a67a2d33-9ad2-4a99-b615-d264e468cb3b",
默认	11:48:51.404625+0800	Runner	flutter: │               "net": "wifi",
默认	11:48:51.404661+0800	Runner	flutter: │               "pkg": "com.sparkjam.truthy.ios",
默认	11:48:51.404735+0800	Runner	flutter: │               "bucket": 56,
默认	11:48:51.404769+0800	Runner	flutter: │               "abslot": 21,
默认	11:48:51.404814+0800	Runner	flutter: │               "ram": "3684MB",
默认	11:48:51.404861+0800	Runner	flutter: │               "cpu": "arm64",
默认	11:48:51.404942+0800	Runner	flutter: │               "sh": 844,
默认	11:48:51.404957+0800	Runner	flutter: │               "sw": 390,
默认	11:48:51.405028+0800	Runner	flutter: │               "city": "",
默认	11:48:51.405039+0800	Runner	flutter: │               "ste": "",
默认	11:48:51.405098+0800	Runner	flutter: │               "lat": "",
默认	11:48:51.405136+0800	Runner	flutter: │               "lng": "",
默认	11:48:51.405174+0800	Runner	flutter: │               "sty": "desk",
默认	11:48:51.405239+0800	Runner	flutter: │               "isp": "",
默认	11:48:51.405284+0800	Runner	flutter: │               "mod": "iphone13,2",
默认	11:48:51.405355+0800	Runner	flutter: │               "brd": "apple",
默认	11:48:51.405370+0800	Runner	flutter: │               "os": "26.3.1",
默认	11:48:51.405441+0800	Runner	flutter: │               "pf": "ios",
默认	11:48:51.405452+0800	Runner	flutter: │               "slan": "zh",
默认	11:48:51.405497+0800	Runner	flutter: │               "reg": "HK",
默认	11:48:51.405536+0800	Runner	flutter: │               "cou": "HK",
默认	11:48:51.405570+0800	Runner	flutter: │               "sub": "",
默认	11:48:51.405635+0800	Runner	flutter: │               "cha": "",
默认	11:48:51.405668+0800	Runner	flutter: │               "verc": "10000",
默认	11:48:51.405725+0800	Runner	flutter: │               "ver": "1.0.0",
默认	11:48:51.405774+0800	Runner	flutter: │               "sid": "5094b07b-cc63-4868-b4ac-6bced54db906",
默认	11:48:51.405818+0800	Runner	flutter: │               "uuid": "***",
默认	11:48:51.405858+0800	Runner	flutter: │               "idfa": "***",
默认	11:48:51.405893+0800	Runner	flutter: │               "idfv": "***",
默认	11:48:51.405966+0800	Runner	flutter: │               "aid": "***",
默认	11:48:51.405998+0800	Runner	flutter: │               "gaid": "***",
默认	11:48:51.406065+0800	Runner	flutter: │               "did": "***",
默认	11:48:51.406100+0800	Runner	flutter: │               "uid": "***",
默认	11:48:51.406181+0800	Runner	flutter: │               "anm": "Truthy",
默认	11:48:51.406236+0800	Runner	flutter: │               "push_id": "",
默认	11:48:51.406246+0800	Runner	flutter: │               "push_type": "",
默认	11:48:51.406287+0800	Runner	flutter: │               "is_pro": "1",
默认	11:48:51.406359+0800	Runner	flutter: │               "page_from": "candidate",
默认	11:48:51.406377+0800	Runner	flutter: │               "task_id": "task_68022659b15a60aa6f84c2a0",
默认	11:48:51.406430+0800	Runner	flutter: │               "candidate_id": "report_943c2e492f2ecd83e6e6f95a_candidate_5",
默认	11:48:51.406475+0800	Runner	flutter: │               "report": {
默认	11:48:51.406512+0800	Runner	flutter: │                 "summary": {
默认	11:48:51.406548+0800	Runner	flutter: │                   "display_name": "joe lynn",
默认	11:48:51.406611+0800	Runner	flutter: │                   "has_avatar": 0,
默认	11:48:51.406656+0800	Runner	flutter: │                   "jobs_count": 1,
默认	11:48:51.406701+0800	Runner	flutter: │                   "has_education": 1,
默认	11:48:51.406738+0800	Runner	flutter: │                   "has_location": 1,
默认	11:48:51.406800+0800	Runner	flutter: │                   "social_platforms_count": 2
默认	11:48:51.406842+0800	Runner	flutter: │                 },
默认	11:48:51.406883+0800	Runner	flutter: │                 "social": {
默认	11:48:51.406933+0800	Runner	flutter: │                   "status": "data",
默认	11:48:51.406970+0800	Runner	flutter: │                   "profiles_count": 2,
默认	11:48:51.407035+0800	Runner	flutter: │                   "private_accounts_count": 0
默认	11:48:51.407073+0800	Runner	flutter: │                 },
默认	11:48:51.407109+0800	Runner	flutter: │                 "photos": {
默认	11:48:51.407188+0800	Runner	flutter: │                   "status": "empty",
默认	11:48:51.407226+0800	Runner	flutter: │                   "identity_match_rate": 0,
默认	11:48:51.407286+0800	Runner	flutter: │                   "match_photos_count": 0,
默认	11:48:51.407367+0800	Runner	flutter: │                   "authenticity_photos_count": 0
默认	11:48:51.407382+0800	Runner	flutter: │                 },
默认	11:48:51.407430+0800	Runner	flutter: │                 "profile": {
默认	11:48:51.407480+0800	Runner	flutter: │                   "status": "data",
默认	11:48:51.407519+0800	Runner	flutter: │                   "sections_count": 3,
默认	11:48:51.407560+0800	Runner	flutter: │                   "items_count": 5
默认	11:48:51.407603+0800	Runner	flutter: │                 },
默认	11:48:51.407644+0800	Runner	flutter: │                 "insights": {
默认	11:48:51.407704+0800	Runner	flutter: │                   "status": "empty",
默认	11:48:51.407737+0800	Runner	flutter: │                   "items_count": 0,
默认	11:48:51.407800+0800	Runner	flutter: │                   "links_count": 0
默认	11:48:51.407871+0800	Runner	flutter: │                 }
默认	11:48:51.407886+0800	Runner	flutter: │               }
默认	11:48:51.407953+0800	Runner	flutter: │             }
默认	11:48:51.407963+0800	Runner	flutter: │           }
默认	11:48:51.407994+0800	Runner	flutter: │         ]
默认	11:48:51.408068+0800	Runner	flutter: │       }
默认	11:48:51.408107+0800	Runner	flutter: │     }
默认	11:48:51.408138+0800	Runner	flutter: │   ]
默认	11:48:51.408183+0800	Runner	flutter: │ }
默认	11:48:51.408266+0800	Runner	flutter: └───────────────────────────────────────────────────────────────────────────────────────────────────
默认	11:48:51.816009+0800	Runner	flutter: ┌───────────────────────────────────────────────────────────────────────────────────────────────────
默认	11:48:51.816652+0800	Runner	flutter: │ [HTTP] <-- 200 POST https://api.truthy.top/gateway/invoke service=tool.event_tracking.EventTrackingService method=TrackEvents
默认	11:48:51.816901+0800	Runner	flutter: └───────────────────────────────────────────────────────────────────────────────────────────────────
默认	11:48:51.817075+0800	Runner	flutter: ┌───────────────────────────────────────────────────────────────────────────────────────────────────
默认	11:48:51.817116+0800	Runner	flutter: │ [HTTP] response:
默认	11:48:51.817253+0800	Runner	flutter: │ {
默认	11:48:51.817352+0800	Runner	flutter: │   "code": 0,
默认	11:48:51.817493+0800	Runner	flutter: │   "message": "ok",
默认	11:48:51.817775+0800	Runner	flutter: │   "request_id": "gw_req_00af172ae5386517869e5fd61c81f057",
默认	11:48:51.817811+0800	Runner	flutter: │   "trace_id": "trace_dc91210c45160699364428c549019e44",
默认	11:48:51.817990+0800	Runner	flutter: │   "responses": [
默认	11:48:51.818116+0800	Runner	flutter: │     {
默认	11:48:51.818270+0800	Runner	flutter: │       "id": "req_0",
默认	11:48:51.818653+0800	Runner	flutter: │       "success": true,
默认	11:48:51.818690+0800	Runner	flutter: │       "code": 0,
默认	11:48:51.818716+0800	Runner	flutter: │       "message": "ok",
默认	11:48:51.818835+0800	Runner	flutter: │       "data": {
默认	11:48:51.818953+0800	Runner	flutter: │         "request_id": "gw_req_00af172ae5386517869e5fd61c81f057",
默认	11:48:51.819084+0800	Runner	flutter: │         "trace_id": "trace_dc91210c45160699364428c549019e44",
默认	11:48:51.819333+0800	Runner	flutter: │         "accepted_count": 3,
默认	11:48:51.819369+0800	Runner	flutter: │         "event_name": "app_page_stay",
默认	11:48:51.819557+0800	Runner	flutter: │         "event_names": [
默认	11:48:51.819709+0800	Runner	flutter: │           "app_page_stay",
默认	11:48:51.819833+0800	Runner	flutter: │           "report_pageview",
默认	11:48:51.819952+0800	Runner	flutter: │           "report_load_success"
默认	11:48:51.820079+0800	Runner	flutter: │         ],
默认	11:48:51.820342+0800	Runner	flutter: │         "events": [
默认	11:48:51.820375+0800	Runner	flutter: │           {
默认	11:48:51.820492+0800	Runner	flutter: │             "index": 0,
默认	11:48:51.820782+0800	Runner	flutter: │             "event_id": "fdc59287-90ab-45d4-827a-4b87d5ae3f3d",
默认	11:48:51.820826+0800	Runner	flutter: │             "event_name": "app_page_stay",
默认	11:48:51.820955+0800	Runner	flutter: │             "status": "accepted"
默认	11:48:51.821079+0800	Runner	flutter: │           },
默认	11:48:51.821203+0800	Runner	flutter: │           {
默认	11:48:51.821470+0800	Runner	flutter: │             "index": 1,
默认	11:48:51.821508+0800	Runner	flutter: │             "event_id": "f94d0212-aae2-45cf-bd2a-0304b1c8d241",
默认	11:48:51.821768+0800	Runner	flutter: │             "event_name": "report_pageview",
默认	11:48:51.821800+0800	Runner	flutter: │             "status": "accepted"
默认	11:48:51.821911+0800	Runner	flutter: │           },
默认	11:48:51.822185+0800	Runner	flutter: │           {
默认	11:48:51.822218+0800	Runner	flutter: │             "index": 2,
默认	11:48:51.822493+0800	Runner	flutter: │             "event_id": "a67a2d33-9ad2-4a99-b615-d264e468cb3b",
默认	11:48:51.822526+0800	Runner	flutter: │             "event_name": "report_load_success",
默认	11:48:51.822613+0800	Runner	flutter: │             "status": "accepted"
默认	11:48:51.822803+0800	Runner	flutter: │           }
默认	11:48:51.822825+0800	Runner	flutter: │         ]
默认	11:48:51.822899+0800	Runner	flutter: │       }
默认	11:48:51.822985+0800	Runner	flutter: │     }
默认	11:48:51.823070+0800	Runner	flutter: │   ]
默认	11:48:51.823190+0800	Runner	flutter: │ }
默认	11:48:51.823303+0800	Runner	flutter: └───────────────────────────────────────────────────────────────────────────────────────────────────
