错误	11:22:27.385349+0800	Runner	FlutterView implements focusItemsInRect: - caching for linear focus movement is limited as long as this view is on screen.
默认	11:22:28.090645+0800	Runner	flutter: ┌───────────────────────────────────────────────────────────────────────────────────────────────────
默认	11:22:28.090657+0800	Runner	flutter: │ [Firebase] Firebase initialized: appId=1:5867561246:ios:4801ca9aa498406496a90f
默认	11:22:28.090676+0800	Runner	flutter: └───────────────────────────────────────────────────────────────────────────────────────────────────
默认	11:22:28.091299+0800	Runner	flutter: ┌───────────────────────────────────────────────────────────────────────────────────────────────────
默认	11:22:28.091348+0800	Runner	flutter: │ [AdjustAttribution] Adjust initializing: environment=production
默认	11:22:28.091375+0800	Runner	flutter: └───────────────────────────────────────────────────────────────────────────────────────────────────
默认	11:22:28.162653+0800	Runner	flutter: ┌───────────────────────────────────────────────────────────────────────────────────────────────────
默认	11:22:28.163199+0800	Runner	flutter: │ [EventTracking] name=app_start id=8a3a737c-e083-4a22-8bff-13c5a82ac450 time=1783653748161 props={"is_first":1,"search_count":0}
默认	11:22:28.163235+0800	Runner	flutter: └───────────────────────────────────────────────────────────────────────────────────────────────────
默认	11:22:28.163248+0800	Runner	flutter: ┌───────────────────────────────────────────────────────────────────────────────────────────────────
默认	11:22:28.163259+0800	Runner	flutter: │ [SubPurchase] coordinator.created
默认	11:22:28.163275+0800	Runner	flutter: └───────────────────────────────────────────────────────────────────────────────────────────────────
默认	11:22:28.189529+0800	Runner	flutter: ┌───────────────────────────────────────────────────────────────────────────────────────────────────
默认	11:22:28.189608+0800	Runner	flutter: │ [AdjustAttribution] Adjust SKAN updated: {conversion_value: 0, lock_window: false, coarse_value: low}
默认	11:22:28.189627+0800	Runner	flutter: └───────────────────────────────────────────────────────────────────────────────────────────────────
默认	11:22:28.204926+0800	Runner	flutter: ┌───────────────────────────────────────────────────────────────────────────────────────────────────
默认	11:22:28.204946+0800	Runner	flutter: │ [HTTP] --> POST https://api.truthy.top/gateway/invoke service=tool.identity.IdentityService method=CreateAnonymousSession
默认	11:22:28.204965+0800	Runner	flutter: └───────────────────────────────────────────────────────────────────────────────────────────────────
默认	11:22:28.204976+0800	Runner	flutter: ┌───────────────────────────────────────────────────────────────────────────────────────────────────
默认	11:22:28.204986+0800	Runner	flutter: │ [HTTP] request:
默认	11:22:28.205001+0800	Runner	flutter: │ {
默认	11:22:28.205013+0800	Runner	flutter: │   "comm": {
默认	11:22:28.205024+0800	Runner	flutter: │     "device_id": "c5ece928-513e-4e75-a500-28479ac5102a",
默认	11:22:28.205032+0800	Runner	flutter: │     "client_request_id": "crid_1783653748204068",
默认	11:22:28.205041+0800	Runner	flutter: │     "platform": "ios",
默认	11:22:28.205050+0800	Runner	flutter: │     "app_version": "1.0.0",
默认	11:22:28.205059+0800	Runner	flutter: │     "locale": "zh-Hans-HK",
默认	11:22:28.205380+0800	Runner	flutter: │     "country": "HK",
默认	11:22:28.205395+0800	Runner	flutter: │     "timezone": "UTC+08:00"
默认	11:22:28.205451+0800	Runner	flutter: │   },
默认	11:22:28.205478+0800	Runner	flutter: │   "requests": [
默认	11:22:28.205487+0800	Runner	flutter: │     {
默认	11:22:28.205495+0800	Runner	flutter: │       "id": "req_0",
默认	11:22:28.205513+0800	Runner	flutter: │       "service_name": "tool.identity.IdentityService",
默认	11:22:28.205524+0800	Runner	flutter: │       "method_name": "CreateAnonymousSession",
默认	11:22:28.205532+0800	Runner	flutter: │       "params": {
默认	11:22:28.205539+0800	Runner	flutter: │         "consent_policy_version": "2026-06-08"
默认	11:22:28.205552+0800	Runner	flutter: │       }
默认	11:22:28.205559+0800	Runner	flutter: │     }
默认	11:22:28.205568+0800	Runner	flutter: │   ]
默认	11:22:28.205575+0800	Runner	flutter: │ }
默认	11:22:28.205596+0800	Runner	flutter: └───────────────────────────────────────────────────────────────────────────────────────────────────
默认	11:22:28.209798+0800	Runner	flutter: ┌───────────────────────────────────────────────────────────────────────────────────────────────────
默认	11:22:28.209810+0800	Runner	flutter: │ [HTTP] --> POST https://api.truthy.top/gateway/invoke service=tool.event_tracking.EventTrackingService method=TrackEvents
默认	11:22:28.209821+0800	Runner	flutter: └───────────────────────────────────────────────────────────────────────────────────────────────────
默认	11:22:28.209856+0800	Runner	flutter: ┌───────────────────────────────────────────────────────────────────────────────────────────────────
默认	11:22:28.209866+0800	Runner	flutter: │ [HTTP] request:
默认	11:22:28.210066+0800	Runner	flutter: │ {
默认	11:22:28.210501+0800	Runner	flutter: │   "comm": {
默认	11:22:28.210576+0800	Runner	flutter: │     "device_id": "c5ece928-513e-4e75-a500-28479ac5102a",
默认	11:22:28.210587+0800	Runner	flutter: │     "client_request_id": "crid_1783653748207589",
默认	11:22:28.210621+0800	Runner	flutter: │     "platform": "ios",
默认	11:22:28.210644+0800	Runner	flutter: │     "app_version": "1.0.0",
默认	11:22:28.210653+0800	Runner	flutter: │     "locale": "zh-Hans-HK",
默认	11:22:28.210661+0800	Runner	flutter: │     "country": "HK",
默认	11:22:28.210669+0800	Runner	flutter: │     "timezone": "UTC+08:00"
默认	11:22:28.210676+0800	Runner	flutter: │   },
默认	11:22:28.210695+0800	Runner	flutter: │   "requests": [
默认	11:22:28.210704+0800	Runner	flutter: │     {
默认	11:22:28.210726+0800	Runner	flutter: │       "id": "req_0",
默认	11:22:28.210743+0800	Runner	flutter: │       "service_name": "tool.event_tracking.EventTrackingService",
默认	11:22:28.210756+0800	Runner	flutter: │       "method_name": "TrackEvents",
默认	11:22:28.210772+0800	Runner	flutter: │       "params": {
默认	11:22:28.210788+0800	Runner	flutter: │         "events": [
默认	11:22:28.210804+0800	Runner	flutter: │           {
默认	11:22:28.210999+0800	Runner	flutter: │             "event_id": "8a3a737c-e083-4a22-8bff-13c5a82ac450",
默认	11:22:28.211029+0800	Runner	flutter: │             "event_name": "app_start",
默认	11:22:28.211039+0800	Runner	flutter: │             "event_time_ms": 1783653748161,
默认	11:22:28.211047+0800	Runner	flutter: │             "properties": {
默认	11:22:28.211056+0800	Runner	flutter: │               "logtime": 1783653748161,
默认	11:22:28.211560+0800	Runner	flutter: │               "log_id": "8a3a737c-e083-4a22-8bff-13c5a82ac450",
默认	11:22:28.211570+0800	Runner	flutter: │               "net": "",
默认	11:22:28.211580+0800	Runner	flutter: │               "pkg": "com.sparkjam.truthy.ios",
默认	11:22:28.211587+0800	Runner	flutter: │               "bucket": 56,
默认	11:22:28.211596+0800	Runner	flutter: │               "abslot": 1,
默认	11:22:28.211605+0800	Runner	flutter: │               "ram": "3684MB",
默认	11:22:28.211621+0800	Runner	flutter: │               "cpu": "arm64",
默认	11:22:28.211628+0800	Runner	flutter: │               "sh": 844,
默认	11:22:28.211637+0800	Runner	flutter: │               "sw": 390,
默认	11:22:28.211644+0800	Runner	flutter: │               "city": "",
默认	11:22:28.211652+0800	Runner	flutter: │               "ste": "",
默认	11:22:28.211661+0800	Runner	flutter: │               "lat": "",
默认	11:22:28.211668+0800	Runner	flutter: │               "lng": "",
默认	11:22:28.211838+0800	Runner	flutter: │               "sty": "desk",
默认	11:22:28.211854+0800	Runner	flutter: │               "isp": "",
默认	11:22:28.211863+0800	Runner	flutter: │               "mod": "iphone13,2",
默认	11:22:28.211872+0800	Runner	flutter: │               "brd": "apple",
默认	11:22:28.212099+0800	Runner	flutter: │               "os": "26.3.1",
默认	11:22:28.212112+0800	Runner	flutter: │               "pf": "ios",
默认	11:22:28.212122+0800	Runner	flutter: │               "slan": "zh",
默认	11:22:28.212266+0800	Runner	flutter: │               "reg": "HK",
默认	11:22:28.212280+0800	Runner	flutter: │               "cou": "HK",
默认	11:22:28.212327+0800	Runner	flutter: │               "sub": "",
默认	11:22:28.212337+0800	Runner	flutter: │               "cha": "",
默认	11:22:28.212344+0800	Runner	flutter: │               "verc": "10000",
默认	11:22:28.212353+0800	Runner	flutter: │               "ver": "1.0.0",
默认	11:22:28.212397+0800	Runner	flutter: │               "sid": "5094b07b-cc63-4868-b4ac-6bced54db906",
默认	11:22:28.212405+0800	Runner	flutter: │               "uuid": "***",
默认	11:22:28.212414+0800	Runner	flutter: │               "idfa": "***",
默认	11:22:28.212423+0800	Runner	flutter: │               "idfv": "***",
默认	11:22:28.212941+0800	Runner	flutter: │               "aid": "***",
默认	11:22:28.212955+0800	Runner	flutter: │               "gaid": "***",
默认	11:22:28.212966+0800	Runner	flutter: │               "did": "***",
默认	11:22:28.212976+0800	Runner	flutter: │               "uid": "***",
默认	11:22:28.212986+0800	Runner	flutter: │               "anm": "Truthy",
默认	11:22:28.213623+0800	Runner	flutter: │               "push_id": "",
默认	11:22:28.215123+0800	Runner	flutter: │               "push_type": "",
默认	11:22:28.215159+0800	Runner	flutter: │               "is_pro": "0",
默认	11:22:28.216022+0800	Runner	flutter: │               "is_first": 1,
默认	11:22:28.216053+0800	Runner	flutter: │               "search_count": 0
默认	11:22:28.216064+0800	Runner	flutter: │             }
默认	11:22:28.216074+0800	Runner	flutter: │           }
默认	11:22:28.216118+0800	Runner	flutter: │         ]
默认	11:22:28.216471+0800	Runner	flutter: │       }
默认	11:22:28.216495+0800	Runner	flutter: │     }
默认	11:22:28.216506+0800	Runner	flutter: │   ]
默认	11:22:28.216516+0800	Runner	flutter: │ }
默认	11:22:28.216527+0800	Runner	flutter: └───────────────────────────────────────────────────────────────────────────────────────────────────
默认	11:22:28.225074+0800	Runner	flutter: \^[[38;5;196m┌───────────────────────────────────────────────────────────────────────────────────────────────────\^[[0m
默认	11:22:28.225138+0800	Runner	flutter: \^[[38;5;196m│ [HTTP] <-- ERROR - POST https://api.truthy.top/gateway/invoke service=tool.identity.IdentityService method=CreateAnonymousSession\^[[0m
默认	11:22:28.225152+0800	Runner	flutter: \^[[38;5;196m└───────────────────────────────────────────────────────────────────────────────────────────────────\^[[0m
默认	11:22:28.225163+0800	Runner	flutter: \^[[38;5;196m┌───────────────────────────────────────────────────────────────────────────────────────────────────\^[[0m
默认	11:22:28.225172+0800	Runner	flutter: \^[[38;5;196m│ [HTTP] error: The connection errored: Failed host lookup: 'api.truthy.top' This indicates an error which most likely cannot be solved by the library.\^[[0m
默认	11:22:28.225182+0800	Runner	flutter: \^[[38;5;196m└───────────────────────────────────────────────────────────────────────────────────────────────────\^[[0m
默认	11:22:28.238147+0800	Runner	flutter: \^[[38;5;196m┌───────────────────────────────────────────────────────────────────────────────────────────────────\^[[0m
默认	11:22:28.238162+0800	Runner	flutter: \^[[38;5;196m│ [HTTP] <-- ERROR - POST https://api.truthy.top/gateway/invoke service=tool.event_tracking.EventTrackingService method=TrackEvents\^[[0m
默认	11:22:28.238174+0800	Runner	flutter: \^[[38;5;196m└───────────────────────────────────────────────────────────────────────────────────────────────────\^[[0m
默认	11:22:28.238194+0800	Runner	flutter: \^[[38;5;196m┌───────────────────────────────────────────────────────────────────────────────────────────────────\^[[0m
默认	11:22:28.238212+0800	Runner	flutter: \^[[38;5;196m│ [HTTP] error: The connection errored: Failed host lookup: 'api.truthy.top' This indicates an error which most likely cannot be solved by the library.\^[[0m
默认	11:22:28.238235+0800	Runner	flutter: \^[[38;5;196m└───────────────────────────────────────────────────────────────────────────────────────────────────\^[[0m
默认	11:22:28.238523+0800	Runner	flutter: ┌───────────────────────────────────────────────────────────────────────────────────────────────────
默认	11:22:28.238683+0800	Runner	flutter: │ DioException [connection error]: The connection errored: Failed host lookup: 'api.truthy.top' This indicates an error which most likely cannot be solved by the library.
默认	11:22:28.238795+0800	Runner	flutter: │ Error: SocketException: Failed host lookup: 'api.truthy.top' (OS Error: nodename nor servname provided, or not known, errno = 8)
默认	11:22:28.238812+0800	Runner	flutter: ├┄┄┄┄┄┄┄┄┄┄┄┄┄┄┄┄┄┄┄┄┄┄┄┄┄┄┄┄┄┄┄┄┄┄┄┄┄┄┄┄┄┄┄┄┄┄┄┄┄┄┄┄┄┄┄┄┄┄┄┄┄┄┄┄┄┄┄┄┄┄┄┄┄┄┄┄┄┄┄┄┄┄┄┄┄┄┄┄┄┄┄┄┄┄┄┄┄┄┄
默认	11:22:28.238821+0800	Runner	flutter: │ #0   DioMixin.fetch (package:dio/src/dio_mixin.dart:523)
默认	11:22:28.238831+0800	Runner	flutter: │ #1   <asynchronous suspension>
默认	11:22:28.238840+0800	Runner	flutter: │ #2   DioClient._sendGatewayRequest (package:relationships/core/network/dio_client.dart:240)
默认	11:22:28.238893+0800	Runner	flutter: │ #3   <asynchronous suspension>
默认	11:22:28.239039+0800	Runner	flutter: │ #4   DioClient.invokeGateway (package:relationships/core/network/dio_client.dart:140)
默认	11:22:28.239074+0800	Runner	flutter: │ #5   <asynchronous suspension>
默认	11:22:28.239093+0800	Runner	flutter: ├┄┄┄┄┄┄┄┄┄┄┄┄┄┄┄┄┄┄┄┄┄┄┄┄┄┄┄┄┄┄┄┄┄┄┄┄┄┄┄┄┄┄┄┄┄┄┄┄┄┄┄┄┄┄┄┄┄┄┄┄┄┄┄┄┄┄┄┄┄┄┄┄┄┄┄┄┄┄┄┄┄┄┄┄┄┄┄┄┄┄┄┄┄┄┄┄┄┄┄
默认	11:22:28.239114+0800	Runner	flutter: │ [EventTracking] Event tracking upload failed: DioException [connection error]: The connection errored: Failed host lookup: 'api.truthy.top' This indicates an error which most likely cannot be solved by the library.
默认	11:22:28.239264+0800	Runner	flutter: │ Error: SocketException: Failed host lookup: 'api.truthy.top' (OS Error: nodename nor servname provided, or not known, errno = 8)
默认	11:22:28.239347+0800	Runner	flutter: └───────────────────────────────────────────────────────────────────────────────────────────────────
默认	11:22:28.289060+0800	Runner	flutter: \^[[38;5;196m┌───────────────────────────────────────────────────────────────────────────────────────────────────\^[[0m
默认	11:22:28.289068+0800	Runner	flutter: \^[[38;5;196m│ [AdjustAttribution] Adjust session failure: message=Error Domain=NSURLErrorDomain Code=-1009 "The Internet connection appears to be offline." UserInfo={_kCFStreamErrorCodeKey=50, NSUnderlyingError=0x1099a52c0 {Error Domain=kCFErrorDomainCFNetwork Code=-1009 "(null)" UserInfo={_kCFStreamErrorDomainKey=1, _kCFStreamErrorCodeKey=50, _NSURLErrorNWResolutionReportKey=Resolved 0 endpoints in 1ms using unknown from cache, _NSURLErrorNWPathKey=unsatisfied (Denied over Wi-Fi interface), interface: en0[802.11], ipv4, dns, uses wifi, LQM: good}}, _NSURLErrorFailingURLSessionTaskErrorKey=LocalDataTask <A69896D3-5EEB-45F7-A4B3-FE5C4EB8C462>.<1>, _NSURLErrorRelatedURLSessionTaskErrorKey=(\^[[0m
默认	11:22:28.289084+0800	Runner	flutter: \^[[38;5;196m│     "LocalDataTask <A69896D3-5EEB-45F7-A4B3-FE5C4EB8C462>.<1>"\^[[0m
默认	11:22:28.289104+0800	Runner	flutter: \^[[38;5;196m│ ), NSLocalizedDescription=The Internet connection appears to be offline., NSErrorFailingURLStringKey=https://analytics.adjust.io/session, NSErrorFailingURLKey=https://analytics.adjust.io/session, _kCFStreamErrorDomainKey=1}, timestamp=, adid=, willRetry=true, jsonResponse={\^[[0m
默认	11:22:28.289113+0800	Runner	flutter: \^[[38;5;196m│ \^[[0m
默认	11:22:28.289160+0800	Runner	flutter: \^[[38;5;196m│ }\^[[0m
默认	11:22:28.289180+0800	Runner	flutter: \^[[38;5;196m└───────────────────────────────────────────────────────────────────────────────────────────────────\^[[0m
默认	11:22:29.232398+0800	Runner	flutter: ┌───────────────────────────────────────────────────────────────────────────────────────────────────
默认	11:22:29.232434+0800	Runner	flutter: │ [HTTP] --> POST https://api.truthy.top/gateway/invoke service=tool.identity.IdentityService method=CreateAnonymousSession
默认	11:22:29.232487+0800	Runner	flutter: └───────────────────────────────────────────────────────────────────────────────────────────────────
默认	11:22:29.232677+0800	Runner	flutter: ┌───────────────────────────────────────────────────────────────────────────────────────────────────
默认	11:22:29.232700+0800	Runner	flutter: │ [HTTP] request:
默认	11:22:29.232722+0800	Runner	flutter: │ {
默认	11:22:29.232788+0800	Runner	flutter: │   "comm": {
默认	11:22:29.232810+0800	Runner	flutter: │     "device_id": "c5ece928-513e-4e75-a500-28479ac5102a",
默认	11:22:29.232853+0800	Runner	flutter: │     "client_request_id": "crid_1783653749231836",
默认	11:22:29.232894+0800	Runner	flutter: │     "platform": "ios",
默认	11:22:29.232934+0800	Runner	flutter: │     "app_version": "1.0.0",
默认	11:22:29.232979+0800	Runner	flutter: │     "locale": "zh-Hans-HK",
默认	11:22:29.233074+0800	Runner	flutter: │     "country": "HK",
默认	11:22:29.233086+0800	Runner	flutter: │     "timezone": "UTC+08:00"
默认	11:22:29.233127+0800	Runner	flutter: │   },
默认	11:22:29.233165+0800	Runner	flutter: │   "requests": [
默认	11:22:29.233206+0800	Runner	flutter: │     {
默认	11:22:29.233346+0800	Runner	flutter: │       "id": "req_0",
默认	11:22:29.233357+0800	Runner	flutter: │       "service_name": "tool.identity.IdentityService",
默认	11:22:29.233366+0800	Runner	flutter: │       "method_name": "CreateAnonymousSession",
默认	11:22:29.233405+0800	Runner	flutter: │       "params": {
默认	11:22:29.233444+0800	Runner	flutter: │         "consent_policy_version": "2026-06-08"
默认	11:22:29.233486+0800	Runner	flutter: │       }
默认	11:22:29.233525+0800	Runner	flutter: │     }
默认	11:22:29.233567+0800	Runner	flutter: │   ]
默认	11:22:29.233611+0800	Runner	flutter: │ }
默认	11:22:29.233747+0800	Runner	flutter: └───────────────────────────────────────────────────────────────────────────────────────────────────
默认	11:22:30.247068+0800	Runner	flutter: ┌───────────────────────────────────────────────────────────────────────────────────────────────────
默认	11:22:30.247133+0800	Runner	flutter: │ [HTTP] --> POST https://api.truthy.top/gateway/invoke service=tool.event_tracking.EventTrackingService method=TrackEvents
默认	11:22:30.247237+0800	Runner	flutter: └───────────────────────────────────────────────────────────────────────────────────────────────────
默认	11:22:30.247689+0800	Runner	flutter: ┌───────────────────────────────────────────────────────────────────────────────────────────────────
默认	11:22:30.247781+0800	Runner	flutter: │ [HTTP] request:
默认	11:22:30.247883+0800	Runner	flutter: │ {
默认	11:22:30.247963+0800	Runner	flutter: │   "comm": {
默认	11:22:30.248051+0800	Runner	flutter: │     "device_id": "c5ece928-513e-4e75-a500-28479ac5102a",
默认	11:22:30.248172+0800	Runner	flutter: │     "client_request_id": "crid_1783653750244295",
默认	11:22:30.248193+0800	Runner	flutter: │     "platform": "ios",
默认	11:22:30.248383+0800	Runner	flutter: │     "app_version": "1.0.0",
默认	11:22:30.248414+0800	Runner	flutter: │     "locale": "zh-Hans-HK",
默认	11:22:30.248495+0800	Runner	flutter: │     "country": "HK",
默认	11:22:30.248575+0800	Runner	flutter: │     "timezone": "UTC+08:00"
默认	11:22:30.248810+0800	Runner	flutter: │   },
默认	11:22:30.248835+0800	Runner	flutter: │   "requests": [
默认	11:22:30.248874+0800	Runner	flutter: │     {
默认	11:22:30.248954+0800	Runner	flutter: │       "id": "req_0",
默认	11:22:30.249161+0800	Runner	flutter: │       "service_name": "tool.event_tracking.EventTrackingService",
默认	11:22:30.249191+0800	Runner	flutter: │       "method_name": "TrackEvents",
默认	11:22:30.249671+0800	Runner	flutter: │       "params": {
默认	11:22:30.249831+0800	Runner	flutter: │         "events": [
默认	11:22:30.249850+0800	Runner	flutter: │           {
默认	11:22:30.249869+0800	Runner	flutter: │             "event_id": "8a3a737c-e083-4a22-8bff-13c5a82ac450",
默认	11:22:30.250041+0800	Runner	flutter: │             "event_name": "app_start",
默认	11:22:30.250061+0800	Runner	flutter: │             "event_time_ms": 1783653748161,
默认	11:22:30.250073+0800	Runner	flutter: │             "properties": {
默认	11:22:30.250086+0800	Runner	flutter: │               "logtime": 1783653748161,
默认	11:22:30.250098+0800	Runner	flutter: │               "log_id": "8a3a737c-e083-4a22-8bff-13c5a82ac450",
默认	11:22:30.250112+0800	Runner	flutter: │               "net": "wifi",
默认	11:22:30.250124+0800	Runner	flutter: │               "pkg": "com.sparkjam.truthy.ios",
默认	11:22:30.250158+0800	Runner	flutter: │               "bucket": 56,
默认	11:22:30.250226+0800	Runner	flutter: │               "abslot": 1,
默认	11:22:30.250335+0800	Runner	flutter: │               "ram": "3684MB",
默认	11:22:30.250412+0800	Runner	flutter: │               "cpu": "arm64",
默认	11:22:30.250463+0800	Runner	flutter: │               "sh": 844,
默认	11:22:30.250540+0800	Runner	flutter: │               "sw": 390,
默认	11:22:30.250602+0800	Runner	flutter: │               "city": "",
默认	11:22:30.250741+0800	Runner	flutter: │               "ste": "",
默认	11:22:30.250758+0800	Runner	flutter: │               "lat": "",
默认	11:22:30.250813+0800	Runner	flutter: │               "lng": "",
默认	11:22:30.250927+0800	Runner	flutter: │               "sty": "desk",
默认	11:22:30.250943+0800	Runner	flutter: │               "isp": "",
默认	11:22:30.251012+0800	Runner	flutter: │               "mod": "iphone13,2",
默认	11:22:30.251071+0800	Runner	flutter: │               "brd": "apple",
默认	11:22:30.251204+0800	Runner	flutter: │               "os": "26.3.1",
默认	11:22:30.251220+0800	Runner	flutter: │               "pf": "ios",
默认	11:22:30.251274+0800	Runner	flutter: │               "slan": "zh",
默认	11:22:30.251456+0800	Runner	flutter: │               "reg": "HK",
默认	11:22:30.251475+0800	Runner	flutter: │               "cou": "HK",
默认	11:22:30.251488+0800	Runner	flutter: │               "sub": "",
默认	11:22:30.251545+0800	Runner	flutter: │               "cha": "",
默认	11:22:30.251606+0800	Runner	flutter: │               "verc": "10000",
默认	11:22:30.251740+0800	Runner	flutter: │               "ver": "1.0.0",
默认	11:22:30.251758+0800	Runner	flutter: │               "sid": "5094b07b-cc63-4868-b4ac-6bced54db906",
默认	11:22:30.251825+0800	Runner	flutter: │               "uuid": "***",
默认	11:22:30.251883+0800	Runner	flutter: │               "idfa": "***",
默认	11:22:30.252075+0800	Runner	flutter: │               "idfv": "***",
默认	11:22:30.252095+0800	Runner	flutter: │               "aid": "***",
默认	11:22:30.252106+0800	Runner	flutter: │               "gaid": "***",
默认	11:22:30.252286+0800	Runner	flutter: │               "did": "***",
默认	11:22:30.252305+0800	Runner	flutter: │               "uid": "***",
默认	11:22:30.252317+0800	Runner	flutter: │               "anm": "Truthy",
默认	11:22:30.252386+0800	Runner	flutter: │               "push_id": "",
默认	11:22:30.252449+0800	Runner	flutter: │               "push_type": "",
默认	11:22:30.252506+0800	Runner	flutter: │               "is_pro": "0",
默认	11:22:30.252886+0800	Runner	flutter: │               "is_first": 1,
默认	11:22:30.252924+0800	Runner	flutter: │               "search_count": 0
默认	11:22:30.253036+0800	Runner	flutter: │             }
默认	11:22:30.253072+0800	Runner	flutter: │           }
默认	11:22:30.253206+0800	Runner	flutter: │         ]
默认	11:22:30.253405+0800	Runner	flutter: │       }
默认	11:22:30.253488+0800	Runner	flutter: │     }
默认	11:22:30.253520+0800	Runner	flutter: │   ]
默认	11:22:30.253532+0800	Runner	flutter: │ }
默认	11:22:30.253545+0800	Runner	flutter: └───────────────────────────────────────────────────────────────────────────────────────────────────
默认	11:22:30.418382+0800	Runner	flutter: ┌───────────────────────────────────────────────────────────────────────────────────────────────────
默认	11:22:30.418406+0800	Runner	flutter: │ [EventTracking] name=home_pageview id=4d75981b-bb25-47ba-af53-f2e59eaecf9d time=1783653750417 props={}
默认	11:22:30.418425+0800	Runner	flutter: └───────────────────────────────────────────────────────────────────────────────────────────────────
默认	11:22:30.427098+0800	Runner	flutter: ┌───────────────────────────────────────────────────────────────────────────────────────────────────
默认	11:22:30.427211+0800	Runner	flutter: │ [HTTP] --> POST https://api.truthy.top/gateway/invoke service=tool.people_insight.HomeService method=GetHomeContent
默认	11:22:30.427243+0800	Runner	flutter: └───────────────────────────────────────────────────────────────────────────────────────────────────
默认	11:22:30.427421+0800	Runner	flutter: ┌───────────────────────────────────────────────────────────────────────────────────────────────────
默认	11:22:30.427479+0800	Runner	flutter: │ [HTTP] request:
默认	11:22:30.427556+0800	Runner	flutter: │ {
默认	11:22:30.427570+0800	Runner	flutter: │   "comm": {
默认	11:22:30.427582+0800	Runner	flutter: │     "device_id": "c5ece928-513e-4e75-a500-28479ac5102a",
默认	11:22:30.427656+0800	Runner	flutter: │     "client_request_id": "crid_1783653750423591",
默认	11:22:30.427669+0800	Runner	flutter: │     "platform": "ios",
默认	11:22:30.427787+0800	Runner	flutter: │     "app_version": "1.0.0",
默认	11:22:30.427799+0800	Runner	flutter: │     "locale": "zh-Hans-HK",
默认	11:22:30.427808+0800	Runner	flutter: │     "country": "HK",
默认	11:22:30.427866+0800	Runner	flutter: │     "timezone": "UTC+08:00"
默认	11:22:30.427923+0800	Runner	flutter: │   },
默认	11:22:30.427934+0800	Runner	flutter: │   "requests": [
默认	11:22:30.427973+0800	Runner	flutter: │     {
默认	11:22:30.428019+0800	Runner	flutter: │       "id": "req_0",
默认	11:22:30.428086+0800	Runner	flutter: │       "service_name": "tool.people_insight.HomeService",
默认	11:22:30.428106+0800	Runner	flutter: │       "method_name": "GetHomeContent",
默认	11:22:30.428214+0800	Runner	flutter: │       "params": {
默认	11:22:30.428225+0800	Runner	flutter: │         "locale": "zh-Hans-HK"
默认	11:22:30.428246+0800	Runner	flutter: │       }
默认	11:22:30.428323+0800	Runner	flutter: │     }
默认	11:22:30.428337+0800	Runner	flutter: │   ]
默认	11:22:30.428391+0800	Runner	flutter: │ }
默认	11:22:30.428493+0800	Runner	flutter: └───────────────────────────────────────────────────────────────────────────────────────────────────
默认	11:22:30.794425+0800	Runner	flutter: ┌───────────────────────────────────────────────────────────────────────────────────────────────────
默认	11:22:30.794492+0800	Runner	flutter: │ [HTTP] <-- 200 POST https://api.truthy.top/gateway/invoke service=tool.identity.IdentityService method=CreateAnonymousSession
默认	11:22:30.794548+0800	Runner	flutter: └───────────────────────────────────────────────────────────────────────────────────────────────────
默认	11:22:30.794603+0800	Runner	flutter: ┌───────────────────────────────────────────────────────────────────────────────────────────────────
默认	11:22:30.794842+0800	Runner	flutter: │ [HTTP] response:
默认	11:22:30.794862+0800	Runner	flutter: │ {
默认	11:22:30.794872+0800	Runner	flutter: │   "code": 0,
默认	11:22:30.794882+0800	Runner	flutter: │   "message": "ok",
默认	11:22:30.794892+0800	Runner	flutter: │   "request_id": "gw_req_be88f3482ac563ce4f681d9b668671f0",
默认	11:22:30.794900+0800	Runner	flutter: │   "trace_id": "trace_b9fcfa5afacee37c68bb14c76f06fd21",
默认	11:22:30.794909+0800	Runner	flutter: │   "responses": [
默认	11:22:30.794917+0800	Runner	flutter: │     {
默认	11:22:30.794924+0800	Runner	flutter: │       "id": "req_0",
默认	11:22:30.794933+0800	Runner	flutter: │       "success": true,
默认	11:22:30.794940+0800	Runner	flutter: │       "code": 0,
默认	11:22:30.795011+0800	Runner	flutter: │       "message": "ok",
默认	11:22:30.795022+0800	Runner	flutter: │       "data": {
默认	11:22:30.795082+0800	Runner	flutter: │         "access_token": "***",
默认	11:22:30.795103+0800	Runner	flutter: │         "expires_time": 1784258550703,
默认	11:22:30.795150+0800	Runner	flutter: │         "is_new_user": true,
默认	11:22:30.795157+0800	Runner	flutter: │         "refresh_expires_time": 1799205750703,
默认	11:22:30.795192+0800	Runner	flutter: │         "refresh_token": "***",
默认	11:22:30.795231+0800	Runner	flutter: │         "user_id": "user_e5f97712121ebfac3d6f6407"
默认	11:22:30.795252+0800	Runner	flutter: │       }
默认	11:22:30.795345+0800	Runner	flutter: │     }
默认	11:22:30.795356+0800	Runner	flutter: │   ]
默认	11:22:30.795367+0800	Runner	flutter: │ }
默认	11:22:30.795418+0800	Runner	flutter: └───────────────────────────────────────────────────────────────────────────────────────────────────
默认	11:22:30.820910+0800	Runner	flutter: ┌───────────────────────────────────────────────────────────────────────────────────────────────────
默认	11:22:30.820931+0800	Runner	flutter: │ [HTTP] --> POST https://api.truthy.top/gateway/invoke service=tool.identity.IdentityService method=GetMe
默认	11:22:30.820947+0800	Runner	flutter: └───────────────────────────────────────────────────────────────────────────────────────────────────
默认	11:22:30.821111+0800	Runner	flutter: ┌───────────────────────────────────────────────────────────────────────────────────────────────────
默认	11:22:30.821129+0800	Runner	flutter: │ [HTTP] request:
默认	11:22:30.821154+0800	Runner	flutter: │ {
默认	11:22:30.821163+0800	Runner	flutter: │   "comm": {
默认	11:22:30.821172+0800	Runner	flutter: │     "auth_token": "***",
默认	11:22:30.821182+0800	Runner	flutter: │     "user_id": "user_e5f97712121ebfac3d6f6407",
默认	11:22:30.821233+0800	Runner	flutter: │     "device_id": "c5ece928-513e-4e75-a500-28479ac5102a",
默认	11:22:30.821261+0800	Runner	flutter: │     "client_request_id": "crid_1783653750818543",
默认	11:22:30.821278+0800	Runner	flutter: │     "platform": "ios",
默认	11:22:30.821322+0800	Runner	flutter: │     "app_version": "1.0.0",
默认	11:22:30.821333+0800	Runner	flutter: │     "locale": "zh-Hans-HK",
默认	11:22:30.821405+0800	Runner	flutter: │     "country": "HK",
默认	11:22:30.821419+0800	Runner	flutter: │     "timezone": "UTC+08:00"
默认	11:22:30.821429+0800	Runner	flutter: │   },
默认	11:22:30.821500+0800	Runner	flutter: │   "requests": [
默认	11:22:30.821512+0800	Runner	flutter: │     {
默认	11:22:30.821521+0800	Runner	flutter: │       "id": "req_0",
默认	11:22:30.821530+0800	Runner	flutter: │       "service_name": "tool.identity.IdentityService",
默认	11:22:30.821593+0800	Runner	flutter: │       "method_name": "GetMe",
默认	11:22:30.821670+0800	Runner	flutter: │       "params": {}
默认	11:22:30.821681+0800	Runner	flutter: │     }
默认	11:22:30.821690+0800	Runner	flutter: │   ]
默认	11:22:30.821698+0800	Runner	flutter: │ }
默认	11:22:30.821707+0800	Runner	flutter: └───────────────────────────────────────────────────────────────────────────────────────────────────
默认	11:22:31.215312+0800	Runner	flutter: ┌───────────────────────────────────────────────────────────────────────────────────────────────────
默认	11:22:31.215353+0800	Runner	flutter: │ [HTTP] <-- 200 POST https://api.truthy.top/gateway/invoke service=tool.identity.IdentityService method=GetMe
默认	11:22:31.215372+0800	Runner	flutter: └───────────────────────────────────────────────────────────────────────────────────────────────────
默认	11:22:31.215394+0800	Runner	flutter: ┌───────────────────────────────────────────────────────────────────────────────────────────────────
默认	11:22:31.215420+0800	Runner	flutter: │ [HTTP] response:
默认	11:22:31.215428+0800	Runner	flutter: │ {
默认	11:22:31.215435+0800	Runner	flutter: │   "code": 0,
默认	11:22:31.215568+0800	Runner	flutter: │   "message": "ok",
默认	11:22:31.215581+0800	Runner	flutter: │   "request_id": "gw_req_a0d241fccca81e0f7f7c65c4fae3b6b4",
默认	11:22:31.215795+0800	Runner	flutter: │   "trace_id": "trace_684f7ecacacac604867bf06d65318f0e",
默认	11:22:31.215832+0800	Runner	flutter: │   "responses": [
默认	11:22:31.215846+0800	Runner	flutter: │     {
默认	11:22:31.215858+0800	Runner	flutter: │       "id": "req_0",
默认	11:22:31.215899+0800	Runner	flutter: │       "success": true,
默认	11:22:31.216013+0800	Runner	flutter: │       "code": 0,
默认	11:22:31.216057+0800	Runner	flutter: │       "message": "ok",
默认	11:22:31.216074+0800	Runner	flutter: │       "data": {
默认	11:22:31.216083+0800	Runner	flutter: │         "acquisition_summary": {
默认	11:22:31.217092+0800	Runner	flutter: │           "channel": "",
默认	11:22:31.217195+0800	Runner	flutter: │           "channel_code": "",
默认	11:22:31.217209+0800	Runner	flutter: │           "report_time": null,
默认	11:22:31.217257+0800	Runner	flutter: │           "source": "",
默认	11:22:31.217269+0800	Runner	flutter: │           "sub_channel": "",
默认	11:22:31.217470+0800	Runner	flutter: │           "sub_channel_code": ""
默认	11:22:31.217480+0800	Runner	flutter: │         },
默认	11:22:31.217489+0800	Runner	flutter: │         "consent_policy_version": "2026-06-08",
默认	11:22:31.217499+0800	Runner	flutter: │         "create_time": 1783653750704,
默认	11:22:31.217509+0800	Runner	flutter: │         "device_id": "c5ece928-513e-4e75-a500-28479ac5102a",
默认	11:22:31.217535+0800	Runner	flutter: │         "profile_summary": {
默认	11:22:31.217555+0800	Runner	flutter: │           "bucket": "bucket_76",
默认	11:22:31.217562+0800	Runner	flutter: │           "country": "HK",
默认	11:22:31.217571+0800	Runner	flutter: │           "last_app_version": "1.0.0",
默认	11:22:31.217580+0800	Runner	flutter: │           "last_ip": "43.173.72.75",
默认	11:22:31.217602+0800	Runner	flutter: │           "last_platform": "ios",
默认	11:22:31.217672+0800	Runner	flutter: │           "last_seen_time": 1783653750704,
默认	11:22:31.217713+0800	Runner	flutter: │           "recharge_cnt": 0,
默认	11:22:31.217721+0800	Runner	flutter: │           "recharge_total_micros": 0
默认	11:22:31.217730+0800	Runner	flutter: │         },
默认	11:22:31.217741+0800	Runner	flutter: │         "subscription_summary": {
默认	11:22:31.217792+0800	Runner	flutter: │           "expires_time": null,
默认	11:22:31.217804+0800	Runner	flutter: │           "plan_code": "free",
默认	11:22:31.217827+0800	Runner	flutter: │           "product_code": "people_insight",
默认	11:22:31.217858+0800	Runner	flutter: │           "subscription_status": "inactive"
默认	11:22:31.218030+0800	Runner	flutter: │         },
默认	11:22:31.224009+0800	Runner	flutter: │         "user_id": "user_e5f97712121ebfac3d6f6407",
默认	11:22:31.224051+0800	Runner	flutter: │         "user_type": "anonymous"
默认	11:22:31.224191+0800	Runner	flutter: │       }
默认	11:22:31.224201+0800	Runner	flutter: │     }
默认	11:22:31.224225+0800	Runner	flutter: │   ]
默认	11:22:31.224736+0800	Runner	flutter: │ }
默认	11:22:31.224879+0800	Runner	flutter: └───────────────────────────────────────────────────────────────────────────────────────────────────
默认	11:22:31.226953+0800	Runner	flutter: ┌───────────────────────────────────────────────────────────────────────────────────────────────────
默认	11:22:31.227019+0800	Runner	flutter: │ [HTTP] --> POST https://api.truthy.top/gateway/invoke service=tool.subscription.SubscriptionService method=GetSubscriptionStatus
默认	11:22:31.227077+0800	Runner	flutter: └───────────────────────────────────────────────────────────────────────────────────────────────────
默认	11:22:31.227097+0800	Runner	flutter: ┌───────────────────────────────────────────────────────────────────────────────────────────────────
默认	11:22:31.227230+0800	Runner	flutter: │ [HTTP] request:
默认	11:22:31.227278+0800	Runner	flutter: │ {
默认	11:22:31.227291+0800	Runner	flutter: │   "comm": {
默认	11:22:31.227335+0800	Runner	flutter: │     "auth_token": "***",
默认	11:22:31.227344+0800	Runner	flutter: │     "user_id": "user_e5f97712121ebfac3d6f6407",
默认	11:22:31.227353+0800	Runner	flutter: │     "device_id": "c5ece928-513e-4e75-a500-28479ac5102a",
默认	11:22:31.227360+0800	Runner	flutter: │     "client_request_id": "crid_1783653751187578",
默认	11:22:31.227514+0800	Runner	flutter: │     "platform": "ios",
默认	11:22:31.227523+0800	Runner	flutter: │     "app_version": "1.0.0",
默认	11:22:31.227574+0800	Runner	flutter: │     "locale": "zh-Hans-HK",
默认	11:22:31.227667+0800	Runner	flutter: │     "country": "HK",
默认	11:22:31.227675+0800	Runner	flutter: │     "timezone": "UTC+08:00"
默认	11:22:31.227684+0800	Runner	flutter: │   },
默认	11:22:31.227761+0800	Runner	flutter: │   "requests": [
默认	11:22:31.227782+0800	Runner	flutter: │     {
默认	11:22:31.227792+0800	Runner	flutter: │       "id": "req_0",
默认	11:22:31.227799+0800	Runner	flutter: │       "service_name": "tool.subscription.SubscriptionService",
默认	11:22:31.227808+0800	Runner	flutter: │       "method_name": "GetSubscriptionStatus",
默认	11:22:31.227828+0800	Runner	flutter: │       "params": {
默认	11:22:31.227835+0800	Runner	flutter: │         "product_code": "people_insight",
默认	11:22:31.227853+0800	Runner	flutter: │         "scenario": "app_start"
默认	11:22:31.227860+0800	Runner	flutter: │       }
默认	11:22:31.227869+0800	Runner	flutter: │     }
默认	11:22:31.227876+0800	Runner	flutter: │   ]
默认	11:22:31.227885+0800	Runner	flutter: │ }
默认	11:22:31.227977+0800	Runner	flutter: └───────────────────────────────────────────────────────────────────────────────────────────────────
默认	11:22:31.228106+0800	Runner	flutter: ┌───────────────────────────────────────────────────────────────────────────────────────────────────
默认	11:22:31.228131+0800	Runner	flutter: │ [HTTP] --> POST https://api.truthy.top/gateway/invoke service=tool.subscription.SubscriptionService method=GetSubscriptionStatus
默认	11:22:31.228245+0800	Runner	flutter: └───────────────────────────────────────────────────────────────────────────────────────────────────
默认	11:22:31.228312+0800	Runner	flutter: ┌───────────────────────────────────────────────────────────────────────────────────────────────────
默认	11:22:31.228324+0800	Runner	flutter: │ [HTTP] request:
默认	11:22:31.228333+0800	Runner	flutter: │ {
默认	11:22:31.228342+0800	Runner	flutter: │   "comm": {
默认	11:22:31.228352+0800	Runner	flutter: │     "auth_token": "***",
默认	11:22:31.228359+0800	Runner	flutter: │     "user_id": "user_e5f97712121ebfac3d6f6407",
默认	11:22:31.228594+0800	Runner	flutter: │     "device_id": "c5ece928-513e-4e75-a500-28479ac5102a",
默认	11:22:31.228610+0800	Runner	flutter: │     "client_request_id": "crid_1783653751187584",
默认	11:22:31.228621+0800	Runner	flutter: │     "platform": "ios",
默认	11:22:31.228629+0800	Runner	flutter: │     "app_version": "1.0.0",
默认	11:22:31.228643+0800	Runner	flutter: │     "locale": "zh-Hans-HK",
默认	11:22:31.228666+0800	Runner	flutter: │     "country": "HK",
默认	11:22:31.228674+0800	Runner	flutter: │     "timezone": "UTC+08:00"
默认	11:22:31.228682+0800	Runner	flutter: │   },
默认	11:22:31.228691+0800	Runner	flutter: │   "requests": [
默认	11:22:31.228737+0800	Runner	flutter: │     {
默认	11:22:31.228758+0800	Runner	flutter: │       "id": "req_0",
默认	11:22:31.228775+0800	Runner	flutter: │       "service_name": "tool.subscription.SubscriptionService",
默认	11:22:31.228785+0800	Runner	flutter: │       "method_name": "GetSubscriptionStatus",
默认	11:22:31.228802+0800	Runner	flutter: │       "params": {
默认	11:22:31.228811+0800	Runner	flutter: │         "product_code": "people_insight",
默认	11:22:31.228827+0800	Runner	flutter: │         "scenario": "app_resume"
默认	11:22:31.228837+0800	Runner	flutter: │       }
默认	11:22:31.228846+0800	Runner	flutter: │     }
默认	11:22:31.228854+0800	Runner	flutter: │   ]
默认	11:22:31.228863+0800	Runner	flutter: │ }
默认	11:22:31.228872+0800	Runner	flutter: └───────────────────────────────────────────────────────────────────────────────────────────────────
默认	11:22:31.500696+0800	Runner	flutter: ┌───────────────────────────────────────────────────────────────────────────────────────────────────
默认	11:22:31.500734+0800	Runner	flutter: │ [HTTP] <-- 200 POST https://api.truthy.top/gateway/invoke service=tool.subscription.SubscriptionService method=GetSubscriptionStatus
默认	11:22:31.500766+0800	Runner	flutter: └───────────────────────────────────────────────────────────────────────────────────────────────────
默认	11:22:31.500813+0800	Runner	flutter: ┌───────────────────────────────────────────────────────────────────────────────────────────────────
默认	11:22:31.500834+0800	Runner	flutter: │ [HTTP] response:
默认	11:22:31.500857+0800	Runner	flutter: │ {
默认	11:22:31.500879+0800	Runner	flutter: │   "code": 0,
默认	11:22:31.500900+0800	Runner	flutter: │   "message": "ok",
默认	11:22:31.501009+0800	Runner	flutter: │   "request_id": "gw_req_a6e2e2eb5bbcd22f2c9c7e0c151bea66",
默认	11:22:31.501028+0800	Runner	flutter: │   "trace_id": "trace_94542e3a9695c38cef0d90f1b9e6e6da",
默认	11:22:31.501039+0800	Runner	flutter: │   "responses": [
默认	11:22:31.501049+0800	Runner	flutter: │     {
默认	11:22:31.501058+0800	Runner	flutter: │       "id": "req_0",
默认	11:22:31.501065+0800	Runner	flutter: │       "success": true,
默认	11:22:31.501104+0800	Runner	flutter: │       "code": 0,
默认	11:22:31.501116+0800	Runner	flutter: │       "message": "ok",
默认	11:22:31.501125+0800	Runner	flutter: │       "data": {
默认	11:22:31.501149+0800	Runner	flutter: │         "entitlement": {
默认	11:22:31.501157+0800	Runner	flutter: │           "can_start_search": false,
默认	11:22:31.501225+0800	Runner	flutter: │           "concurrency_remaining": 0,
默认	11:22:31.501239+0800	Runner	flutter: │           "decision": "REQUIRE_SUBSCRIPTION",
默认	11:22:31.501247+0800	Runner	flutter: │           "expires_time": null,
默认	11:22:31.501257+0800	Runner	flutter: │           "plan_code": "free",
默认	11:22:31.501266+0800	Runner	flutter: │           "product_code": "people_insight",
默认	11:22:31.501354+0800	Runner	flutter: │           "quota_remaining": 0,
默认	11:22:31.501364+0800	Runner	flutter: │           "subscription_status": "inactive",
默认	11:22:31.501373+0800	Runner	flutter: │           "vip_level": 0
默认	11:22:31.501380+0800	Runner	flutter: │         },
默认	11:22:31.501390+0800	Runner	flutter: │         "expires_time": null,
默认	11:22:31.501399+0800	Runner	flutter: │         "has_active_subscription": false,
默认	11:22:31.501485+0800	Runner	flutter: │         "plan_code": "free",
默认	11:22:31.501494+0800	Runner	flutter: │         "product_code": "people_insight",
默认	11:22:31.501502+0800	Runner	flutter: │         "subscription_status": "inactive",
默认	11:22:31.501509+0800	Runner	flutter: │         "tier_code": "",
默认	11:22:31.501519+0800	Runner	flutter: │         "unavailable_reason": "not_subscribed",
默认	11:22:31.501529+0800	Runner	flutter: │         "vip_level": 0
默认	11:22:31.501620+0800	Runner	flutter: │       }
默认	11:22:31.501630+0800	Runner	flutter: │     }
默认	11:22:31.501637+0800	Runner	flutter: │   ]
默认	11:22:31.501646+0800	Runner	flutter: │ }
默认	11:22:31.501701+0800	Runner	flutter: └───────────────────────────────────────────────────────────────────────────────────────────────────
默认	11:22:31.502305+0800	Runner	flutter: ┌───────────────────────────────────────────────────────────────────────────────────────────────────
默认	11:22:31.502312+0800	Runner	flutter: │ [SubPurchase] coordinator.recoverUnfinished.start trigger=app_start products=0
默认	11:22:31.502343+0800	Runner	flutter: └───────────────────────────────────────────────────────────────────────────────────────────────────
默认	11:22:31.502367+0800	Runner	flutter: ┌───────────────────────────────────────────────────────────────────────────────────────────────────
默认	11:22:31.502425+0800	Runner	flutter: │ [SubPurchase] storekitRecovery.queryUnfinishedAll.start
默认	11:22:31.502441+0800	Runner	flutter: └───────────────────────────────────────────────────────────────────────────────────────────────────
默认	11:22:31.507468+0800	Runner	flutter: ┌───────────────────────────────────────────────────────────────────────────────────────────────────
默认	11:22:31.507483+0800	Runner	flutter: │ [SubPurchase] storekitRecovery.queryUnfinishedAll.result total=0
默认	11:22:31.507504+0800	Runner	flutter: └───────────────────────────────────────────────────────────────────────────────────────────────────
默认	11:22:31.507567+0800	Runner	flutter: ┌───────────────────────────────────────────────────────────────────────────────────────────────────
默认	11:22:31.507574+0800	Runner	flutter: │ [SubPurchase] coordinator.recoverStoreKitUnfinished.results count=0
默认	11:22:31.507621+0800	Runner	flutter: └───────────────────────────────────────────────────────────────────────────────────────────────────
默认	11:22:31.507639+0800	Runner	flutter: ┌───────────────────────────────────────────────────────────────────────────────────────────────────
默认	11:22:31.507656+0800	Runner	flutter: │ [SubPurchase] coordinator.recoverUnfinished.finish
默认	11:22:31.507710+0800	Runner	flutter: └───────────────────────────────────────────────────────────────────────────────────────────────────
默认	11:22:31.763310+0800	Runner	flutter: ┌───────────────────────────────────────────────────────────────────────────────────────────────────
默认	11:22:31.763331+0800	Runner	flutter: │ [AdjustAttribution] Adjust session success: message=, timestamp=, adid=c7424b46a93878df3e4cdd19754f8dd0, jsonResponse={
默认	11:22:31.763391+0800	Runner	flutter: │   "ask_in" : 2000,
默认	11:22:31.763417+0800	Runner	flutter: │   "app_token" : "hohfl2x389a8",
默认	11:22:31.763451+0800	Runner	flutter: │   "adid" : "c7424b46a93878df3e4cdd19754f8dd0"
默认	11:22:31.763462+0800	Runner	flutter: │ }
默认	11:22:31.763474+0800	Runner	flutter: └───────────────────────────────────────────────────────────────────────────────────────────────────
默认	11:22:31.803822+0800	Runner	flutter: ┌───────────────────────────────────────────────────────────────────────────────────────────────────
默认	11:22:31.803884+0800	Runner	flutter: │ [HTTP] <-- 200 POST https://api.truthy.top/gateway/invoke service=tool.event_tracking.EventTrackingService method=TrackEvents
默认	11:22:31.803977+0800	Runner	flutter: └───────────────────────────────────────────────────────────────────────────────────────────────────
默认	11:22:31.804199+0800	Runner	flutter: ┌───────────────────────────────────────────────────────────────────────────────────────────────────
默认	11:22:31.804260+0800	Runner	flutter: │ [HTTP] response:
默认	11:22:31.804400+0800	Runner	flutter: │ {
默认	11:22:31.804419+0800	Runner	flutter: │   "code": 0,
默认	11:22:31.804485+0800	Runner	flutter: │   "message": "ok",
默认	11:22:31.804552+0800	Runner	flutter: │   "request_id": "gw_req_443d9eb6fa96b6142b5149af11366a27",
默认	11:22:31.804616+0800	Runner	flutter: │   "trace_id": "trace_ff0815a100d91e646eee8467d75e3881",
默认	11:22:31.804693+0800	Runner	flutter: │   "responses": [
默认	11:22:31.804759+0800	Runner	flutter: │     {
默认	11:22:31.804826+0800	Runner	flutter: │       "id": "req_0",
默认	11:22:31.805120+0800	Runner	flutter: │       "success": true,
默认	11:22:31.805143+0800	Runner	flutter: │       "code": 0,
默认	11:22:31.805155+0800	Runner	flutter: │       "message": "ok",
默认	11:22:31.805167+0800	Runner	flutter: │       "data": {
默认	11:22:31.805181+0800	Runner	flutter: │         "request_id": "gw_req_443d9eb6fa96b6142b5149af11366a27",
默认	11:22:31.805237+0800	Runner	flutter: │         "trace_id": "trace_ff0815a100d91e646eee8467d75e3881",
默认	11:22:31.805315+0800	Runner	flutter: │         "accepted_count": 1,
默认	11:22:31.805377+0800	Runner	flutter: │         "event_name": "app_start",
默认	11:22:31.805442+0800	Runner	flutter: │         "event_names": [
默认	11:22:31.805545+0800	Runner	flutter: │           "app_start"
默认	11:22:31.805609+0800	Runner	flutter: │         ],
默认	11:22:31.805666+0800	Runner	flutter: │         "events": [
默认	11:22:31.805747+0800	Runner	flutter: │           {
默认	11:22:31.805808+0800	Runner	flutter: │             "index": 0,
默认	11:22:31.805888+0800	Runner	flutter: │             "event_id": "8a3a737c-e083-4a22-8bff-13c5a82ac450",
默认	11:22:31.805963+0800	Runner	flutter: │             "event_name": "app_start",
默认	11:22:31.806030+0800	Runner	flutter: │             "status": "accepted"
默认	11:22:31.806145+0800	Runner	flutter: │           }
默认	11:22:31.806164+0800	Runner	flutter: │         ]
默认	11:22:31.806339+0800	Runner	flutter: │       }
默认	11:22:31.806354+0800	Runner	flutter: │     }
默认	11:22:31.806412+0800	Runner	flutter: │   ]
默认	11:22:31.806476+0800	Runner	flutter: │ }
默认	11:22:31.806638+0800	Runner	flutter: └───────────────────────────────────────────────────────────────────────────────────────────────────
默认	11:22:31.816346+0800	Runner	flutter: ┌───────────────────────────────────────────────────────────────────────────────────────────────────
默认	11:22:31.816396+0800	Runner	flutter: │ [HTTP] --> POST https://api.truthy.top/gateway/invoke service=tool.event_tracking.EventTrackingService method=TrackEvents
默认	11:22:31.816422+0800	Runner	flutter: └───────────────────────────────────────────────────────────────────────────────────────────────────
默认	11:22:31.816664+0800	Runner	flutter: ┌───────────────────────────────────────────────────────────────────────────────────────────────────
默认	11:22:31.816685+0800	Runner	flutter: │ [HTTP] request:
默认	11:22:31.816701+0800	Runner	flutter: │ {
默认	11:22:31.816736+0800	Runner	flutter: │   "comm": {
默认	11:22:31.816808+0800	Runner	flutter: │     "auth_token": "***",
默认	11:22:31.816821+0800	Runner	flutter: │     "user_id": "user_e5f97712121ebfac3d6f6407",
默认	11:22:31.816860+0800	Runner	flutter: │     "device_id": "c5ece928-513e-4e75-a500-28479ac5102a",
默认	11:22:31.816905+0800	Runner	flutter: │     "client_request_id": "crid_1783653751812915",
默认	11:22:31.816948+0800	Runner	flutter: │     "platform": "ios",
默认	11:22:31.816997+0800	Runner	flutter: │     "app_version": "1.0.0",
默认	11:22:31.817038+0800	Runner	flutter: │     "locale": "zh-Hans-HK",
默认	11:22:31.817137+0800	Runner	flutter: │     "country": "HK",
默认	11:22:31.817147+0800	Runner	flutter: │     "timezone": "UTC+08:00"
默认	11:22:31.817184+0800	Runner	flutter: │   },
默认	11:22:31.817327+0800	Runner	flutter: │   "requests": [
默认	11:22:31.817408+0800	Runner	flutter: │     {
默认	11:22:31.817420+0800	Runner	flutter: │       "id": "req_0",
默认	11:22:31.817465+0800	Runner	flutter: │       "service_name": "tool.event_tracking.EventTrackingService",
默认	11:22:31.817523+0800	Runner	flutter: │       "method_name": "TrackEvents",
默认	11:22:31.817601+0800	Runner	flutter: │       "params": {
默认	11:22:31.817612+0800	Runner	flutter: │         "events": [
默认	11:22:31.817693+0800	Runner	flutter: │           {
默认	11:22:31.817712+0800	Runner	flutter: │             "event_id": "4d75981b-bb25-47ba-af53-f2e59eaecf9d",
默认	11:22:31.817766+0800	Runner	flutter: │             "event_name": "home_pageview",
默认	11:22:31.817831+0800	Runner	flutter: │             "event_time_ms": 1783653750417,
默认	11:22:31.817845+0800	Runner	flutter: │             "properties": {
默认	11:22:31.817902+0800	Runner	flutter: │               "logtime": 1783653750417,
默认	11:22:31.817953+0800	Runner	flutter: │               "log_id": "4d75981b-bb25-47ba-af53-f2e59eaecf9d",
默认	11:22:31.818003+0800	Runner	flutter: │               "net": "wifi",
默认	11:22:31.818052+0800	Runner	flutter: │               "pkg": "com.sparkjam.truthy.ios",
默认	11:22:31.818104+0800	Runner	flutter: │               "bucket": 56,
默认	11:22:31.818156+0800	Runner	flutter: │               "abslot": 21,
默认	11:22:31.818233+0800	Runner	flutter: │               "ram": "3684MB",
默认	11:22:31.818245+0800	Runner	flutter: │               "cpu": "arm64",
默认	11:22:31.818314+0800	Runner	flutter: │               "sh": 844,
默认	11:22:31.818367+0800	Runner	flutter: │               "sw": 390,
默认	11:22:31.818416+0800	Runner	flutter: │               "city": "",
默认	11:22:31.818425+0800	Runner	flutter: │               "ste": "",
默认	11:22:31.818496+0800	Runner	flutter: │               "lat": "",
默认	11:22:31.818517+0800	Runner	flutter: │               "lng": "",
默认	11:22:31.818579+0800	Runner	flutter: │               "sty": "desk",
默认	11:22:31.818593+0800	Runner	flutter: │               "isp": "",
默认	11:22:31.818627+0800	Runner	flutter: │               "mod": "iphone13,2",
默认	11:22:31.818695+0800	Runner	flutter: │               "brd": "apple",
默认	11:22:31.818737+0800	Runner	flutter: │               "os": "26.3.1",
默认	11:22:31.818773+0800	Runner	flutter: │               "pf": "ios",
默认	11:22:31.818850+0800	Runner	flutter: │               "slan": "zh",
默认	11:22:31.818862+0800	Runner	flutter: │               "reg": "HK",
默认	11:22:31.818897+0800	Runner	flutter: │               "cou": "HK",
默认	11:22:31.818979+0800	Runner	flutter: │               "sub": "",
默认	11:22:31.818989+0800	Runner	flutter: │               "cha": "",
默认	11:22:31.819039+0800	Runner	flutter: │               "verc": "10000",
默认	11:22:31.819081+0800	Runner	flutter: │               "ver": "1.0.0",
默认	11:22:31.819147+0800	Runner	flutter: │               "sid": "5094b07b-cc63-4868-b4ac-6bced54db906",
默认	11:22:31.819216+0800	Runner	flutter: │               "uuid": "***",
默认	11:22:31.819232+0800	Runner	flutter: │               "idfa": "***",
默认	11:22:31.819283+0800	Runner	flutter: │               "idfv": "***",
默认	11:22:31.819363+0800	Runner	flutter: │               "aid": "***",
默认	11:22:31.819370+0800	Runner	flutter: │               "gaid": "***",
默认	11:22:31.819458+0800	Runner	flutter: │               "did": "***",
默认	11:22:31.819478+0800	Runner	flutter: │               "uid": "***",
默认	11:22:31.819521+0800	Runner	flutter: │               "anm": "Truthy",
默认	11:22:31.819591+0800	Runner	flutter: │               "push_id": "",
默认	11:22:31.819600+0800	Runner	flutter: │               "push_type": "",
默认	11:22:31.819633+0800	Runner	flutter: │               "is_pro": "0"
默认	11:22:31.819720+0800	Runner	flutter: │             }
默认	11:22:31.819737+0800	Runner	flutter: │           }
默认	11:22:31.819809+0800	Runner	flutter: │         ]
默认	11:22:31.819822+0800	Runner	flutter: │       }
默认	11:22:31.819854+0800	Runner	flutter: │     }
默认	11:22:31.819930+0800	Runner	flutter: │   ]
默认	11:22:31.819941+0800	Runner	flutter: │ }
默认	11:22:31.820038+0800	Runner	flutter: └───────────────────────────────────────────────────────────────────────────────────────────────────
默认	11:22:31.965195+0800	Runner	flutter: ┌───────────────────────────────────────────────────────────────────────────────────────────────────
默认	11:22:31.965281+0800	Runner	flutter: │ [HTTP] <-- 200 POST https://api.truthy.top/gateway/invoke service=tool.people_insight.HomeService method=GetHomeContent
默认	11:22:31.965338+0800	Runner	flutter: └───────────────────────────────────────────────────────────────────────────────────────────────────
默认	11:22:31.967134+0800	Runner	flutter: ┌───────────────────────────────────────────────────────────────────────────────────────────────────
默认	11:22:31.967282+0800	Runner	flutter: │ [HTTP] response:
默认	11:22:31.967344+0800	Runner	flutter: │ {
默认	11:22:31.967374+0800	Runner	flutter: │   "code": 0,
默认	11:22:31.967415+0800	Runner	flutter: │   "message": "ok",
默认	11:22:31.967583+0800	Runner	flutter: │   "request_id": "gw_req_5eee66114b6a12a0ba38b620e4d59579",
默认	11:22:31.967736+0800	Runner	flutter: │   "trace_id": "trace_c3609b9e4bee0494242a9903dc092b1c",
默认	11:22:31.968034+0800	Runner	flutter: │   "responses": [
默认	11:22:31.968063+0800	Runner	flutter: │     {
默认	11:22:31.968087+0800	Runner	flutter: │       "id": "req_0",
默认	11:22:31.968389+0800	Runner	flutter: │       "success": true,
默认	11:22:31.968427+0800	Runner	flutter: │       "code": 0,
默认	11:22:31.968679+0800	Runner	flutter: │       "message": "ok",
默认	11:22:31.968800+0800	Runner	flutter: │       "data": {
默认	11:22:31.968826+0800	Runner	flutter: │         "cache_ttl_seconds": 3600,
默认	11:22:31.969153+0800	Runner	flutter: │         "content_version": "home_static_v2",
默认	11:22:31.969182+0800	Runner	flutter: │         "search_examples": [
默认	11:22:31.969386+0800	Runner	flutter: │           {
默认	11:22:31.969676+0800	Runner	flutter: │             "action": {
默认	11:22:31.969897+0800	Runner	flutter: │               "sample_case_id": "sample_case_cristiano_ronaldo",
默认	11:22:31.969934+0800	Runner	flutter: │               "type": "OPEN_SAMPLE_DETAIL"
默认	11:22:31.969991+0800	Runner	flutter: │             },
默认	11:22:31.970259+0800	Runner	flutter: │             "clue_types": [
默认	11:22:31.970285+0800	Runner	flutter: │               "FULL_NAME",
默认	11:22:31.970310+0800	Runner	flutter: │               "LOCATION",
默认	11:22:31.970868+0800	Runner	flutter: │               "SOCIAL_LINK",
默认	11:22:31.970973+0800	Runner	flutter: │               "PHOTO"
默认	11:22:31.971000+0800	Runner	flutter: │             ],
默认	11:22:31.971026+0800	Runner	flutter: │             "example_id": "example_cristiano_ronaldo",
默认	11:22:31.971051+0800	Runner	flutter: │             "requires_auth": true,
默认	11:22:31.971076+0800	Runner	flutter: │             "requires_entitlement": true,
默认	11:22:31.971307+0800	Runner	flutter: │             "sample_case_id": "sample_case_cristiano_ronaldo",
默认	11:22:31.971597+0800	Runner	flutter: │             "sample_input": {
默认	11:22:31.971622+0800	Runner	flutter: │               "additional_details": [
默认	11:22:31.971790+0800	Runner	flutter: │                 {
默认	11:22:31.971853+0800	Runner	flutter: │                   "type": "PROFESSION",
默认	11:22:31.972148+0800	Runner	flutter: │                   "value": "Football athlete"
默认	11:22:31.972177+0800	Runner	flutter: │                 }
默认	11:22:31.972203+0800	Runner	flutter: │               ],
默认	11:22:31.972332+0800	Runner	flutter: │               "clues": [
默认	11:22:31.972424+0800	Runner	flutter: │                 {
默认	11:22:31.972556+0800	Runner	flutter: │                   "full_name_query": {
默认	11:22:31.972744+0800	Runner	flutter: │                     "city": "",
默认	11:22:31.972829+0800	Runner	flutter: │                     "country": "PT",
默认	11:22:31.972915+0800	Runner	flutter: │                     "extra_hint": "football athlete",
默认	11:22:31.973063+0800	Runner	flutter: │                     "full_name": "Cristiano Ronaldo"
默认	11:22:31.973153+0800	Runner	flutter: │                   },
默认	11:22:31.973290+0800	Runner	flutter: │                   "type": "FULL_NAME"
默认	11:22:31.973381+0800	Runner	flutter: │                 },
默认	11:22:31.973403+0800	Runner	flutter: │                 {
默认	11:22:31.973484+0800	Runner	flutter: │                   "location_query": {
默认	11:22:31.973567+0800	Runner	flutter: │                     "address_components": null,
默认	11:22:31.973654+0800	Runner	flutter: │                     "address_types": [
默认	11:22:31.974041+0800	Runner	flutter: │                       "country"
默认	11:22:31.974066+0800	Runner	flutter: │                     ],
默认	11:22:31.974083+0800	Runner	flutter: │                     "formatted_address": "Portugal",
默认	11:22:31.974100+0800	Runner	flutter: │                     "location": "Portugal",
默认	11:22:31.974275+0800	Runner	flutter: │                     "place_id": "",
默认	11:22:31.974292+0800	Runner	flutter: │                     "source": "sample"
默认	11:22:31.974410+0800	Runner	flutter: │                   },
默认	11:22:31.974436+0800	Runner	flutter: │                   "type": "LOCATION"
默认	11:22:31.974571+0800	Runner	flutter: │                 },
默认	11:22:31.974603+0800	Runner	flutter: │                 {
默认	11:22:31.974690+0800	Runner	flutter: │                   "social_link_query": {
默认	11:22:31.974831+0800	Runner	flutter: │                     "platform_hint": "instagram",
默认	11:22:31.974850+0800	Runner	flutter: │                     "url": "https://www.instagram.com/cristiano/"
默认	11:22:31.974953+0800	Runner	flutter: │                   },
默认	11:22:31.975033+0800	Runner	flutter: │                   "type": "SOCIAL_LINK"
默认	11:22:31.975246+0800	Runner	flutter: │                 },
默认	11:22:31.975269+0800	Runner	flutter: │                 {
默认	11:22:31.975328+0800	Runner	flutter: │                   "photo_query": {
默认	11:22:31.975447+0800	Runner	flutter: │                     "media_asset_id": "media_sample_cristiano_face_1",
默认	11:22:31.975534+0800	Runner	flutter: │                     "photo_type_hint": "face"
默认	11:22:31.975646+0800	Runner	flutter: │                   },
默认	11:22:31.975720+0800	Runner	flutter: │                   "type": "PHOTO"
默认	11:22:31.975919+0800	Runner	flutter: │                 }
默认	11:22:31.975940+0800	Runner	flutter: │               ],
默认	11:22:31.976015+0800	Runner	flutter: │               "is_demo": true,
默认	11:22:31.976097+0800	Runner	flutter: │               "match_strategy": "UNION"
默认	11:22:31.976290+0800	Runner	flutter: │             },
默认	11:22:31.976313+0800	Runner	flutter: │             "sort_order": 10,
默认	11:22:31.976406+0800	Runner	flutter: │             "subtitle": "Full name, Portugal location, public Instagram clue, and a face photo sample.",
默认	11:22:31.976634+0800	Runner	flutter: │             "thumbnail_url": "https://tool-srv-people-insight-1349591044.cos.na-siliconvalley.myqcloud.com/static/home/sample-thumbnails/cristiano-ronaldo.jpg",
默认	11:22:31.976675+0800	Runner	flutter: │             "title": "Cristiano Ronaldo"
默认	11:22:31.976787+0800	Runner	flutter: │           },
默认	11:22:31.976875+0800	Runner	flutter: │           {
默认	11:22:31.976989+0800	Runner	flutter: │             "action": {
默认	11:22:31.977011+0800	Runner	flutter: │               "sample_case_id": "sample_case_lionel_messi",
默认	11:22:31.977108+0800	Runner	flutter: │               "type": "OPEN_SAMPLE_DETAIL"
默认	11:22:31.977191+0800	Runner	flutter: │             },
默认	11:22:31.977281+0800	Runner	flutter: │             "clue_types": [
默认	11:22:31.977396+0800	Runner	flutter: │               "FULL_NAME",
默认	11:22:31.977473+0800	Runner	flutter: │               "LOCATION",
默认	11:22:31.977562+0800	Runner	flutter: │               "SOCIAL_LINK"
默认	11:22:31.977674+0800	Runner	flutter: │             ],
默认	11:22:31.977757+0800	Runner	flutter: │             "example_id": "example_lionel_messi",
默认	11:22:31.977849+0800	Runner	flutter: │             "requires_auth": true,
默认	11:22:31.977938+0800	Runner	flutter: │             "requires_entitlement": true,
默认	11:22:31.978030+0800	Runner	flutter: │             "sample_case_id": "sample_case_lionel_messi",
默认	11:22:31.978212+0800	Runner	flutter: │             "sample_input": {
默认	11:22:31.978236+0800	Runner	flutter: │               "additional_details": [
默认	11:22:31.978317+0800	Runner	flutter: │                 {
默认	11:22:31.978418+0800	Runner	flutter: │                   "type": "PROFESSION",
默认	11:22:31.978498+0800	Runner	flutter: │                   "value": "Football athlete"
默认	11:22:31.978691+0800	Runner	flutter: │                 }
默认	11:22:31.978708+0800	Runner	flutter: │               ],
默认	11:22:31.978790+0800	Runner	flutter: │               "clues": [
默认	11:22:31.978873+0800	Runner	flutter: │                 {
默认	11:22:31.978945+0800	Runner	flutter: │                   "full_name_query": {
默认	11:22:31.978980+0800	Runner	flutter: │                     "city": "",
默认	11:22:31.979043+0800	Runner	flutter: │                     "country": "AR",
默认	11:22:31.979099+0800	Runner	flutter: │                     "extra_hint": "football athlete",
默认	11:22:31.979244+0800	Runner	flutter: │                     "full_name": "Lionel Messi"
默认	11:22:31.979262+0800	Runner	flutter: │                   },
默认	11:22:31.979314+0800	Runner	flutter: │                   "type": "FULL_NAME"
默认	11:22:31.979386+0800	Runner	flutter: │                 },
默认	11:22:31.979444+0800	Runner	flutter: │                 {
默认	11:22:31.979507+0800	Runner	flutter: │                   "location_query": {
默认	11:22:31.979676+0800	Runner	flutter: │                     "address_components": null,
默认	11:22:31.979799+0800	Runner	flutter: │                     "address_types": [
默认	11:22:31.979850+0800	Runner	flutter: │                       "country"
默认	11:22:31.979866+0800	Runner	flutter: │                     ],
默认	11:22:31.980118+0800	Runner	flutter: │                     "formatted_address": "Argentina",
默认	11:22:31.980304+0800	Runner	flutter: │                     "location": "Argentina",
默认	11:22:31.980346+0800	Runner	flutter: │                     "place_id": "",
默认	11:22:31.980365+0800	Runner	flutter: │                     "source": "sample"
默认	11:22:31.980379+0800	Runner	flutter: │                   },
默认	11:22:31.980460+0800	Runner	flutter: │                   "type": "LOCATION"
默认	11:22:31.980494+0800	Runner	flutter: │                 },
默认	11:22:31.980506+0800	Runner	flutter: │                 {
默认	11:22:31.980519+0800	Runner	flutter: │                   "social_link_query": {
默认	11:22:31.980530+0800	Runner	flutter: │                     "platform_hint": "instagram",
默认	11:22:31.980545+0800	Runner	flutter: │                     "url": "https://www.instagram.com/leomessi/"
默认	11:22:31.980643+0800	Runner	flutter: │                   },
默认	11:22:31.980659+0800	Runner	flutter: │                   "type": "SOCIAL_LINK"
默认	11:22:31.980775+0800	Runner	flutter: │                 }
默认	11:22:31.980794+0800	Runner	flutter: │               ],
默认	11:22:31.980855+0800	Runner	flutter: │               "is_demo": true,
默认	11:22:31.980935+0800	Runner	flutter: │               "match_strategy": "UNION"
默认	11:22:31.980994+0800	Runner	flutter: │             },
默认	11:22:31.981066+0800	Runner	flutter: │             "sort_order": 20,
默认	11:22:31.981548+0800	Runner	flutter: │             "subtitle": "Name, Argentina location, public social profile, and profession details.",
默认	11:22:31.981587+0800	Runner	flutter: │             "thumbnail_url": "https://tool-srv-people-insight-1349591044.cos.na-siliconvalley.myqcloud.com/static/home/sample-thumbnails/lionel-messi.jpg",
默认	11:22:31.981638+0800	Runner	flutter: │             "title": "Lionel Messi"
默认	11:22:31.981653+0800	Runner	flutter: │           },
默认	11:22:31.981667+0800	Runner	flutter: │           {
默认	11:22:31.981682+0800	Runner	flutter: │             "action": {
默认	11:22:31.981695+0800	Runner	flutter: │               "sample_case_id": "sample_case_elon_musk",
默认	11:22:31.981710+0800	Runner	flutter: │               "type": "OPEN_SAMPLE_DETAIL"
默认	11:22:31.981724+0800	Runner	flutter: │             },
默认	11:22:31.981739+0800	Runner	flutter: │             "clue_types": [
默认	11:22:31.981812+0800	Runner	flutter: │               "FULL_NAME",
默认	11:22:31.981882+0800	Runner	flutter: │               "LOCATION",
默认	11:22:31.982070+0800	Runner	flutter: │               "SOCIAL_LINK"
默认	11:22:31.982084+0800	Runner	flutter: │             ],
默认	11:22:31.982096+0800	Runner	flutter: │             "example_id": "example_elon_musk",
默认	11:22:31.982188+0800	Runner	flutter: │             "requires_auth": true,
默认	11:22:31.982258+0800	Runner	flutter: │             "requires_entitlement": true,
默认	11:22:31.982321+0800	Runner	flutter: │             "sample_case_id": "sample_case_elon_musk",
默认	11:22:31.982465+0800	Runner	flutter: │             "sample_input": {
默认	11:22:31.982482+0800	Runner	flutter: │               "additional_details": [
默认	11:22:31.982522+0800	Runner	flutter: │                 {
默认	11:22:31.982584+0800	Runner	flutter: │                   "type": "PROFESSION",
默认	11:22:31.982667+0800	Runner	flutter: │                   "value": "Technology entrepreneur"
默认	11:22:31.982721+0800	Runner	flutter: │                 },
默认	11:22:31.982779+0800	Runner	flutter: │                 {
默认	11:22:31.982827+0800	Runner	flutter: │                   "type": "EMPLOYER",
默认	11:22:31.982902+0800	Runner	flutter: │                   "value": "Technology companies"
默认	11:22:31.982949+0800	Runner	flutter: │                 }
默认	11:22:31.983069+0800	Runner	flutter: │               ],
默认	11:22:31.983083+0800	Runner	flutter: │               "clues": [
默认	11:22:31.983115+0800	Runner	flutter: │                 {
默认	11:22:31.983166+0800	Runner	flutter: │                   "full_name_query": {
默认	11:22:31.983352+0800	Runner	flutter: │                     "city": "",
默认	11:22:31.983366+0800	Runner	flutter: │                     "country": "US",
默认	11:22:31.983392+0800	Runner	flutter: │                     "extra_hint": "technology entrepreneur",
默认	11:22:31.983438+0800	Runner	flutter: │                     "full_name": "Elon Musk"
默认	11:22:31.983453+0800	Runner	flutter: │                   },
默认	11:22:31.983503+0800	Runner	flutter: │                   "type": "FULL_NAME"
默认	11:22:31.983570+0800	Runner	flutter: │                 },
默认	11:22:31.983604+0800	Runner	flutter: │                 {
默认	11:22:31.983654+0800	Runner	flutter: │                   "location_query": {
默认	11:22:31.983819+0800	Runner	flutter: │                     "address_components": null,
默认	11:22:31.983839+0800	Runner	flutter: │                     "address_types": [
默认	11:22:31.983889+0800	Runner	flutter: │                       "country"
默认	11:22:31.983974+0800	Runner	flutter: │                     ],
默认	11:22:31.983988+0800	Runner	flutter: │                     "formatted_address": "United States",
默认	11:22:31.984045+0800	Runner	flutter: │                     "location": "United States",
默认	11:22:31.984062+0800	Runner	flutter: │                     "place_id": "",
默认	11:22:31.984122+0800	Runner	flutter: │                     "source": "sample"
默认	11:22:31.984237+0800	Runner	flutter: │                   },
默认	11:22:31.984325+0800	Runner	flutter: │                   "type": "LOCATION"
默认	11:22:31.984338+0800	Runner	flutter: │                 },
默认	11:22:31.984349+0800	Runner	flutter: │                 {
默认	11:22:31.984390+0800	Runner	flutter: │                   "social_link_query": {
默认	11:22:31.984438+0800	Runner	flutter: │                     "platform_hint": "x",
默认	11:22:31.984595+0800	Runner	flutter: │                     "url": "https://x.com/elonmusk"
默认	11:22:31.984618+0800	Runner	flutter: │                   },
默认	11:22:31.984630+0800	Runner	flutter: │                   "type": "SOCIAL_LINK"
默认	11:22:31.984673+0800	Runner	flutter: │                 }
默认	11:22:31.984731+0800	Runner	flutter: │               ],
默认	11:22:31.984782+0800	Runner	flutter: │               "is_demo": true,
默认	11:22:31.984838+0800	Runner	flutter: │               "match_strategy": "UNION"
默认	11:22:31.984884+0800	Runner	flutter: │             },
默认	11:22:31.984947+0800	Runner	flutter: │             "sort_order": 30,
默认	11:22:31.985136+0800	Runner	flutter: │             "subtitle": "Name, US location, public X profile, and employer/profession details.",
默认	11:22:31.985160+0800	Runner	flutter: │             "thumbnail_url": "https://tool-srv-people-insight-1349591044.cos.na-siliconvalley.myqcloud.com/static/home/sample-thumbnails/elon-musk.jpg",
默认	11:22:31.985209+0800	Runner	flutter: │             "title": "Elon Musk"
默认	11:22:31.985220+0800	Runner	flutter: │           },
默认	11:22:31.985232+0800	Runner	flutter: │           {
默认	11:22:31.985449+0800	Runner	flutter: │             "action": {
默认	11:22:31.985465+0800	Runner	flutter: │               "sample_case_id": "sample_case_lady_gaga",
默认	11:22:31.985475+0800	Runner	flutter: │               "type": "OPEN_SAMPLE_DETAIL"
默认	11:22:31.985485+0800	Runner	flutter: │             },
默认	11:22:31.985532+0800	Runner	flutter: │             "clue_types": [
默认	11:22:31.985586+0800	Runner	flutter: │               "FULL_NAME",
默认	11:22:31.985707+0800	Runner	flutter: │               "LOCATION",
默认	11:22:31.985722+0800	Runner	flutter: │               "SOCIAL_LINK",
默认	11:22:31.985766+0800	Runner	flutter: │               "PHOTO"
默认	11:22:31.985811+0800	Runner	flutter: │             ],
默认	11:22:31.985858+0800	Runner	flutter: │             "example_id": "example_lady_gaga",
默认	11:22:31.985981+0800	Runner	flutter: │             "requires_auth": true,
默认	11:22:31.985995+0800	Runner	flutter: │             "requires_entitlement": true,
默认	11:22:31.986083+0800	Runner	flutter: │             "sample_case_id": "sample_case_lady_gaga",
默认	11:22:31.986098+0800	Runner	flutter: │             "sample_input": {
默认	11:22:31.986141+0800	Runner	flutter: │               "additional_details": [
默认	11:22:31.986195+0800	Runner	flutter: │                 {
默认	11:22:31.986243+0800	Runner	flutter: │                   "type": "PROFESSION",
默认	11:22:31.986351+0800	Runner	flutter: │                   "value": "Artist and actor"
默认	11:22:31.986426+0800	Runner	flutter: │                 }
默认	11:22:31.986557+0800	Runner	flutter: │               ],
默认	11:22:31.986572+0800	Runner	flutter: │               "clues": [
默认	11:22:31.986582+0800	Runner	flutter: │                 {
默认	11:22:31.986591+0800	Runner	flutter: │                   "full_name_query": {
默认	11:22:31.986692+0800	Runner	flutter: │                     "city": "",
默认	11:22:31.986706+0800	Runner	flutter: │                     "country": "US",
默认	11:22:31.986716+0800	Runner	flutter: │                     "extra_hint": "artist and actor",
默认	11:22:31.986896+0800	Runner	flutter: │                     "full_name": "Lady Gaga"
默认	11:22:31.986912+0800	Runner	flutter: │                   },
默认	11:22:31.986922+0800	Runner	flutter: │                   "type": "FULL_NAME"
默认	11:22:31.986951+0800	Runner	flutter: │                 },
默认	11:22:31.986998+0800	Runner	flutter: │                 {
默认	11:22:31.987168+0800	Runner	flutter: │                   "location_query": {
默认	11:22:31.987181+0800	Runner	flutter: │                     "address_components": null,
默认	11:22:31.987191+0800	Runner	flutter: │                     "address_types": [
默认	11:22:31.987236+0800	Runner	flutter: │                       "country"
默认	11:22:31.987282+0800	Runner	flutter: │                     ],
默认	11:22:31.987334+0800	Runner	flutter: │                     "formatted_address": "United States",
默认	11:22:31.987380+0800	Runner	flutter: │                     "location": "United States",
默认	11:22:31.987484+0800	Runner	flutter: │                     "place_id": "",
默认	11:22:31.987498+0800	Runner	flutter: │                     "source": "sample"
默认	11:22:31.987543+0800	Runner	flutter: │                   },
默认	11:22:31.987646+0800	Runner	flutter: │                   "type": "LOCATION"
默认	11:22:31.987658+0800	Runner	flutter: │                 },
默认	11:22:31.987704+0800	Runner	flutter: │                 {
默认	11:22:31.987790+0800	Runner	flutter: │                   "social_link_query": {
默认	11:22:31.987835+0800	Runner	flutter: │                     "platform_hint": "instagram",
默认	11:22:31.987884+0800	Runner	flutter: │                     "url": "https://www.instagram.com/ladygaga/"
默认	11:22:31.987934+0800	Runner	flutter: │                   },
默认	11:22:31.988030+0800	Runner	flutter: │                   "type": "SOCIAL_LINK"
默认	11:22:31.988046+0800	Runner	flutter: │                 },
默认	11:22:31.988092+0800	Runner	flutter: │                 {
默认	11:22:31.988168+0800	Runner	flutter: │                   "photo_query": {
默认	11:22:31.988221+0800	Runner	flutter: │                     "media_asset_id": "media_sample_lady_gaga_face_1",
默认	11:22:31.988272+0800	Runner	flutter: │                     "photo_type_hint": "face"
默认	11:22:31.988336+0800	Runner	flutter: │                   },
默认	11:22:31.988384+0800	Runner	flutter: │                   "type": "PHOTO"
默认	11:22:31.988429+0800	Runner	flutter: │                 }
默认	11:22:31.988562+0800	Runner	flutter: │               ],
默认	11:22:31.988634+0800	Runner	flutter: │               "is_demo": true,
默认	11:22:31.988645+0800	Runner	flutter: │               "match_strategy": "UNION"
默认	11:22:31.988718+0800	Runner	flutter: │             },
默认	11:22:31.988729+0800	Runner	flutter: │             "sort_order": 40,
默认	11:22:31.988769+0800	Runner	flutter: │             "subtitle": "Stage name, US location, public social profile, and entertainment profession.",
默认	11:22:31.988831+0800	Runner	flutter: │             "thumbnail_url": "https://tool-srv-people-insight-1349591044.cos.na-siliconvalley.myqcloud.com/static/home/sample-thumbnails/lady-gaga.jpg",
默认	11:22:31.988852+0800	Runner	flutter: │             "title": "Lady Gaga"
默认	11:22:31.988893+0800	Runner	flutter: │           }
默认	11:22:31.988997+0800	Runner	flutter: │         ],
默认	11:22:31.989020+0800	Runner	flutter: │         "user_stories": [
默认	11:22:31.989048+0800	Runner	flutter: │           {
默认	11:22:31.989085+0800	Runner	flutter: │             "age": "28",
默认	11:22:31.989150+0800	Runner	flutter: │             "avatar_url": "",
默认	11:22:31.989193+0800	Runner	flutter: │             "content": "Found enough public context to review the likely profile before reaching out.",
默认	11:22:31.989237+0800	Runner	flutter: │             "display_order": 10,
默认	11:22:31.989279+0800	Runner	flutter: │             "id": "story_001",
默认	11:22:31.989320+0800	Runner	flutter: │             "name": "Sarah"
默认	11:22:31.989406+0800	Runner	flutter: │           },
默认	11:22:31.989417+0800	Runner	flutter: │           {
默认	11:22:31.989509+0800	Runner	flutter: │             "age": "34",
默认	11:22:31.989521+0800	Runner	flutter: │             "avatar_url": "",
默认	11:22:31.989567+0800	Runner	flutter: │             "content": "Compared candidates with source links and picked the result that matched the details I already knew.",
默认	11:22:31.989608+0800	Runner	flutter: │             "display_order": 20,
默认	11:22:31.989655+0800	Runner	flutter: │             "id": "story_002",
默认	11:22:31.989762+0800	Runner	flutter: │             "name": "Michael"
默认	11:22:31.989836+0800	Runner	flutter: │           }
默认	11:22:31.989847+0800	Runner	flutter: │         ]
默认	11:22:31.989856+0800	Runner	flutter: │       }
默认	11:22:31.989877+0800	Runner	flutter: │     }
默认	11:22:31.989928+0800	Runner	flutter: │   ]
默认	11:22:31.989978+0800	Runner	flutter: │ }
默认	11:22:31.990237+0800	Runner	flutter: └───────────────────────────────────────────────────────────────────────────────────────────────────
默认	11:22:32.028789+0800	Runner	flutter: ┌───────────────────────────────────────────────────────────────────────────────────────────────────
默认	11:22:32.028805+0800	Runner	flutter: │ [HTTP] <-- 200 POST https://api.truthy.top/gateway/invoke service=tool.event_tracking.EventTrackingService method=TrackEvents
默认	11:22:32.028824+0800	Runner	flutter: └───────────────────────────────────────────────────────────────────────────────────────────────────
默认	11:22:32.029200+0800	Runner	flutter: ┌───────────────────────────────────────────────────────────────────────────────────────────────────
默认	11:22:32.029213+0800	Runner	flutter: │ [HTTP] response:
默认	11:22:32.029222+0800	Runner	flutter: │ {
默认	11:22:32.029232+0800	Runner	flutter: │   "code": 0,
默认	11:22:32.029242+0800	Runner	flutter: │   "message": "ok",
默认	11:22:32.029251+0800	Runner	flutter: │   "request_id": "gw_req_7ae1b395aa40eb15779ece516042f7b6",
默认	11:22:32.029259+0800	Runner	flutter: │   "trace_id": "trace_91c8fb31e08e02e7ab2310def1d00f00",
默认	11:22:32.029268+0800	Runner	flutter: │   "responses": [
默认	11:22:32.029323+0800	Runner	flutter: │     {
默认	11:22:32.029331+0800	Runner	flutter: │       "id": "req_0",
默认	11:22:32.029340+0800	Runner	flutter: │       "success": true,
默认	11:22:32.029349+0800	Runner	flutter: │       "code": 0,
默认	11:22:32.029390+0800	Runner	flutter: │       "message": "ok",
默认	11:22:32.029800+0800	Runner	flutter: │       "data": {
默认	11:22:32.029824+0800	Runner	flutter: │         "request_id": "gw_req_7ae1b395aa40eb15779ece516042f7b6",
默认	11:22:32.029843+0800	Runner	flutter: │         "trace_id": "trace_91c8fb31e08e02e7ab2310def1d00f00",
默认	11:22:32.029865+0800	Runner	flutter: │         "accepted_count": 1,
默认	11:22:32.029900+0800	Runner	flutter: │         "event_name": "home_pageview",
默认	11:22:32.029921+0800	Runner	flutter: │         "event_names": [
默认	11:22:32.029937+0800	Runner	flutter: │           "home_pageview"
默认	11:22:32.029953+0800	Runner	flutter: │         ],
默认	11:22:32.030002+0800	Runner	flutter: │         "events": [
默认	11:22:32.030030+0800	Runner	flutter: │           {
默认	11:22:32.030229+0800	Runner	flutter: │             "index": 0,
默认	11:22:32.030314+0800	Runner	flutter: │             "event_id": "4d75981b-bb25-47ba-af53-f2e59eaecf9d",
默认	11:22:32.030359+0800	Runner	flutter: │             "event_name": "home_pageview",
默认	11:22:32.030369+0800	Runner	flutter: │             "status": "accepted"
默认	11:22:32.030380+0800	Runner	flutter: │           }
默认	11:22:32.030389+0800	Runner	flutter: │         ]
默认	11:22:32.030396+0800	Runner	flutter: │       }
默认	11:22:32.030405+0800	Runner	flutter: │     }
默认	11:22:32.030414+0800	Runner	flutter: │   ]
默认	11:22:32.030421+0800	Runner	flutter: │ }
默认	11:22:32.030486+0800	Runner	flutter: └───────────────────────────────────────────────────────────────────────────────────────────────────
默认	11:22:33.027411+0800	Runner	flutter: ┌───────────────────────────────────────────────────────────────────────────────────────────────────
默认	11:22:33.027597+0800	Runner	flutter: │ [HTTP] <-- 200 POST https://api.truthy.top/gateway/invoke service=tool.subscription.SubscriptionService method=GetSubscriptionStatus
默认	11:22:33.027748+0800	Runner	flutter: └───────────────────────────────────────────────────────────────────────────────────────────────────
默认	11:22:33.028094+0800	Runner	flutter: ┌───────────────────────────────────────────────────────────────────────────────────────────────────
默认	11:22:33.028225+0800	Runner	flutter: │ [HTTP] response:
默认	11:22:33.028390+0800	Runner	flutter: │ {
默认	11:22:33.028522+0800	Runner	flutter: │   "code": 0,
默认	11:22:33.028671+0800	Runner	flutter: │   "message": "ok",
默认	11:22:33.028798+0800	Runner	flutter: │   "request_id": "gw_req_2290fee25305c08b93fbfa35f222e104",
默认	11:22:33.028928+0800	Runner	flutter: │   "trace_id": "trace_6a16ecc5fe659c55e1188d13cd3de79e",
默认	11:22:33.029181+0800	Runner	flutter: │   "responses": [
默认	11:22:33.029220+0800	Runner	flutter: │     {
默认	11:22:33.029361+0800	Runner	flutter: │       "id": "req_0",
默认	11:22:33.029486+0800	Runner	flutter: │       "success": true,
默认	11:22:33.029670+0800	Runner	flutter: │       "code": 0,
默认	11:22:33.029798+0800	Runner	flutter: │       "message": "ok",
默认	11:22:33.029926+0800	Runner	flutter: │       "data": {
默认	11:22:33.030179+0800	Runner	flutter: │         "entitlement": {
默认	11:22:33.030216+0800	Runner	flutter: │           "can_start_search": false,
默认	11:22:33.030333+0800	Runner	flutter: │           "concurrency_remaining": 0,
默认	11:22:33.030649+0800	Runner	flutter: │           "decision": "REQUIRE_SUBSCRIPTION",
默认	11:22:33.030683+0800	Runner	flutter: │           "expires_time": null,
默认	11:22:33.030790+0800	Runner	flutter: │           "plan_code": "free",
默认	11:22:33.030988+0800	Runner	flutter: │           "product_code": "people_insight",
默认	11:22:33.031116+0800	Runner	flutter: │           "quota_remaining": 0,
默认	11:22:33.031244+0800	Runner	flutter: │           "subscription_status": "inactive",
默认	11:22:33.031502+0800	Runner	flutter: │           "vip_level": 0
默认	11:22:33.031538+0800	Runner	flutter: │         },
默认	11:22:33.031661+0800	Runner	flutter: │         "expires_time": null,
默认	11:22:33.031855+0800	Runner	flutter: │         "has_active_subscription": false,
默认	11:22:33.031932+0800	Runner	flutter: │         "plan_code": "free",
默认	11:22:33.032280+0800	Runner	flutter: │         "product_code": "people_insight",
默认	11:22:33.032315+0800	Runner	flutter: │         "subscription_status": "inactive",
默认	11:22:33.032444+0800	Runner	flutter: │         "tier_code": "",
默认	11:22:33.032571+0800	Runner	flutter: │         "unavailable_reason": "not_subscribed",
默认	11:22:33.032965+0800	Runner	flutter: │         "vip_level": 0
默认	11:22:33.032984+0800	Runner	flutter: │       }
默认	11:22:33.032999+0800	Runner	flutter: │     }
默认	11:22:33.033106+0800	Runner	flutter: │   ]
默认	11:22:33.033123+0800	Runner	flutter: │ }
默认	11:22:33.033211+0800	Runner	flutter: └───────────────────────────────────────────────────────────────────────────────────────────────────
默认	11:22:33.035586+0800	Runner	flutter: ┌───────────────────────────────────────────────────────────────────────────────────────────────────
默认	11:22:33.035633+0800	Runner	flutter: │ [SubPurchase] coordinator.recoverUnfinished.start trigger=app_resume products=0
默认	11:22:33.035725+0800	Runner	flutter: └───────────────────────────────────────────────────────────────────────────────────────────────────
默认	11:22:33.035949+0800	Runner	flutter: ┌───────────────────────────────────────────────────────────────────────────────────────────────────
默认	11:22:33.035974+0800	Runner	flutter: │ [SubPurchase] storekitRecovery.queryUnfinishedAll.start
默认	11:22:33.036214+0800	Runner	flutter: └───────────────────────────────────────────────────────────────────────────────────────────────────
默认	11:22:33.047029+0800	Runner	flutter: ┌───────────────────────────────────────────────────────────────────────────────────────────────────
默认	11:22:33.047076+0800	Runner	flutter: │ [SubPurchase] storekitRecovery.queryUnfinishedAll.result total=0
默认	11:22:33.047096+0800	Runner	flutter: └───────────────────────────────────────────────────────────────────────────────────────────────────
默认	11:22:33.047108+0800	Runner	flutter: ┌───────────────────────────────────────────────────────────────────────────────────────────────────
默认	11:22:33.047118+0800	Runner	flutter: │ [SubPurchase] coordinator.recoverStoreKitUnfinished.results count=0
默认	11:22:33.047128+0800	Runner	flutter: └───────────────────────────────────────────────────────────────────────────────────────────────────
默认	11:22:33.047139+0800	Runner	flutter: ┌───────────────────────────────────────────────────────────────────────────────────────────────────
默认	11:22:33.047194+0800	Runner	flutter: │ [SubPurchase] coordinator.recoverUnfinished.finish
默认	11:22:33.047234+0800	Runner	flutter: └───────────────────────────────────────────────────────────────────────────────────────────────────
默认	11:22:36.239932+0800	Runner	flutter: ┌───────────────────────────────────────────────────────────────────────────────────────────────────
默认	11:22:36.239960+0800	Runner	flutter: │ [AdjustAttribution] Adjust attribution changed: trackerToken=unattr, trackerName=No User Consent, network=No User Consent, campaign=, adgroup=, creative=, clickLabel=, costType=, costAmount=null, costCurrency=, jsonResponse={"engagement_time":"0001-01-01T00:00:00Z","tracker_token":"unattr","tracker_name":"No User Consent","is_reattributed":false,"is_redownload_install":false,"first_session_time":"2026-07-10T03:22:30Z","installed_at":"2026-07-10T03:22:30Z","network":"No User Consent"}, fbInstallReferrer=null
默认	11:22:36.239994+0800	Runner	flutter: └───────────────────────────────────────────────────────────────────────────────────────────────────
默认	11:22:36.240470+0800	Runner	flutter: ┌───────────────────────────────────────────────────────────────────────────────────────────────────
默认	11:22:36.240514+0800	Runner	flutter: │ [EventTracking] name=install id=a4ce4956-990d-448c-aec6-dfeefd7d7fcb time=1783653756240 props={"content":"{\"trackerToken\":\"unattr\",\"trackerName\":\"No User Consent\",\"network\":\"No User Consent\",\"campaign\":\"\",\"adgroup\":\"\",\"creative\":\"\",\"clickLabel\":\"\",\"costType\":\"\",\"costCurrency\":\"\",\"jsonResponse\":\"{\\\"engagement_time\\\":\\\"0001-01-01T00:00:00Z\\\",\\\"tracker_token\\\":\\\"unattr\\\",\\\"tracker_name\\\":\\\"No User Consent\\\",\\\"is_reattributed\\\":false,\\\"is_redownload_install\\\":false,\\\"first_session_time\\\":\\\"2026-07-10T03:22:30Z\\\",\\\"installed_at\\\":\\\"2026-07-10T03:22:30Z\\\",\\\"network\\\":\\\"No User Consent\\\"}\",\"fbInstallReferrer\":null}"}
默认	11:22:36.240533+0800	Runner	flutter: └───────────────────────────────────────────────────────────────────────────────────────────────────
默认	11:22:36.243052+0800	Runner	flutter: ┌───────────────────────────────────────────────────────────────────────────────────────────────────
默认	11:22:36.243066+0800	Runner	flutter: │ [HTTP] --> POST https://api.truthy.top/gateway/invoke service=tool.event_tracking.EventTrackingService method=TrackEvents
默认	11:22:36.243082+0800	Runner	flutter: └───────────────────────────────────────────────────────────────────────────────────────────────────
默认	11:22:36.243192+0800	Runner	flutter: ┌───────────────────────────────────────────────────────────────────────────────────────────────────
默认	11:22:36.243197+0800	Runner	flutter: │ [HTTP] request:
默认	11:22:36.243201+0800	Runner	flutter: │ {
默认	11:22:36.243221+0800	Runner	flutter: │   "comm": {
默认	11:22:36.243227+0800	Runner	flutter: │     "auth_token": "***",
默认	11:22:36.243237+0800	Runner	flutter: │     "user_id": "user_e5f97712121ebfac3d6f6407",
默认	11:22:36.243314+0800	Runner	flutter: │     "device_id": "c5ece928-513e-4e75-a500-28479ac5102a",
默认	11:22:36.243319+0800	Runner	flutter: │     "client_request_id": "crid_1783653756241907",
默认	11:22:36.243321+0800	Runner	flutter: │     "platform": "ios",
默认	11:22:36.243324+0800	Runner	flutter: │     "app_version": "1.0.0",
默认	11:22:36.243326+0800	Runner	flutter: │     "locale": "zh-Hans-HK",
默认	11:22:36.243340+0800	Runner	flutter: │     "country": "HK",
默认	11:22:36.243344+0800	Runner	flutter: │     "timezone": "UTC+08:00"
默认	11:22:36.243354+0800	Runner	flutter: │   },
默认	11:22:36.243369+0800	Runner	flutter: │   "requests": [
默认	11:22:36.243383+0800	Runner	flutter: │     {
默认	11:22:36.243397+0800	Runner	flutter: │       "id": "req_0",
默认	11:22:36.243458+0800	Runner	flutter: │       "service_name": "tool.event_tracking.EventTrackingService",
默认	11:22:36.243475+0800	Runner	flutter: │       "method_name": "TrackEvents",
默认	11:22:36.243488+0800	Runner	flutter: │       "params": {
默认	11:22:36.243498+0800	Runner	flutter: │         "events": [
默认	11:22:36.243508+0800	Runner	flutter: │           {
默认	11:22:36.243516+0800	Runner	flutter: │             "event_id": "a4ce4956-990d-448c-aec6-dfeefd7d7fcb",
默认	11:22:36.243525+0800	Runner	flutter: │             "event_name": "install",
默认	11:22:36.243587+0800	Runner	flutter: │             "event_time_ms": 1783653756240,
默认	11:22:36.243686+0800	Runner	flutter: │             "properties": {
默认	11:22:36.243697+0800	Runner	flutter: │               "logtime": 1783653756240,
默认	11:22:36.243706+0800	Runner	flutter: │               "log_id": "a4ce4956-990d-448c-aec6-dfeefd7d7fcb",
默认	11:22:36.243719+0800	Runner	flutter: │               "net": "wifi",
默认	11:22:36.243727+0800	Runner	flutter: │               "pkg": "com.sparkjam.truthy.ios",
默认	11:22:36.243736+0800	Runner	flutter: │               "bucket": 56,
默认	11:22:36.243743+0800	Runner	flutter: │               "abslot": 21,
默认	11:22:36.243752+0800	Runner	flutter: │               "ram": "3684MB",
默认	11:22:36.243760+0800	Runner	flutter: │               "cpu": "arm64",
默认	11:22:36.243767+0800	Runner	flutter: │               "sh": 844,
默认	11:22:36.243776+0800	Runner	flutter: │               "sw": 390,
默认	11:22:36.243783+0800	Runner	flutter: │               "city": "",
默认	11:22:36.243792+0800	Runner	flutter: │               "ste": "",
默认	11:22:36.243803+0800	Runner	flutter: │               "lat": "",
默认	11:22:36.243810+0800	Runner	flutter: │               "lng": "",
默认	11:22:36.243818+0800	Runner	flutter: │               "sty": "desk",
默认	11:22:36.243825+0800	Runner	flutter: │               "isp": "",
默认	11:22:36.243834+0800	Runner	flutter: │               "mod": "iphone13,2",
默认	11:22:36.243841+0800	Runner	flutter: │               "brd": "apple",
默认	11:22:36.243849+0800	Runner	flutter: │               "os": "26.3.1",
默认	11:22:36.243889+0800	Runner	flutter: │               "pf": "ios",
默认	11:22:36.243900+0800	Runner	flutter: │               "slan": "zh",
默认	11:22:36.243908+0800	Runner	flutter: │               "reg": "HK",
默认	11:22:36.243916+0800	Runner	flutter: │               "cou": "HK",
默认	11:22:36.243925+0800	Runner	flutter: │               "sub": "",
默认	11:22:36.243932+0800	Runner	flutter: │               "cha": "",
默认	11:22:36.243940+0800	Runner	flutter: │               "verc": "10000",
默认	11:22:36.243947+0800	Runner	flutter: │               "ver": "1.0.0",
默认	11:22:36.243958+0800	Runner	flutter: │               "sid": "5094b07b-cc63-4868-b4ac-6bced54db906",
默认	11:22:36.244020+0800	Runner	flutter: │               "uuid": "***",
默认	11:22:36.244033+0800	Runner	flutter: │               "idfa": "***",
默认	11:22:36.244069+0800	Runner	flutter: │               "idfv": "***",
默认	11:22:36.244077+0800	Runner	flutter: │               "aid": "***",
默认	11:22:36.244086+0800	Runner	flutter: │               "gaid": "***",
默认	11:22:36.244093+0800	Runner	flutter: │               "did": "***",
默认	11:22:36.244101+0800	Runner	flutter: │               "uid": "***",
默认	11:22:36.244108+0800	Runner	flutter: │               "anm": "Truthy",
默认	11:22:36.244154+0800	Runner	flutter: │               "push_id": "",
默认	11:22:36.244167+0800	Runner	flutter: │               "push_type": "",
默认	11:22:36.244174+0800	Runner	flutter: │               "is_pro": "0",
默认	11:22:36.244195+0800	Runner	flutter: │               "content": "{\"trackerToken\":\"unattr\",\"trackerName\":\"No User Consent\",\"network\":\"No User Consent\",\"campaign\":\"\",\"adgroup\":\"\",\"creative\":\"\",\"clickLabel\":\"\",\"costType\":\"\",\"costCurrency\":\"\",\"jsonResponse\":\"{\\\"engagement_time\\\":\\\"0001-01-01T00:00:00Z\\\",\\\"tracker_token\\\":\\\"unattr\\\",\\\"tracker_name\\\":\\\"No User Consent\\\",\\\"is_reattributed\\\":false,\\\"is_redownload_install\\\":false,\\\"first_session_time\\\":\\\"2026-07-10T03:22:30Z\\\",\\\"installed_at\\\":\\\"2026-07-10T03:22:30Z\\\",\\\"network\\\":\\\"No User Consent\\\"}\",\"fbInstallReferrer\":null}"
默认	11:22:36.244263+0800	Runner	flutter: │             }
默认	11:22:36.244275+0800	Runner	flutter: │           }
默认	11:22:36.244283+0800	Runner	flutter: │         ]
默认	11:22:36.244292+0800	Runner	flutter: │       }
默认	11:22:36.244298+0800	Runner	flutter: │     }
默认	11:22:36.244307+0800	Runner	flutter: │   ]
默认	11:22:36.244313+0800	Runner	flutter: │ }
默认	11:22:36.244323+0800	Runner	flutter: └───────────────────────────────────────────────────────────────────────────────────────────────────
默认	11:22:37.745174+0800	Runner	flutter: ┌───────────────────────────────────────────────────────────────────────────────────────────────────
默认	11:22:37.745196+0800	Runner	flutter: │ [HTTP] <-- 200 POST https://api.truthy.top/gateway/invoke service=tool.event_tracking.EventTrackingService method=TrackEvents
默认	11:22:37.745708+0800	Runner	flutter: └───────────────────────────────────────────────────────────────────────────────────────────────────
默认	11:22:37.745748+0800	Runner	flutter: ┌───────────────────────────────────────────────────────────────────────────────────────────────────
默认	11:22:37.745762+0800	Runner	flutter: │ [HTTP] response:
默认	11:22:37.745775+0800	Runner	flutter: │ {
默认	11:22:37.745784+0800	Runner	flutter: │   "code": 0,
默认	11:22:37.745795+0800	Runner	flutter: │   "message": "ok",
默认	11:22:37.745804+0800	Runner	flutter: │   "request_id": "gw_req_10d9b19386869bab94edc8adae341d5c",
默认	11:22:37.746017+0800	Runner	flutter: │   "trace_id": "trace_80454a617282befd31d37704a67e1c9a",
默认	11:22:37.746067+0800	Runner	flutter: │   "responses": [
默认	11:22:37.746083+0800	Runner	flutter: │     {
默认	11:22:37.746093+0800	Runner	flutter: │       "id": "req_0",
默认	11:22:37.746100+0800	Runner	flutter: │       "success": true,
默认	11:22:37.746109+0800	Runner	flutter: │       "code": 0,
默认	11:22:37.746118+0800	Runner	flutter: │       "message": "ok",
默认	11:22:37.746124+0800	Runner	flutter: │       "data": {
默认	11:22:37.746133+0800	Runner	flutter: │         "request_id": "gw_req_10d9b19386869bab94edc8adae341d5c",
默认	11:22:37.746150+0800	Runner	flutter: │         "trace_id": "trace_80454a617282befd31d37704a67e1c9a",
默认	11:22:37.746160+0800	Runner	flutter: │         "accepted_count": 1,
默认	11:22:37.746620+0800	Runner	flutter: │         "event_name": "install",
默认	11:22:37.746630+0800	Runner	flutter: │         "event_names": [
默认	11:22:37.746639+0800	Runner	flutter: │           "install"
默认	11:22:37.746691+0800	Runner	flutter: │         ],
默认	11:22:37.746712+0800	Runner	flutter: │         "events": [
默认	11:22:37.746846+0800	Runner	flutter: │           {
默认	11:22:37.746937+0800	Runner	flutter: │             "index": 0,
默认	11:22:37.746984+0800	Runner	flutter: │             "event_id": "a4ce4956-990d-448c-aec6-dfeefd7d7fcb",
默认	11:22:37.747028+0800	Runner	flutter: │             "event_name": "install",
默认	11:22:37.747035+0800	Runner	flutter: │             "status": "accepted"
默认	11:22:37.747044+0800	Runner	flutter: │           }
默认	11:22:37.747051+0800	Runner	flutter: │         ]
默认	11:22:37.747060+0800	Runner	flutter: │       }
默认	11:22:37.747067+0800	Runner	flutter: │     }
默认	11:22:37.747075+0800	Runner	flutter: │   ]
默认	11:22:37.747082+0800	Runner	flutter: │ }
默认	11:22:37.747239+0800	Runner	flutter: └───────────────────────────────────────────────────────────────────────────────────────────────────
默认	11:23:28.022120+0800	Runner	flutter: ┌───────────────────────────────────────────────────────────────────────────────────────────────────
默认	11:23:28.022160+0800	Runner	flutter: │ [EventTracking] name=home_searchbox_click id=7b166b5d-3560-4dd0-9400-f688186aaad0 time=1783653808018 props={}
默认	11:23:28.022195+0800	Runner	flutter: └───────────────────────────────────────────────────────────────────────────────────────────────────
默认	11:23:28.022245+0800	Runner	flutter: ┌───────────────────────────────────────────────────────────────────────────────────────────────────
默认	11:23:28.022270+0800	Runner	flutter: │ [AdjustEvent] Adjust event tracked: home_searchbox_click
默认	11:23:28.022313+0800	Runner	flutter: └───────────────────────────────────────────────────────────────────────────────────────────────────
默认	11:23:28.030213+0800	Runner	flutter: ┌───────────────────────────────────────────────────────────────────────────────────────────────────
默认	11:23:28.030354+0800	Runner	flutter: │ [FirebaseAnalytics] Firebase event logged: home_searchbox_click
默认	11:23:28.030379+0800	Runner	flutter: └───────────────────────────────────────────────────────────────────────────────────────────────────
默认	11:23:28.030395+0800	Runner	flutter: ┌───────────────────────────────────────────────────────────────────────────────────────────────────
默认	11:23:28.030409+0800	Runner	flutter: │ [FacebookAppEvents] Facebook App Events logged: home_searchbox_click
默认	11:23:28.030426+0800	Runner	flutter: └───────────────────────────────────────────────────────────────────────────────────────────────────
默认	11:23:28.037283+0800	Runner	flutter: ┌───────────────────────────────────────────────────────────────────────────────────────────────────
默认	11:23:28.037518+0800	Runner	flutter: │ [EventTracking] name=app_page_stay id=6dc1fd44-eb7c-4684-95f9-bc087ed65c90 time=1783653808036 props={"page_from":"home","duration_s":57}
默认	11:23:28.037581+0800	Runner	flutter: └───────────────────────────────────────────────────────────────────────────────────────────────────
默认	11:23:28.039849+0800	Runner	flutter: ┌───────────────────────────────────────────────────────────────────────────────────────────────────
默认	11:23:28.040575+0800	Runner	flutter: │ [EventTracking] name=lead_pageview id=2415bb5e-e43f-4876-ab3d-6c53d682919d time=1783653808039 props={"page_from":"home","has_name":0}
默认	11:23:28.041176+0800	Runner	flutter: └───────────────────────────────────────────────────────────────────────────────────────────────────
默认	11:23:28.079547+0800	Runner	flutter: ┌───────────────────────────────────────────────────────────────────────────────────────────────────
默认	11:23:28.079571+0800	Runner	flutter: │ [HTTP] --> POST https://api.truthy.top/gateway/invoke service=tool.event_tracking.EventTrackingService method=TrackEvents
默认	11:23:28.079583+0800	Runner	flutter: └───────────────────────────────────────────────────────────────────────────────────────────────────
默认	11:23:28.079813+0800	Runner	flutter: ┌───────────────────────────────────────────────────────────────────────────────────────────────────
默认	11:23:28.079874+0800	Runner	flutter: │ [HTTP] request:
默认	11:23:28.079888+0800	Runner	flutter: │ {
默认	11:23:28.079896+0800	Runner	flutter: │   "comm": {
默认	11:23:28.079905+0800	Runner	flutter: │     "auth_token": "***",
默认	11:23:28.079912+0800	Runner	flutter: │     "user_id": "user_e5f97712121ebfac3d6f6407",
默认	11:23:28.079921+0800	Runner	flutter: │     "device_id": "c5ece928-513e-4e75-a500-28479ac5102a",
默认	11:23:28.079929+0800	Runner	flutter: │     "client_request_id": "crid_1783653808074831",
默认	11:23:28.079946+0800	Runner	flutter: │     "platform": "ios",
默认	11:23:28.079957+0800	Runner	flutter: │     "app_version": "1.0.0",
默认	11:23:28.080010+0800	Runner	flutter: │     "locale": "zh-Hans-HK",
默认	11:23:28.080023+0800	Runner	flutter: │     "country": "HK",
默认	11:23:28.080030+0800	Runner	flutter: │     "timezone": "UTC+08:00"
默认	11:23:28.080039+0800	Runner	flutter: │   },
默认	11:23:28.080094+0800	Runner	flutter: │   "requests": [
默认	11:23:28.080104+0800	Runner	flutter: │     {
默认	11:23:28.080171+0800	Runner	flutter: │       "id": "req_0",
默认	11:23:28.080184+0800	Runner	flutter: │       "service_name": "tool.event_tracking.EventTrackingService",
默认	11:23:28.080193+0800	Runner	flutter: │       "method_name": "TrackEvents",
默认	11:23:28.080276+0800	Runner	flutter: │       "params": {
默认	11:23:28.080287+0800	Runner	flutter: │         "events": [
默认	11:23:28.080296+0800	Runner	flutter: │           {
默认	11:23:28.080305+0800	Runner	flutter: │             "event_id": "7b166b5d-3560-4dd0-9400-f688186aaad0",
默认	11:23:28.080363+0800	Runner	flutter: │             "event_name": "home_searchbox_click",
默认	11:23:28.080374+0800	Runner	flutter: │             "event_time_ms": 1783653808018,
默认	11:23:28.080384+0800	Runner	flutter: │             "properties": {
默认	11:23:28.080450+0800	Runner	flutter: │               "logtime": 1783653808018,
默认	11:23:28.080461+0800	Runner	flutter: │               "log_id": "7b166b5d-3560-4dd0-9400-f688186aaad0",
默认	11:23:28.080470+0800	Runner	flutter: │               "net": "wifi",
默认	11:23:28.080514+0800	Runner	flutter: │               "pkg": "com.sparkjam.truthy.ios",
默认	11:23:28.080526+0800	Runner	flutter: │               "bucket": 56,
默认	11:23:28.080565+0800	Runner	flutter: │               "abslot": 21,
默认	11:23:28.080578+0800	Runner	flutter: │               "ram": "3684MB",
默认	11:23:28.080585+0800	Runner	flutter: │               "cpu": "arm64",
默认	11:23:28.080632+0800	Runner	flutter: │               "sh": 844,
默认	11:23:28.080645+0800	Runner	flutter: │               "sw": 390,
默认	11:23:28.080724+0800	Runner	flutter: │               "city": "",
默认	11:23:28.080734+0800	Runner	flutter: │               "ste": "",
默认	11:23:28.080744+0800	Runner	flutter: │               "lat": "",
默认	11:23:28.080779+0800	Runner	flutter: │               "lng": "",
默认	11:23:28.080790+0800	Runner	flutter: │               "sty": "desk",
默认	11:23:28.080828+0800	Runner	flutter: │               "isp": "",
默认	11:23:28.080841+0800	Runner	flutter: │               "mod": "iphone13,2",
默认	11:23:28.080893+0800	Runner	flutter: │               "brd": "apple",
默认	11:23:28.080904+0800	Runner	flutter: │               "os": "26.3.1",
默认	11:23:28.080912+0800	Runner	flutter: │               "pf": "ios",
默认	11:23:28.080960+0800	Runner	flutter: │               "slan": "zh",
默认	11:23:28.080972+0800	Runner	flutter: │               "reg": "HK",
默认	11:23:28.081034+0800	Runner	flutter: │               "cou": "HK",
默认	11:23:28.081049+0800	Runner	flutter: │               "sub": "",
默认	11:23:28.081058+0800	Runner	flutter: │               "cha": "",
默认	11:23:28.081101+0800	Runner	flutter: │               "verc": "10000",
默认	11:23:28.081111+0800	Runner	flutter: │               "ver": "1.0.0",
默认	11:23:28.081180+0800	Runner	flutter: │               "sid": "5094b07b-cc63-4868-b4ac-6bced54db906",
默认	11:23:28.081192+0800	Runner	flutter: │               "uuid": "***",
默认	11:23:28.081199+0800	Runner	flutter: │               "idfa": "***",
默认	11:23:28.081211+0800	Runner	flutter: │               "idfv": "***",
默认	11:23:28.081234+0800	Runner	flutter: │               "aid": "***",
默认	11:23:28.081302+0800	Runner	flutter: │               "gaid": "***",
默认	11:23:28.081315+0800	Runner	flutter: │               "did": "***",
默认	11:23:28.081322+0800	Runner	flutter: │               "uid": "***",
默认	11:23:28.081392+0800	Runner	flutter: │               "anm": "Truthy",
默认	11:23:28.081403+0800	Runner	flutter: │               "push_id": "",
默认	11:23:28.081412+0800	Runner	flutter: │               "push_type": "",
默认	11:23:28.081494+0800	Runner	flutter: │               "is_pro": "0"
默认	11:23:28.081505+0800	Runner	flutter: │             }
默认	11:23:28.081513+0800	Runner	flutter: │           }
默认	11:23:28.081521+0800	Runner	flutter: │         ]
默认	11:23:28.081530+0800	Runner	flutter: │       }
默认	11:23:28.081598+0800	Runner	flutter: │     }
默认	11:23:28.081609+0800	Runner	flutter: │   ]
默认	11:23:28.081617+0800	Runner	flutter: │ }
默认	11:23:28.081660+0800	Runner	flutter: └───────────────────────────────────────────────────────────────────────────────────────────────────
默认	11:23:28.106843+0800	Runner	Reloading input views for key-window scene responder: <FlutterTextInputView: 0x105959000; frame = (0 0; 1 1); > force:N
默认	11:23:28.106921+0800	Runner	_inputViewsForResponder: <FlutterTextInputView: 0x105959000; frame = (0 0; 1 1); >, automaticKeyboard: 1, force: 0
默认	11:23:28.167848+0800	Runner	-_teardownExistingDelegate:(nil) forSetDelegate:<FlutterTextInputView: 0x105959000> force:NO delayEndInputSession:YES
默认	11:23:30.015391+0800	Runner	flutter: ┌───────────────────────────────────────────────────────────────────────────────────────────────────
默认	11:23:30.015441+0800	Runner	flutter: │ [HTTP] <-- 200 POST https://api.truthy.top/gateway/invoke service=tool.event_tracking.EventTrackingService method=TrackEvents
默认	11:23:30.015472+0800	Runner	flutter: └───────────────────────────────────────────────────────────────────────────────────────────────────
默认	11:23:30.015669+0800	Runner	flutter: ┌───────────────────────────────────────────────────────────────────────────────────────────────────
默认	11:23:30.015685+0800	Runner	flutter: │ [HTTP] response:
默认	11:23:30.015739+0800	Runner	flutter: │ {
默认	11:23:30.015799+0800	Runner	flutter: │   "code": 0,
默认	11:23:30.015815+0800	Runner	flutter: │   "message": "ok",
默认	11:23:30.015860+0800	Runner	flutter: │   "request_id": "gw_req_890a23943383d21af8fd1155fe2db006",
默认	11:23:30.015913+0800	Runner	flutter: │   "trace_id": "trace_384776dd57a4750cd3ef709bd540d026",
默认	11:23:30.015952+0800	Runner	flutter: │   "responses": [
默认	11:23:30.016019+0800	Runner	flutter: │     {
默认	11:23:30.016055+0800	Runner	flutter: │       "id": "req_0",
默认	11:23:30.016093+0800	Runner	flutter: │       "success": true,
默认	11:23:30.016160+0800	Runner	flutter: │       "code": 0,
默认	11:23:30.016196+0800	Runner	flutter: │       "message": "ok",
默认	11:23:30.016227+0800	Runner	flutter: │       "data": {
默认	11:23:30.016300+0800	Runner	flutter: │         "request_id": "gw_req_890a23943383d21af8fd1155fe2db006",
默认	11:23:30.016388+0800	Runner	flutter: │         "trace_id": "trace_384776dd57a4750cd3ef709bd540d026",
默认	11:23:30.016407+0800	Runner	flutter: │         "accepted_count": 1,
默认	11:23:30.016469+0800	Runner	flutter: │         "event_name": "home_searchbox_click",
默认	11:23:30.016485+0800	Runner	flutter: │         "event_names": [
默认	11:23:30.016551+0800	Runner	flutter: │           "home_searchbox_click"
默认	11:23:30.016565+0800	Runner	flutter: │         ],
默认	11:23:30.016603+0800	Runner	flutter: │         "events": [
默认	11:23:30.016676+0800	Runner	flutter: │           {
默认	11:23:30.016717+0800	Runner	flutter: │             "index": 0,
默认	11:23:30.016768+0800	Runner	flutter: │             "event_id": "7b166b5d-3560-4dd0-9400-f688186aaad0",
默认	11:23:30.016818+0800	Runner	flutter: │             "event_name": "home_searchbox_click",
默认	11:23:30.016863+0800	Runner	flutter: │             "status": "accepted"
默认	11:23:30.016904+0800	Runner	flutter: │           }
默认	11:23:30.016964+0800	Runner	flutter: │         ]
默认	11:23:30.017036+0800	Runner	flutter: │       }
默认	11:23:30.017045+0800	Runner	flutter: │     }
默认	11:23:30.017081+0800	Runner	flutter: │   ]
默认	11:23:30.017123+0800	Runner	flutter: │ }
默认	11:23:30.017220+0800	Runner	flutter: └───────────────────────────────────────────────────────────────────────────────────────────────────
默认	11:23:30.027704+0800	Runner	flutter: ┌───────────────────────────────────────────────────────────────────────────────────────────────────
默认	11:23:30.027748+0800	Runner	flutter: │ [HTTP] --> POST https://api.truthy.top/gateway/invoke service=tool.event_tracking.EventTrackingService method=TrackEvents
默认	11:23:30.027771+0800	Runner	flutter: └───────────────────────────────────────────────────────────────────────────────────────────────────
默认	11:23:30.028064+0800	Runner	flutter: ┌───────────────────────────────────────────────────────────────────────────────────────────────────
默认	11:23:30.028084+0800	Runner	flutter: │ [HTTP] request:
默认	11:23:30.028131+0800	Runner	flutter: │ {
默认	11:23:30.028151+0800	Runner	flutter: │   "comm": {
默认	11:23:30.028165+0800	Runner	flutter: │     "auth_token": "***",
默认	11:23:30.028237+0800	Runner	flutter: │     "user_id": "user_e5f97712121ebfac3d6f6407",
默认	11:23:30.028248+0800	Runner	flutter: │     "device_id": "c5ece928-513e-4e75-a500-28479ac5102a",
默认	11:23:30.028345+0800	Runner	flutter: │     "client_request_id": "crid_1783653810023840",
默认	11:23:30.028357+0800	Runner	flutter: │     "platform": "ios",
默认	11:23:30.028367+0800	Runner	flutter: │     "app_version": "1.0.0",
默认	11:23:30.028378+0800	Runner	flutter: │     "locale": "zh-Hans-HK",
默认	11:23:30.028389+0800	Runner	flutter: │     "country": "HK",
默认	11:23:30.028456+0800	Runner	flutter: │     "timezone": "UTC+08:00"
默认	11:23:30.028467+0800	Runner	flutter: │   },
默认	11:23:30.028526+0800	Runner	flutter: │   "requests": [
默认	11:23:30.028537+0800	Runner	flutter: │     {
默认	11:23:30.028582+0800	Runner	flutter: │       "id": "req_0",
默认	11:23:30.028645+0800	Runner	flutter: │       "service_name": "tool.event_tracking.EventTrackingService",
默认	11:23:30.028655+0800	Runner	flutter: │       "method_name": "TrackEvents",
默认	11:23:30.028717+0800	Runner	flutter: │       "params": {
默认	11:23:30.028728+0800	Runner	flutter: │         "events": [
默认	11:23:30.028770+0800	Runner	flutter: │           {
默认	11:23:30.028784+0800	Runner	flutter: │             "event_id": "6dc1fd44-eb7c-4684-95f9-bc087ed65c90",
默认	11:23:30.028840+0800	Runner	flutter: │             "event_name": "app_page_stay",
默认	11:23:30.028852+0800	Runner	flutter: │             "event_time_ms": 1783653808036,
默认	11:23:30.028915+0800	Runner	flutter: │             "properties": {
默认	11:23:30.028928+0800	Runner	flutter: │               "logtime": 1783653808036,
默认	11:23:30.028954+0800	Runner	flutter: │               "log_id": "6dc1fd44-eb7c-4684-95f9-bc087ed65c90",
默认	11:23:30.029010+0800	Runner	flutter: │               "net": "wifi",
默认	11:23:30.029023+0800	Runner	flutter: │               "pkg": "com.sparkjam.truthy.ios",
默认	11:23:30.029086+0800	Runner	flutter: │               "bucket": 56,
默认	11:23:30.029095+0800	Runner	flutter: │               "abslot": 21,
默认	11:23:30.029129+0800	Runner	flutter: │               "ram": "3684MB",
默认	11:23:30.029144+0800	Runner	flutter: │               "cpu": "arm64",
默认	11:23:30.029222+0800	Runner	flutter: │               "sh": 844,
默认	11:23:30.029233+0800	Runner	flutter: │               "sw": 390,
默认	11:23:30.029289+0800	Runner	flutter: │               "city": "",
默认	11:23:30.029300+0800	Runner	flutter: │               "ste": "",
默认	11:23:30.029309+0800	Runner	flutter: │               "lat": "",
默认	11:23:30.029346+0800	Runner	flutter: │               "lng": "",
默认	11:23:30.029375+0800	Runner	flutter: │               "sty": "desk",
默认	11:23:30.029398+0800	Runner	flutter: │               "isp": "",
默认	11:23:30.029439+0800	Runner	flutter: │               "mod": "iphone13,2",
默认	11:23:30.029467+0800	Runner	flutter: │               "brd": "apple",
默认	11:23:30.029544+0800	Runner	flutter: │               "os": "26.3.1",
默认	11:23:30.029551+0800	Runner	flutter: │               "pf": "ios",
默认	11:23:30.029578+0800	Runner	flutter: │               "slan": "zh",
默认	11:23:30.029602+0800	Runner	flutter: │               "reg": "HK",
默认	11:23:30.029634+0800	Runner	flutter: │               "cou": "HK",
默认	11:23:30.029711+0800	Runner	flutter: │               "sub": "",
默认	11:23:30.029726+0800	Runner	flutter: │               "cha": "",
默认	11:23:30.029776+0800	Runner	flutter: │               "verc": "10000",
默认	11:23:30.029788+0800	Runner	flutter: │               "ver": "1.0.0",
默认	11:23:30.029841+0800	Runner	flutter: │               "sid": "5094b07b-cc63-4868-b4ac-6bced54db906",
默认	11:23:30.029850+0800	Runner	flutter: │               "uuid": "***",
默认	11:23:30.029879+0800	Runner	flutter: │               "idfa": "***",
默认	11:23:30.029906+0800	Runner	flutter: │               "idfv": "***",
默认	11:23:30.029970+0800	Runner	flutter: │               "aid": "***",
默认	11:23:30.029977+0800	Runner	flutter: │               "gaid": "***",
默认	11:23:30.030025+0800	Runner	flutter: │               "did": "***",
默认	11:23:30.030073+0800	Runner	flutter: │               "uid": "***",
默认	11:23:30.030090+0800	Runner	flutter: │               "anm": "Truthy",
默认	11:23:30.030178+0800	Runner	flutter: │               "push_id": "",
默认	11:23:30.030189+0800	Runner	flutter: │               "push_type": "",
默认	11:23:30.030198+0800	Runner	flutter: │               "is_pro": "0",
默认	11:23:30.030244+0800	Runner	flutter: │               "page_from": "home",
默认	11:23:30.030252+0800	Runner	flutter: │               "duration_s": 57
默认	11:23:30.030318+0800	Runner	flutter: │             }
默认	11:23:30.030333+0800	Runner	flutter: │           },
默认	11:23:30.030380+0800	Runner	flutter: │           {
默认	11:23:30.030395+0800	Runner	flutter: │             "event_id": "2415bb5e-e43f-4876-ab3d-6c53d682919d",
默认	11:23:30.030405+0800	Runner	flutter: │             "event_name": "lead_pageview",
默认	11:23:30.030459+0800	Runner	flutter: │             "event_time_ms": 1783653808039,
默认	11:23:30.030484+0800	Runner	flutter: │             "properties": {
默认	11:23:30.030550+0800	Runner	flutter: │               "logtime": 1783653808039,
默认	11:23:30.030560+0800	Runner	flutter: │               "log_id": "2415bb5e-e43f-4876-ab3d-6c53d682919d",
默认	11:23:30.030622+0800	Runner	flutter: │               "net": "wifi",
默认	11:23:30.030632+0800	Runner	flutter: │               "pkg": "com.sparkjam.truthy.ios",
默认	11:23:30.030694+0800	Runner	flutter: │               "bucket": 56,
默认	11:23:30.030704+0800	Runner	flutter: │               "abslot": 21,
默认	11:23:30.030752+0800	Runner	flutter: │               "ram": "3684MB",
默认	11:23:30.030762+0800	Runner	flutter: │               "cpu": "arm64",
默认	11:23:30.030807+0800	Runner	flutter: │               "sh": 844,
默认	11:23:30.030858+0800	Runner	flutter: │               "sw": 390,
默认	11:23:30.030873+0800	Runner	flutter: │               "city": "",
默认	11:23:30.030920+0800	Runner	flutter: │               "ste": "",
默认	11:23:30.030929+0800	Runner	flutter: │               "lat": "",
默认	11:23:30.030960+0800	Runner	flutter: │               "lng": "",
默认	11:23:30.030989+0800	Runner	flutter: │               "sty": "desk",
默认	11:23:30.031018+0800	Runner	flutter: │               "isp": "",
默认	11:23:30.031045+0800	Runner	flutter: │               "mod": "iphone13,2",
默认	11:23:30.031126+0800	Runner	flutter: │               "brd": "apple",
默认	11:23:30.031143+0800	Runner	flutter: │               "os": "26.3.1",
默认	11:23:30.031186+0800	Runner	flutter: │               "pf": "ios",
默认	11:23:30.031200+0800	Runner	flutter: │               "slan": "zh",
默认	11:23:30.031256+0800	Runner	flutter: │               "reg": "HK",
默认	11:23:30.031274+0800	Runner	flutter: │               "cou": "HK",
默认	11:23:30.031284+0800	Runner	flutter: │               "sub": "",
默认	11:23:30.031358+0800	Runner	flutter: │               "cha": "",
默认	11:23:30.031368+0800	Runner	flutter: │               "verc": "10000",
默认	11:23:30.031450+0800	Runner	flutter: │               "ver": "1.0.0",
默认	11:23:30.031461+0800	Runner	flutter: │               "sid": "5094b07b-cc63-4868-b4ac-6bced54db906",
默认	11:23:30.031469+0800	Runner	flutter: │               "uuid": "***",
默认	11:23:30.031537+0800	Runner	flutter: │               "idfa": "***",
默认	11:23:30.031548+0800	Runner	flutter: │               "idfv": "***",
默认	11:23:30.031596+0800	Runner	flutter: │               "aid": "***",
默认	11:23:30.031613+0800	Runner	flutter: │               "gaid": "***",
默认	11:23:30.031662+0800	Runner	flutter: │               "did": "***",
默认	11:23:30.031672+0800	Runner	flutter: │               "uid": "***",
默认	11:23:30.031716+0800	Runner	flutter: │               "anm": "Truthy",
默认	11:23:30.031733+0800	Runner	flutter: │               "push_id": "",
默认	11:23:30.031788+0800	Runner	flutter: │               "push_type": "",
默认	11:23:30.031822+0800	Runner	flutter: │               "is_pro": "0",
默认	11:23:30.031837+0800	Runner	flutter: │               "page_from": "home",
默认	11:23:30.031886+0800	Runner	flutter: │               "has_name": 0
默认	11:23:30.031896+0800	Runner	flutter: │             }
默认	11:23:30.031922+0800	Runner	flutter: │           }
默认	11:23:30.031958+0800	Runner	flutter: │         ]
默认	11:23:30.031989+0800	Runner	flutter: │       }
默认	11:23:30.032077+0800	Runner	flutter: │     }
默认	11:23:30.032090+0800	Runner	flutter: │   ]
默认	11:23:30.032102+0800	Runner	flutter: │ }
默认	11:23:30.032147+0800	Runner	flutter: └───────────────────────────────────────────────────────────────────────────────────────────────────
默认	11:23:30.209029+0800	Runner	flutter: ┌───────────────────────────────────────────────────────────────────────────────────────────────────
默认	11:23:30.209212+0800	Runner	flutter: │ [HTTP] <-- 200 POST https://api.truthy.top/gateway/invoke service=tool.event_tracking.EventTrackingService method=TrackEvents
默认	11:23:30.209427+0800	Runner	flutter: └───────────────────────────────────────────────────────────────────────────────────────────────────
默认	11:23:30.209834+0800	Runner	flutter: ┌───────────────────────────────────────────────────────────────────────────────────────────────────
默认	11:23:30.209882+0800	Runner	flutter: │ [HTTP] response:
默认	11:23:30.210045+0800	Runner	flutter: │ {
默认	11:23:30.210170+0800	Runner	flutter: │   "code": 0,
默认	11:23:30.210319+0800	Runner	flutter: │   "message": "ok",
默认	11:23:30.210478+0800	Runner	flutter: │   "request_id": "gw_req_42ec8bf56613ad9022d23d02fc7e193b",
默认	11:23:30.211075+0800	Runner	flutter: │   "trace_id": "trace_ffe3c3f6a8383fa68b495badee5e4cc8",
默认	11:23:30.211488+0800	Runner	flutter: │   "responses": [
默认	11:23:30.211688+0800	Runner	flutter: │     {
默认	11:23:30.211752+0800	Runner	flutter: │       "id": "req_0",
默认	11:23:30.211781+0800	Runner	flutter: │       "success": true,
默认	11:23:30.211807+0800	Runner	flutter: │       "code": 0,
默认	11:23:30.211831+0800	Runner	flutter: │       "message": "ok",
默认	11:23:30.211855+0800	Runner	flutter: │       "data": {
默认	11:23:30.211879+0800	Runner	flutter: │         "request_id": "gw_req_42ec8bf56613ad9022d23d02fc7e193b",
默认	11:23:30.212039+0800	Runner	flutter: │         "trace_id": "trace_ffe3c3f6a8383fa68b495badee5e4cc8",
默认	11:23:30.212166+0800	Runner	flutter: │         "accepted_count": 2,
默认	11:23:30.212285+0800	Runner	flutter: │         "event_name": "app_page_stay",
默认	11:23:30.212472+0800	Runner	flutter: │         "event_names": [
默认	11:23:30.212948+0800	Runner	flutter: │           "app_page_stay",
默认	11:23:30.212991+0800	Runner	flutter: │           "lead_pageview"
默认	11:23:30.213115+0800	Runner	flutter: │         ],
默认	11:23:30.213160+0800	Runner	flutter: │         "events": [
默认	11:23:30.213224+0800	Runner	flutter: │           {
默认	11:23:30.213387+0800	Runner	flutter: │             "index": 0,
默认	11:23:30.213522+0800	Runner	flutter: │             "event_id": "6dc1fd44-eb7c-4684-95f9-bc087ed65c90",
默认	11:23:30.213675+0800	Runner	flutter: │             "event_name": "app_page_stay",
默认	11:23:30.213802+0800	Runner	flutter: │             "status": "accepted"
默认	11:23:30.213927+0800	Runner	flutter: │           },
默认	11:23:30.214176+0800	Runner	flutter: │           {
默认	11:23:30.214211+0800	Runner	flutter: │             "index": 1,
默认	11:23:30.214381+0800	Runner	flutter: │             "event_id": "2415bb5e-e43f-4876-ab3d-6c53d682919d",
默认	11:23:30.214499+0800	Runner	flutter: │             "event_name": "lead_pageview",
默认	11:23:30.214581+0800	Runner	flutter: │             "status": "accepted"
默认	11:23:30.214663+0800	Runner	flutter: │           }
默认	11:23:30.214786+0800	Runner	flutter: │         ]
默认	11:23:30.214863+0800	Runner	flutter: │       }
默认	11:23:30.214941+0800	Runner	flutter: │     }
默认	11:23:30.215015+0800	Runner	flutter: │   ]
默认	11:23:30.215318+0800	Runner	flutter: │ }
默认	11:23:30.215368+0800	Runner	flutter: └───────────────────────────────────────────────────────────────────────────────────────────────────
默认	11:24:35.864411+0800	Runner	flutter: ┌───────────────────────────────────────────────────────────────────────────────────────────────────
默认	11:24:35.864440+0800	Runner	flutter: │ [EventTracking] name=lead_name_input_start id=5dd931a3-4e7b-4abf-bc94-d362f86721f7 time=1783653875863 props={}
默认	11:24:35.864670+0800	Runner	flutter: └───────────────────────────────────────────────────────────────────────────────────────────────────
默认	11:24:35.889444+0800	Runner	flutter: ┌───────────────────────────────────────────────────────────────────────────────────────────────────
默认	11:24:35.889523+0800	Runner	flutter: │ [HTTP] --> POST https://api.truthy.top/gateway/invoke service=tool.event_tracking.EventTrackingService method=TrackEvents
默认	11:24:35.889672+0800	Runner	flutter: └───────────────────────────────────────────────────────────────────────────────────────────────────
默认	11:24:35.889683+0800	Runner	flutter: ┌───────────────────────────────────────────────────────────────────────────────────────────────────
默认	11:24:35.889781+0800	Runner	flutter: │ [HTTP] request:
默认	11:24:35.889836+0800	Runner	flutter: │ {
默认	11:24:35.889851+0800	Runner	flutter: │   "comm": {
默认	11:24:35.889863+0800	Runner	flutter: │     "auth_token": "***",
默认	11:24:35.889873+0800	Runner	flutter: │     "user_id": "user_e5f97712121ebfac3d6f6407",
默认	11:24:35.889883+0800	Runner	flutter: │     "device_id": "c5ece928-513e-4e75-a500-28479ac5102a",
默认	11:24:35.889892+0800	Runner	flutter: │     "client_request_id": "crid_1783653875883922",
默认	11:24:35.889902+0800	Runner	flutter: │     "platform": "ios",
默认	11:24:35.889909+0800	Runner	flutter: │     "app_version": "1.0.0",
默认	11:24:35.889976+0800	Runner	flutter: │     "locale": "zh-Hans-HK",
默认	11:24:35.889993+0800	Runner	flutter: │     "country": "HK",
默认	11:24:35.890058+0800	Runner	flutter: │     "timezone": "UTC+08:00"
默认	11:24:35.890070+0800	Runner	flutter: │   },
默认	11:24:35.890223+0800	Runner	flutter: │   "requests": [
默认	11:24:35.890235+0800	Runner	flutter: │     {
默认	11:24:35.890244+0800	Runner	flutter: │       "id": "req_0",
默认	11:24:35.890269+0800	Runner	flutter: │       "service_name": "tool.event_tracking.EventTrackingService",
默认	11:24:35.890439+0800	Runner	flutter: │       "method_name": "TrackEvents",
默认	11:24:35.890451+0800	Runner	flutter: │       "params": {
默认	11:24:35.890476+0800	Runner	flutter: │         "events": [
默认	11:24:35.890489+0800	Runner	flutter: │           {
默认	11:24:35.890558+0800	Runner	flutter: │             "event_id": "5dd931a3-4e7b-4abf-bc94-d362f86721f7",
默认	11:24:35.890642+0800	Runner	flutter: │             "event_name": "lead_name_input_start",
默认	11:24:35.890678+0800	Runner	flutter: │             "event_time_ms": 1783653875863,
默认	11:24:35.890794+0800	Runner	flutter: │             "properties": {
默认	11:24:35.890813+0800	Runner	flutter: │               "logtime": 1783653875863,
默认	11:24:35.890822+0800	Runner	flutter: │               "log_id": "5dd931a3-4e7b-4abf-bc94-d362f86721f7",
默认	11:24:35.890883+0800	Runner	flutter: │               "net": "wifi",
默认	11:24:35.890897+0800	Runner	flutter: │               "pkg": "com.sparkjam.truthy.ios",
默认	11:24:35.890907+0800	Runner	flutter: │               "bucket": 56,
默认	11:24:35.890971+0800	Runner	flutter: │               "abslot": 21,
默认	11:24:35.891026+0800	Runner	flutter: │               "ram": "3684MB",
默认	11:24:35.891096+0800	Runner	flutter: │               "cpu": "arm64",
默认	11:24:35.891108+0800	Runner	flutter: │               "sh": 844,
默认	11:24:35.891117+0800	Runner	flutter: │               "sw": 390,
默认	11:24:35.891184+0800	Runner	flutter: │               "city": "",
默认	11:24:35.891195+0800	Runner	flutter: │               "ste": "",
默认	11:24:35.891237+0800	Runner	flutter: │               "lat": "",
默认	11:24:35.891283+0800	Runner	flutter: │               "lng": "",
默认	11:24:35.891331+0800	Runner	flutter: │               "sty": "desk",
默认	11:24:35.891382+0800	Runner	flutter: │               "isp": "",
默认	11:24:35.891438+0800	Runner	flutter: │               "mod": "iphone13,2",
默认	11:24:35.891484+0800	Runner	flutter: │               "brd": "apple",
默认	11:24:35.891531+0800	Runner	flutter: │               "os": "26.3.1",
默认	11:24:35.891577+0800	Runner	flutter: │               "pf": "ios",
默认	11:24:35.891743+0800	Runner	flutter: │               "slan": "zh",
默认	11:24:35.891942+0800	Runner	flutter: │               "reg": "HK",
默认	11:24:35.891953+0800	Runner	flutter: │               "cou": "HK",
默认	11:24:35.891963+0800	Runner	flutter: │               "sub": "",
默认	11:24:35.891973+0800	Runner	flutter: │               "cha": "",
默认	11:24:35.892072+0800	Runner	flutter: │               "verc": "10000",
默认	11:24:35.892087+0800	Runner	flutter: │               "ver": "1.0.0",
默认	11:24:35.892137+0800	Runner	flutter: │               "sid": "5094b07b-cc63-4868-b4ac-6bced54db906",
默认	11:24:35.892241+0800	Runner	flutter: │               "uuid": "***",
默认	11:24:35.892251+0800	Runner	flutter: │               "idfa": "***",
默认	11:24:35.892280+0800	Runner	flutter: │               "idfv": "***",
默认	11:24:35.892379+0800	Runner	flutter: │               "aid": "***",
默认	11:24:35.892390+0800	Runner	flutter: │               "gaid": "***",
默认	11:24:35.892644+0800	Runner	flutter: │               "did": "***",
默认	11:24:35.892657+0800	Runner	flutter: │               "uid": "***",
默认	11:24:35.892678+0800	Runner	flutter: │               "anm": "Truthy",
默认	11:24:35.892685+0800	Runner	flutter: │               "push_id": "",
默认	11:24:35.892812+0800	Runner	flutter: │               "push_type": "",
默认	11:24:35.892828+0800	Runner	flutter: │               "is_pro": "0"
默认	11:24:35.892925+0800	Runner	flutter: │             }
默认	11:24:35.892939+0800	Runner	flutter: │           }
默认	11:24:35.892949+0800	Runner	flutter: │         ]
默认	11:24:35.893018+0800	Runner	flutter: │       }
默认	11:24:35.893040+0800	Runner	flutter: │     }
默认	11:24:35.893100+0800	Runner	flutter: │   ]
默认	11:24:35.893121+0800	Runner	flutter: │ }
默认	11:24:35.893203+0800	Runner	flutter: └───────────────────────────────────────────────────────────────────────────────────────────────────
默认	11:24:38.146576+0800	Runner	flutter: ┌───────────────────────────────────────────────────────────────────────────────────────────────────
默认	11:24:38.146631+0800	Runner	flutter: │ [HTTP] <-- 200 POST https://api.truthy.top/gateway/invoke service=tool.event_tracking.EventTrackingService method=TrackEvents
默认	11:24:38.146712+0800	Runner	flutter: └───────────────────────────────────────────────────────────────────────────────────────────────────
默认	11:24:38.147068+0800	Runner	flutter: ┌───────────────────────────────────────────────────────────────────────────────────────────────────
默认	11:24:38.147094+0800	Runner	flutter: │ [HTTP] response:
默认	11:24:38.147119+0800	Runner	flutter: │ {
默认	11:24:38.147129+0800	Runner	flutter: │   "code": 0,
默认	11:24:38.147142+0800	Runner	flutter: │   "message": "ok",
默认	11:24:38.147214+0800	Runner	flutter: │   "request_id": "gw_req_7894030b107137a852fc42599954f499",
默认	11:24:38.147228+0800	Runner	flutter: │   "trace_id": "trace_8ae65d2ec5ef18743cbe2225d7e61dd0",
默认	11:24:38.147238+0800	Runner	flutter: │   "responses": [
默认	11:24:38.147957+0800	Runner	flutter: │     {
默认	11:24:38.147986+0800	Runner	flutter: │       "id": "req_0",
默认	11:24:38.147996+0800	Runner	flutter: │       "success": true,
默认	11:24:38.148005+0800	Runner	flutter: │       "code": 0,
默认	11:24:38.148014+0800	Runner	flutter: │       "message": "ok",
默认	11:24:38.148022+0800	Runner	flutter: │       "data": {
默认	11:24:38.148030+0800	Runner	flutter: │         "request_id": "gw_req_7894030b107137a852fc42599954f499",
默认	11:24:38.148041+0800	Runner	flutter: │         "trace_id": "trace_8ae65d2ec5ef18743cbe2225d7e61dd0",
默认	11:24:38.148152+0800	Runner	flutter: │         "accepted_count": 1,
默认	11:24:38.148175+0800	Runner	flutter: │         "event_name": "lead_name_input_start",
默认	11:24:38.148185+0800	Runner	flutter: │         "event_names": [
默认	11:24:38.148192+0800	Runner	flutter: │           "lead_name_input_start"
默认	11:24:38.148200+0800	Runner	flutter: │         ],
默认	11:24:38.148209+0800	Runner	flutter: │         "events": [
默认	11:24:38.148217+0800	Runner	flutter: │           {
默认	11:24:38.148225+0800	Runner	flutter: │             "index": 0,
默认	11:24:38.148232+0800	Runner	flutter: │             "event_id": "5dd931a3-4e7b-4abf-bc94-d362f86721f7",
默认	11:24:38.148293+0800	Runner	flutter: │             "event_name": "lead_name_input_start",
默认	11:24:38.148303+0800	Runner	flutter: │             "status": "accepted"
默认	11:24:38.148365+0800	Runner	flutter: │           }
默认	11:24:38.148379+0800	Runner	flutter: │         ]
默认	11:24:38.148422+0800	Runner	flutter: │       }
默认	11:24:38.148462+0800	Runner	flutter: │     }
默认	11:24:38.148614+0800	Runner	flutter: │   ]
默认	11:24:38.148627+0800	Runner	flutter: │ }
默认	11:24:38.148644+0800	Runner	flutter: └───────────────────────────────────────────────────────────────────────────────────────────────────
默认	11:24:51.363239+0800	Runner	flutter: ┌───────────────────────────────────────────────────────────────────────────────────────────────────
默认	11:24:51.363286+0800	Runner	flutter: │ [EventTracking] name=lead_search_submit_click id=03a1bd38-520b-433f-8b43-07fdafcbb3bc time=1783653891362 props={"clue":{"match_strategy":"UNION","clues":[{"type":"FULL_NAME","full_name_query":{"full_name":"jon lnyy"}}],"additional_details":[]}}
默认	11:24:51.363336+0800	Runner	flutter: └───────────────────────────────────────────────────────────────────────────────────────────────────
默认	11:24:51.363411+0800	Runner	flutter: ┌───────────────────────────────────────────────────────────────────────────────────────────────────
默认	11:24:51.363471+0800	Runner	flutter: │ [AdjustEvent] Adjust event tracked: lead_search_submit_click
默认	11:24:51.363634+0800	Runner	flutter: └───────────────────────────────────────────────────────────────────────────────────────────────────
默认	11:24:51.364536+0800	Runner	flutter: ┌───────────────────────────────────────────────────────────────────────────────────────────────────
默认	11:24:51.364569+0800	Runner	flutter: │ [EventTracking] name=app_page_stay id=bd5010eb-8459-4070-896b-043706915e62 time=1783653891364 props={"page_from":"lead","duration_s":83}
默认	11:24:51.364598+0800	Runner	flutter: └───────────────────────────────────────────────────────────────────────────────────────────────────
默认	11:24:51.375777+0800	Runner	-_teardownExistingDelegate:<FlutterTextInputView: 0x105959000> forSetDelegate:(nil) force:NO delayEndInputSession:NO
默认	11:24:51.439105+0800	Runner	flutter: ┌───────────────────────────────────────────────────────────────────────────────────────────────────
默认	11:24:51.439176+0800	Runner	flutter: │ [FirebaseAnalytics] Firebase event logged: lead_search_submit_click
默认	11:24:51.439184+0800	Runner	flutter: └───────────────────────────────────────────────────────────────────────────────────────────────────
默认	11:24:51.439228+0800	Runner	flutter: ┌───────────────────────────────────────────────────────────────────────────────────────────────────
默认	11:24:51.439387+0800	Runner	flutter: │ [FacebookAppEvents] Facebook App Events logged: lead_search_submit_click
默认	11:24:51.439414+0800	Runner	flutter: └───────────────────────────────────────────────────────────────────────────────────────────────────
默认	11:24:51.450212+0800	Runner	flutter: ┌───────────────────────────────────────────────────────────────────────────────────────────────────
默认	11:24:51.450237+0800	Runner	flutter: │ [HTTP] --> POST https://api.truthy.top/gateway/invoke service=tool.subscription.SubscriptionService method=GetEntitlement
默认	11:24:51.450248+0800	Runner	flutter: └───────────────────────────────────────────────────────────────────────────────────────────────────
默认	11:24:51.450520+0800	Runner	flutter: ┌───────────────────────────────────────────────────────────────────────────────────────────────────
默认	11:24:51.450532+0800	Runner	flutter: │ [HTTP] request:
默认	11:24:51.450541+0800	Runner	flutter: │ {
默认	11:24:51.450551+0800	Runner	flutter: │   "comm": {
默认	11:24:51.450576+0800	Runner	flutter: │     "auth_token": "***",
默认	11:24:51.450584+0800	Runner	flutter: │     "user_id": "user_e5f97712121ebfac3d6f6407",
默认	11:24:51.450593+0800	Runner	flutter: │     "device_id": "c5ece928-513e-4e75-a500-28479ac5102a",
默认	11:24:51.450608+0800	Runner	flutter: │     "client_request_id": "crid_1783653891364592",
默认	11:24:51.450617+0800	Runner	flutter: │     "platform": "ios",
默认	11:24:51.450625+0800	Runner	flutter: │     "app_version": "1.0.0",
默认	11:24:51.450634+0800	Runner	flutter: │     "locale": "zh-Hans-HK",
默认	11:24:51.450643+0800	Runner	flutter: │     "country": "HK",
默认	11:24:51.450650+0800	Runner	flutter: │     "timezone": "UTC+08:00"
默认	11:24:51.450658+0800	Runner	flutter: │   },
默认	11:24:51.450670+0800	Runner	flutter: │   "requests": [
默认	11:24:51.450678+0800	Runner	flutter: │     {
默认	11:24:51.450686+0800	Runner	flutter: │       "id": "req_0",
默认	11:24:51.450695+0800	Runner	flutter: │       "service_name": "tool.subscription.SubscriptionService",
默认	11:24:51.450702+0800	Runner	flutter: │       "method_name": "GetEntitlement",
默认	11:24:51.450711+0800	Runner	flutter: │       "params": {
默认	11:24:51.450721+0800	Runner	flutter: │         "product_code": "people_insight"
默认	11:24:51.450728+0800	Runner	flutter: │       }
默认	11:24:51.450742+0800	Runner	flutter: │     }
默认	11:24:51.450752+0800	Runner	flutter: │   ]
默认	11:24:51.450784+0800	Runner	flutter: │ }
默认	11:24:51.450814+0800	Runner	flutter: └───────────────────────────────────────────────────────────────────────────────────────────────────
默认	11:24:51.451390+0800	Runner	flutter: ┌───────────────────────────────────────────────────────────────────────────────────────────────────
默认	11:24:51.451399+0800	Runner	flutter: │ [HTTP] --> POST https://api.truthy.top/gateway/invoke service=tool.event_tracking.EventTrackingService method=TrackEvents
默认	11:24:51.451407+0800	Runner	flutter: └───────────────────────────────────────────────────────────────────────────────────────────────────
默认	11:24:51.451416+0800	Runner	flutter: ┌───────────────────────────────────────────────────────────────────────────────────────────────────
默认	11:24:51.451423+0800	Runner	flutter: │ [HTTP] request:
默认	11:24:51.451431+0800	Runner	flutter: │ {
默认	11:24:51.451467+0800	Runner	flutter: │   "comm": {
默认	11:24:51.451476+0800	Runner	flutter: │     "auth_token": "***",
默认	11:24:51.451520+0800	Runner	flutter: │     "user_id": "user_e5f97712121ebfac3d6f6407",
默认	11:24:51.451533+0800	Runner	flutter: │     "device_id": "c5ece928-513e-4e75-a500-28479ac5102a",
默认	11:24:51.451541+0800	Runner	flutter: │     "client_request_id": "crid_1783653891422337",
默认	11:24:51.451550+0800	Runner	flutter: │     "platform": "ios",
默认	11:24:51.451560+0800	Runner	flutter: │     "app_version": "1.0.0",
默认	11:24:51.451579+0800	Runner	flutter: │     "locale": "zh-Hans-HK",
默认	11:24:51.451587+0800	Runner	flutter: │     "country": "HK",
默认	11:24:51.451612+0800	Runner	flutter: │     "timezone": "UTC+08:00"
默认	11:24:51.451630+0800	Runner	flutter: │   },
默认	11:24:51.451647+0800	Runner	flutter: │   "requests": [
默认	11:24:51.451663+0800	Runner	flutter: │     {
默认	11:24:51.451670+0800	Runner	flutter: │       "id": "req_0",
默认	11:24:51.451699+0800	Runner	flutter: │       "service_name": "tool.event_tracking.EventTrackingService",
默认	11:24:51.451725+0800	Runner	flutter: │       "method_name": "TrackEvents",
默认	11:24:51.451734+0800	Runner	flutter: │       "params": {
默认	11:24:51.451751+0800	Runner	flutter: │         "events": [
默认	11:24:51.451760+0800	Runner	flutter: │           {
默认	11:24:51.451782+0800	Runner	flutter: │             "event_id": "03a1bd38-520b-433f-8b43-07fdafcbb3bc",
默认	11:24:51.451806+0800	Runner	flutter: │             "event_name": "lead_search_submit_click",
默认	11:24:51.451822+0800	Runner	flutter: │             "event_time_ms": 1783653891362,
默认	11:24:51.451841+0800	Runner	flutter: │             "properties": {
默认	11:24:51.451858+0800	Runner	flutter: │               "logtime": 1783653891362,
默认	11:24:51.451920+0800	Runner	flutter: │               "log_id": "03a1bd38-520b-433f-8b43-07fdafcbb3bc",
默认	11:24:51.451941+0800	Runner	flutter: │               "net": "wifi",
默认	11:24:51.451958+0800	Runner	flutter: │               "pkg": "com.sparkjam.truthy.ios",
默认	11:24:51.451997+0800	Runner	flutter: │               "bucket": 56,
默认	11:24:51.452013+0800	Runner	flutter: │               "abslot": 21,
默认	11:24:51.452033+0800	Runner	flutter: │               "ram": "3684MB",
默认	11:24:51.452054+0800	Runner	flutter: │               "cpu": "arm64",
默认	11:24:51.452069+0800	Runner	flutter: │               "sh": 844,
默认	11:24:51.452169+0800	Runner	flutter: │               "sw": 390,
默认	11:24:51.452188+0800	Runner	flutter: │               "city": "",
默认	11:24:51.452205+0800	Runner	flutter: │               "ste": "",
默认	11:24:51.452224+0800	Runner	flutter: │               "lat": "",
默认	11:24:51.452260+0800	Runner	flutter: │               "lng": "",
默认	11:24:51.452271+0800	Runner	flutter: │               "sty": "desk",
默认	11:24:51.452282+0800	Runner	flutter: │               "isp": "",
默认	11:24:51.452291+0800	Runner	flutter: │               "mod": "iphone13,2",
默认	11:24:51.452310+0800	Runner	flutter: │               "brd": "apple",
默认	11:24:51.452352+0800	Runner	flutter: │               "os": "26.3.1",
默认	11:24:51.452359+0800	Runner	flutter: │               "pf": "ios",
默认	11:24:51.452770+0800	Runner	flutter: │               "slan": "zh",
默认	11:24:51.452991+0800	Runner	flutter: │               "reg": "HK",
默认	11:24:51.453037+0800	Runner	flutter: │               "cou": "HK",
默认	11:24:51.453056+0800	Runner	flutter: │               "sub": "",
默认	11:24:51.453089+0800	Runner	flutter: │               "cha": "",
默认	11:24:51.453114+0800	Runner	flutter: │               "verc": "10000",
默认	11:24:51.453140+0800	Runner	flutter: │               "ver": "1.0.0",
默认	11:24:51.453483+0800	Runner	flutter: │               "sid": "5094b07b-cc63-4868-b4ac-6bced54db906",
默认	11:24:51.453510+0800	Runner	flutter: │               "uuid": "***",
默认	11:24:51.453527+0800	Runner	flutter: │               "idfa": "***",
默认	11:24:51.453613+0800	Runner	flutter: │               "idfv": "***",
默认	11:24:51.453627+0800	Runner	flutter: │               "aid": "***",
默认	11:24:51.453644+0800	Runner	flutter: │               "gaid": "***",
默认	11:24:51.453651+0800	Runner	flutter: │               "did": "***",
默认	11:24:51.453660+0800	Runner	flutter: │               "uid": "***",
默认	11:24:51.453733+0800	Runner	flutter: │               "anm": "Truthy",
默认	11:24:51.453743+0800	Runner	flutter: │               "push_id": "",
默认	11:24:51.453752+0800	Runner	flutter: │               "push_type": "",
默认	11:24:51.454015+0800	Runner	flutter: │               "is_pro": "0",
默认	11:24:51.454086+0800	Runner	flutter: │               "clue": {
默认	11:24:51.454104+0800	Runner	flutter: │                 "match_strategy": "UNION",
默认	11:24:51.454114+0800	Runner	flutter: │                 "clues": [
默认	11:24:51.454124+0800	Runner	flutter: │                   {
默认	11:24:51.454320+0800	Runner	flutter: │                     "type": "FULL_NAME",
默认	11:24:51.454387+0800	Runner	flutter: │                     "full_name_query": {
默认	11:24:51.454399+0800	Runner	flutter: │                       "full_name": "jon lnyy"
默认	11:24:51.454448+0800	Runner	flutter: │                     }
默认	11:24:51.454462+0800	Runner	flutter: │                   }
默认	11:24:51.454471+0800	Runner	flutter: │                 ],
默认	11:24:51.454479+0800	Runner	flutter: │                 "additional_details": []
默认	11:24:51.454490+0800	Runner	flutter: │               }
默认	11:24:51.454500+0800	Runner	flutter: │             }
默认	11:24:51.454642+0800	Runner	flutter: │           }
默认	11:24:51.454828+0800	Runner	flutter: │         ]
默认	11:24:51.455013+0800	Runner	flutter: │       }
默认	11:24:51.455025+0800	Runner	flutter: │     }
默认	11:24:51.455034+0800	Runner	flutter: │   ]
默认	11:24:51.455043+0800	Runner	flutter: │ }
默认	11:24:51.455051+0800	Runner	flutter: └───────────────────────────────────────────────────────────────────────────────────────────────────
默认	11:24:53.017164+0800	Runner	flutter: ┌───────────────────────────────────────────────────────────────────────────────────────────────────
默认	11:24:53.017214+0800	Runner	flutter: │ [HTTP] <-- 200 POST https://api.truthy.top/gateway/invoke service=tool.subscription.SubscriptionService method=GetEntitlement
默认	11:24:53.017254+0800	Runner	flutter: └───────────────────────────────────────────────────────────────────────────────────────────────────
默认	11:24:53.017307+0800	Runner	flutter: ┌───────────────────────────────────────────────────────────────────────────────────────────────────
默认	11:24:53.017379+0800	Runner	flutter: │ [HTTP] response:
默认	11:24:53.017570+0800	Runner	flutter: │ {
默认	11:24:53.017596+0800	Runner	flutter: │   "code": 0,
默认	11:24:53.017641+0800	Runner	flutter: │   "message": "ok",
默认	11:24:53.017920+0800	Runner	flutter: │   "request_id": "gw_req_9d8ea624eb29c4e9ddf1c9b4ad352688",
默认	11:24:53.017987+0800	Runner	flutter: │   "trace_id": "trace_3a0b216cbf54e8070513e5b436509168",
默认	11:24:53.018037+0800	Runner	flutter: │   "responses": [
默认	11:24:53.018106+0800	Runner	flutter: │     {
默认	11:24:53.019874+0800	Runner	flutter: │       "id": "req_0",
默认	11:24:53.019939+0800	Runner	flutter: │       "success": true,
默认	11:24:53.020001+0800	Runner	flutter: │       "code": 0,
默认	11:24:53.020041+0800	Runner	flutter: │       "message": "ok",
默认	11:24:53.020118+0800	Runner	flutter: │       "data": {
默认	11:24:53.020456+0800	Runner	flutter: │         "can_start_search": false,
默认	11:24:53.020509+0800	Runner	flutter: │         "concurrency_remaining": 0,
默认	11:24:53.020522+0800	Runner	flutter: │         "decision": "REQUIRE_SUBSCRIPTION",
默认	11:24:53.020534+0800	Runner	flutter: │         "expires_time": null,
默认	11:24:53.020545+0800	Runner	flutter: │         "plan_code": "free",
默认	11:24:53.020558+0800	Runner	flutter: │         "product_code": "people_insight",
默认	11:24:53.020570+0800	Runner	flutter: │         "quota_remaining": 0,
默认	11:24:53.021505+0800	Runner	flutter: │         "subscription_status": "inactive",
默认	11:24:53.021663+0800	Runner	flutter: │         "vip_level": 0
默认	11:24:53.021697+0800	Runner	flutter: │       }
默认	11:24:53.021723+0800	Runner	flutter: │     }
默认	11:24:53.021750+0800	Runner	flutter: │   ]
默认	11:24:53.021775+0800	Runner	flutter: │ }
默认	11:24:53.021804+0800	Runner	flutter: └───────────────────────────────────────────────────────────────────────────────────────────────────
默认	11:24:53.022500+0800	Runner	Reloading input views for key-window scene responder: <FlutterTextInputView: 0x115dd8800; frame = (0 0; 1 1); > force:N
默认	11:24:53.022557+0800	Runner	_inputViewsForResponder: <FlutterTextInputView: 0x115dd8800; frame = (0 0; 1 1); >, automaticKeyboard: 1, force: 0
默认	11:24:53.034791+0800	Runner	-_teardownExistingDelegate:(nil) forSetDelegate:<FlutterTextInputView: 0x115dd8800> force:NO delayEndInputSession:YES
默认	11:24:53.147391+0800	Runner	flutter: ┌───────────────────────────────────────────────────────────────────────────────────────────────────
默认	11:24:53.147447+0800	Runner	flutter: │ [EventTracking] name=app_page_stay id=18178c48-51d7-4971-97cd-926bfaa55212 time=1783653893104 props={"page_from":"lead","duration_s":0}
默认	11:24:53.147464+0800	Runner	flutter: └───────────────────────────────────────────────────────────────────────────────────────────────────
默认	11:24:53.147753+0800	Runner	flutter: ┌───────────────────────────────────────────────────────────────────────────────────────────────────
默认	11:24:53.147804+0800	Runner	flutter: │ [EventTracking] name=search_fake_pageview id=16a3a40f-33f5-4ee9-87b9-20289bf66096 time=1783653893104 props={}
默认	11:24:53.147820+0800	Runner	flutter: └───────────────────────────────────────────────────────────────────────────────────────────────────
默认	11:24:53.153371+0800	Runner	-_teardownExistingDelegate:<FlutterTextInputView: 0x115dd8800> forSetDelegate:(nil) force:NO delayEndInputSession:NO
默认	11:24:53.173437+0800	Runner	flutter: ┌───────────────────────────────────────────────────────────────────────────────────────────────────
默认	11:24:53.173449+0800	Runner	flutter: │ [HTTP] <-- 200 POST https://api.truthy.top/gateway/invoke service=tool.event_tracking.EventTrackingService method=TrackEvents
默认	11:24:53.173461+0800	Runner	flutter: └───────────────────────────────────────────────────────────────────────────────────────────────────
默认	11:24:53.174504+0800	Runner	flutter: ┌───────────────────────────────────────────────────────────────────────────────────────────────────
默认	11:24:53.174598+0800	Runner	flutter: │ [HTTP] response:
默认	11:24:53.174895+0800	Runner	flutter: │ {
默认	11:24:53.174910+0800	Runner	flutter: │   "code": 0,
默认	11:24:53.174921+0800	Runner	flutter: │   "message": "ok",
默认	11:24:53.174932+0800	Runner	flutter: │   "request_id": "gw_req_384074c10cce78599e86ab6440dc147a",
默认	11:24:53.174941+0800	Runner	flutter: │   "trace_id": "trace_ff12570277d106bdcdf62d821c4f2c1b",
默认	11:24:53.174948+0800	Runner	flutter: │   "responses": [
默认	11:24:53.174958+0800	Runner	flutter: │     {
默认	11:24:53.174977+0800	Runner	flutter: │       "id": "req_0",
默认	11:24:53.174984+0800	Runner	flutter: │       "success": true,
默认	11:24:53.174999+0800	Runner	flutter: │       "code": 0,
默认	11:24:53.175009+0800	Runner	flutter: │       "message": "ok",
默认	11:24:53.175018+0800	Runner	flutter: │       "data": {
默认	11:24:53.175026+0800	Runner	flutter: │         "request_id": "gw_req_384074c10cce78599e86ab6440dc147a",
默认	11:24:53.175035+0800	Runner	flutter: │         "trace_id": "trace_ff12570277d106bdcdf62d821c4f2c1b",
默认	11:24:53.175067+0800	Runner	flutter: │         "accepted_count": 1,
默认	11:24:53.175113+0800	Runner	flutter: │         "event_name": "lead_search_submit_click",
默认	11:24:53.175157+0800	Runner	flutter: │         "event_names": [
默认	11:24:53.175196+0800	Runner	flutter: │           "lead_search_submit_click"
默认	11:24:53.175358+0800	Runner	flutter: │         ],
默认	11:24:53.175369+0800	Runner	flutter: │         "events": [
默认	11:24:53.175380+0800	Runner	flutter: │           {
默认	11:24:53.175390+0800	Runner	flutter: │             "index": 0,
默认	11:24:53.175400+0800	Runner	flutter: │             "event_id": "03a1bd38-520b-433f-8b43-07fdafcbb3bc",
默认	11:24:53.175440+0800	Runner	flutter: │             "event_name": "lead_search_submit_click",
默认	11:24:53.175452+0800	Runner	flutter: │             "status": "accepted"
默认	11:24:53.175462+0800	Runner	flutter: │           }
默认	11:24:53.175471+0800	Runner	flutter: │         ]
默认	11:24:53.175478+0800	Runner	flutter: │       }
默认	11:24:53.175487+0800	Runner	flutter: │     }
默认	11:24:53.175498+0800	Runner	flutter: │   ]
默认	11:24:53.175662+0800	Runner	flutter: │ }
默认	11:24:53.175694+0800	Runner	flutter: └───────────────────────────────────────────────────────────────────────────────────────────────────
默认	11:24:53.207135+0800	Runner	flutter: ┌───────────────────────────────────────────────────────────────────────────────────────────────────
默认	11:24:53.207211+0800	Runner	flutter: │ [HTTP] --> POST https://api.truthy.top/gateway/invoke service=tool.event_tracking.EventTrackingService method=TrackEvents
默认	11:24:53.207227+0800	Runner	flutter: └───────────────────────────────────────────────────────────────────────────────────────────────────
默认	11:24:53.207257+0800	Runner	flutter: ┌───────────────────────────────────────────────────────────────────────────────────────────────────
默认	11:24:53.207299+0800	Runner	flutter: │ [HTTP] request:
默认	11:24:53.207310+0800	Runner	flutter: │ {
默认	11:24:53.207319+0800	Runner	flutter: │   "comm": {
默认	11:24:53.207338+0800	Runner	flutter: │     "auth_token": "***",
默认	11:24:53.207355+0800	Runner	flutter: │     "user_id": "user_e5f97712121ebfac3d6f6407",
默认	11:24:53.207401+0800	Runner	flutter: │     "device_id": "c5ece928-513e-4e75-a500-28479ac5102a",
默认	11:24:53.207411+0800	Runner	flutter: │     "client_request_id": "crid_1783653893188349",
默认	11:24:53.207420+0800	Runner	flutter: │     "platform": "ios",
默认	11:24:53.207453+0800	Runner	flutter: │     "app_version": "1.0.0",
默认	11:24:53.207462+0800	Runner	flutter: │     "locale": "zh-Hans-HK",
默认	11:24:53.207469+0800	Runner	flutter: │     "country": "HK",
默认	11:24:53.207482+0800	Runner	flutter: │     "timezone": "UTC+08:00"
默认	11:24:53.207504+0800	Runner	flutter: │   },
默认	11:24:53.207525+0800	Runner	flutter: │   "requests": [
默认	11:24:53.207535+0800	Runner	flutter: │     {
默认	11:24:53.207542+0800	Runner	flutter: │       "id": "req_0",
默认	11:24:53.207551+0800	Runner	flutter: │       "service_name": "tool.event_tracking.EventTrackingService",
默认	11:24:53.207583+0800	Runner	flutter: │       "method_name": "TrackEvents",
默认	11:24:53.207657+0800	Runner	flutter: │       "params": {
默认	11:24:53.207667+0800	Runner	flutter: │         "events": [
默认	11:24:53.207674+0800	Runner	flutter: │           {
默认	11:24:53.207693+0800	Runner	flutter: │             "event_id": "bd5010eb-8459-4070-896b-043706915e62",
默认	11:24:53.207710+0800	Runner	flutter: │             "event_name": "app_page_stay",
默认	11:24:53.207802+0800	Runner	flutter: │             "event_time_ms": 1783653891364,
默认	11:24:53.207809+0800	Runner	flutter: │             "properties": {
默认	11:24:53.207835+0800	Runner	flutter: │               "logtime": 1783653891364,
默认	11:24:53.207854+0800	Runner	flutter: │               "log_id": "bd5010eb-8459-4070-896b-043706915e62",
默认	11:24:53.207889+0800	Runner	flutter: │               "net": "wifi",
默认	11:24:53.207956+0800	Runner	flutter: │               "pkg": "com.sparkjam.truthy.ios",
默认	11:24:53.207964+0800	Runner	flutter: │               "bucket": 56,
默认	11:24:53.207973+0800	Runner	flutter: │               "abslot": 21,
默认	11:24:53.207982+0800	Runner	flutter: │               "ram": "3684MB",
默认	11:24:53.207990+0800	Runner	flutter: │               "cpu": "arm64",
默认	11:24:53.207998+0800	Runner	flutter: │               "sh": 844,
默认	11:24:53.208015+0800	Runner	flutter: │               "sw": 390,
默认	11:24:53.208024+0800	Runner	flutter: │               "city": "",
默认	11:24:53.208043+0800	Runner	flutter: │               "ste": "",
默认	11:24:53.208069+0800	Runner	flutter: │               "lat": "",
默认	11:24:53.208076+0800	Runner	flutter: │               "lng": "",
默认	11:24:53.208098+0800	Runner	flutter: │               "sty": "desk",
默认	11:24:53.208107+0800	Runner	flutter: │               "isp": "",
默认	11:24:53.208178+0800	Runner	flutter: │               "mod": "iphone13,2",
默认	11:24:53.208195+0800	Runner	flutter: │               "brd": "apple",
默认	11:24:53.208214+0800	Runner	flutter: │               "os": "26.3.1",
默认	11:24:53.208221+0800	Runner	flutter: │               "pf": "ios",
默认	11:24:53.208230+0800	Runner	flutter: │               "slan": "zh",
默认	11:24:53.208239+0800	Runner	flutter: │               "reg": "HK",
默认	11:24:53.208256+0800	Runner	flutter: │               "cou": "HK",
默认	11:24:53.208272+0800	Runner	flutter: │               "sub": "",
默认	11:24:53.208298+0800	Runner	flutter: │               "cha": "",
默认	11:24:53.208311+0800	Runner	flutter: │               "verc": "10000",
默认	11:24:53.208509+0800	Runner	flutter: │               "ver": "1.0.0",
默认	11:24:53.208533+0800	Runner	flutter: │               "sid": "5094b07b-cc63-4868-b4ac-6bced54db906",
默认	11:24:53.208550+0800	Runner	flutter: │               "uuid": "***",
默认	11:24:53.208569+0800	Runner	flutter: │               "idfa": "***",
默认	11:24:53.208586+0800	Runner	flutter: │               "idfv": "***",
默认	11:24:53.208594+0800	Runner	flutter: │               "aid": "***",
默认	11:24:53.208616+0800	Runner	flutter: │               "gaid": "***",
默认	11:24:53.208625+0800	Runner	flutter: │               "did": "***",
默认	11:24:53.208642+0800	Runner	flutter: │               "uid": "***",
默认	11:24:53.208658+0800	Runner	flutter: │               "anm": "Truthy",
默认	11:24:53.208671+0800	Runner	flutter: │               "push_id": "",
默认	11:24:53.208707+0800	Runner	flutter: │               "push_type": "",
默认	11:24:53.208730+0800	Runner	flutter: │               "is_pro": "0",
默认	11:24:53.208808+0800	Runner	flutter: │               "page_from": "lead",
默认	11:24:53.208817+0800	Runner	flutter: │               "duration_s": 83
默认	11:24:53.208826+0800	Runner	flutter: │             }
默认	11:24:53.208833+0800	Runner	flutter: │           },
默认	11:24:53.208864+0800	Runner	flutter: │           {
默认	11:24:53.208873+0800	Runner	flutter: │             "event_id": "18178c48-51d7-4971-97cd-926bfaa55212",
默认	11:24:53.208899+0800	Runner	flutter: │             "event_name": "app_page_stay",
默认	11:24:53.208909+0800	Runner	flutter: │             "event_time_ms": 1783653893104,
默认	11:24:53.208916+0800	Runner	flutter: │             "properties": {
默认	11:24:53.208925+0800	Runner	flutter: │               "logtime": 1783653893104,
默认	11:24:53.208941+0800	Runner	flutter: │               "log_id": "18178c48-51d7-4971-97cd-926bfaa55212",
默认	11:24:53.208981+0800	Runner	flutter: │               "net": "wifi",
默认	11:24:53.208988+0800	Runner	flutter: │               "pkg": "com.sparkjam.truthy.ios",
默认	11:24:53.208997+0800	Runner	flutter: │               "bucket": 56,
默认	11:24:53.209027+0800	Runner	flutter: │               "abslot": 21,
默认	11:24:53.209038+0800	Runner	flutter: │               "ram": "3684MB",
默认	11:24:53.209047+0800	Runner	flutter: │               "cpu": "arm64",
默认	11:24:53.209064+0800	Runner	flutter: │               "sh": 844,
默认	11:24:53.209079+0800	Runner	flutter: │               "sw": 390,
默认	11:24:53.209098+0800	Runner	flutter: │               "city": "",
默认	11:24:53.209105+0800	Runner	flutter: │               "ste": "",
默认	11:24:53.209122+0800	Runner	flutter: │               "lat": "",
默认	11:24:53.209182+0800	Runner	flutter: │               "lng": "",
默认	11:24:53.209198+0800	Runner	flutter: │               "sty": "desk",
默认	11:24:53.209218+0800	Runner	flutter: │               "isp": "",
默认	11:24:53.209225+0800	Runner	flutter: │               "mod": "iphone13,2",
默认	11:24:53.209275+0800	Runner	flutter: │               "brd": "apple",
默认	11:24:53.209295+0800	Runner	flutter: │               "os": "26.3.1",
默认	11:24:53.209306+0800	Runner	flutter: │               "pf": "ios",
默认	11:24:53.209316+0800	Runner	flutter: │               "slan": "zh",
默认	11:24:53.209351+0800	Runner	flutter: │               "reg": "HK",
默认	11:24:53.209402+0800	Runner	flutter: │               "cou": "HK",
默认	11:24:53.209471+0800	Runner	flutter: │               "sub": "",
默认	11:24:53.209491+0800	Runner	flutter: │               "cha": "",
默认	11:24:53.209498+0800	Runner	flutter: │               "verc": "10000",
默认	11:24:53.209506+0800	Runner	flutter: │               "ver": "1.0.0",
默认	11:24:53.209516+0800	Runner	flutter: │               "sid": "5094b07b-cc63-4868-b4ac-6bced54db906",
默认	11:24:53.209532+0800	Runner	flutter: │               "uuid": "***",
默认	11:24:53.209541+0800	Runner	flutter: │               "idfa": "***",
默认	11:24:53.209548+0800	Runner	flutter: │               "idfv": "***",
默认	11:24:53.209573+0800	Runner	flutter: │               "aid": "***",
默认	11:24:53.209602+0800	Runner	flutter: │               "gaid": "***",
默认	11:24:53.209610+0800	Runner	flutter: │               "did": "***",
默认	11:24:53.209628+0800	Runner	flutter: │               "uid": "***",
默认	11:24:53.209645+0800	Runner	flutter: │               "anm": "Truthy",
默认	11:24:53.209662+0800	Runner	flutter: │               "push_id": "",
默认	11:24:53.209671+0800	Runner	flutter: │               "push_type": "",
默认	11:24:53.209687+0800	Runner	flutter: │               "is_pro": "0",
默认	11:24:53.209749+0800	Runner	flutter: │               "page_from": "lead",
默认	11:24:53.209758+0800	Runner	flutter: │               "duration_s": 0
默认	11:24:53.209795+0800	Runner	flutter: │             }
默认	11:24:53.209814+0800	Runner	flutter: │           },
默认	11:24:53.209830+0800	Runner	flutter: │           {
默认	11:24:53.209839+0800	Runner	flutter: │             "event_id": "16a3a40f-33f5-4ee9-87b9-20289bf66096",
默认	11:24:53.209849+0800	Runner	flutter: │             "event_name": "search_fake_pageview",
默认	11:24:53.209861+0800	Runner	flutter: │             "event_time_ms": 1783653893104,
默认	11:24:53.209883+0800	Runner	flutter: │             "properties": {
默认	11:24:53.209902+0800	Runner	flutter: │               "logtime": 1783653893104,
默认	11:24:53.209937+0800	Runner	flutter: │               "log_id": "16a3a40f-33f5-4ee9-87b9-20289bf66096",
默认	11:24:53.209944+0800	Runner	flutter: │               "net": "wifi",
默认	11:24:53.209953+0800	Runner	flutter: │               "pkg": "com.sparkjam.truthy.ios",
默认	11:24:53.209960+0800	Runner	flutter: │               "bucket": 56,
默认	11:24:53.209978+0800	Runner	flutter: │               "abslot": 21,
默认	11:24:53.209990+0800	Runner	flutter: │               "ram": "3684MB",
默认	11:24:53.210007+0800	Runner	flutter: │               "cpu": "arm64",
默认	11:24:53.210025+0800	Runner	flutter: │               "sh": 844,
默认	11:24:53.210036+0800	Runner	flutter: │               "sw": 390,
默认	11:24:53.210062+0800	Runner	flutter: │               "city": "",
默认	11:24:53.210071+0800	Runner	flutter: │               "ste": "",
默认	11:24:53.210088+0800	Runner	flutter: │               "lat": "",
默认	11:24:53.210210+0800	Runner	flutter: │               "lng": "",
默认	11:24:53.210220+0800	Runner	flutter: │               "sty": "desk",
默认	11:24:53.210241+0800	Runner	flutter: │               "isp": "",
默认	11:24:53.210258+0800	Runner	flutter: │               "mod": "iphone13,2",
默认	11:24:53.210274+0800	Runner	flutter: │               "brd": "apple",
默认	11:24:53.210302+0800	Runner	flutter: │               "os": "26.3.1",
默认	11:24:53.210309+0800	Runner	flutter: │               "pf": "ios",
默认	11:24:53.210334+0800	Runner	flutter: │               "slan": "zh",
默认	11:24:53.210346+0800	Runner	flutter: │               "reg": "HK",
默认	11:24:53.210391+0800	Runner	flutter: │               "cou": "HK",
默认	11:24:53.210412+0800	Runner	flutter: │               "sub": "",
默认	11:24:53.210421+0800	Runner	flutter: │               "cha": "",
默认	11:24:53.210438+0800	Runner	flutter: │               "verc": "10000",
默认	11:24:53.210447+0800	Runner	flutter: │               "ver": "1.0.0",
默认	11:24:53.210495+0800	Runner	flutter: │               "sid": "5094b07b-cc63-4868-b4ac-6bced54db906",
默认	11:24:53.210516+0800	Runner	flutter: │               "uuid": "***",
默认	11:24:53.210542+0800	Runner	flutter: │               "idfa": "***",
默认	11:24:53.210551+0800	Runner	flutter: │               "idfv": "***",
默认	11:24:53.210560+0800	Runner	flutter: │               "aid": "***",
默认	11:24:53.210567+0800	Runner	flutter: │               "gaid": "***",
默认	11:24:53.210576+0800	Runner	flutter: │               "did": "***",
默认	11:24:53.210628+0800	Runner	flutter: │               "uid": "***",
默认	11:24:53.210639+0800	Runner	flutter: │               "anm": "Truthy",
默认	11:24:53.210649+0800	Runner	flutter: │               "push_id": "",
默认	11:24:53.210669+0800	Runner	flutter: │               "push_type": "",
默认	11:24:53.210691+0800	Runner	flutter: │               "is_pro": "0"
默认	11:24:53.210711+0800	Runner	flutter: │             }
默认	11:24:53.210947+0800	Runner	flutter: │           }
默认	11:24:53.210954+0800	Runner	flutter: │         ]
默认	11:24:53.210963+0800	Runner	flutter: │       }
默认	11:24:53.210971+0800	Runner	flutter: │     }
默认	11:24:53.210978+0800	Runner	flutter: │   ]
默认	11:24:53.210987+0800	Runner	flutter: │ }
默认	11:24:53.210995+0800	Runner	flutter: └───────────────────────────────────────────────────────────────────────────────────────────────────
默认	11:24:53.831444+0800	Runner	flutter: ┌───────────────────────────────────────────────────────────────────────────────────────────────────
默认	11:24:53.831496+0800	Runner	flutter: │ [HTTP] <-- 200 POST https://api.truthy.top/gateway/invoke service=tool.event_tracking.EventTrackingService method=TrackEvents
默认	11:24:53.831512+0800	Runner	flutter: └───────────────────────────────────────────────────────────────────────────────────────────────────
默认	11:24:53.831618+0800	Runner	flutter: ┌───────────────────────────────────────────────────────────────────────────────────────────────────
默认	11:24:53.831631+0800	Runner	flutter: │ [HTTP] response:
默认	11:24:53.831644+0800	Runner	flutter: │ {
默认	11:24:53.831653+0800	Runner	flutter: │   "code": 0,
默认	11:24:53.831661+0800	Runner	flutter: │   "message": "ok",
默认	11:24:53.831670+0800	Runner	flutter: │   "request_id": "gw_req_ea3090b4ef3cfe5aca31a8e8b87604a3",
默认	11:24:53.831693+0800	Runner	flutter: │   "trace_id": "trace_b4daac370be13536eee26a0c42b85983",
默认	11:24:53.831744+0800	Runner	flutter: │   "responses": [
默认	11:24:53.831774+0800	Runner	flutter: │     {
默认	11:24:53.831784+0800	Runner	flutter: │       "id": "req_0",
默认	11:24:53.831792+0800	Runner	flutter: │       "success": true,
默认	11:24:53.831799+0800	Runner	flutter: │       "code": 0,
默认	11:24:53.831808+0800	Runner	flutter: │       "message": "ok",
默认	11:24:53.831815+0800	Runner	flutter: │       "data": {
默认	11:24:53.831825+0800	Runner	flutter: │         "request_id": "gw_req_ea3090b4ef3cfe5aca31a8e8b87604a3",
默认	11:24:53.831832+0800	Runner	flutter: │         "trace_id": "trace_b4daac370be13536eee26a0c42b85983",
默认	11:24:53.831841+0800	Runner	flutter: │         "accepted_count": 3,
默认	11:24:53.831850+0800	Runner	flutter: │         "event_name": "app_page_stay",
默认	11:24:53.831856+0800	Runner	flutter: │         "event_names": [
默认	11:24:53.831865+0800	Runner	flutter: │           "app_page_stay",
默认	11:24:53.831872+0800	Runner	flutter: │           "app_page_stay",
默认	11:24:53.831881+0800	Runner	flutter: │           "search_fake_pageview"
默认	11:24:53.831891+0800	Runner	flutter: │         ],
默认	11:24:53.831898+0800	Runner	flutter: │         "events": [
默认	11:24:53.831907+0800	Runner	flutter: │           {
默认	11:24:53.831916+0800	Runner	flutter: │             "index": 0,
默认	11:24:53.831923+0800	Runner	flutter: │             "event_id": "bd5010eb-8459-4070-896b-043706915e62",
默认	11:24:53.831932+0800	Runner	flutter: │             "event_name": "app_page_stay",
默认	11:24:53.831939+0800	Runner	flutter: │             "status": "accepted"
默认	11:24:53.831948+0800	Runner	flutter: │           },
默认	11:24:53.831955+0800	Runner	flutter: │           {
默认	11:24:53.831964+0800	Runner	flutter: │             "index": 1,
默认	11:24:53.831971+0800	Runner	flutter: │             "event_id": "18178c48-51d7-4971-97cd-926bfaa55212",
默认	11:24:53.832007+0800	Runner	flutter: │             "event_name": "app_page_stay",
默认	11:24:53.832017+0800	Runner	flutter: │             "status": "accepted"
默认	11:24:53.832026+0800	Runner	flutter: │           },
默认	11:24:53.832034+0800	Runner	flutter: │           {
默认	11:24:53.832042+0800	Runner	flutter: │             "index": 2,
默认	11:24:53.832118+0800	Runner	flutter: │             "event_id": "16a3a40f-33f5-4ee9-87b9-20289bf66096",
默认	11:24:53.832153+0800	Runner	flutter: │             "event_name": "search_fake_pageview",
默认	11:24:53.832264+0800	Runner	flutter: │             "status": "accepted"
默认	11:24:53.832279+0800	Runner	flutter: │           }
默认	11:24:53.832289+0800	Runner	flutter: │         ]
默认	11:24:53.832299+0800	Runner	flutter: │       }
默认	11:24:53.832308+0800	Runner	flutter: │     }
默认	11:24:53.832317+0800	Runner	flutter: │   ]
默认	11:24:53.832324+0800	Runner	flutter: │ }
默认	11:24:53.832333+0800	Runner	flutter: └───────────────────────────────────────────────────────────────────────────────────────────────────
默认	11:25:00.675498+0800	Runner	flutter: ┌───────────────────────────────────────────────────────────────────────────────────────────────────
默认	11:25:00.675769+0800	Runner	flutter: │ [EventTracking] name=app_page_stay id=fcdb414a-abc2-45b3-8f53-00e2a05b19d9 time=1783653900674 props={"page_from":"search_fake","duration_s":7}
默认	11:25:00.675849+0800	Runner	flutter: └───────────────────────────────────────────────────────────────────────────────────────────────────
默认	11:25:00.678937+0800	Runner	flutter: ┌───────────────────────────────────────────────────────────────────────────────────────────────────
默认	11:25:00.679060+0800	Runner	flutter: │ [EventTracking] name=app_page_stay id=87f01c87-e309-4b9c-8e35-00b445d759c3 time=1783653900678 props={"page_from":"lead","duration_s":0}
默认	11:25:00.679105+0800	Runner	flutter: └───────────────────────────────────────────────────────────────────────────────────────────────────
默认	11:25:00.680056+0800	Runner	flutter: ┌───────────────────────────────────────────────────────────────────────────────────────────────────
默认	11:25:00.680166+0800	Runner	flutter: │ [EventTracking] name=paywall_pageview id=2efeca9f-3405-4b61-a1a3-54aa6c84864f time=1783653900679 props={"page_from":"search_fake"}
默认	11:25:00.680519+0800	Runner	flutter: └───────────────────────────────────────────────────────────────────────────────────────────────────
默认	11:25:00.680552+0800	Runner	flutter: ┌───────────────────────────────────────────────────────────────────────────────────────────────────
默认	11:25:00.680655+0800	Runner	flutter: │ [AdjustEvent] Adjust event tracked: paywall_pageview
默认	11:25:00.680763+0800	Runner	flutter: └───────────────────────────────────────────────────────────────────────────────────────────────────
默认	11:25:00.695704+0800	Runner	flutter: ┌───────────────────────────────────────────────────────────────────────────────────────────────────
默认	11:25:00.695784+0800	Runner	flutter: │ [EventTracking] name=paywall_product_load_start id=33a29878-8124-4465-ab01-87749c6e52fe time=1783653900695 props={"page_from":"search_fake"}
默认	11:25:00.695813+0800	Runner	flutter: └───────────────────────────────────────────────────────────────────────────────────────────────────
默认	11:25:00.698002+0800	Runner	Reloading input views for key-window scene responder: <FlutterTextInputView: 0x115dd8c00; frame = (0 0; 1 1); > force:N
默认	11:25:00.698255+0800	Runner	_inputViewsForResponder: <FlutterTextInputView: 0x115dd8c00; frame = (0 0; 1 1); >, automaticKeyboard: 1, force: 0
默认	11:25:00.703165+0800	Runner	-_teardownExistingDelegate:(nil) forSetDelegate:<FlutterTextInputView: 0x115dd8c00> force:NO delayEndInputSession:YES
默认	11:25:00.738851+0800	Runner	-_teardownExistingDelegate:<FlutterTextInputView: 0x115dd8c00> forSetDelegate:(nil) force:NO delayEndInputSession:NO
默认	11:25:00.781358+0800	Runner	flutter: ┌───────────────────────────────────────────────────────────────────────────────────────────────────
默认	11:25:00.781452+0800	Runner	flutter: │ [FirebaseAnalytics] Firebase event logged: paywall_pageview
默认	11:25:00.781589+0800	Runner	flutter: └───────────────────────────────────────────────────────────────────────────────────────────────────
默认	11:25:00.781599+0800	Runner	flutter: ┌───────────────────────────────────────────────────────────────────────────────────────────────────
默认	11:25:00.781611+0800	Runner	flutter: │ [FacebookAppEvents] Facebook App Events logged: paywall_pageview
默认	11:25:00.781624+0800	Runner	flutter: └───────────────────────────────────────────────────────────────────────────────────────────────────
默认	11:25:00.813148+0800	Runner	flutter: ┌───────────────────────────────────────────────────────────────────────────────────────────────────
默认	11:25:00.813162+0800	Runner	flutter: │ [HTTP] --> POST https://api.truthy.top/gateway/invoke service=tool.subscription.SubscriptionService method=ListSubscriptionProducts
默认	11:25:00.813174+0800	Runner	flutter: └───────────────────────────────────────────────────────────────────────────────────────────────────
默认	11:25:00.813184+0800	Runner	flutter: ┌───────────────────────────────────────────────────────────────────────────────────────────────────
默认	11:25:00.813194+0800	Runner	flutter: │ [HTTP] request:
默认	11:25:00.813203+0800	Runner	flutter: │ {
默认	11:25:00.813211+0800	Runner	flutter: │   "comm": {
默认	11:25:00.813237+0800	Runner	flutter: │     "auth_token": "***",
默认	11:25:00.813354+0800	Runner	flutter: │     "user_id": "user_e5f97712121ebfac3d6f6407",
默认	11:25:00.813364+0800	Runner	flutter: │     "device_id": "c5ece928-513e-4e75-a500-28479ac5102a",
默认	11:25:00.813405+0800	Runner	flutter: │     "client_request_id": "crid_1783653900695675",
默认	11:25:00.813431+0800	Runner	flutter: │     "platform": "ios",
默认	11:25:00.813446+0800	Runner	flutter: │     "app_version": "1.0.0",
默认	11:25:00.813457+0800	Runner	flutter: │     "locale": "zh-Hans-HK",
默认	11:25:00.813466+0800	Runner	flutter: │     "country": "HK",
默认	11:25:00.813487+0800	Runner	flutter: │     "timezone": "UTC+08:00"
默认	11:25:00.813496+0800	Runner	flutter: │   },
默认	11:25:00.813505+0800	Runner	flutter: │   "requests": [
默认	11:25:00.813523+0800	Runner	flutter: │     {
默认	11:25:00.813556+0800	Runner	flutter: │       "id": "req_0",
默认	11:25:00.813589+0800	Runner	flutter: │       "service_name": "tool.subscription.SubscriptionService",
默认	11:25:00.813612+0800	Runner	flutter: │       "method_name": "ListSubscriptionProducts",
默认	11:25:00.813637+0800	Runner	flutter: │       "params": {
默认	11:25:00.813659+0800	Runner	flutter: │         "platform": "ios",
默认	11:25:00.813817+0800	Runner	flutter: │         "region_code": "US",
默认	11:25:00.814315+0800	Runner	flutter: │         "product_code": "people_insight"
默认	11:25:00.814322+0800	Runner	flutter: │       }
默认	11:25:00.814445+0800	Runner	flutter: │     }
默认	11:25:00.814519+0800	Runner	flutter: │   ]
默认	11:25:00.814543+0800	Runner	flutter: │ }
默认	11:25:00.814565+0800	Runner	flutter: └───────────────────────────────────────────────────────────────────────────────────────────────────
默认	11:25:00.814641+0800	Runner	flutter: ┌───────────────────────────────────────────────────────────────────────────────────────────────────
默认	11:25:00.814737+0800	Runner	flutter: │ [HTTP] --> POST https://api.truthy.top/gateway/invoke service=tool.event_tracking.EventTrackingService method=TrackEvents
默认	11:25:00.814749+0800	Runner	flutter: └───────────────────────────────────────────────────────────────────────────────────────────────────
默认	11:25:00.814760+0800	Runner	flutter: ┌───────────────────────────────────────────────────────────────────────────────────────────────────
默认	11:25:00.814771+0800	Runner	flutter: │ [HTTP] request:
默认	11:25:00.814815+0800	Runner	flutter: │ {
默认	11:25:00.814824+0800	Runner	flutter: │   "comm": {
默认	11:25:00.814857+0800	Runner	flutter: │     "auth_token": "***",
默认	11:25:00.814883+0800	Runner	flutter: │     "user_id": "user_e5f97712121ebfac3d6f6407",
默认	11:25:00.814893+0800	Runner	flutter: │     "device_id": "c5ece928-513e-4e75-a500-28479ac5102a",
默认	11:25:00.814901+0800	Runner	flutter: │     "client_request_id": "crid_1783653900786299",
默认	11:25:00.814949+0800	Runner	flutter: │     "platform": "ios",
默认	11:25:00.814958+0800	Runner	flutter: │     "app_version": "1.0.0",
默认	11:25:00.815037+0800	Runner	flutter: │     "locale": "zh-Hans-HK",
默认	11:25:00.815099+0800	Runner	flutter: │     "country": "HK",
默认	11:25:00.815110+0800	Runner	flutter: │     "timezone": "UTC+08:00"
默认	11:25:00.815129+0800	Runner	flutter: │   },
默认	11:25:00.815143+0800	Runner	flutter: │   "requests": [
默认	11:25:00.815175+0800	Runner	flutter: │     {
默认	11:25:00.815187+0800	Runner	flutter: │       "id": "req_0",
默认	11:25:00.815223+0800	Runner	flutter: │       "service_name": "tool.event_tracking.EventTrackingService",
默认	11:25:00.815241+0800	Runner	flutter: │       "method_name": "TrackEvents",
默认	11:25:00.815294+0800	Runner	flutter: │       "params": {
默认	11:25:00.815315+0800	Runner	flutter: │         "events": [
默认	11:25:00.815323+0800	Runner	flutter: │           {
默认	11:25:00.815340+0800	Runner	flutter: │             "event_id": "fcdb414a-abc2-45b3-8f53-00e2a05b19d9",
默认	11:25:00.815351+0800	Runner	flutter: │             "event_name": "app_page_stay",
默认	11:25:00.815442+0800	Runner	flutter: │             "event_time_ms": 1783653900674,
默认	11:25:00.815459+0800	Runner	flutter: │             "properties": {
默认	11:25:00.815505+0800	Runner	flutter: │               "logtime": 1783653900674,
默认	11:25:00.815535+0800	Runner	flutter: │               "log_id": "fcdb414a-abc2-45b3-8f53-00e2a05b19d9",
默认	11:25:00.815568+0800	Runner	flutter: │               "net": "wifi",
默认	11:25:00.815599+0800	Runner	flutter: │               "pkg": "com.sparkjam.truthy.ios",
默认	11:25:00.815608+0800	Runner	flutter: │               "bucket": 56,
默认	11:25:00.815615+0800	Runner	flutter: │               "abslot": 21,
默认	11:25:00.815648+0800	Runner	flutter: │               "ram": "3684MB",
默认	11:25:00.815665+0800	Runner	flutter: │               "cpu": "arm64",
默认	11:25:00.815680+0800	Runner	flutter: │               "sh": 844,
默认	11:25:00.815689+0800	Runner	flutter: │               "sw": 390,
默认	11:25:00.815793+0800	Runner	flutter: │               "city": "",
默认	11:25:00.815875+0800	Runner	flutter: │               "ste": "",
默认	11:25:00.815936+0800	Runner	flutter: │               "lat": "",
默认	11:25:00.815951+0800	Runner	flutter: │               "lng": "",
默认	11:25:00.816135+0800	Runner	flutter: │               "sty": "desk",
默认	11:25:00.816154+0800	Runner	flutter: │               "isp": "",
默认	11:25:00.816162+0800	Runner	flutter: │               "mod": "iphone13,2",
默认	11:25:00.816169+0800	Runner	flutter: │               "brd": "apple",
默认	11:25:00.816179+0800	Runner	flutter: │               "os": "26.3.1",
默认	11:25:00.816206+0800	Runner	flutter: │               "pf": "ios",
默认	11:25:00.816236+0800	Runner	flutter: │               "slan": "zh",
默认	11:25:00.816246+0800	Runner	flutter: │               "reg": "HK",
默认	11:25:00.816262+0800	Runner	flutter: │               "cou": "HK",
默认	11:25:00.816349+0800	Runner	flutter: │               "sub": "",
默认	11:25:00.816392+0800	Runner	flutter: │               "cha": "",
默认	11:25:00.816418+0800	Runner	flutter: │               "verc": "10000",
默认	11:25:00.816436+0800	Runner	flutter: │               "ver": "1.0.0",
默认	11:25:00.816539+0800	Runner	flutter: │               "sid": "5094b07b-cc63-4868-b4ac-6bced54db906",
默认	11:25:00.816580+0800	Runner	flutter: │               "uuid": "***",
默认	11:25:00.816612+0800	Runner	flutter: │               "idfa": "***",
默认	11:25:00.816644+0800	Runner	flutter: │               "idfv": "***",
默认	11:25:00.816683+0800	Runner	flutter: │               "aid": "***",
默认	11:25:00.816744+0800	Runner	flutter: │               "gaid": "***",
默认	11:25:00.816801+0800	Runner	flutter: │               "did": "***",
默认	11:25:00.816828+0800	Runner	flutter: │               "uid": "***",
默认	11:25:00.816862+0800	Runner	flutter: │               "anm": "Truthy",
默认	11:25:00.816890+0800	Runner	flutter: │               "push_id": "",
默认	11:25:00.816915+0800	Runner	flutter: │               "push_type": "",
默认	11:25:00.816931+0800	Runner	flutter: │               "is_pro": "0",
默认	11:25:00.816958+0800	Runner	flutter: │               "page_from": "search_fake",
默认	11:25:00.817029+0800	Runner	flutter: │               "duration_s": 7
默认	11:25:00.817068+0800	Runner	flutter: │             }
默认	11:25:00.817102+0800	Runner	flutter: │           }
默认	11:25:00.820312+0800	Runner	flutter: │         ]
默认	11:25:00.820333+0800	Runner	flutter: │       }
默认	11:25:00.820374+0800	Runner	flutter: │     }
默认	11:25:00.820389+0800	Runner	flutter: │   ]
默认	11:25:00.820564+0800	Runner	flutter: │ }
默认	11:25:00.820997+0800	Runner	flutter: └───────────────────────────────────────────────────────────────────────────────────────────────────
默认	11:25:02.298573+0800	Runner	flutter: ┌───────────────────────────────────────────────────────────────────────────────────────────────────
默认	11:25:02.299608+0800	Runner	flutter: │ [HTTP] <-- 200 POST https://api.truthy.top/gateway/invoke service=tool.subscription.SubscriptionService method=ListSubscriptionProducts
默认	11:25:02.299767+0800	Runner	flutter: └───────────────────────────────────────────────────────────────────────────────────────────────────
默认	11:25:02.299797+0800	Runner	flutter: ┌───────────────────────────────────────────────────────────────────────────────────────────────────
默认	11:25:02.299825+0800	Runner	flutter: │ [HTTP] response:
默认	11:25:02.299860+0800	Runner	flutter: │ {
默认	11:25:02.299941+0800	Runner	flutter: │   "code": 0,
默认	11:25:02.299988+0800	Runner	flutter: │   "message": "ok",
默认	11:25:02.300045+0800	Runner	flutter: │   "request_id": "gw_req_87d3a8cb479488d62d5181f84174dc1a",
默认	11:25:02.300064+0800	Runner	flutter: │   "trace_id": "trace_0d85f41d9b286d385c5442a3909fcf29",
默认	11:25:02.300080+0800	Runner	flutter: │   "responses": [
默认	11:25:02.300096+0800	Runner	flutter: │     {
默认	11:25:02.300179+0800	Runner	flutter: │       "id": "req_0",
默认	11:25:02.300282+0800	Runner	flutter: │       "success": true,
默认	11:25:02.300349+0800	Runner	flutter: │       "code": 0,
默认	11:25:02.300446+0800	Runner	flutter: │       "message": "ok",
默认	11:25:02.300551+0800	Runner	flutter: │       "data": {
默认	11:25:02.300640+0800	Runner	flutter: │         "items": [
默认	11:25:02.300715+0800	Runner	flutter: │           {
默认	11:25:02.300805+0800	Runner	flutter: │             "benefits": [
默认	11:25:02.300887+0800	Runner	flutter: │               "Search access",
默认	11:25:02.301100+0800	Runner	flutter: │               "10 searches per month",
默认	11:25:02.301125+0800	Runner	flutter: │               "VIP level 1"
默认	11:25:02.301162+0800	Runner	flutter: │             ],
默认	11:25:02.301515+0800	Runner	flutter: │             "billing_period": "week",
默认	11:25:02.301574+0800	Runner	flutter: │             "display_name": "Weekly Access",
默认	11:25:02.301610+0800	Runner	flutter: │             "display_order": 10,
默认	11:25:02.301702+0800	Runner	flutter: │             "is_default": true,
默认	11:25:02.301732+0800	Runner	flutter: │             "is_purchasable": true,
默认	11:25:02.301794+0800	Runner	flutter: │             "metadata": {
默认	11:25:02.302011+0800	Runner	flutter: │               "seed": true,
默认	11:25:02.302063+0800	Runner	flutter: │               "source": "apple_app_store_connect"
默认	11:25:02.302083+0800	Runner	flutter: │             },
默认	11:25:02.302130+0800	Runner	flutter: │             "offer": {
默认	11:25:02.302238+0800	Runner	flutter: │               "amount_minor": 999,
默认	11:25:02.302392+0800	Runner	flutter: │               "currency": "USD",
默认	11:25:02.302473+0800	Runner	flutter: │               "currency_symbol": "$",
默认	11:25:02.302525+0800	Runner	flutter: │               "intro_amount_minor": 399,
默认	11:25:02.302623+0800	Runner	flutter: │               "intro_currency": "USD",
默认	11:25:02.302741+0800	Runner	flutter: │               "intro_currency_symbol": "$",
默认	11:25:02.302845+0800	Runner	flutter: │               "intro_period": "week"
默认	11:25:02.302937+0800	Runner	flutter: │             },
默认	11:25:02.303024+0800	Runner	flutter: │             "plan_code": "basic",
默认	11:25:02.303178+0800	Runner	flutter: │             "platform": "ios",
默认	11:25:02.303224+0800	Runner	flutter: │             "product_code": "people_insight",
默认	11:25:02.303323+0800	Runner	flutter: │             "product_id": "sku_truthy_premium_weekly_ios",
默认	11:25:02.303405+0800	Runner	flutter: │             "product_type": "subscription",
默认	11:25:02.303617+0800	Runner	flutter: │             "region_code": "",
默认	11:25:02.303638+0800	Runner	flutter: │             "store_product_id": "com.truthy.premium.w",
默认	11:25:02.303711+0800	Runner	flutter: │             "store_provider": "app_store"
默认	11:25:02.303858+0800	Runner	flutter: │           },
默认	11:25:02.303952+0800	Runner	flutter: │           {
默认	11:25:02.303977+0800	Runner	flutter: │             "benefits": [
默认	11:25:02.304060+0800	Runner	flutter: │               "Search access",
默认	11:25:02.304156+0800	Runner	flutter: │               "10 searches per month",
默认	11:25:02.304246+0800	Runner	flutter: │               "VIP level 1"
默认	11:25:02.304339+0800	Runner	flutter: │             ],
默认	11:25:02.304441+0800	Runner	flutter: │             "billing_period": "year",
默认	11:25:02.304522+0800	Runner	flutter: │             "display_name": "Annual Plan",
默认	11:25:02.304656+0800	Runner	flutter: │             "display_order": 20,
默认	11:25:02.304738+0800	Runner	flutter: │             "is_default": false,
默认	11:25:02.304819+0800	Runner	flutter: │             "is_purchasable": true,
默认	11:25:02.304898+0800	Runner	flutter: │             "metadata": {
默认	11:25:02.305079+0800	Runner	flutter: │               "seed": true,
默认	11:25:02.305109+0800	Runner	flutter: │               "source": "apple_app_store_connect"
默认	11:25:02.305182+0800	Runner	flutter: │             },
默认	11:25:02.305262+0800	Runner	flutter: │             "offer": {
默认	11:25:02.305655+0800	Runner	flutter: │               "amount_minor": 3999,
默认	11:25:02.305686+0800	Runner	flutter: │               "currency": "USD",
默认	11:25:02.305702+0800	Runner	flutter: │               "currency_symbol": "$"
默认	11:25:02.305718+0800	Runner	flutter: │             },
默认	11:25:02.305855+0800	Runner	flutter: │             "plan_code": "basic",
默认	11:25:02.305881+0800	Runner	flutter: │             "platform": "ios",
默认	11:25:02.305896+0800	Runner	flutter: │             "product_code": "people_insight",
默认	11:25:02.305989+0800	Runner	flutter: │             "product_id": "sku_truthy_premium_yearly_ios",
默认	11:25:02.306075+0800	Runner	flutter: │             "product_type": "subscription",
默认	11:25:02.306164+0800	Runner	flutter: │             "region_code": "",
默认	11:25:02.306344+0800	Runner	flutter: │             "store_product_id": "com.truthy.premium.y",
默认	11:25:02.306366+0800	Runner	flutter: │             "store_provider": "app_store"
默认	11:25:02.306441+0800	Runner	flutter: │           }
默认	11:25:02.306526+0800	Runner	flutter: │         ]
默认	11:25:02.306708+0800	Runner	flutter: │       }
默认	11:25:02.306731+0800	Runner	flutter: │     }
默认	11:25:02.306806+0800	Runner	flutter: │   ]
默认	11:25:02.306890+0800	Runner	flutter: │ }
默认	11:25:02.307123+0800	Runner	flutter: └───────────────────────────────────────────────────────────────────────────────────────────────────
默认	11:25:02.320593+0800	Runner	flutter: ┌───────────────────────────────────────────────────────────────────────────────────────────────────
默认	11:25:02.320791+0800	Runner	flutter: │ [HTTP] <-- 200 POST https://api.truthy.top/gateway/invoke service=tool.event_tracking.EventTrackingService method=TrackEvents
默认	11:25:02.320815+0800	Runner	flutter: └───────────────────────────────────────────────────────────────────────────────────────────────────
默认	11:25:02.320892+0800	Runner	flutter: ┌───────────────────────────────────────────────────────────────────────────────────────────────────
默认	11:25:02.320920+0800	Runner	flutter: │ [HTTP] response:
默认	11:25:02.320981+0800	Runner	flutter: │ {
默认	11:25:02.321001+0800	Runner	flutter: │   "code": 0,
默认	11:25:02.321058+0800	Runner	flutter: │   "message": "ok",
默认	11:25:02.321126+0800	Runner	flutter: │   "request_id": "gw_req_b36fa8d62eea043ab0ef71905f1e5994",
默认	11:25:02.321140+0800	Runner	flutter: │   "trace_id": "trace_4b49db57dc9e8966d3e1c40c20955237",
默认	11:25:02.321229+0800	Runner	flutter: │   "responses": [
默认	11:25:02.321244+0800	Runner	flutter: │     {
默认	11:25:02.321321+0800	Runner	flutter: │       "id": "req_0",
默认	11:25:02.321332+0800	Runner	flutter: │       "success": true,
默认	11:25:02.321398+0800	Runner	flutter: │       "code": 0,
默认	11:25:02.321408+0800	Runner	flutter: │       "message": "ok",
默认	11:25:02.321451+0800	Runner	flutter: │       "data": {
默认	11:25:02.321547+0800	Runner	flutter: │         "request_id": "gw_req_b36fa8d62eea043ab0ef71905f1e5994",
默认	11:25:02.321561+0800	Runner	flutter: │         "trace_id": "trace_4b49db57dc9e8966d3e1c40c20955237",
默认	11:25:02.321608+0800	Runner	flutter: │         "accepted_count": 1,
默认	11:25:02.321700+0800	Runner	flutter: │         "event_name": "app_page_stay",
默认	11:25:02.321712+0800	Runner	flutter: │         "event_names": [
默认	11:25:02.321779+0800	Runner	flutter: │           "app_page_stay"
默认	11:25:02.321790+0800	Runner	flutter: │         ],
默认	11:25:02.321835+0800	Runner	flutter: │         "events": [
默认	11:25:02.321947+0800	Runner	flutter: │           {
默认	11:25:02.321959+0800	Runner	flutter: │             "index": 0,
默认	11:25:02.322016+0800	Runner	flutter: │             "event_id": "fcdb414a-abc2-45b3-8f53-00e2a05b19d9",
默认	11:25:02.322033+0800	Runner	flutter: │             "event_name": "app_page_stay",
默认	11:25:02.322118+0800	Runner	flutter: │             "status": "accepted"
默认	11:25:02.322187+0800	Runner	flutter: │           }
默认	11:25:02.322218+0800	Runner	flutter: │         ]
默认	11:25:02.322232+0800	Runner	flutter: │       }
默认	11:25:02.322244+0800	Runner	flutter: │     }
默认	11:25:02.322272+0800	Runner	flutter: │   ]
默认	11:25:02.322328+0800	Runner	flutter: │ }
默认	11:25:02.322421+0800	Runner	flutter: └───────────────────────────────────────────────────────────────────────────────────────────────────
默认	11:25:02.340297+0800	Runner	flutter: ┌───────────────────────────────────────────────────────────────────────────────────────────────────
默认	11:25:02.340333+0800	Runner	flutter: │ [HTTP] --> POST https://api.truthy.top/gateway/invoke service=tool.event_tracking.EventTrackingService method=TrackEvents
默认	11:25:02.340389+0800	Runner	flutter: └───────────────────────────────────────────────────────────────────────────────────────────────────
默认	11:25:02.340734+0800	Runner	flutter: ┌───────────────────────────────────────────────────────────────────────────────────────────────────
默认	11:25:02.340780+0800	Runner	flutter: │ [HTTP] request:
默认	11:25:02.340867+0800	Runner	flutter: │ {
默认	11:25:02.340878+0800	Runner	flutter: │   "comm": {
默认	11:25:02.340887+0800	Runner	flutter: │     "auth_token": "***",
默认	11:25:02.340894+0800	Runner	flutter: │     "user_id": "user_e5f97712121ebfac3d6f6407",
默认	11:25:02.340970+0800	Runner	flutter: │     "device_id": "c5ece928-513e-4e75-a500-28479ac5102a",
默认	11:25:02.340980+0800	Runner	flutter: │     "client_request_id": "crid_1783653902337988",
默认	11:25:02.340987+0800	Runner	flutter: │     "platform": "ios",
默认	11:25:02.341047+0800	Runner	flutter: │     "app_version": "1.0.0",
默认	11:25:02.341099+0800	Runner	flutter: │     "locale": "zh-Hans-HK",
默认	11:25:02.341120+0800	Runner	flutter: │     "country": "HK",
默认	11:25:02.341141+0800	Runner	flutter: │     "timezone": "UTC+08:00"
默认	11:25:02.341150+0800	Runner	flutter: │   },
默认	11:25:02.341182+0800	Runner	flutter: │   "requests": [
默认	11:25:02.341206+0800	Runner	flutter: │     {
默认	11:25:02.341273+0800	Runner	flutter: │       "id": "req_0",
默认	11:25:02.341337+0800	Runner	flutter: │       "service_name": "tool.event_tracking.EventTrackingService",
默认	11:25:02.341351+0800	Runner	flutter: │       "method_name": "TrackEvents",
默认	11:25:02.341398+0800	Runner	flutter: │       "params": {
默认	11:25:02.341413+0800	Runner	flutter: │         "events": [
默认	11:25:02.341425+0800	Runner	flutter: │           {
默认	11:25:02.341494+0800	Runner	flutter: │             "event_id": "87f01c87-e309-4b9c-8e35-00b445d759c3",
默认	11:25:02.341505+0800	Runner	flutter: │             "event_name": "app_page_stay",
默认	11:25:02.341623+0800	Runner	flutter: │             "event_time_ms": 1783653900678,
默认	11:25:02.341645+0800	Runner	flutter: │             "properties": {
默认	11:25:02.341694+0800	Runner	flutter: │               "logtime": 1783653900678,
默认	11:25:02.341702+0800	Runner	flutter: │               "log_id": "87f01c87-e309-4b9c-8e35-00b445d759c3",
默认	11:25:02.341883+0800	Runner	flutter: │               "net": "wifi",
默认	11:25:02.341907+0800	Runner	flutter: │               "pkg": "com.sparkjam.truthy.ios",
默认	11:25:02.341917+0800	Runner	flutter: │               "bucket": 56,
默认	11:25:02.341938+0800	Runner	flutter: │               "abslot": 21,
默认	11:25:02.341948+0800	Runner	flutter: │               "ram": "3684MB",
默认	11:25:02.341958+0800	Runner	flutter: │               "cpu": "arm64",
默认	11:25:02.342077+0800	Runner	flutter: │               "sh": 844,
默认	11:25:02.342087+0800	Runner	flutter: │               "sw": 390,
默认	11:25:02.342112+0800	Runner	flutter: │               "city": "",
默认	11:25:02.342120+0800	Runner	flutter: │               "ste": "",
默认	11:25:02.342128+0800	Runner	flutter: │               "lat": "",
默认	11:25:02.342138+0800	Runner	flutter: │               "lng": "",
默认	11:25:02.342216+0800	Runner	flutter: │               "sty": "desk",
默认	11:25:02.342230+0800	Runner	flutter: │               "isp": "",
默认	11:25:02.342241+0800	Runner	flutter: │               "mod": "iphone13,2",
默认	11:25:02.342297+0800	Runner	flutter: │               "brd": "apple",
默认	11:25:02.342308+0800	Runner	flutter: │               "os": "26.3.1",
默认	11:25:02.342336+0800	Runner	flutter: │               "pf": "ios",
默认	11:25:02.342361+0800	Runner	flutter: │               "slan": "zh",
默认	11:25:02.342483+0800	Runner	flutter: │               "reg": "HK",
默认	11:25:02.342494+0800	Runner	flutter: │               "cou": "HK",
默认	11:25:02.342502+0800	Runner	flutter: │               "sub": "",
默认	11:25:02.342590+0800	Runner	flutter: │               "cha": "",
默认	11:25:02.342601+0800	Runner	flutter: │               "verc": "10000",
默认	11:25:02.342609+0800	Runner	flutter: │               "ver": "1.0.0",
默认	11:25:02.342618+0800	Runner	flutter: │               "sid": "5094b07b-cc63-4868-b4ac-6bced54db906",
默认	11:25:02.342689+0800	Runner	flutter: │               "uuid": "***",
默认	11:25:02.342724+0800	Runner	flutter: │               "idfa": "***",
默认	11:25:02.342753+0800	Runner	flutter: │               "idfv": "***",
默认	11:25:02.342828+0800	Runner	flutter: │               "aid": "***",
默认	11:25:02.342839+0800	Runner	flutter: │               "gaid": "***",
默认	11:25:02.342848+0800	Runner	flutter: │               "did": "***",
默认	11:25:02.342855+0800	Runner	flutter: │               "uid": "***",
默认	11:25:02.342883+0800	Runner	flutter: │               "anm": "Truthy",
默认	11:25:02.343017+0800	Runner	flutter: │               "push_id": "",
默认	11:25:02.343029+0800	Runner	flutter: │               "push_type": "",
默认	11:25:02.343039+0800	Runner	flutter: │               "is_pro": "0",
默认	11:25:02.343048+0800	Runner	flutter: │               "page_from": "lead",
默认	11:25:02.343066+0800	Runner	flutter: │               "duration_s": 0
默认	11:25:02.343110+0800	Runner	flutter: │             }
默认	11:25:02.343118+0800	Runner	flutter: │           },
默认	11:25:02.343178+0800	Runner	flutter: │           {
默认	11:25:02.343202+0800	Runner	flutter: │             "event_id": "2efeca9f-3405-4b61-a1a3-54aa6c84864f",
默认	11:25:02.343209+0800	Runner	flutter: │             "event_name": "paywall_pageview",
默认	11:25:02.343312+0800	Runner	flutter: │             "event_time_ms": 1783653900679,
默认	11:25:02.343321+0800	Runner	flutter: │             "properties": {
默认	11:25:02.343328+0800	Runner	flutter: │               "logtime": 1783653900679,
默认	11:25:02.343338+0800	Runner	flutter: │               "log_id": "2efeca9f-3405-4b61-a1a3-54aa6c84864f",
默认	11:25:02.343406+0800	Runner	flutter: │               "net": "wifi",
默认	11:25:02.343432+0800	Runner	flutter: │               "pkg": "com.sparkjam.truthy.ios",
默认	11:25:02.343441+0800	Runner	flutter: │               "bucket": 56,
默认	11:25:02.343452+0800	Runner	flutter: │               "abslot": 21,
默认	11:25:02.343465+0800	Runner	flutter: │               "ram": "3684MB",
默认	11:25:02.343477+0800	Runner	flutter: │               "cpu": "arm64",
默认	11:25:02.343489+0800	Runner	flutter: │               "sh": 844,
默认	11:25:02.343501+0800	Runner	flutter: │               "sw": 390,
默认	11:25:02.343648+0800	Runner	flutter: │               "city": "",
默认	11:25:02.343673+0800	Runner	flutter: │               "ste": "",
默认	11:25:02.343688+0800	Runner	flutter: │               "lat": "",
默认	11:25:02.343767+0800	Runner	flutter: │               "lng": "",
默认	11:25:02.343802+0800	Runner	flutter: │               "sty": "desk",
默认	11:25:02.343858+0800	Runner	flutter: │               "isp": "",
默认	11:25:02.343868+0800	Runner	flutter: │               "mod": "iphone13,2",
默认	11:25:02.343884+0800	Runner	flutter: │               "brd": "apple",
默认	11:25:02.343894+0800	Runner	flutter: │               "os": "26.3.1",
默认	11:25:02.343988+0800	Runner	flutter: │               "pf": "ios",
默认	11:25:02.344001+0800	Runner	flutter: │               "slan": "zh",
默认	11:25:02.344008+0800	Runner	flutter: │               "reg": "HK",
默认	11:25:02.344113+0800	Runner	flutter: │               "cou": "HK",
默认	11:25:02.344124+0800	Runner	flutter: │               "sub": "",
默认	11:25:02.344131+0800	Runner	flutter: │               "cha": "",
默认	11:25:02.344140+0800	Runner	flutter: │               "verc": "10000",
默认	11:25:02.344147+0800	Runner	flutter: │               "ver": "1.0.0",
默认	11:25:02.344202+0800	Runner	flutter: │               "sid": "5094b07b-cc63-4868-b4ac-6bced54db906",
默认	11:25:02.344212+0800	Runner	flutter: │               "uuid": "***",
默认	11:25:02.344219+0800	Runner	flutter: │               "idfa": "***",
默认	11:25:02.344254+0800	Runner	flutter: │               "idfv": "***",
默认	11:25:02.344263+0800	Runner	flutter: │               "aid": "***",
默认	11:25:02.344297+0800	Runner	flutter: │               "gaid": "***",
默认	11:25:02.344307+0800	Runner	flutter: │               "did": "***",
默认	11:25:02.344316+0800	Runner	flutter: │               "uid": "***",
默认	11:25:02.344325+0800	Runner	flutter: │               "anm": "Truthy",
默认	11:25:02.344398+0800	Runner	flutter: │               "push_id": "",
默认	11:25:02.344408+0800	Runner	flutter: │               "push_type": "",
默认	11:25:02.344434+0800	Runner	flutter: │               "is_pro": "0",
默认	11:25:02.344446+0800	Runner	flutter: │               "page_from": "search_fake"
默认	11:25:02.344484+0800	Runner	flutter: │             }
默认	11:25:02.344495+0800	Runner	flutter: │           },
默认	11:25:02.344502+0800	Runner	flutter: │           {
默认	11:25:02.344723+0800	Runner	flutter: │             "event_id": "33a29878-8124-4465-ab01-87749c6e52fe",
默认	11:25:02.344738+0800	Runner	flutter: │             "event_name": "paywall_product_load_start",
默认	11:25:02.344746+0800	Runner	flutter: │             "event_time_ms": 1783653900695,
默认	11:25:02.344754+0800	Runner	flutter: │             "properties": {
默认	11:25:02.344763+0800	Runner	flutter: │               "logtime": 1783653900695,
默认	11:25:02.344770+0800	Runner	flutter: │               "log_id": "33a29878-8124-4465-ab01-87749c6e52fe",
默认	11:25:02.344800+0800	Runner	flutter: │               "net": "wifi",
默认	11:25:02.344810+0800	Runner	flutter: │               "pkg": "com.sparkjam.truthy.ios",
默认	11:25:02.344818+0800	Runner	flutter: │               "bucket": 56,
默认	11:25:02.344826+0800	Runner	flutter: │               "abslot": 21,
默认	11:25:02.344834+0800	Runner	flutter: │               "ram": "3684MB",
默认	11:25:02.344841+0800	Runner	flutter: │               "cpu": "arm64",
默认	11:25:02.344850+0800	Runner	flutter: │               "sh": 844,
默认	11:25:02.344856+0800	Runner	flutter: │               "sw": 390,
默认	11:25:02.344865+0800	Runner	flutter: │               "city": "",
默认	11:25:02.344872+0800	Runner	flutter: │               "ste": "",
默认	11:25:02.344893+0800	Runner	flutter: │               "lat": "",
默认	11:25:02.345045+0800	Runner	flutter: │               "lng": "",
默认	11:25:02.345058+0800	Runner	flutter: │               "sty": "desk",
默认	11:25:02.345067+0800	Runner	flutter: │               "isp": "",
默认	11:25:02.345077+0800	Runner	flutter: │               "mod": "iphone13,2",
默认	11:25:02.345103+0800	Runner	flutter: │               "brd": "apple",
默认	11:25:02.345113+0800	Runner	flutter: │               "os": "26.3.1",
默认	11:25:02.345122+0800	Runner	flutter: │               "pf": "ios",
默认	11:25:02.345189+0800	Runner	flutter: │               "slan": "zh",
默认	11:25:02.345201+0800	Runner	flutter: │               "reg": "HK",
默认	11:25:02.345293+0800	Runner	flutter: │               "cou": "HK",
默认	11:25:02.345305+0800	Runner	flutter: │               "sub": "",
默认	11:25:02.345315+0800	Runner	flutter: │               "cha": "",
默认	11:25:02.345343+0800	Runner	flutter: │               "verc": "10000",
默认	11:25:02.345352+0800	Runner	flutter: │               "ver": "1.0.0",
默认	11:25:02.345361+0800	Runner	flutter: │               "sid": "5094b07b-cc63-4868-b4ac-6bced54db906",
默认	11:25:02.345371+0800	Runner	flutter: │               "uuid": "***",
默认	11:25:02.345412+0800	Runner	flutter: │               "idfa": "***",
默认	11:25:02.345452+0800	Runner	flutter: │               "idfv": "***",
默认	11:25:02.345462+0800	Runner	flutter: │               "aid": "***",
默认	11:25:02.345470+0800	Runner	flutter: │               "gaid": "***",
默认	11:25:02.345480+0800	Runner	flutter: │               "did": "***",
默认	11:25:02.345493+0800	Runner	flutter: │               "uid": "***",
默认	11:25:02.345504+0800	Runner	flutter: │               "anm": "Truthy",
默认	11:25:02.345787+0800	Runner	flutter: │               "push_id": "",
默认	11:25:02.345803+0800	Runner	flutter: │               "push_type": "",
默认	11:25:02.345812+0800	Runner	flutter: │               "is_pro": "0",
默认	11:25:02.345820+0800	Runner	flutter: │               "page_from": "search_fake"
默认	11:25:02.345829+0800	Runner	flutter: │             }
默认	11:25:02.345838+0800	Runner	flutter: │           }
默认	11:25:02.345845+0800	Runner	flutter: │         ]
默认	11:25:02.345854+0800	Runner	flutter: │       }
默认	11:25:02.345860+0800	Runner	flutter: │     }
默认	11:25:02.345869+0800	Runner	flutter: │   ]
默认	11:25:02.345876+0800	Runner	flutter: │ }
默认	11:25:02.345943+0800	Runner	flutter: └───────────────────────────────────────────────────────────────────────────────────────────────────
默认	11:25:02.667155+0800	Runner	flutter: ┌───────────────────────────────────────────────────────────────────────────────────────────────────
默认	11:25:02.667208+0800	Runner	flutter: │ [HTTP] <-- 200 POST https://api.truthy.top/gateway/invoke service=tool.event_tracking.EventTrackingService method=TrackEvents
默认	11:25:02.667311+0800	Runner	flutter: └───────────────────────────────────────────────────────────────────────────────────────────────────
默认	11:25:02.667768+0800	Runner	flutter: ┌───────────────────────────────────────────────────────────────────────────────────────────────────
默认	11:25:02.667793+0800	Runner	flutter: │ [HTTP] response:
默认	11:25:02.667890+0800	Runner	flutter: │ {
默认	11:25:02.667973+0800	Runner	flutter: │   "code": 0,
默认	11:25:02.668315+0800	Runner	flutter: │   "message": "ok",
默认	11:25:02.668344+0800	Runner	flutter: │   "request_id": "gw_req_c838c8bc3b0662b2b76ae03e9e1fc0d4",
默认	11:25:02.668441+0800	Runner	flutter: │   "trace_id": "trace_0b65e49df8a87e0e21d75c8f7e6a53a7",
默认	11:25:02.668458+0800	Runner	flutter: │   "responses": [
默认	11:25:02.668631+0800	Runner	flutter: │     {
默认	11:25:02.668653+0800	Runner	flutter: │       "id": "req_0",
默认	11:25:02.668801+0800	Runner	flutter: │       "success": true,
默认	11:25:02.668827+0800	Runner	flutter: │       "code": 0,
默认	11:25:02.668940+0800	Runner	flutter: │       "message": "ok",
默认	11:25:02.668963+0800	Runner	flutter: │       "data": {
默认	11:25:02.669101+0800	Runner	flutter: │         "request_id": "gw_req_c838c8bc3b0662b2b76ae03e9e1fc0d4",
默认	11:25:02.669190+0800	Runner	flutter: │         "trace_id": "trace_0b65e49df8a87e0e21d75c8f7e6a53a7",
默认	11:25:02.669287+0800	Runner	flutter: │         "accepted_count": 3,
默认	11:25:02.669377+0800	Runner	flutter: │         "event_name": "app_page_stay",
默认	11:25:02.669569+0800	Runner	flutter: │         "event_names": [
默认	11:25:02.669591+0800	Runner	flutter: │           "app_page_stay",
默认	11:25:02.669672+0800	Runner	flutter: │           "paywall_pageview",
默认	11:25:02.669775+0800	Runner	flutter: │           "paywall_product_load_start"
默认	11:25:02.669884+0800	Runner	flutter: │         ],
默认	11:25:02.669965+0800	Runner	flutter: │         "events": [
默认	11:25:02.670047+0800	Runner	flutter: │           {
默认	11:25:02.670125+0800	Runner	flutter: │             "index": 0,
默认	11:25:02.670249+0800	Runner	flutter: │             "event_id": "87f01c87-e309-4b9c-8e35-00b445d759c3",
默认	11:25:02.670336+0800	Runner	flutter: │             "event_name": "app_page_stay",
默认	11:25:02.670517+0800	Runner	flutter: │             "status": "accepted"
默认	11:25:02.670543+0800	Runner	flutter: │           },
默认	11:25:02.670628+0800	Runner	flutter: │           {
默认	11:25:02.670749+0800	Runner	flutter: │             "index": 1,
默认	11:25:02.670902+0800	Runner	flutter: │             "event_id": "2efeca9f-3405-4b61-a1a3-54aa6c84864f",
默认	11:25:02.670928+0800	Runner	flutter: │             "event_name": "paywall_pageview",
默认	11:25:02.671005+0800	Runner	flutter: │             "status": "accepted"
默认	11:25:02.671086+0800	Runner	flutter: │           },
默认	11:25:02.671307+0800	Runner	flutter: │           {
默认	11:25:02.671340+0800	Runner	flutter: │             "index": 2,
默认	11:25:02.671411+0800	Runner	flutter: │             "event_id": "33a29878-8124-4465-ab01-87749c6e52fe",
默认	11:25:02.671489+0800	Runner	flutter: │             "event_name": "paywall_product_load_start",
默认	11:25:02.671698+0800	Runner	flutter: │             "status": "accepted"
默认	11:25:02.671720+0800	Runner	flutter: │           }
默认	11:25:02.671792+0800	Runner	flutter: │         ]
默认	11:25:02.671884+0800	Runner	flutter: │       }
默认	11:25:02.671973+0800	Runner	flutter: │     }
默认	11:25:02.672060+0800	Runner	flutter: │   ]
默认	11:25:02.672141+0800	Runner	flutter: │ }
默认	11:25:02.672391+0800	Runner	flutter: └───────────────────────────────────────────────────────────────────────────────────────────────────
默认	11:25:05.198667+0800	Runner	flutter: ┌───────────────────────────────────────────────────────────────────────────────────────────────────
默认	11:25:05.198688+0800	Runner	flutter: │ [SubPurchase] store.products.query requested=[com.truthy.premium.w, com.truthy.premium.y] found=2 notFound=[] errorCode=<none> products=[productId=com.truthy.premium.y title=Truthy Premium Annual description=Explore social profiles, verify photos, uncover risks. price=US$39.99 rawPrice=39.989999999999995 currency=USD currencySymbol=$ | productId=com.truthy.premium.w title=Truthy Premium Weekly description=Explore social profiles, verify photos, uncover risks. price=US$9.99 rawPrice=9.99 currency=USD currencySymbol=$]
默认	11:25:05.198843+0800	Runner	flutter: └───────────────────────────────────────────────────────────────────────────────────────────────────
默认	11:25:05.198858+0800	Runner	flutter: ┌───────────────────────────────────────────────────────────────────────────────────────────────────
默认	11:25:05.198872+0800	Runner	flutter: │ [SubPurchase] store.products.intro productId=com.truthy.premium.y hasOffer=false
默认	11:25:05.199223+0800	Runner	flutter: └───────────────────────────────────────────────────────────────────────────────────────────────────
默认	11:25:09.836229+0800	Runner	flutter: ┌───────────────────────────────────────────────────────────────────────────────────────────────────
默认	11:25:09.836276+0800	Runner	flutter: │ [SubPurchase] store.products.intro productId=com.truthy.premium.w hasOffer=true eligibility=true introPrice=$3.99
默认	11:25:09.836329+0800	Runner	flutter: └───────────────────────────────────────────────────────────────────────────────────────────────────
默认	11:25:09.836724+0800	Runner	flutter: ┌───────────────────────────────────────────────────────────────────────────────────────────────────
默认	11:25:09.836740+0800	Runner	flutter: │ [EventTracking] name=paywall_product_load_success id=17c1742b-8dd9-4ba1-9a47-a1f62abf4b23 time=1783653909836 props={"page_from":"search_fake","products_count":2}
默认	11:25:09.836766+0800	Runner	flutter: └───────────────────────────────────────────────────────────────────────────────────────────────────
默认	11:25:09.836971+0800	Runner	flutter: ┌───────────────────────────────────────────────────────────────────────────────────────────────────
默认	11:25:09.837146+0800	Runner	flutter: │ [EventTracking] name=paywall_plan_expose id=d580db2c-b971-41d8-be55-2fdc455696b6 time=1783653909836 props={"page_from":"search_fake","product_id":"sku_truthy_premium_weekly_ios","store_product_id":"com.truthy.premium.w","billing_period":"week","price_server":"$9.99","price_apple":"US$9.99","price_actual":"$3.99","amount_minor":999,"amount_minor_currency":"USD","apple_amount_minor":999,"apple_amount_minor_currency":"USD","actual_amount_minor":399,"actual_amount_minor_currency":"USD","intro_eligible":1,"intro_price":"$3.99","price":"$9.99","selected":1}
默认	11:25:09.837173+0800	Runner	flutter: └───────────────────────────────────────────────────────────────────────────────────────────────────
默认	11:25:09.837424+0800	Runner	flutter: ┌───────────────────────────────────────────────────────────────────────────────────────────────────
默认	11:25:09.837445+0800	Runner	flutter: │ [EventTracking] name=paywall_plan_expose id=22ed649d-6cc9-4a2c-bbe5-fcbaa7f95482 time=1783653909837 props={"page_from":"search_fake","product_id":"sku_truthy_premium_yearly_ios","store_product_id":"com.truthy.premium.y","billing_period":"year","price_server":"$39.99","price_apple":"US$39.99","price_actual":"US$39.99","amount_minor":3999,"amount_minor_currency":"USD","apple_amount_minor":3999,"apple_amount_minor_currency":"USD","actual_amount_minor":3999,"actual_amount_minor_currency":"USD","intro_eligible":0,"intro_price":"","price":"$39.99","selected":0}
默认	11:25:09.837631+0800	Runner	flutter: └───────────────────────────────────────────────────────────────────────────────────────────────────
默认	11:25:09.837656+0800	Runner	flutter: ┌───────────────────────────────────────────────────────────────────────────────────────────────────
默认	11:25:09.837728+0800	Runner	flutter: │ [SubPurchase] coordinator.recoverUnfinished.start trigger=subscription_products_loaded products=2
默认	11:25:09.837791+0800	Runner	flutter: └───────────────────────────────────────────────────────────────────────────────────────────────────
默认	11:25:09.838028+0800	Runner	flutter: ┌───────────────────────────────────────────────────────────────────────────────────────────────────
默认	11:25:09.838043+0800	Runner	flutter: │ [SubPurchase] storekitRecovery.queryUnfinishedAll.start
默认	11:25:09.838102+0800	Runner	flutter: └───────────────────────────────────────────────────────────────────────────────────────────────────
默认	11:25:09.846735+0800	Runner	flutter: ┌───────────────────────────────────────────────────────────────────────────────────────────────────
默认	11:25:09.846782+0800	Runner	flutter: │ [HTTP] --> POST https://api.truthy.top/gateway/invoke service=tool.event_tracking.EventTrackingService method=TrackEvents
默认	11:25:09.846960+0800	Runner	flutter: └───────────────────────────────────────────────────────────────────────────────────────────────────
默认	11:25:09.847052+0800	Runner	flutter: ┌───────────────────────────────────────────────────────────────────────────────────────────────────
默认	11:25:09.847125+0800	Runner	flutter: │ [HTTP] request:
默认	11:25:09.847138+0800	Runner	flutter: │ {
默认	11:25:09.847220+0800	Runner	flutter: │   "comm": {
默认	11:25:09.847232+0800	Runner	flutter: │     "auth_token": "***",
默认	11:25:09.847311+0800	Runner	flutter: │     "user_id": "user_e5f97712121ebfac3d6f6407",
默认	11:25:09.847328+0800	Runner	flutter: │     "device_id": "c5ece928-513e-4e75-a500-28479ac5102a",
默认	11:25:09.847373+0800	Runner	flutter: │     "client_request_id": "crid_1783653909843648",
默认	11:25:09.847436+0800	Runner	flutter: │     "platform": "ios",
默认	11:25:09.847507+0800	Runner	flutter: │     "app_version": "1.0.0",
默认	11:25:09.847588+0800	Runner	flutter: │     "locale": "zh-Hans-HK",
默认	11:25:09.847647+0800	Runner	flutter: │     "country": "HK",
默认	11:25:09.847660+0800	Runner	flutter: │     "timezone": "UTC+08:00"
默认	11:25:09.847686+0800	Runner	flutter: │   },
默认	11:25:09.847697+0800	Runner	flutter: │   "requests": [
默认	11:25:09.847769+0800	Runner	flutter: │     {
默认	11:25:09.847843+0800	Runner	flutter: │       "id": "req_0",
默认	11:25:09.847862+0800	Runner	flutter: │       "service_name": "tool.event_tracking.EventTrackingService",
默认	11:25:09.847914+0800	Runner	flutter: │       "method_name": "TrackEvents",
默认	11:25:09.847938+0800	Runner	flutter: │       "params": {
默认	11:25:09.847990+0800	Runner	flutter: │         "events": [
默认	11:25:09.848027+0800	Runner	flutter: │           {
默认	11:25:09.848062+0800	Runner	flutter: │             "event_id": "17c1742b-8dd9-4ba1-9a47-a1f62abf4b23",
默认	11:25:09.848120+0800	Runner	flutter: │             "event_name": "paywall_product_load_success",
默认	11:25:09.848170+0800	Runner	flutter: │             "event_time_ms": 1783653909836,
默认	11:25:09.848242+0800	Runner	flutter: │             "properties": {
默认	11:25:09.848258+0800	Runner	flutter: │               "logtime": 1783653909836,
默认	11:25:09.848298+0800	Runner	flutter: │               "log_id": "17c1742b-8dd9-4ba1-9a47-a1f62abf4b23",
默认	11:25:09.848442+0800	Runner	flutter: │               "net": "wifi",
默认	11:25:09.848453+0800	Runner	flutter: │               "pkg": "com.sparkjam.truthy.ios",
默认	11:25:09.848462+0800	Runner	flutter: │               "bucket": 56,
默认	11:25:09.848493+0800	Runner	flutter: │               "abslot": 21,
默认	11:25:09.848540+0800	Runner	flutter: │               "ram": "3684MB",
默认	11:25:09.848573+0800	Runner	flutter: │               "cpu": "arm64",
默认	11:25:09.848608+0800	Runner	flutter: │               "sh": 844,
默认	11:25:09.848676+0800	Runner	flutter: │               "sw": 390,
默认	11:25:09.848712+0800	Runner	flutter: │               "city": "",
默认	11:25:09.848759+0800	Runner	flutter: │               "ste": "",
默认	11:25:09.848803+0800	Runner	flutter: │               "lat": "",
默认	11:25:09.848846+0800	Runner	flutter: │               "lng": "",
默认	11:25:09.848910+0800	Runner	flutter: │               "sty": "desk",
默认	11:25:09.848943+0800	Runner	flutter: │               "isp": "",
默认	11:25:09.848984+0800	Runner	flutter: │               "mod": "iphone13,2",
默认	11:25:09.849087+0800	Runner	flutter: │               "brd": "apple",
默认	11:25:09.849183+0800	Runner	flutter: │               "os": "26.3.1",
默认	11:25:09.849195+0800	Runner	flutter: │               "pf": "ios",
默认	11:25:09.849208+0800	Runner	flutter: │               "slan": "zh",
默认	11:25:09.849217+0800	Runner	flutter: │               "reg": "HK",
默认	11:25:09.849292+0800	Runner	flutter: │               "cou": "HK",
默认	11:25:09.849303+0800	Runner	flutter: │               "sub": "",
默认	11:25:09.849359+0800	Runner	flutter: │               "cha": "",
默认	11:25:09.849467+0800	Runner	flutter: │               "verc": "10000",
默认	11:25:09.849478+0800	Runner	flutter: │               "ver": "1.0.0",
默认	11:25:09.849488+0800	Runner	flutter: │               "sid": "5094b07b-cc63-4868-b4ac-6bced54db906",
默认	11:25:09.849600+0800	Runner	flutter: │               "uuid": "***",
默认	11:25:09.849612+0800	Runner	flutter: │               "idfa": "***",
默认	11:25:09.849623+0800	Runner	flutter: │               "idfv": "***",
默认	11:25:09.849705+0800	Runner	flutter: │               "aid": "***",
默认	11:25:09.849716+0800	Runner	flutter: │               "gaid": "***",
默认	11:25:09.849845+0800	Runner	flutter: │               "did": "***",
默认	11:25:09.849891+0800	Runner	flutter: │               "uid": "***",
默认	11:25:09.849927+0800	Runner	flutter: │               "anm": "Truthy",
默认	11:25:09.849947+0800	Runner	flutter: │               "push_id": "",
默认	11:25:09.849973+0800	Runner	flutter: │               "push_type": "",
默认	11:25:09.849984+0800	Runner	flutter: │               "is_pro": "0",
默认	11:25:09.850044+0800	Runner	flutter: │               "page_from": "search_fake",
默认	11:25:09.850111+0800	Runner	flutter: │               "products_count": 2
默认	11:25:09.850123+0800	Runner	flutter: │             }
默认	11:25:09.850204+0800	Runner	flutter: │           }
默认	11:25:09.850214+0800	Runner	flutter: │         ]
默认	11:25:09.850265+0800	Runner	flutter: │       }
默认	11:25:09.850346+0800	Runner	flutter: │     }
默认	11:25:09.850368+0800	Runner	flutter: │   ]
默认	11:25:09.850377+0800	Runner	flutter: │ }
默认	11:25:09.850563+0800	Runner	flutter: └───────────────────────────────────────────────────────────────────────────────────────────────────
默认	11:25:11.384560+0800	Runner	flutter: ┌───────────────────────────────────────────────────────────────────────────────────────────────────
默认	11:25:11.384618+0800	Runner	flutter: │ [SubPurchase] storekitRecovery.queryUnfinishedAll.result total=0
默认	11:25:11.384634+0800	Runner	flutter: └───────────────────────────────────────────────────────────────────────────────────────────────────
默认	11:25:11.384861+0800	Runner	flutter: ┌───────────────────────────────────────────────────────────────────────────────────────────────────
默认	11:25:11.384884+0800	Runner	flutter: │ [SubPurchase] coordinator.recoverStoreKitUnfinished.results count=0
默认	11:25:11.384944+0800	Runner	flutter: └───────────────────────────────────────────────────────────────────────────────────────────────────
默认	11:25:11.385062+0800	Runner	flutter: ┌───────────────────────────────────────────────────────────────────────────────────────────────────
默认	11:25:11.385124+0800	Runner	flutter: │ [SubPurchase] coordinator.recoverUnfinished.finish
默认	11:25:11.385236+0800	Runner	flutter: └───────────────────────────────────────────────────────────────────────────────────────────────────
默认	11:25:11.547985+0800	Runner	flutter: ┌───────────────────────────────────────────────────────────────────────────────────────────────────
默认	11:25:11.548136+0800	Runner	flutter: │ [HTTP] <-- 200 POST https://api.truthy.top/gateway/invoke service=tool.event_tracking.EventTrackingService method=TrackEvents
默认	11:25:11.548327+0800	Runner	flutter: └───────────────────────────────────────────────────────────────────────────────────────────────────
默认	11:25:11.548744+0800	Runner	flutter: ┌───────────────────────────────────────────────────────────────────────────────────────────────────
默认	11:25:11.548882+0800	Runner	flutter: │ [HTTP] response:
默认	11:25:11.549041+0800	Runner	flutter: │ {
默认	11:25:11.549166+0800	Runner	flutter: │   "code": 0,
默认	11:25:11.549310+0800	Runner	flutter: │   "message": "ok",
默认	11:25:11.549514+0800	Runner	flutter: │   "request_id": "gw_req_29f13b32b507f556c7a14f652a999575",
默认	11:25:11.549635+0800	Runner	flutter: │   "trace_id": "trace_00e85a450e43742253b090a11802848d",
默认	11:25:11.549757+0800	Runner	flutter: │   "responses": [
默认	11:25:11.549880+0800	Runner	flutter: │     {
默认	11:25:11.550226+0800	Runner	flutter: │       "id": "req_0",
默认	11:25:11.550271+0800	Runner	flutter: │       "success": true,
默认	11:25:11.550457+0800	Runner	flutter: │       "code": 0,
默认	11:25:11.550662+0800	Runner	flutter: │       "message": "ok",
默认	11:25:11.550966+0800	Runner	flutter: │       "data": {
默认	11:25:11.550996+0800	Runner	flutter: │         "request_id": "gw_req_29f13b32b507f556c7a14f652a999575",
默认	11:25:11.551103+0800	Runner	flutter: │         "trace_id": "trace_00e85a450e43742253b090a11802848d",
默认	11:25:11.551129+0800	Runner	flutter: │         "accepted_count": 1,
默认	11:25:11.551273+0800	Runner	flutter: │         "event_name": "paywall_product_load_success",
默认	11:25:11.551306+0800	Runner	flutter: │         "event_names": [
默认	11:25:11.551585+0800	Runner	flutter: │           "paywall_product_load_success"
默认	11:25:11.551620+0800	Runner	flutter: │         ],
默认	11:25:11.551733+0800	Runner	flutter: │         "events": [
默认	11:25:11.551851+0800	Runner	flutter: │           {
默认	11:25:11.552119+0800	Runner	flutter: │             "index": 0,
默认	11:25:11.552164+0800	Runner	flutter: │             "event_id": "17c1742b-8dd9-4ba1-9a47-a1f62abf4b23",
默认	11:25:11.552287+0800	Runner	flutter: │             "event_name": "paywall_product_load_success",
默认	11:25:11.552553+0800	Runner	flutter: │             "status": "accepted"
默认	11:25:11.552587+0800	Runner	flutter: │           }
默认	11:25:11.552694+0800	Runner	flutter: │         ]
默认	11:25:11.552958+0800	Runner	flutter: │       }
默认	11:25:11.552992+0800	Runner	flutter: │     }
默认	11:25:11.553122+0800	Runner	flutter: │   ]
默认	11:25:11.553255+0800	Runner	flutter: │ }
默认	11:25:11.553498+0800	Runner	flutter: └───────────────────────────────────────────────────────────────────────────────────────────────────
默认	11:25:11.577584+0800	Runner	flutter: ┌───────────────────────────────────────────────────────────────────────────────────────────────────
默认	11:25:11.577636+0800	Runner	flutter: │ [HTTP] --> POST https://api.truthy.top/gateway/invoke service=tool.event_tracking.EventTrackingService method=TrackEvents
默认	11:25:11.577708+0800	Runner	flutter: └───────────────────────────────────────────────────────────────────────────────────────────────────
默认	11:25:11.578464+0800	Runner	flutter: ┌───────────────────────────────────────────────────────────────────────────────────────────────────
默认	11:25:11.578495+0800	Runner	flutter: │ [HTTP] request:
默认	11:25:11.578520+0800	Runner	flutter: │ {
默认	11:25:11.578531+0800	Runner	flutter: │   "comm": {
默认	11:25:11.578542+0800	Runner	flutter: │     "auth_token": "***",
默认	11:25:11.578552+0800	Runner	flutter: │     "user_id": "user_e5f97712121ebfac3d6f6407",
默认	11:25:11.578562+0800	Runner	flutter: │     "device_id": "c5ece928-513e-4e75-a500-28479ac5102a",
默认	11:25:11.578572+0800	Runner	flutter: │     "client_request_id": "crid_1783653911573015",
默认	11:25:11.578627+0800	Runner	flutter: │     "platform": "ios",
默认	11:25:11.578672+0800	Runner	flutter: │     "app_version": "1.0.0",
默认	11:25:11.578727+0800	Runner	flutter: │     "locale": "zh-Hans-HK",
默认	11:25:11.578778+0800	Runner	flutter: │     "country": "HK",
默认	11:25:11.578944+0800	Runner	flutter: │     "timezone": "UTC+08:00"
默认	11:25:11.578962+0800	Runner	flutter: │   },
默认	11:25:11.578972+0800	Runner	flutter: │   "requests": [
默认	11:25:11.579019+0800	Runner	flutter: │     {
默认	11:25:11.579032+0800	Runner	flutter: │       "id": "req_0",
默认	11:25:11.579348+0800	Runner	flutter: │       "service_name": "tool.event_tracking.EventTrackingService",
默认	11:25:11.579369+0800	Runner	flutter: │       "method_name": "TrackEvents",
默认	11:25:11.579379+0800	Runner	flutter: │       "params": {
默认	11:25:11.579387+0800	Runner	flutter: │         "events": [
默认	11:25:11.579452+0800	Runner	flutter: │           {
默认	11:25:11.579469+0800	Runner	flutter: │             "event_id": "d580db2c-b971-41d8-be55-2fdc455696b6",
默认	11:25:11.579480+0800	Runner	flutter: │             "event_name": "paywall_plan_expose",
默认	11:25:11.579492+0800	Runner	flutter: │             "event_time_ms": 1783653909836,
默认	11:25:11.579509+0800	Runner	flutter: │             "properties": {
默认	11:25:11.579629+0800	Runner	flutter: │               "logtime": 1783653909836,
默认	11:25:11.579644+0800	Runner	flutter: │               "log_id": "d580db2c-b971-41d8-be55-2fdc455696b6",
默认	11:25:11.579704+0800	Runner	flutter: │               "net": "wifi",
默认	11:25:11.579792+0800	Runner	flutter: │               "pkg": "com.sparkjam.truthy.ios",
默认	11:25:11.579806+0800	Runner	flutter: │               "bucket": 56,
默认	11:25:11.579853+0800	Runner	flutter: │               "abslot": 21,
默认	11:25:11.579904+0800	Runner	flutter: │               "ram": "3684MB",
默认	11:25:11.580091+0800	Runner	flutter: │               "cpu": "arm64",
默认	11:25:11.580106+0800	Runner	flutter: │               "sh": 844,
默认	11:25:11.580116+0800	Runner	flutter: │               "sw": 390,
默认	11:25:11.580219+0800	Runner	flutter: │               "city": "",
默认	11:25:11.580229+0800	Runner	flutter: │               "ste": "",
默认	11:25:11.580260+0800	Runner	flutter: │               "lat": "",
默认	11:25:11.580426+0800	Runner	flutter: │               "lng": "",
默认	11:25:11.580440+0800	Runner	flutter: │               "sty": "desk",
默认	11:25:11.580451+0800	Runner	flutter: │               "isp": "",
默认	11:25:11.580517+0800	Runner	flutter: │               "mod": "iphone13,2",
默认	11:25:11.580530+0800	Runner	flutter: │               "brd": "apple",
默认	11:25:11.580599+0800	Runner	flutter: │               "os": "26.3.1",
默认	11:25:11.580769+0800	Runner	flutter: │               "pf": "ios",
默认	11:25:11.580784+0800	Runner	flutter: │               "slan": "zh",
默认	11:25:11.580801+0800	Runner	flutter: │               "reg": "HK",
默认	11:25:11.580820+0800	Runner	flutter: │               "cou": "HK",
默认	11:25:11.580832+0800	Runner	flutter: │               "sub": "",
默认	11:25:11.581001+0800	Runner	flutter: │               "cha": "",
默认	11:25:11.581015+0800	Runner	flutter: │               "verc": "10000",
默认	11:25:11.581185+0800	Runner	flutter: │               "ver": "1.0.0",
默认	11:25:11.581357+0800	Runner	flutter: │               "sid": "5094b07b-cc63-4868-b4ac-6bced54db906",
默认	11:25:11.581372+0800	Runner	flutter: │               "uuid": "***",
默认	11:25:11.581382+0800	Runner	flutter: │               "idfa": "***",
默认	11:25:11.581474+0800	Runner	flutter: │               "idfv": "***",
默认	11:25:11.581494+0800	Runner	flutter: │               "aid": "***",
默认	11:25:11.581504+0800	Runner	flutter: │               "gaid": "***",
默认	11:25:11.581512+0800	Runner	flutter: │               "did": "***",
默认	11:25:11.581521+0800	Runner	flutter: │               "uid": "***",
默认	11:25:11.581532+0800	Runner	flutter: │               "anm": "Truthy",
默认	11:25:11.581540+0800	Runner	flutter: │               "push_id": "",
默认	11:25:11.581567+0800	Runner	flutter: │               "push_type": "",
默认	11:25:11.581614+0800	Runner	flutter: │               "is_pro": "0",
默认	11:25:11.581660+0800	Runner	flutter: │               "page_from": "search_fake",
默认	11:25:11.581751+0800	Runner	flutter: │               "product_id": "sku_truthy_premium_weekly_ios",
默认	11:25:11.581763+0800	Runner	flutter: │               "store_product_id": "com.truthy.premium.w",
默认	11:25:11.581800+0800	Runner	flutter: │               "billing_period": "week",
默认	11:25:11.581887+0800	Runner	flutter: │               "price_server": "$9.99",
默认	11:25:11.581897+0800	Runner	flutter: │               "price_apple": "US$9.99",
默认	11:25:11.581988+0800	Runner	flutter: │               "price_actual": "$3.99",
默认	11:25:11.581999+0800	Runner	flutter: │               "amount_minor": 999,
默认	11:25:11.582035+0800	Runner	flutter: │               "amount_minor_currency": "USD",
默认	11:25:11.582242+0800	Runner	flutter: │               "apple_amount_minor": 999,
默认	11:25:11.582257+0800	Runner	flutter: │               "apple_amount_minor_currency": "USD",
默认	11:25:11.582266+0800	Runner	flutter: │               "actual_amount_minor": 399,
默认	11:25:11.582273+0800	Runner	flutter: │               "actual_amount_minor_currency": "USD",
默认	11:25:11.582317+0800	Runner	flutter: │               "intro_eligible": 1,
默认	11:25:11.582329+0800	Runner	flutter: │               "intro_price": "$3.99",
默认	11:25:11.582371+0800	Runner	flutter: │               "price": "$9.99",
默认	11:25:11.582478+0800	Runner	flutter: │               "selected": 1
默认	11:25:11.582489+0800	Runner	flutter: │             }
默认	11:25:11.582498+0800	Runner	flutter: │           },
默认	11:25:11.582555+0800	Runner	flutter: │           {
默认	11:25:11.582595+0800	Runner	flutter: │             "event_id": "22ed649d-6cc9-4a2c-bbe5-fcbaa7f95482",
默认	11:25:11.582654+0800	Runner	flutter: │             "event_name": "paywall_plan_expose",
默认	11:25:11.582691+0800	Runner	flutter: │             "event_time_ms": 1783653909837,
默认	11:25:11.582732+0800	Runner	flutter: │             "properties": {
默认	11:25:11.582804+0800	Runner	flutter: │               "logtime": 1783653909837,
默认	11:25:11.582858+0800	Runner	flutter: │               "log_id": "22ed649d-6cc9-4a2c-bbe5-fcbaa7f95482",
默认	11:25:11.582884+0800	Runner	flutter: │               "net": "wifi",
默认	11:25:11.582923+0800	Runner	flutter: │               "pkg": "com.sparkjam.truthy.ios",
默认	11:25:11.582972+0800	Runner	flutter: │               "bucket": 56,
默认	11:25:11.583009+0800	Runner	flutter: │               "abslot": 21,
默认	11:25:11.583074+0800	Runner	flutter: │               "ram": "3684MB",
默认	11:25:11.583101+0800	Runner	flutter: │               "cpu": "arm64",
默认	11:25:11.583142+0800	Runner	flutter: │               "sh": 844,
默认	11:25:11.583203+0800	Runner	flutter: │               "sw": 390,
默认	11:25:11.583240+0800	Runner	flutter: │               "city": "",
默认	11:25:11.583281+0800	Runner	flutter: │               "ste": "",
默认	11:25:11.583323+0800	Runner	flutter: │               "lat": "",
默认	11:25:11.583379+0800	Runner	flutter: │               "lng": "",
默认	11:25:11.583416+0800	Runner	flutter: │               "sty": "desk",
默认	11:25:11.583513+0800	Runner	flutter: │               "isp": "",
默认	11:25:11.583611+0800	Runner	flutter: │               "mod": "iphone13,2",
默认	11:25:11.583673+0800	Runner	flutter: │               "brd": "apple",
默认	11:25:11.583725+0800	Runner	flutter: │               "os": "26.3.1",
默认	11:25:11.583769+0800	Runner	flutter: │               "pf": "ios",
默认	11:25:11.583856+0800	Runner	flutter: │               "slan": "zh",
默认	11:25:11.583875+0800	Runner	flutter: │               "reg": "HK",
默认	11:25:11.583934+0800	Runner	flutter: │               "cou": "HK",
默认	11:25:11.583980+0800	Runner	flutter: │               "sub": "",
默认	11:25:11.584026+0800	Runner	flutter: │               "cha": "",
默认	11:25:11.584105+0800	Runner	flutter: │               "verc": "10000",
默认	11:25:11.584120+0800	Runner	flutter: │               "ver": "1.0.0",
默认	11:25:11.584189+0800	Runner	flutter: │               "sid": "5094b07b-cc63-4868-b4ac-6bced54db906",
默认	11:25:11.584206+0800	Runner	flutter: │               "uuid": "***",
默认	11:25:11.584278+0800	Runner	flutter: │               "idfa": "***",
默认	11:25:11.584290+0800	Runner	flutter: │               "idfv": "***",
默认	11:25:11.584338+0800	Runner	flutter: │               "aid": "***",
默认	11:25:11.584412+0800	Runner	flutter: │               "gaid": "***",
默认	11:25:11.584422+0800	Runner	flutter: │               "did": "***",
默认	11:25:11.584474+0800	Runner	flutter: │               "uid": "***",
默认	11:25:11.584520+0800	Runner	flutter: │               "anm": "Truthy",
默认	11:25:11.584563+0800	Runner	flutter: │               "push_id": "",
默认	11:25:11.584654+0800	Runner	flutter: │               "push_type": "",
默认	11:25:11.584669+0800	Runner	flutter: │               "is_pro": "0",
默认	11:25:11.584745+0800	Runner	flutter: │               "page_from": "search_fake",
默认	11:25:11.584764+0800	Runner	flutter: │               "product_id": "sku_truthy_premium_yearly_ios",
默认	11:25:11.584865+0800	Runner	flutter: │               "store_product_id": "com.truthy.premium.y",
默认	11:25:11.584875+0800	Runner	flutter: │               "billing_period": "year",
默认	11:25:11.584939+0800	Runner	flutter: │               "price_server": "$39.99",
默认	11:25:11.584948+0800	Runner	flutter: │               "price_apple": "US$39.99",
默认	11:25:11.584980+0800	Runner	flutter: │               "price_actual": "US$39.99",
默认	11:25:11.585047+0800	Runner	flutter: │               "amount_minor": 3999,
默认	11:25:11.585094+0800	Runner	flutter: │               "amount_minor_currency": "USD",
默认	11:25:11.585130+0800	Runner	flutter: │               "apple_amount_minor": 3999,
默认	11:25:11.585175+0800	Runner	flutter: │               "apple_amount_minor_currency": "USD",
默认	11:25:11.585244+0800	Runner	flutter: │               "actual_amount_minor": 3999,
默认	11:25:11.585304+0800	Runner	flutter: │               "actual_amount_minor_currency": "USD",
默认	11:25:11.585319+0800	Runner	flutter: │               "intro_eligible": 0,
默认	11:25:11.585376+0800	Runner	flutter: │               "intro_price": "",
默认	11:25:11.585419+0800	Runner	flutter: │               "price": "$39.99",
默认	11:25:11.585498+0800	Runner	flutter: │               "selected": 0
默认	11:25:11.585511+0800	Runner	flutter: │             }
默认	11:25:11.585581+0800	Runner	flutter: │           }
默认	11:25:11.585596+0800	Runner	flutter: │         ]
默认	11:25:11.585658+0800	Runner	flutter: │       }
默认	11:25:11.585669+0800	Runner	flutter: │     }
默认	11:25:11.585716+0800	Runner	flutter: │   ]
默认	11:25:11.585772+0800	Runner	flutter: │ }
默认	11:25:11.585828+0800	Runner	flutter: └───────────────────────────────────────────────────────────────────────────────────────────────────
默认	11:25:12.035759+0800	Runner	flutter: ┌───────────────────────────────────────────────────────────────────────────────────────────────────
默认	11:25:12.035852+0800	Runner	flutter: │ [HTTP] <-- 200 POST https://api.truthy.top/gateway/invoke service=tool.event_tracking.EventTrackingService method=TrackEvents
默认	11:25:12.036158+0800	Runner	flutter: └───────────────────────────────────────────────────────────────────────────────────────────────────
默认	11:25:12.036741+0800	Runner	flutter: ┌───────────────────────────────────────────────────────────────────────────────────────────────────
默认	11:25:12.036791+0800	Runner	flutter: │ [HTTP] response:
默认	11:25:12.036870+0800	Runner	flutter: │ {
默认	11:25:12.037220+0800	Runner	flutter: │   "code": 0,
默认	11:25:12.037386+0800	Runner	flutter: │   "message": "ok",
默认	11:25:12.037414+0800	Runner	flutter: │   "request_id": "gw_req_dc636b00171f82c47920484aff3494c0",
默认	11:25:12.037439+0800	Runner	flutter: │   "trace_id": "trace_c1e1721ca10063c4618fd678bf0e4838",
默认	11:25:12.037575+0800	Runner	flutter: │   "responses": [
默认	11:25:12.037697+0800	Runner	flutter: │     {
默认	11:25:12.037830+0800	Runner	flutter: │       "id": "req_0",
默认	11:25:12.037950+0800	Runner	flutter: │       "success": true,
默认	11:25:12.038188+0800	Runner	flutter: │       "code": 0,
默认	11:25:12.038228+0800	Runner	flutter: │       "message": "ok",
默认	11:25:12.038431+0800	Runner	flutter: │       "data": {
默认	11:25:12.038671+0800	Runner	flutter: │         "request_id": "gw_req_dc636b00171f82c47920484aff3494c0",
默认	11:25:12.038717+0800	Runner	flutter: │         "trace_id": "trace_c1e1721ca10063c4618fd678bf0e4838",
默认	11:25:12.038778+0800	Runner	flutter: │         "accepted_count": 2,
默认	11:25:12.039144+0800	Runner	flutter: │         "event_name": "paywall_plan_expose",
默认	11:25:12.039187+0800	Runner	flutter: │         "event_names": [
默认	11:25:12.039227+0800	Runner	flutter: │           "paywall_plan_expose",
默认	11:25:12.039341+0800	Runner	flutter: │           "paywall_plan_expose"
默认	11:25:12.039613+0800	Runner	flutter: │         ],
默认	11:25:12.039645+0800	Runner	flutter: │         "events": [
默认	11:25:12.039764+0800	Runner	flutter: │           {
默认	11:25:12.040039+0800	Runner	flutter: │             "index": 0,
默认	11:25:12.040076+0800	Runner	flutter: │             "event_id": "d580db2c-b971-41d8-be55-2fdc455696b6",
默认	11:25:12.040199+0800	Runner	flutter: │             "event_name": "paywall_plan_expose",
默认	11:25:12.040333+0800	Runner	flutter: │             "status": "accepted"
默认	11:25:12.040605+0800	Runner	flutter: │           },
默认	11:25:12.040637+0800	Runner	flutter: │           {
默认	11:25:12.040891+0800	Runner	flutter: │             "index": 1,
默认	11:25:12.040932+0800	Runner	flutter: │             "event_id": "22ed649d-6cc9-4a2c-bbe5-fcbaa7f95482",
默认	11:25:12.041038+0800	Runner	flutter: │             "event_name": "paywall_plan_expose",
默认	11:25:12.041178+0800	Runner	flutter: │             "status": "accepted"
默认	11:25:12.041260+0800	Runner	flutter: │           }
默认	11:25:12.041341+0800	Runner	flutter: │         ]
默认	11:25:12.041424+0800	Runner	flutter: │       }
默认	11:25:12.041512+0800	Runner	flutter: │     }
默认	11:25:12.041598+0800	Runner	flutter: │   ]
默认	11:25:12.041692+0800	Runner	flutter: │ }
默认	11:25:12.041883+0800	Runner	flutter: └───────────────────────────────────────────────────────────────────────────────────────────────────
默认	11:25:36.658442+0800	Runner	flutter: ┌───────────────────────────────────────────────────────────────────────────────────────────────────
默认	11:25:36.658590+0800	Runner	flutter: │ [EventTracking] name=paywall_restore_click id=86f166e3-f063-4f3c-9aa4-e7fef671f1c6 time=1783653936652 props={"page_from":"search_fake"}
默认	11:25:36.658617+0800	Runner	flutter: └───────────────────────────────────────────────────────────────────────────────────────────────────
默认	11:25:36.658633+0800	Runner	flutter: ┌───────────────────────────────────────────────────────────────────────────────────────────────────
默认	11:25:36.658652+0800	Runner	flutter: │ [SubPurchase] coordinator.restore.startUserSession products=2 timeoutMs=15000 storeProductIds=com.truthy.premium.w,com.truthy.premium.y
默认	11:25:36.658793+0800	Runner	flutter: └───────────────────────────────────────────────────────────────────────────────────────────────────
默认	11:25:36.658843+0800	Runner	flutter: ┌───────────────────────────────────────────────────────────────────────────────────────────────────
默认	11:25:36.658895+0800	Runner	flutter: │ [SubPurchase] coordinator.trackRecoverableProducts count=2 storeProductIds=com.truthy.premium.w,com.truthy.premium.y
默认	11:25:36.658942+0800	Runner	flutter: └───────────────────────────────────────────────────────────────────────────────────────────────────
默认	11:25:36.659130+0800	Runner	flutter: ┌───────────────────────────────────────────────────────────────────────────────────────────────────
默认	11:25:36.659605+0800	Runner	flutter: │ [SubPurchase] store.restore.start applicationUserNameHash=<empty>
默认	11:25:36.659729+0800	Runner	flutter: └───────────────────────────────────────────────────────────────────────────────────────────────────
默认	11:25:36.659782+0800	Runner	flutter: ┌───────────────────────────────────────────────────────────────────────────────────────────────────
默认	11:25:36.659800+0800	Runner	flutter: │ [EventTracking] name=app_page_stay id=259ea391-6da2-4971-ab51-1afbd886de34 time=1783653936656 props={"page_from":"paywall","duration_s":35}
默认	11:25:36.659826+0800	Runner	flutter: └───────────────────────────────────────────────────────────────────────────────────────────────────
默认	11:25:36.675335+0800	Runner	flutter: ┌───────────────────────────────────────────────────────────────────────────────────────────────────
默认	11:25:36.675595+0800	Runner	flutter: │ [SubPurchase] store.restore.result success applicationUserNameHash=<empty>
默认	11:25:36.675635+0800	Runner	flutter: └───────────────────────────────────────────────────────────────────────────────────────────────────
默认	11:25:36.675652+0800	Runner	flutter: ┌───────────────────────────────────────────────────────────────────────────────────────────────────
默认	11:25:36.675662+0800	Runner	flutter: │ [SubPurchase] coordinator.restore.startSuccess deadline=2026-07-10T11:25:51.674586
默认	11:25:36.675673+0800	Runner	flutter: └───────────────────────────────────────────────────────────────────────────────────────────────────
默认	11:25:36.675683+0800	Runner	flutter: ┌───────────────────────────────────────────────────────────────────────────────────────────────────
默认	11:25:36.675692+0800	Runner	flutter: │ [SubPurchase] coordinator.restore.timerStart remainingMs=14999
默认	11:25:36.675709+0800	Runner	flutter: └───────────────────────────────────────────────────────────────────────────────────────────────────
默认	11:25:36.679697+0800	Runner	flutter: ┌───────────────────────────────────────────────────────────────────────────────────────────────────
默认	11:25:36.679780+0800	Runner	flutter: │ [HTTP] --> POST https://api.truthy.top/gateway/invoke service=tool.event_tracking.EventTrackingService method=TrackEvents
默认	11:25:36.679841+0800	Runner	flutter: └───────────────────────────────────────────────────────────────────────────────────────────────────
默认	11:25:36.680099+0800	Runner	flutter: ┌───────────────────────────────────────────────────────────────────────────────────────────────────
默认	11:25:36.680141+0800	Runner	flutter: │ [HTTP] request:
默认	11:25:36.680191+0800	Runner	flutter: │ {
默认	11:25:36.680244+0800	Runner	flutter: │   "comm": {
默认	11:25:36.680351+0800	Runner	flutter: │     "auth_token": "***",
默认	11:25:36.680375+0800	Runner	flutter: │     "user_id": "user_e5f97712121ebfac3d6f6407",
默认	11:25:36.680388+0800	Runner	flutter: │     "device_id": "c5ece928-513e-4e75-a500-28479ac5102a",
默认	11:25:36.680442+0800	Runner	flutter: │     "client_request_id": "crid_1783653936675409",
默认	11:25:36.680504+0800	Runner	flutter: │     "platform": "ios",
默认	11:25:36.680515+0800	Runner	flutter: │     "app_version": "1.0.0",
默认	11:25:36.680550+0800	Runner	flutter: │     "locale": "zh-Hans-HK",
默认	11:25:36.680635+0800	Runner	flutter: │     "country": "HK",
默认	11:25:36.680646+0800	Runner	flutter: │     "timezone": "UTC+08:00"
默认	11:25:36.680694+0800	Runner	flutter: │   },
默认	11:25:36.680736+0800	Runner	flutter: │   "requests": [
默认	11:25:36.680780+0800	Runner	flutter: │     {
默认	11:25:36.680828+0800	Runner	flutter: │       "id": "req_0",
默认	11:25:36.680910+0800	Runner	flutter: │       "service_name": "tool.event_tracking.EventTrackingService",
默认	11:25:36.680980+0800	Runner	flutter: │       "method_name": "TrackEvents",
默认	11:25:36.680989+0800	Runner	flutter: │       "params": {
默认	11:25:36.681022+0800	Runner	flutter: │         "events": [
默认	11:25:36.681077+0800	Runner	flutter: │           {
默认	11:25:36.681144+0800	Runner	flutter: │             "event_id": "86f166e3-f063-4f3c-9aa4-e7fef671f1c6",
默认	11:25:36.681186+0800	Runner	flutter: │             "event_name": "paywall_restore_click",
默认	11:25:36.681226+0800	Runner	flutter: │             "event_time_ms": 1783653936652,
默认	11:25:36.681312+0800	Runner	flutter: │             "properties": {
默认	11:25:36.681322+0800	Runner	flutter: │               "logtime": 1783653936652,
默认	11:25:36.681385+0800	Runner	flutter: │               "log_id": "86f166e3-f063-4f3c-9aa4-e7fef671f1c6",
默认	11:25:36.681457+0800	Runner	flutter: │               "net": "wifi",
默认	11:25:36.681473+0800	Runner	flutter: │               "pkg": "com.sparkjam.truthy.ios",
默认	11:25:36.681507+0800	Runner	flutter: │               "bucket": 56,
默认	11:25:36.681585+0800	Runner	flutter: │               "abslot": 21,
默认	11:25:36.681642+0800	Runner	flutter: │               "ram": "3684MB",
默认	11:25:36.681657+0800	Runner	flutter: │               "cpu": "arm64",
默认	11:25:36.681715+0800	Runner	flutter: │               "sh": 844,
默认	11:25:36.681791+0800	Runner	flutter: │               "sw": 390,
默认	11:25:36.681809+0800	Runner	flutter: │               "city": "",
默认	11:25:36.681865+0800	Runner	flutter: │               "ste": "",
默认	11:25:36.681878+0800	Runner	flutter: │               "lat": "",
默认	11:25:36.681912+0800	Runner	flutter: │               "lng": "",
默认	11:25:36.681978+0800	Runner	flutter: │               "sty": "desk",
默认	11:25:36.682013+0800	Runner	flutter: │               "isp": "",
默认	11:25:36.682179+0800	Runner	flutter: │               "mod": "iphone13,2",
默认	11:25:36.682224+0800	Runner	flutter: │               "brd": "apple",
默认	11:25:36.682238+0800	Runner	flutter: │               "os": "26.3.1",
默认	11:25:36.682248+0800	Runner	flutter: │               "pf": "ios",
默认	11:25:36.682257+0800	Runner	flutter: │               "slan": "zh",
默认	11:25:36.682308+0800	Runner	flutter: │               "reg": "HK",
默认	11:25:36.682321+0800	Runner	flutter: │               "cou": "HK",
默认	11:25:36.682476+0800	Runner	flutter: │               "sub": "",
默认	11:25:36.682497+0800	Runner	flutter: │               "cha": "",
默认	11:25:36.682516+0800	Runner	flutter: │               "verc": "10000",
默认	11:25:36.682537+0800	Runner	flutter: │               "ver": "1.0.0",
默认	11:25:36.682617+0800	Runner	flutter: │               "sid": "5094b07b-cc63-4868-b4ac-6bced54db906",
默认	11:25:36.682677+0800	Runner	flutter: │               "uuid": "***",
默认	11:25:36.682765+0800	Runner	flutter: │               "idfa": "***",
默认	11:25:36.682785+0800	Runner	flutter: │               "idfv": "***",
默认	11:25:36.682827+0800	Runner	flutter: │               "aid": "***",
默认	11:25:36.682841+0800	Runner	flutter: │               "gaid": "***",
默认	11:25:36.682871+0800	Runner	flutter: │               "did": "***",
默认	11:25:36.682882+0800	Runner	flutter: │               "uid": "***",
默认	11:25:36.682935+0800	Runner	flutter: │               "anm": "Truthy",
默认	11:25:36.683279+0800	Runner	flutter: │               "push_id": "",
默认	11:25:36.683355+0800	Runner	flutter: │               "push_type": "",
默认	11:25:36.683413+0800	Runner	flutter: │               "is_pro": "0",
默认	11:25:36.683767+0800	Runner	flutter: │               "page_from": "search_fake"
默认	11:25:36.683789+0800	Runner	flutter: │             }
默认	11:25:36.683976+0800	Runner	flutter: │           }
默认	11:25:36.684009+0800	Runner	flutter: │         ]
默认	11:25:36.684398+0800	Runner	flutter: │       }
默认	11:25:36.684484+0800	Runner	flutter: │     }
默认	11:25:36.684760+0800	Runner	flutter: │   ]
默认	11:25:36.684768+0800	Runner	flutter: │ }
默认	11:25:36.684782+0800	Runner	flutter: └───────────────────────────────────────────────────────────────────────────────────────────────────
默认	11:25:38.119930+0800	Runner	flutter: ┌───────────────────────────────────────────────────────────────────────────────────────────────────
默认	11:25:38.120121+0800	Runner	flutter: │ [HTTP] <-- 200 POST https://api.truthy.top/gateway/invoke service=tool.event_tracking.EventTrackingService method=TrackEvents
默认	11:25:38.120562+0800	Runner	flutter: └───────────────────────────────────────────────────────────────────────────────────────────────────
默认	11:25:38.120975+0800	Runner	flutter: ┌───────────────────────────────────────────────────────────────────────────────────────────────────
默认	11:25:38.121150+0800	Runner	flutter: │ [HTTP] response:
默认	11:25:38.121206+0800	Runner	flutter: │ {
默认	11:25:38.121236+0800	Runner	flutter: │   "code": 0,
默认	11:25:38.121361+0800	Runner	flutter: │   "message": "ok",
默认	11:25:38.122057+0800	Runner	flutter: │   "request_id": "gw_req_e84a2881569a350a42ec0b52477cf552",
默认	11:25:38.122946+0800	Runner	flutter: │   "trace_id": "trace_71764b945781e4cde15a056e0386c3ba",
默认	11:25:38.122996+0800	Runner	flutter: │   "responses": [
默认	11:25:38.123023+0800	Runner	flutter: │     {
默认	11:25:38.123048+0800	Runner	flutter: │       "id": "req_0",
默认	11:25:38.127785+0800	Runner	flutter: │       "success": true,
默认	11:25:38.127815+0800	Runner	flutter: │       "code": 0,
默认	11:25:38.127832+0800	Runner	flutter: │       "message": "ok",
默认	11:25:38.127851+0800	Runner	flutter: │       "data": {
默认	11:25:38.127868+0800	Runner	flutter: │         "request_id": "gw_req_e84a2881569a350a42ec0b52477cf552",
默认	11:25:38.128303+0800	Runner	flutter: │         "trace_id": "trace_71764b945781e4cde15a056e0386c3ba",
默认	11:25:38.128324+0800	Runner	flutter: │         "accepted_count": 1,
默认	11:25:38.128344+0800	Runner	flutter: │         "event_name": "paywall_restore_click",
默认	11:25:38.128381+0800	Runner	flutter: │         "event_names": [
默认	11:25:38.128408+0800	Runner	flutter: │           "paywall_restore_click"
默认	11:25:38.128427+0800	Runner	flutter: │         ],
默认	11:25:38.128444+0800	Runner	flutter: │         "events": [
默认	11:25:38.128496+0800	Runner	flutter: │           {
默认	11:25:38.128515+0800	Runner	flutter: │             "index": 0,
默认	11:25:38.128549+0800	Runner	flutter: │             "event_id": "86f166e3-f063-4f3c-9aa4-e7fef671f1c6",
默认	11:25:38.128597+0800	Runner	flutter: │             "event_name": "paywall_restore_click",
默认	11:25:38.128622+0800	Runner	flutter: │             "status": "accepted"
默认	11:25:38.128638+0800	Runner	flutter: │           }
默认	11:25:38.129187+0800	Runner	flutter: │         ]
默认	11:25:38.129229+0800	Runner	flutter: │       }
默认	11:25:38.129282+0800	Runner	flutter: │     }
默认	11:25:38.129498+0800	Runner	flutter: │   ]
默认	11:25:38.129621+0800	Runner	flutter: │ }
默认	11:25:38.129656+0800	Runner	flutter: └───────────────────────────────────────────────────────────────────────────────────────────────────
默认	11:25:38.149547+0800	Runner	flutter: ┌───────────────────────────────────────────────────────────────────────────────────────────────────
默认	11:25:38.149601+0800	Runner	flutter: │ [HTTP] --> POST https://api.truthy.top/gateway/invoke service=tool.event_tracking.EventTrackingService method=TrackEvents
默认	11:25:38.149629+0800	Runner	flutter: └───────────────────────────────────────────────────────────────────────────────────────────────────
默认	11:25:38.149950+0800	Runner	flutter: ┌───────────────────────────────────────────────────────────────────────────────────────────────────
默认	11:25:38.150001+0800	Runner	flutter: │ [HTTP] request:
默认	11:25:38.150055+0800	Runner	flutter: │ {
默认	11:25:38.150073+0800	Runner	flutter: │   "comm": {
默认	11:25:38.150137+0800	Runner	flutter: │     "auth_token": "***",
默认	11:25:38.150243+0800	Runner	flutter: │     "user_id": "user_e5f97712121ebfac3d6f6407",
默认	11:25:38.150258+0800	Runner	flutter: │     "device_id": "c5ece928-513e-4e75-a500-28479ac5102a",
默认	11:25:38.150304+0800	Runner	flutter: │     "client_request_id": "crid_1783653938142023",
默认	11:25:38.150355+0800	Runner	flutter: │     "platform": "ios",
默认	11:25:38.150404+0800	Runner	flutter: │     "app_version": "1.0.0",
默认	11:25:38.150454+0800	Runner	flutter: │     "locale": "zh-Hans-HK",
默认	11:25:38.150525+0800	Runner	flutter: │     "country": "HK",
默认	11:25:38.150573+0800	Runner	flutter: │     "timezone": "UTC+08:00"
默认	11:25:38.150676+0800	Runner	flutter: │   },
默认	11:25:38.150692+0800	Runner	flutter: │   "requests": [
默认	11:25:38.150744+0800	Runner	flutter: │     {
默认	11:25:38.150793+0800	Runner	flutter: │       "id": "req_0",
默认	11:25:38.150960+0800	Runner	flutter: │       "service_name": "tool.event_tracking.EventTrackingService",
默认	11:25:38.150980+0800	Runner	flutter: │       "method_name": "TrackEvents",
默认	11:25:38.150991+0800	Runner	flutter: │       "params": {
默认	11:25:38.151027+0800	Runner	flutter: │         "events": [
默认	11:25:38.151093+0800	Runner	flutter: │           {
默认	11:25:38.151144+0800	Runner	flutter: │             "event_id": "259ea391-6da2-4971-ab51-1afbd886de34",
默认	11:25:38.151236+0800	Runner	flutter: │             "event_name": "app_page_stay",
默认	11:25:38.151288+0800	Runner	flutter: │             "event_time_ms": 1783653936656,
默认	11:25:38.151330+0800	Runner	flutter: │             "properties": {
默认	11:25:38.151443+0800	Runner	flutter: │               "logtime": 1783653936656,
默认	11:25:38.151474+0800	Runner	flutter: │               "log_id": "259ea391-6da2-4971-ab51-1afbd886de34",
默认	11:25:38.151521+0800	Runner	flutter: │               "net": "wifi",
默认	11:25:38.151571+0800	Runner	flutter: │               "pkg": "com.sparkjam.truthy.ios",
默认	11:25:38.151696+0800	Runner	flutter: │               "bucket": 56,
默认	11:25:38.151868+0800	Runner	flutter: │               "abslot": 21,
默认	11:25:38.151882+0800	Runner	flutter: │               "ram": "3684MB",
默认	11:25:38.151892+0800	Runner	flutter: │               "cpu": "arm64",
默认	11:25:38.151901+0800	Runner	flutter: │               "sh": 844,
默认	11:25:38.151911+0800	Runner	flutter: │               "sw": 390,
默认	11:25:38.151989+0800	Runner	flutter: │               "city": "",
默认	11:25:38.152003+0800	Runner	flutter: │               "ste": "",
默认	11:25:38.152098+0800	Runner	flutter: │               "lat": "",
默认	11:25:38.152116+0800	Runner	flutter: │               "lng": "",
默认	11:25:38.152190+0800	Runner	flutter: │               "sty": "desk",
默认	11:25:38.152204+0800	Runner	flutter: │               "isp": "",
默认	11:25:38.152250+0800	Runner	flutter: │               "mod": "iphone13,2",
默认	11:25:38.152307+0800	Runner	flutter: │               "brd": "apple",
默认	11:25:38.152370+0800	Runner	flutter: │               "os": "26.3.1",
默认	11:25:38.152431+0800	Runner	flutter: │               "pf": "ios",
默认	11:25:38.152487+0800	Runner	flutter: │               "slan": "zh",
默认	11:25:38.152560+0800	Runner	flutter: │               "reg": "HK",
默认	11:25:38.152606+0800	Runner	flutter: │               "cou": "HK",
默认	11:25:38.152674+0800	Runner	flutter: │               "sub": "",
默认	11:25:38.152728+0800	Runner	flutter: │               "cha": "",
默认	11:25:38.152775+0800	Runner	flutter: │               "verc": "10000",
默认	11:25:38.152926+0800	Runner	flutter: │               "ver": "1.0.0",
默认	11:25:38.152940+0800	Runner	flutter: │               "sid": "5094b07b-cc63-4868-b4ac-6bced54db906",
默认	11:25:38.152968+0800	Runner	flutter: │               "uuid": "***",
默认	11:25:38.153028+0800	Runner	flutter: │               "idfa": "***",
默认	11:25:38.153089+0800	Runner	flutter: │               "idfv": "***",
默认	11:25:38.153126+0800	Runner	flutter: │               "aid": "***",
默认	11:25:38.153167+0800	Runner	flutter: │               "gaid": "***",
默认	11:25:38.153223+0800	Runner	flutter: │               "did": "***",
默认	11:25:38.153266+0800	Runner	flutter: │               "uid": "***",
默认	11:25:38.153311+0800	Runner	flutter: │               "anm": "Truthy",
默认	11:25:38.153354+0800	Runner	flutter: │               "push_id": "",
默认	11:25:38.153537+0800	Runner	flutter: │               "push_type": "",
默认	11:25:38.153548+0800	Runner	flutter: │               "is_pro": "0",
默认	11:25:38.153558+0800	Runner	flutter: │               "page_from": "paywall",
默认	11:25:38.153565+0800	Runner	flutter: │               "duration_s": 35
默认	11:25:38.153603+0800	Runner	flutter: │             }
默认	11:25:38.153704+0800	Runner	flutter: │           }
默认	11:25:38.153857+0800	Runner	flutter: │         ]
默认	11:25:38.153883+0800	Runner	flutter: │       }
默认	11:25:38.153894+0800	Runner	flutter: │     }
默认	11:25:38.153903+0800	Runner	flutter: │   ]
默认	11:25:38.153911+0800	Runner	flutter: │ }
默认	11:25:38.153927+0800	Runner	flutter: └───────────────────────────────────────────────────────────────────────────────────────────────────
默认	11:25:38.460583+0800	Runner	flutter: ┌───────────────────────────────────────────────────────────────────────────────────────────────────
默认	11:25:38.462394+0800	Runner	flutter: │ [HTTP] <-- 200 POST https://api.truthy.top/gateway/invoke service=tool.event_tracking.EventTrackingService method=TrackEvents
默认	11:25:38.462578+0800	Runner	flutter: └───────────────────────────────────────────────────────────────────────────────────────────────────
默认	11:25:38.462707+0800	Runner	flutter: ┌───────────────────────────────────────────────────────────────────────────────────────────────────
默认	11:25:38.462742+0800	Runner	flutter: │ [HTTP] response:
默认	11:25:38.462776+0800	Runner	flutter: │ {
默认	11:25:38.462802+0800	Runner	flutter: │   "code": 0,
默认	11:25:38.462832+0800	Runner	flutter: │   "message": "ok",
默认	11:25:38.462862+0800	Runner	flutter: │   "request_id": "gw_req_a5836c30cc374caa3cb09f166c85901c",
默认	11:25:38.462887+0800	Runner	flutter: │   "trace_id": "trace_e38b89b5115caf4b4cc80f17041e79d8",
默认	11:25:38.462910+0800	Runner	flutter: │   "responses": [
默认	11:25:38.462934+0800	Runner	flutter: │     {
默认	11:25:38.463418+0800	Runner	flutter: │       "id": "req_0",
默认	11:25:38.463464+0800	Runner	flutter: │       "success": true,
默认	11:25:38.463490+0800	Runner	flutter: │       "code": 0,
默认	11:25:38.463514+0800	Runner	flutter: │       "message": "ok",
默认	11:25:38.463537+0800	Runner	flutter: │       "data": {
默认	11:25:38.463654+0800	Runner	flutter: │         "request_id": "gw_req_a5836c30cc374caa3cb09f166c85901c",
默认	11:25:38.464422+0800	Runner	flutter: │         "trace_id": "trace_e38b89b5115caf4b4cc80f17041e79d8",
默认	11:25:38.464463+0800	Runner	flutter: │         "accepted_count": 1,
默认	11:25:38.464487+0800	Runner	flutter: │         "event_name": "app_page_stay",
默认	11:25:38.464505+0800	Runner	flutter: │         "event_names": [
默认	11:25:38.464521+0800	Runner	flutter: │           "app_page_stay"
默认	11:25:38.464539+0800	Runner	flutter: │         ],
默认	11:25:38.464555+0800	Runner	flutter: │         "events": [
默认	11:25:38.464694+0800	Runner	flutter: │           {
默认	11:25:38.464719+0800	Runner	flutter: │             "index": 0,
默认	11:25:38.464812+0800	Runner	flutter: │             "event_id": "259ea391-6da2-4971-ab51-1afbd886de34",
默认	11:25:38.464900+0800	Runner	flutter: │             "event_name": "app_page_stay",
默认	11:25:38.464987+0800	Runner	flutter: │             "status": "accepted"
默认	11:25:38.465075+0800	Runner	flutter: │           }
默认	11:25:38.465164+0800	Runner	flutter: │         ]
默认	11:25:38.465255+0800	Runner	flutter: │       }
默认	11:25:38.465346+0800	Runner	flutter: │     }
默认	11:25:38.465420+0800	Runner	flutter: │   ]
默认	11:25:38.465569+0800	Runner	flutter: │ }
默认	11:25:38.465671+0800	Runner	flutter: └───────────────────────────────────────────────────────────────────────────────────────────────────
默认	11:25:51.676786+0800	Runner	flutter: ┌───────────────────────────────────────────────────────────────────────────────────────────────────
默认	11:25:51.676839+0800	Runner	flutter: │ [SubPurchase] coordinator.restore.timeout batchProcessing=0 hasNoActiveResult=false hasFailureResult=false
默认	11:25:51.676915+0800	Runner	flutter: └───────────────────────────────────────────────────────────────────────────────────────────────────
默认	11:25:51.677578+0800	Runner	flutter: ┌───────────────────────────────────────────────────────────────────────────────────────────────────
默认	11:25:51.677638+0800	Runner	flutter: │ [SubPurchase] coordinator.restore.finish restoreStatus=noActiveSubscription message=No active purchases found. hasSubscriptionStatus=false
默认	11:25:51.677668+0800	Runner	flutter: └───────────────────────────────────────────────────────────────────────────────────────────────────
默认	11:25:51.677686+0800	Runner	flutter: ┌───────────────────────────────────────────────────────────────────────────────────────────────────
默认	11:25:51.677704+0800	Runner	flutter: │ [SubPurchase] coordinator.restore.closeSession
默认	11:25:51.677752+0800	Runner	flutter: └───────────────────────────────────────────────────────────────────────────────────────────────────
默认	11:25:51.679291+0800	Runner	flutter: ┌───────────────────────────────────────────────────────────────────────────────────────────────────
默认	11:25:51.679352+0800	Runner	flutter: │ [EventTracking] name=paywall_restore_fail id=789768e1-7f60-4073-9296-e2c0e5151521 time=1783653951678 props={"page_from":"search_fake","fail_reason":"no_active_subscription","error_code":""}
默认	11:25:51.679385+0800	Runner	flutter: └───────────────────────────────────────────────────────────────────────────────────────────────────
默认	11:25:51.701101+0800	Runner	flutter: ┌───────────────────────────────────────────────────────────────────────────────────────────────────
默认	11:25:51.701149+0800	Runner	flutter: │ [HTTP] --> POST https://api.truthy.top/gateway/invoke service=tool.event_tracking.EventTrackingService method=TrackEvents
默认	11:25:51.701175+0800	Runner	flutter: └───────────────────────────────────────────────────────────────────────────────────────────────────
默认	11:25:51.701488+0800	Runner	flutter: ┌───────────────────────────────────────────────────────────────────────────────────────────────────
默认	11:25:51.701513+0800	Runner	flutter: │ [HTTP] request:
默认	11:25:51.701538+0800	Runner	flutter: │ {
默认	11:25:51.701554+0800	Runner	flutter: │   "comm": {
默认	11:25:51.701622+0800	Runner	flutter: │     "auth_token": "***",
默认	11:25:51.701637+0800	Runner	flutter: │     "user_id": "user_e5f97712121ebfac3d6f6407",
默认	11:25:51.701683+0800	Runner	flutter: │     "device_id": "c5ece928-513e-4e75-a500-28479ac5102a",
默认	11:25:51.701736+0800	Runner	flutter: │     "client_request_id": "crid_1783653951694065",
默认	11:25:51.701827+0800	Runner	flutter: │     "platform": "ios",
默认	11:25:51.701841+0800	Runner	flutter: │     "app_version": "1.0.0",
默认	11:25:51.701884+0800	Runner	flutter: │     "locale": "zh-Hans-HK",
默认	11:25:51.701939+0800	Runner	flutter: │     "country": "HK",
默认	11:25:51.701989+0800	Runner	flutter: │     "timezone": "UTC+08:00"
默认	11:25:51.702099+0800	Runner	flutter: │   },
默认	11:25:51.702114+0800	Runner	flutter: │   "requests": [
默认	11:25:51.702163+0800	Runner	flutter: │     {
默认	11:25:51.702210+0800	Runner	flutter: │       "id": "req_0",
默认	11:25:51.702264+0800	Runner	flutter: │       "service_name": "tool.event_tracking.EventTrackingService",
默认	11:25:51.702315+0800	Runner	flutter: │       "method_name": "TrackEvents",
默认	11:25:51.702466+0800	Runner	flutter: │       "params": {
默认	11:25:51.702482+0800	Runner	flutter: │         "events": [
默认	11:25:51.702493+0800	Runner	flutter: │           {
默认	11:25:51.702636+0800	Runner	flutter: │             "event_id": "789768e1-7f60-4073-9296-e2c0e5151521",
默认	11:25:51.702653+0800	Runner	flutter: │             "event_name": "paywall_restore_fail",
默认	11:25:51.702663+0800	Runner	flutter: │             "event_time_ms": 1783653951678,
默认	11:25:51.702929+0800	Runner	flutter: │             "properties": {
默认	11:25:51.702950+0800	Runner	flutter: │               "logtime": 1783653951678,
默认	11:25:51.702961+0800	Runner	flutter: │               "log_id": "789768e1-7f60-4073-9296-e2c0e5151521",
默认	11:25:51.702971+0800	Runner	flutter: │               "net": "wifi",
默认	11:25:51.702980+0800	Runner	flutter: │               "pkg": "com.sparkjam.truthy.ios",
默认	11:25:51.703037+0800	Runner	flutter: │               "bucket": 56,
默认	11:25:51.703054+0800	Runner	flutter: │               "abslot": 21,
默认	11:25:51.703161+0800	Runner	flutter: │               "ram": "3684MB",
默认	11:25:51.703171+0800	Runner	flutter: │               "cpu": "arm64",
默认	11:25:51.703246+0800	Runner	flutter: │               "sh": 844,
默认	11:25:51.703311+0800	Runner	flutter: │               "sw": 390,
默认	11:25:51.703336+0800	Runner	flutter: │               "city": "",
默认	11:25:51.703380+0800	Runner	flutter: │               "ste": "",
默认	11:25:51.703427+0800	Runner	flutter: │               "lat": "",
默认	11:25:51.703475+0800	Runner	flutter: │               "lng": "",
默认	11:25:51.703526+0800	Runner	flutter: │               "sty": "desk",
默认	11:25:51.703577+0800	Runner	flutter: │               "isp": "",
默认	11:25:51.703656+0800	Runner	flutter: │               "mod": "iphone13,2",
默认	11:25:51.703706+0800	Runner	flutter: │               "brd": "apple",
默认	11:25:51.703752+0800	Runner	flutter: │               "os": "26.3.1",
默认	11:25:51.703865+0800	Runner	flutter: │               "pf": "ios",
默认	11:25:51.703880+0800	Runner	flutter: │               "slan": "zh",
默认	11:25:51.703927+0800	Runner	flutter: │               "reg": "HK",
默认	11:25:51.703979+0800	Runner	flutter: │               "cou": "HK",
默认	11:25:51.704060+0800	Runner	flutter: │               "sub": "",
默认	11:25:51.704109+0800	Runner	flutter: │               "cha": "",
默认	11:25:51.704157+0800	Runner	flutter: │               "verc": "10000",
默认	11:25:51.704220+0800	Runner	flutter: │               "ver": "1.0.0",
默认	11:25:51.704276+0800	Runner	flutter: │               "sid": "5094b07b-cc63-4868-b4ac-6bced54db906",
默认	11:25:51.704345+0800	Runner	flutter: │               "uuid": "***",
默认	11:25:51.704448+0800	Runner	flutter: │               "idfa": "***",
默认	11:25:51.704463+0800	Runner	flutter: │               "idfv": "***",
默认	11:25:51.704513+0800	Runner	flutter: │               "aid": "***",
默认	11:25:51.704571+0800	Runner	flutter: │               "gaid": "***",
默认	11:25:51.704618+0800	Runner	flutter: │               "did": "***",
默认	11:25:51.704665+0800	Runner	flutter: │               "uid": "***",
默认	11:25:51.704868+0800	Runner	flutter: │               "anm": "Truthy",
默认	11:25:51.704883+0800	Runner	flutter: │               "push_id": "",
默认	11:25:51.704891+0800	Runner	flutter: │               "push_type": "",
默认	11:25:51.704900+0800	Runner	flutter: │               "is_pro": "0",
默认	11:25:51.704941+0800	Runner	flutter: │               "page_from": "search_fake",
默认	11:25:51.704979+0800	Runner	flutter: │               "fail_reason": "no_active_subscription",
默认	11:25:51.705034+0800	Runner	flutter: │               "error_code": ""
默认	11:25:51.705074+0800	Runner	flutter: │             }
默认	11:25:51.705115+0800	Runner	flutter: │           }
默认	11:25:51.705167+0800	Runner	flutter: │         ]
默认	11:25:51.705216+0800	Runner	flutter: │       }
默认	11:25:51.705255+0800	Runner	flutter: │     }
默认	11:25:51.705353+0800	Runner	flutter: │   ]
默认	11:25:51.705365+0800	Runner	flutter: │ }
默认	11:25:51.705435+0800	Runner	flutter: └───────────────────────────────────────────────────────────────────────────────────────────────────
默认	11:25:53.258699+0800	Runner	flutter: ┌───────────────────────────────────────────────────────────────────────────────────────────────────
默认	11:25:53.258861+0800	Runner	flutter: │ [HTTP] <-- 200 POST https://api.truthy.top/gateway/invoke service=tool.event_tracking.EventTrackingService method=TrackEvents
默认	11:25:53.259002+0800	Runner	flutter: └───────────────────────────────────────────────────────────────────────────────────────────────────
默认	11:25:53.259495+0800	Runner	flutter: ┌───────────────────────────────────────────────────────────────────────────────────────────────────
默认	11:25:53.259541+0800	Runner	flutter: │ [HTTP] response:
默认	11:25:53.259690+0800	Runner	flutter: │ {
默认	11:25:53.259819+0800	Runner	flutter: │   "code": 0,
默认	11:25:53.259948+0800	Runner	flutter: │   "message": "ok",
默认	11:25:53.260085+0800	Runner	flutter: │   "request_id": "gw_req_e85fcd5a351e1d3a389166ad3495d033",
默认	11:25:53.260375+0800	Runner	flutter: │   "trace_id": "trace_9e40ed9a4a53c32806ae86e6c66e6652",
默认	11:25:53.260413+0800	Runner	flutter: │   "responses": [
默认	11:25:53.260533+0800	Runner	flutter: │     {
默认	11:25:53.260652+0800	Runner	flutter: │       "id": "req_0",
默认	11:25:53.260785+0800	Runner	flutter: │       "success": true,
默认	11:25:53.261194+0800	Runner	flutter: │       "code": 0,
默认	11:25:53.261315+0800	Runner	flutter: │       "message": "ok",
默认	11:25:53.261398+0800	Runner	flutter: │       "data": {
默认	11:25:53.261768+0800	Runner	flutter: │         "request_id": "gw_req_e85fcd5a351e1d3a389166ad3495d033",
默认	11:25:53.261928+0800	Runner	flutter: │         "trace_id": "trace_9e40ed9a4a53c32806ae86e6c66e6652",
默认	11:25:53.261960+0800	Runner	flutter: │         "accepted_count": 1,
默认	11:25:53.261986+0800	Runner	flutter: │         "event_name": "paywall_restore_fail",
默认	11:25:53.262183+0800	Runner	flutter: │         "event_names": [
默认	11:25:53.262209+0800	Runner	flutter: │           "paywall_restore_fail"
默认	11:25:53.262375+0800	Runner	flutter: │         ],
默认	11:25:53.262409+0800	Runner	flutter: │         "events": [
默认	11:25:53.262517+0800	Runner	flutter: │           {
默认	11:25:53.262777+0800	Runner	flutter: │             "index": 0,
默认	11:25:53.262816+0800	Runner	flutter: │             "event_id": "789768e1-7f60-4073-9296-e2c0e5151521",
默认	11:25:53.263077+0800	Runner	flutter: │             "event_name": "paywall_restore_fail",
默认	11:25:53.263111+0800	Runner	flutter: │             "status": "accepted"
默认	11:25:53.263219+0800	Runner	flutter: │           }
默认	11:25:53.263369+0800	Runner	flutter: │         ]
默认	11:25:53.263520+0800	Runner	flutter: │       }
默认	11:25:53.263648+0800	Runner	flutter: │     }
默认	11:25:53.263784+0800	Runner	flutter: │   ]
默认	11:25:53.263906+0800	Runner	flutter: │ }
默认	11:25:53.264168+0800	Runner	flutter: └───────────────────────────────────────────────────────────────────────────────────────────────────
